{
  "dram_cache_size": 0,
  "flash_cache_size": 99,
  "results": [
    {
      "hit": 2407372,
      "iteration": 0,
      "metrics": [
        {
          "admission_treshold": 0,
          "algorithm": "s3fclock",
          "byte_inserted": 163273,
          "byte_miss": 163273,
          "byte_read": 2407372,
          "byte_reinserted": 23804,
          "hit": 2407372,
          "inserted": 163273,
          "layer": 0,
          "miss_ratio": 0.06351440980765533,
          "reinserted": 23804,
          "req": 2570645
        }
      ],
      "miss_ratio": 0.06351440980765533,
      "req": 2570645
    }
  ],
  "trace": "cf_allcolo.ns2524.oracleGeneral.zst"
}