{
  "dram_cache_size": 18,
  "flash_cache_size": 1807,
  "results": [
    {
      "hit": 1541738,
      "iteration": 0,
      "metrics": [
        {
          "admission_treshold": 0,
          "algorithm": "time2-auto",
          "byte_inserted": 2366110,
          "byte_miss": 2366110,
          "byte_read": 1541738,
          "byte_reinserted": 405885,
          "hit": 1541738,
          "inserted": 2366110,
          "layer": 0,
          "miss_ratio": 0.605476466843132,
          "reinserted": 405885,
          "req": 3907848
        }
      ],
      "miss_ratio": 0.605476466843132,
      "req": 3907848
    }
  ],
  "trace": "cf_allcolo.ns376.oracleGeneral.zst"
}