{
  "dram_cache_size": 403,
  "flash_cache_size": 40341,
  "results": [
    {
      "hit": 112000955,
      "iteration": 0,
      "metrics": [
        {
          "admission_treshold": 0,
          "algorithm": "d3clock",
          "byte_inserted": 38525440,
          "byte_miss": 38525440,
          "byte_read": 112000955,
          "byte_reinserted": 30193575,
          "hit": 112000955,
          "inserted": 38525440,
          "layer": 0,
          "miss_ratio": 0.25593810308152265,
          "reinserted": 30193575,
          "req": 150526395
        }
      ],
      "miss_ratio": 0.25593810308152265,
      "req": 150526395
    }
  ],
  "trace": "cf_colo28.ns3.oracleGeneral.zst"
}