{
  "dram_cache_size": 16,
  "flash_cache_size": 1633,
  "results": [
    {
      "hit": 1267540,
      "iteration": 0,
      "metrics": [
        {
          "admission_treshold": 0,
          "algorithm": "gclock",
          "byte_inserted": 1132460,
          "byte_miss": 1132460,
          "byte_read": 1267540,
          "byte_reinserted": 25632,
          "hit": 1267540,
          "inserted": 1132460,
          "layer": 0,
          "miss_ratio": 0.4718583333333334,
          "reinserted": 25632,
          "req": 2400000
        }
      ],
      "miss_ratio": 0.4718583333333334,
      "req": 2400000
    }
  ],
  "trace": "io_traces.ns616.oracleGeneral.zst"
}