{
  "dram_cache_size": 11,
  "flash_cache_size": 1103,
  "results": [
    {
      "hit": 2618690,
      "iteration": 0,
      "metrics": [
        {
          "admission_treshold": 0,
          "algorithm": "s3fclock-sequential",
          "byte_inserted": 931114,
          "byte_miss": 931114,
          "byte_read": 2618690,
          "byte_reinserted": 104332,
          "hit": 2618690,
          "inserted": 931114,
          "layer": 0,
          "miss_ratio": 0.26230011572469913,
          "reinserted": 104332,
          "req": 3549804
        }
      ],
      "miss_ratio": 0.26230011572469913,
      "req": 3549804
    }
  ],
  "trace": "tencentBlock.ns10403.oracleGeneral.zst"
}