{
  "dram_cache_size": 18,
  "flash_cache_size": 1891,
  "results": [
    {
      "hit": 1183098,
      "iteration": 0,
      "metrics": [
        {
          "admission_treshold": 0,
          "algorithm": "dclock",
          "byte_inserted": 713414,
          "byte_miss": 713414,
          "byte_read": 1183098,
          "byte_reinserted": 82094,
          "hit": 1183098,
          "inserted": 713414,
          "layer": 0,
          "miss_ratio": 0.3761716245402086,
          "reinserted": 82094,
          "req": 1896512
        }
      ],
      "miss_ratio": 0.3761716245402086,
      "req": 1896512
    }
  ],
  "trace": "tencentBlock.ns2809.oracleGeneral.zst"
}