{
  "dram_cache_size": 17,
  "flash_cache_size": 1757,
  "results": [
    {
      "hit": 8741044,
      "iteration": 0,
      "metrics": [
        {
          "admission_treshold": 0,
          "algorithm": "q2auto",
          "byte_inserted": 716233,
          "byte_miss": 716233,
          "byte_read": 8741044,
          "byte_reinserted": 218896,
          "hit": 8741044,
          "inserted": 716233,
          "layer": 0,
          "miss_ratio": 0.07573353302435781,
          "reinserted": 218896,
          "req": 9457277
        }
      ],
      "miss_ratio": 0.07573353302435781,
      "req": 9457277
    }
  ],
  "trace": "tencentBlock.ns20568.oracleGeneral.zst"
}