{
  "dram_cache_size": 15,
  "flash_cache_size": 1537,
  "results": [
    {
      "hit": 3718622,
      "iteration": 0,
      "metrics": [
        {
          "admission_treshold": 0,
          "algorithm": "d3clock",
          "byte_inserted": 587913,
          "byte_miss": 587913,
          "byte_read": 3718622,
          "byte_reinserted": 59648,
          "hit": 3718622,
          "inserted": 587913,
          "layer": 0,
          "miss_ratio": 0.1365164801865073,
          "reinserted": 59648,
          "req": 4306535
        }
      ],
      "miss_ratio": 0.1365164801865073,
      "req": 4306535
    }
  ],
  "trace": "tencentBlock.ns5808.oracleGeneral.zst"
}