{
  "dram_cache_size": 19,
  "flash_cache_size": 1958,
  "results": [
    {
      "hit": 1177759,
      "iteration": 0,
      "metrics": [
        {
          "admission_treshold": 0,
          "algorithm": "qauto",
          "byte_inserted": 973342,
          "byte_miss": 973342,
          "byte_read": 1177759,
          "byte_reinserted": 215420,
          "hit": 1177759,
          "inserted": 973342,
          "layer": 0,
          "miss_ratio": 0.4524854946373973,
          "reinserted": 215420,
          "req": 2151101
        }
      ],
      "miss_ratio": 0.4524854946373973,
      "req": 2151101
    }
  ],
  "trace": "tencentBlock.ns17629.oracleGeneral.zst"
}