{
  "dram_cache_size": 39,
  "flash_cache_size": 3975,
  "results": [
    {
      "hit": 2790026,
      "iteration": 0,
      "metrics": [
        {
          "admission_treshold": 0,
          "algorithm": "qtime-clock",
          "byte_inserted": 955006,
          "byte_miss": 955006,
          "byte_read": 2790026,
          "byte_reinserted": 489848,
          "hit": 2790026,
          "inserted": 955006,
          "layer": 0,
          "miss_ratio": 0.25500609874628577,
          "reinserted": 489848,
          "req": 3745032
        }
      ],
      "miss_ratio": 0.25500609874628577,
      "req": 3745032
    }
  ],
  "trace": "tencentBlock.ns16678.oracleGeneral.zst"
}