{
  "dram_cache_size": 18,
  "flash_cache_size": 1839,
  "results": [
    {
      "hit": 679623,
      "iteration": 0,
      "metrics": [
        {
          "admission_treshold": 0,
          "algorithm": "g2clock",
          "byte_inserted": 647239,
          "byte_miss": 647239,
          "byte_read": 679623,
          "byte_reinserted": 22650,
          "hit": 679623,
          "inserted": 647239,
          "layer": 0,
          "miss_ratio": 0.48779677163111157,
          "reinserted": 22650,
          "req": 1326862
        }
      ],
      "miss_ratio": 0.48779677163111157,
      "req": 1326862
    }
  ],
  "trace": "tencentBlock.ns17282.oracleGeneral.zst"
}