{
  "dram_cache_size": 14,
  "flash_cache_size": 1421,
  "results": [
    {
      "hit": 721485,
      "iteration": 0,
      "metrics": [
        {
          "admission_treshold": 0,
          "algorithm": "g2clock",
          "byte_inserted": 592018,
          "byte_miss": 592018,
          "byte_read": 721485,
          "byte_reinserted": 35628,
          "hit": 721485,
          "inserted": 592018,
          "layer": 0,
          "miss_ratio": 0.4507168997710702,
          "reinserted": 35628,
          "req": 1313503
        }
      ],
      "miss_ratio": 0.4507168997710702,
      "req": 1313503
    }
  ],
  "trace": "tencentBlock.ns14223.oracleGeneral.zst"
}