{
  "dram_cache_size": 9,
  "flash_cache_size": 930,
  "results": [
    {
      "hit": 1603295,
      "iteration": 0,
      "metrics": [
        {
          "admission_treshold": 0,
          "algorithm": "g2clock",
          "byte_inserted": 512248,
          "byte_miss": 512248,
          "byte_read": 1603295,
          "byte_reinserted": 231745,
          "hit": 1603295,
          "inserted": 512248,
          "layer": 0,
          "miss_ratio": 0.2421354706569424,
          "reinserted": 231745,
          "req": 2115543
        }
      ],
      "miss_ratio": 0.2421354706569424,
      "req": 2115543
    }
  ],
  "trace": "tencentBlock.ns6371.oracleGeneral.zst"
}