{
  "dram_cache_size": 9,
  "flash_cache_size": 978,
  "results": [
    {
      "hit": 9298087,
      "iteration": 0,
      "metrics": [
        {
          "admission_treshold": 0,
          "algorithm": "qor-clock",
          "byte_inserted": 181107,
          "byte_miss": 181107,
          "byte_read": 9298087,
          "byte_reinserted": 49318,
          "hit": 9298087,
          "inserted": 181107,
          "layer": 0,
          "miss_ratio": 0.019105738314882048,
          "reinserted": 49318,
          "req": 9479194
        }
      ],
      "miss_ratio": 0.019105738314882048,
      "req": 9479194
    }
  ],
  "trace": "cf_allcolo.ns281.oracleGeneral.zst"
}