{
  "dram_cache_size": 96,
  "flash_cache_size": 9653,
  "results": [
    {
      "hit": 234790,
      "iteration": 0,
      "metrics": [
        {
          "admission_treshold": 0,
          "algorithm": "q2auto",
          "byte_inserted": 971450,
          "byte_miss": 971450,
          "byte_read": 234790,
          "byte_reinserted": 3429,
          "hit": 234790,
          "inserted": 971450,
          "layer": 0,
          "miss_ratio": 0.8053538267674758,
          "reinserted": 3429,
          "req": 1206240
        }
      ],
      "miss_ratio": 0.8053538267674758,
      "req": 1206240
    }
  ],
  "trace": "cf_colo28.ns1129.oracleGeneral.zst"
}