{
  "dram_cache_size": 5,
  "flash_cache_size": 548,
  "results": [
    {
      "hit": 1580104,
      "iteration": 0,
      "metrics": [
        {
          "admission_treshold": 0,
          "algorithm": "g2clock",
          "byte_inserted": 304681,
          "byte_miss": 304681,
          "byte_read": 1580104,
          "byte_reinserted": 272755,
          "hit": 1580104,
          "inserted": 304681,
          "layer": 0,
          "miss_ratio": 0.1616529206248989,
          "reinserted": 272755,
          "req": 1884785
        }
      ],
      "miss_ratio": 0.1616529206248989,
      "req": 1884785
    }
  ],
  "trace": "tencentBlock.ns8306.oracleGeneral.zst"
}