{
  "dram_cache_size": 59,
  "flash_cache_size": 5913,
  "results": [
    {
      "hit": 2822696,
      "iteration": 0,
      "metrics": [
        {
          "admission_treshold": 0,
          "algorithm": "qor-clock",
          "byte_inserted": 1605481,
          "byte_miss": 1605481,
          "byte_read": 2822696,
          "byte_reinserted": 569513,
          "hit": 2822696,
          "inserted": 1605481,
          "layer": 0,
          "miss_ratio": 0.36256025899597055,
          "reinserted": 569513,
          "req": 4428177
        }
      ],
      "miss_ratio": 0.36256025899597055,
      "req": 4428177
    }
  ],
  "trace": "tencentBlock.ns14445.oracleGeneral.zst"
}