{
  "dram_cache_size": 23,
  "flash_cache_size": 2373,
  "results": [
    {
      "hit": 1669745,
      "iteration": 0,
      "metrics": [
        {
          "admission_treshold": 0,
          "algorithm": "q2auto",
          "byte_inserted": 886543,
          "byte_miss": 886543,
          "byte_read": 1669745,
          "byte_reinserted": 264334,
          "hit": 1669745,
          "inserted": 886543,
          "layer": 0,
          "miss_ratio": 0.3468087320364529,
          "reinserted": 264334,
          "req": 2556288
        }
      ],
      "miss_ratio": 0.3468087320364529,
      "req": 2556288
    }
  ],
  "trace": "tencentBlock.ns17460.oracleGeneral.zst"
}