{
  "dram_cache_size": 7,
  "flash_cache_size": 723,
  "results": [
    {
      "hit": 1573466,
      "iteration": 0,
      "metrics": [
        {
          "admission_treshold": 0,
          "algorithm": "dclock",
          "byte_inserted": 358022,
          "byte_miss": 358022,
          "byte_read": 1573466,
          "byte_reinserted": 177236,
          "hit": 1573466,
          "inserted": 358022,
          "layer": 0,
          "miss_ratio": 0.1853607167116751,
          "reinserted": 177236,
          "req": 1931488
        }
      ],
      "miss_ratio": 0.1853607167116751,
      "req": 1931488
    }
  ],
  "trace": "tencentBlock.ns5867.oracleGeneral.zst"
}