{
  "dram_cache_size": 35,
  "flash_cache_size": 3583,
  "results": [
    {
      "hit": 2229535,
      "iteration": 0,
      "metrics": [
        {
          "admission_treshold": 0,
          "algorithm": "sxfifo",
          "byte_inserted": 1423391,
          "byte_miss": 1423391,
          "byte_read": 2229535,
          "byte_reinserted": 218316,
          "hit": 2229535,
          "inserted": 1423391,
          "layer": 0,
          "miss_ratio": 0.38965777023679105,
          "reinserted": 218316,
          "req": 3652926
        }
      ],
      "miss_ratio": 0.38965777023679105,
      "req": 3652926
    }
  ],
  "trace": "tencentBlock.ns15169.oracleGeneral.zst"
}