{
  "dram_cache_size": 20,
  "flash_cache_size": 2021,
  "results": [
    {
      "hit": 483802,
      "iteration": 0,
      "metrics": [
        {
          "admission_treshold": 0,
          "algorithm": "q2auto",
          "byte_inserted": 710559,
          "byte_miss": 710559,
          "byte_read": 483802,
          "byte_reinserted": 46269,
          "hit": 483802,
          "inserted": 710559,
          "layer": 0,
          "miss_ratio": 0.5949281666095929,
          "reinserted": 46269,
          "req": 1194361
        }
      ],
      "miss_ratio": 0.5949281666095929,
      "req": 1194361
    }
  ],
  "trace": "tencentBlock.ns22998.oracleGeneral.zst"
}