{
  "dram_cache_size": 13,
  "flash_cache_size": 1340,
  "results": [
    {
      "hit": 1727996,
      "iteration": 0,
      "metrics": [
        {
          "admission_treshold": 0,
          "algorithm": "gclock",
          "byte_inserted": 644310,
          "byte_miss": 644310,
          "byte_read": 1727996,
          "byte_reinserted": 76624,
          "hit": 1727996,
          "inserted": 644310,
          "layer": 0,
          "miss_ratio": 0.27159649724782553,
          "reinserted": 76624,
          "req": 2372306
        }
      ],
      "miss_ratio": 0.27159649724782553,
      "req": 2372306
    }
  ],
  "trace": "tencentBlock.ns9783.oracleGeneral.zst"
}