{
  "dram_cache_size": 9,
  "flash_cache_size": 909,
  "results": [
    {
      "hit": 2046472,
      "iteration": 0,
      "metrics": [
        {
          "admission_treshold": 0,
          "algorithm": "dclock",
          "byte_inserted": 523606,
          "byte_miss": 523606,
          "byte_read": 2046472,
          "byte_reinserted": 104157,
          "hit": 2046472,
          "inserted": 523606,
          "layer": 0,
          "miss_ratio": 0.20373155989818204,
          "reinserted": 104157,
          "req": 2570078
        }
      ],
      "miss_ratio": 0.20373155989818204,
      "req": 2570078
    }
  ],
  "trace": "tencentBlock.ns21300.oracleGeneral.zst"
}