{
  "dram_cache_size": 19,
  "flash_cache_size": 1906,
  "results": [
    {
      "hit": 3511971,
      "iteration": 0,
      "metrics": [
        {
          "admission_treshold": 0,
          "algorithm": "d3clock",
          "byte_inserted": 1159991,
          "byte_miss": 1159991,
          "byte_read": 3511971,
          "byte_reinserted": 548338,
          "hit": 3511971,
          "inserted": 1159991,
          "layer": 0,
          "miss_ratio": 0.2482877643268503,
          "reinserted": 548338,
          "req": 4671962
        }
      ],
      "miss_ratio": 0.2482877643268503,
      "req": 4671962
    }
  ],
  "trace": "tencentBlock.ns5911.oracleGeneral.zst"
}