{
  "dram_cache_size": 5,
  "flash_cache_size": 533,
  "results": [
    {
      "hit": 2575534,
      "iteration": 0,
      "metrics": [
        {
          "admission_treshold": 0,
          "algorithm": "dclock",
          "byte_inserted": 344468,
          "byte_miss": 344468,
          "byte_read": 2575534,
          "byte_reinserted": 206571,
          "hit": 2575534,
          "inserted": 344468,
          "layer": 0,
          "miss_ratio": 0.11796841235040245,
          "reinserted": 206571,
          "req": 2920002
        }
      ],
      "miss_ratio": 0.11796841235040245,
      "req": 2920002
    }
  ],
  "trace": "tencentBlock.ns13645.oracleGeneral.zst"
}