{
  "dram_cache_size": 19,
  "flash_cache_size": 1911,
  "results": [
    {
      "hit": 1680665,
      "iteration": 0,
      "metrics": [
        {
          "admission_treshold": 0,
          "algorithm": "t4auto",
          "byte_inserted": 2579434,
          "byte_miss": 2579434,
          "byte_read": 1680665,
          "byte_reinserted": 464927,
          "hit": 1680665,
          "inserted": 2579434,
          "layer": 0,
          "miss_ratio": 0.605486867793448,
          "reinserted": 464927,
          "req": 4260099
        }
      ],
      "miss_ratio": 0.605486867793448,
      "req": 4260099
    }
  ],
  "trace": "cf_allcolo.ns359.oracleGeneral.zst"
}