{
  "dram_cache_size": 3,
  "flash_cache_size": 328,
  "results": [
    {
      "hit": 1374009,
      "iteration": 0,
      "metrics": [
        {
          "admission_treshold": 0,
          "algorithm": "qand-clock-v2",
          "byte_inserted": 941375,
          "byte_miss": 941375,
          "byte_read": 1374009,
          "byte_reinserted": 81839,
          "hit": 1374009,
          "inserted": 941375,
          "layer": 0,
          "miss_ratio": 0.4065740283253232,
          "reinserted": 81839,
          "req": 2315384
        }
      ],
      "miss_ratio": 0.4065740283253232,
      "req": 2315384
    }
  ],
  "trace": "cf_colo28.ns975.oracleGeneral.zst"
}