{
  "dram_cache_size": 93,
  "flash_cache_size": 9312,
  "results": [
    {
      "hit": 3101520,
      "iteration": 0,
      "metrics": [
        {
          "admission_treshold": 0,
          "algorithm": "gclock",
          "byte_inserted": 1772213,
          "byte_miss": 1772213,
          "byte_read": 3101520,
          "byte_reinserted": 784351,
          "hit": 3101520,
          "inserted": 1772213,
          "layer": 0,
          "miss_ratio": 0.3636253770980068,
          "reinserted": 784351,
          "req": 4873733
        }
      ],
      "miss_ratio": 0.3636253770980068,
      "req": 4873733
    }
  ],
  "trace": "tencentBlock.ns11487.oracleGeneral.zst"
}