{
  "dram_cache_size": 8,
  "flash_cache_size": 823,
  "results": [
    {
      "hit": 1848368,
      "iteration": 0,
      "metrics": [
        {
          "admission_treshold": 0,
          "algorithm": "d3clock",
          "byte_inserted": 360833,
          "byte_miss": 360833,
          "byte_read": 1848368,
          "byte_reinserted": 123008,
          "hit": 1848368,
          "inserted": 360833,
          "layer": 0,
          "miss_ratio": 0.16333190144310095,
          "reinserted": 123008,
          "req": 2209201
        }
      ],
      "miss_ratio": 0.16333190144310095,
      "req": 2209201
    }
  ],
  "trace": "tencentBlock.ns5310.oracleGeneral.zst"
}