{
  "dram_cache_size": 16,
  "flash_cache_size": 1667,
  "results": [
    {
      "hit": 3083855,
      "iteration": 0,
      "metrics": [
        {
          "admission_treshold": 0,
          "algorithm": "g2clock",
          "byte_inserted": 885761,
          "byte_miss": 885761,
          "byte_read": 3083855,
          "byte_reinserted": 638922,
          "hit": 3083855,
          "inserted": 885761,
          "layer": 0,
          "miss_ratio": 0.22313518486422868,
          "reinserted": 638922,
          "req": 3969616
        }
      ],
      "miss_ratio": 0.22313518486422868,
      "req": 3969616
    }
  ],
  "trace": "tencentBlock.ns21256.oracleGeneral.zst"
}