{
  "dram_cache_size": 12,
  "flash_cache_size": 1232,
  "results": [
    {
      "hit": 1810982,
      "iteration": 0,
      "metrics": [
        {
          "admission_treshold": 0,
          "algorithm": "qauto",
          "byte_inserted": 772771,
          "byte_miss": 772771,
          "byte_read": 1810982,
          "byte_reinserted": 150695,
          "hit": 1810982,
          "inserted": 772771,
          "layer": 0,
          "miss_ratio": 0.2990885738690966,
          "reinserted": 150695,
          "req": 2583753
        }
      ],
      "miss_ratio": 0.2990885738690966,
      "req": 2583753
    }
  ],
  "trace": "tencentBlock.ns12019.oracleGeneral.zst"
}