{
  "dram_cache_size": 16,
  "flash_cache_size": 1654,
  "results": [
    {
      "hit": 1837384,
      "iteration": 0,
      "metrics": [
        {
          "admission_treshold": 0,
          "algorithm": "s3fclock",
          "byte_inserted": 974622,
          "byte_miss": 974622,
          "byte_read": 1837384,
          "byte_reinserted": 192820,
          "hit": 1837384,
          "inserted": 974622,
          "layer": 0,
          "miss_ratio": 0.34659314382686235,
          "reinserted": 192820,
          "req": 2812006
        }
      ],
      "miss_ratio": 0.34659314382686235,
      "req": 2812006
    }
  ],
  "trace": "tencentBlock.ns18055.oracleGeneral.zst"
}