{
  "dram_cache_size": 552,
  "flash_cache_size": 55247,
  "results": [
    {
      "hit": 133393,
      "iteration": 0,
      "metrics": [
        {
          "admission_treshold": 0,
          "algorithm": "qand-clock-v2",
          "byte_inserted": 5537610,
          "byte_miss": 5537610,
          "byte_read": 133393,
          "byte_reinserted": 41225,
          "hit": 133393,
          "inserted": 5537610,
          "layer": 0,
          "miss_ratio": 0.9764780586432418,
          "reinserted": 41225,
          "req": 5671003
        }
      ],
      "miss_ratio": 0.9764780586432418,
      "req": 5671003
    }
  ],
  "trace": "cf_allcolo.ns59.oracleGeneral.zst"
}