{
  "dram_cache_size": 777,
  "flash_cache_size": 77793,
  "results": [
    {
      "hit": 2623704,
      "iteration": 0,
      "metrics": [
        {
          "admission_treshold": 0,
          "algorithm": "dclock",
          "byte_inserted": 8486790,
          "byte_miss": 8486790,
          "byte_read": 2623704,
          "byte_reinserted": 67203,
          "hit": 2623704,
          "inserted": 8486790,
          "layer": 0,
          "miss_ratio": 0.7638535244247465,
          "reinserted": 67203,
          "req": 11110494
        }
      ],
      "miss_ratio": 0.7638535244247465,
      "req": 11110494
    }
  ],
  "trace": "cf_colo28.ns122.oracleGeneral.zst"
}