{
  "dram_cache_size": 575,
  "flash_cache_size": 57596,
  "results": [
    {
      "hit": 7571505,
      "iteration": 0,
      "metrics": [
        {
          "admission_treshold": 0,
          "algorithm": "t5auto",
          "byte_inserted": 13828495,
          "byte_miss": 13828495,
          "byte_read": 7571505,
          "byte_reinserted": 793643,
          "hit": 7571505,
          "inserted": 13828495,
          "layer": 0,
          "miss_ratio": 0.646191355140187,
          "reinserted": 793643,
          "req": 21400000
        }
      ],
      "miss_ratio": 0.646191355140187,
      "req": 21400000
    }
  ],
  "trace": "io_traces.ns26.oracleGeneral.zst"
}