{
  "dram_cache_size": 136,
  "flash_cache_size": 13679,
  "results": [
    {
      "hit": 10615715,
      "iteration": 0,
      "metrics": [
        {
          "admission_treshold": 0,
          "algorithm": "dclock",
          "byte_inserted": 3184285,
          "byte_miss": 3184285,
          "byte_read": 10615715,
          "byte_reinserted": 1069689,
          "hit": 10615715,
          "inserted": 3184285,
          "layer": 0,
          "miss_ratio": 0.23074528985507248,
          "reinserted": 1069689,
          "req": 13800000
        }
      ],
      "miss_ratio": 0.23074528985507248,
      "req": 13800000
    }
  ],
  "trace": "io_traces.ns123.oracleGeneral.zst"
}