{
  "dram_cache_size": 50,
  "flash_cache_size": 5029,
  "results": [
    {
      "hit": 3705418,
      "iteration": 0,
      "metrics": [
        {
          "admission_treshold": 0,
          "algorithm": "d3clock",
          "byte_inserted": 1198943,
          "byte_miss": 1198943,
          "byte_read": 3705418,
          "byte_reinserted": 456996,
          "hit": 3705418,
          "inserted": 1198943,
          "layer": 0,
          "miss_ratio": 0.24446467134046612,
          "reinserted": 456996,
          "req": 4904361
        }
      ],
      "miss_ratio": 0.24446467134046612,
      "req": 4904361
    }
  ],
  "trace": "tencentBlock.ns14808.oracleGeneral.zst"
}