{
  "dram_cache_size": 19,
  "flash_cache_size": 1921,
  "results": [
    {
      "hit": 1305009,
      "iteration": 0,
      "metrics": [
        {
          "admission_treshold": 0,
          "algorithm": "g2clock",
          "byte_inserted": 1578161,
          "byte_miss": 1578161,
          "byte_read": 1305009,
          "byte_reinserted": 184591,
          "hit": 1305009,
          "inserted": 1578161,
          "layer": 0,
          "miss_ratio": 0.5473700822358722,
          "reinserted": 184591,
          "req": 2883170
        }
      ],
      "miss_ratio": 0.5473700822358722,
      "req": 2883170
    }
  ],
  "trace": "tencentBlock.ns9690.oracleGeneral.zst"
}