{
  "dram_cache_size": 14,
  "flash_cache_size": 1412,
  "results": [
    {
      "hit": 721142,
      "iteration": 0,
      "metrics": [
        {
          "admission_treshold": 0,
          "algorithm": "time3-auto",
          "byte_inserted": 665449,
          "byte_miss": 665449,
          "byte_read": 721142,
          "byte_reinserted": 27224,
          "hit": 721142,
          "inserted": 665449,
          "layer": 0,
          "miss_ratio": 0.4799172935638555,
          "reinserted": 27224,
          "req": 1386591
        }
      ],
      "miss_ratio": 0.4799172935638555,
      "req": 1386591
    }
  ],
  "trace": "tencentBlock.ns19158.oracleGeneral.zst"
}