{
  "dram_cache_size": 24,
  "flash_cache_size": 2497,
  "results": [
    {
      "hit": 4569430,
      "iteration": 0,
      "metrics": [
        {
          "admission_treshold": 0,
          "algorithm": "time-auto",
          "byte_inserted": 865107,
          "byte_miss": 865107,
          "byte_read": 4569430,
          "byte_reinserted": 781947,
          "hit": 4569430,
          "inserted": 865107,
          "layer": 0,
          "miss_ratio": 0.15918688197357012,
          "reinserted": 781947,
          "req": 5434537
        }
      ],
      "miss_ratio": 0.15918688197357012,
      "req": 5434537
    }
  ],
  "trace": "tencentBlock.ns2087.oracleGeneral.zst"
}