{
  "dram_cache_size": 0,
  "flash_cache_size": 62,
  "results": [
    {
      "hit": 1026742,
      "iteration": 0,
      "metrics": [
        {
          "admission_treshold": 0,
          "algorithm": "qauto",
          "byte_inserted": 873002,
          "byte_miss": 873002,
          "byte_read": 1026742,
          "byte_reinserted": 463235,
          "hit": 1026742,
          "inserted": 873002,
          "layer": 0,
          "miss_ratio": 0.4595366533596106,
          "reinserted": 463235,
          "req": 1899744
        }
      ],
      "miss_ratio": 0.4595366533596106,
      "req": 1899744
    }
  ],
  "trace": "cf_allcolo.ns1908.oracleGeneral.zst"
}