{
  "dram_cache_size": 60,
  "flash_cache_size": 6027,
  "results": [
    {
      "hit": 2899529,
      "iteration": 0,
      "metrics": [
        {
          "admission_treshold": 0,
          "algorithm": "tauto",
          "byte_inserted": 2131593,
          "byte_miss": 2131593,
          "byte_read": 2899529,
          "byte_reinserted": 260160,
          "hit": 2899529,
          "inserted": 2131593,
          "layer": 0,
          "miss_ratio": 0.423681437261907,
          "reinserted": 260160,
          "req": 5031122
        }
      ],
      "miss_ratio": 0.423681437261907,
      "req": 5031122
    }
  ],
  "trace": "cf_allcolo.ns1076.oracleGeneral.zst"
}