{
  "dram_cache_size": 145,
  "flash_cache_size": 14535,
  "results": [
    {
      "hit": 3023351,
      "iteration": 0,
      "metrics": [
        {
          "admission_treshold": 0,
          "algorithm": "d3clock",
          "byte_inserted": 7455854,
          "byte_miss": 7455854,
          "byte_read": 3023351,
          "byte_reinserted": 2019720,
          "hit": 3023351,
          "inserted": 7455854,
          "layer": 0,
          "miss_ratio": 0.7114904231761856,
          "reinserted": 2019720,
          "req": 10479205
        }
      ],
      "miss_ratio": 0.7114904231761856,
      "req": 10479205
    }
  ],
  "trace": "cf_colo28.ns384.oracleGeneral.zst"
}