{
  "dram_cache_size": 24,
  "flash_cache_size": 2406,
  "results": [
    {
      "hit": 2183345,
      "iteration": 0,
      "metrics": [
        {
          "admission_treshold": 0,
          "algorithm": "d3clock",
          "byte_inserted": 1999379,
          "byte_miss": 1999379,
          "byte_read": 2183345,
          "byte_reinserted": 118354,
          "hit": 2183345,
          "inserted": 1999379,
          "layer": 0,
          "miss_ratio": 0.4780088286963232,
          "reinserted": 118354,
          "req": 4182724
        }
      ],
      "miss_ratio": 0.4780088286963232,
      "req": 4182724
    }
  ],
  "trace": "tencentBlock.ns10602.oracleGeneral.zst"
}