{
  "dram_cache_size": 42,
  "flash_cache_size": 4227,
  "results": [
    {
      "hit": 4013408,
      "iteration": 0,
      "metrics": [
        {
          "admission_treshold": 0,
          "algorithm": "gclock",
          "byte_inserted": 2402312,
          "byte_miss": 2402312,
          "byte_read": 4013408,
          "byte_reinserted": 1142223,
          "hit": 4013408,
          "inserted": 2402312,
          "layer": 0,
          "miss_ratio": 0.3744415279968577,
          "reinserted": 1142223,
          "req": 6415720
        }
      ],
      "miss_ratio": 0.3744415279968577,
      "req": 6415720
    }
  ],
  "trace": "tencentBlock.ns19823.oracleGeneral.zst"
}