{
  "dram_cache_size": 87,
  "flash_cache_size": 8745,
  "results": [
    {
      "hit": 9426969,
      "iteration": 0,
      "metrics": [
        {
          "admission_treshold": 0,
          "algorithm": "sxfifo",
          "byte_inserted": 32770650,
          "byte_miss": 32770650,
          "byte_read": 9426969,
          "byte_reinserted": 1905267,
          "hit": 9426969,
          "inserted": 32770650,
          "layer": 0,
          "miss_ratio": 0.776599504346442,
          "reinserted": 1905267,
          "req": 42197619
        }
      ],
      "miss_ratio": 0.776599504346442,
      "req": 42197619
    }
  ],
  "trace": "tencentBlock.ns14895.oracleGeneral.zst"
}