{
  "dram_cache_size": 64,
  "flash_cache_size": 6488,
  "results": [
    {
      "hit": 3169953,
      "iteration": 0,
      "metrics": [
        {
          "admission_treshold": 0,
          "algorithm": "dclock",
          "byte_inserted": 1876205,
          "byte_miss": 1876205,
          "byte_read": 3169953,
          "byte_reinserted": 363682,
          "hit": 3169953,
          "inserted": 1876205,
          "layer": 0,
          "miss_ratio": 0.3718086116209599,
          "reinserted": 363682,
          "req": 5046158
        }
      ],
      "miss_ratio": 0.3718086116209599,
      "req": 5046158
    }
  ],
  "trace": "tencentBlock.ns8974.oracleGeneral.zst"
}