{
  "dram_cache_size": 4,
  "flash_cache_size": 474,
  "results": [
    {
      "hit": 1623624,
      "iteration": 0,
      "metrics": [
        {
          "admission_treshold": 0,
          "algorithm": "dclock",
          "byte_inserted": 197415,
          "byte_miss": 197415,
          "byte_read": 1623624,
          "byte_reinserted": 145947,
          "hit": 1623624,
          "inserted": 197415,
          "layer": 0,
          "miss_ratio": 0.10840789241746063,
          "reinserted": 145947,
          "req": 1821039
        }
      ],
      "miss_ratio": 0.10840789241746063,
      "req": 1821039
    }
  ],
  "trace": "tencentBlock.ns11362.oracleGeneral.zst"
}