{
  "dram_cache_size": 0,
  "flash_cache_size": 95,
  "results": [
    {
      "hit": 4064488,
      "iteration": 0,
      "metrics": [
        {
          "admission_treshold": 0,
          "algorithm": "d3clock",
          "byte_inserted": 795276,
          "byte_miss": 795276,
          "byte_read": 4064488,
          "byte_reinserted": 1187634,
          "hit": 4064488,
          "inserted": 795276,
          "layer": 0,
          "miss_ratio": 0.16364498358356494,
          "reinserted": 1187634,
          "req": 4859764
        }
      ],
      "miss_ratio": 0.16364498358356494,
      "req": 4859764
    }
  ],
  "trace": "cf_colo28.ns777.oracleGeneral.zst"
}