{
  "dram_cache_size": 11,
  "flash_cache_size": 1193,
  "results": [
    {
      "hit": 52800251,
      "iteration": 0,
      "metrics": [
        {
          "admission_treshold": 0,
          "algorithm": "q3auto",
          "byte_inserted": 3332727,
          "byte_miss": 3332727,
          "byte_read": 52800251,
          "byte_reinserted": 1288457,
          "hit": 52800251,
          "inserted": 3332727,
          "layer": 0,
          "miss_ratio": 0.05937199697475515,
          "reinserted": 1288457,
          "req": 56132978
        }
      ],
      "miss_ratio": 0.05937199697475515,
      "req": 56132978
    }
  ],
  "trace": "events_recos_prod_cache.0.oracleGeneral.sample10.zst"
}