{
  "dram_cache_size": 44,
  "flash_cache_size": 4482,
  "results": [
    {
      "hit": 2837331,
      "iteration": 0,
      "metrics": [
        {
          "admission_treshold": 0,
          "algorithm": "g2clock",
          "byte_inserted": 1551164,
          "byte_miss": 1551164,
          "byte_read": 2837331,
          "byte_reinserted": 878327,
          "hit": 2837331,
          "inserted": 1551164,
          "layer": 0,
          "miss_ratio": 0.3534614942024543,
          "reinserted": 878327,
          "req": 4388495
        }
      ],
      "miss_ratio": 0.3534614942024543,
      "req": 4388495
    }
  ],
  "trace": "tencentBlock.ns15325.oracleGeneral.zst"
}