{
  "dram_cache_size": 36,
  "flash_cache_size": 3646,
  "results": [
    {
      "hit": 2046240,
      "iteration": 0,
      "metrics": [
        {
          "admission_treshold": 0,
          "algorithm": "s3fclock",
          "byte_inserted": 16981877,
          "byte_miss": 16981877,
          "byte_read": 2046240,
          "byte_reinserted": 46367,
          "hit": 2046240,
          "inserted": 16981877,
          "layer": 0,
          "miss_ratio": 0.8924622967159599,
          "reinserted": 46367,
          "req": 19028117
        }
      ],
      "miss_ratio": 0.8924622967159599,
      "req": 19028117
    }
  ],
  "trace": "tencentBlock.ns20944.oracleGeneral.zst"
}