{
  "dram_cache_size": 31,
  "flash_cache_size": 3199,
  "results": [
    {
      "hit": 2349176,
      "iteration": 0,
      "metrics": [
        {
          "admission_treshold": 0,
          "algorithm": "gclock",
          "byte_inserted": 1078551,
          "byte_miss": 1078551,
          "byte_read": 2349176,
          "byte_reinserted": 1018435,
          "hit": 2349176,
          "inserted": 1078551,
          "layer": 0,
          "miss_ratio": 0.3146548718728184,
          "reinserted": 1018435,
          "req": 3427727
        }
      ],
      "miss_ratio": 0.3146548718728184,
      "req": 3427727
    }
  ],
  "trace": "tencentBlock.ns16526.oracleGeneral.zst"
}