{
  "dram_cache_size": 6,
  "flash_cache_size": 634,
  "results": [
    {
      "hit": 1162448,
      "iteration": 0,
      "metrics": [
        {
          "admission_treshold": 0,
          "algorithm": "qauto",
          "byte_inserted": 224288,
          "byte_miss": 224288,
          "byte_read": 1162448,
          "byte_reinserted": 32333,
          "hit": 1162448,
          "inserted": 224288,
          "layer": 0,
          "miss_ratio": 0.16173806694280668,
          "reinserted": 32333,
          "req": 1386736
        }
      ],
      "miss_ratio": 0.16173806694280668,
      "req": 1386736
    }
  ],
  "trace": "tencentBlock.ns7275.oracleGeneral.zst"
}