{
  "dram_cache_size": 40,
  "flash_cache_size": 4026,
  "results": [
    {
      "hit": 1733047,
      "iteration": 0,
      "metrics": [
        {
          "admission_treshold": 0,
          "algorithm": "time-auto",
          "byte_inserted": 607018,
          "byte_miss": 607018,
          "byte_read": 1733047,
          "byte_reinserted": 414068,
          "hit": 1733047,
          "inserted": 607018,
          "layer": 0,
          "miss_ratio": 0.25940219609284354,
          "reinserted": 414068,
          "req": 2340065
        }
      ],
      "miss_ratio": 0.25940219609284354,
      "req": 2340065
    }
  ],
  "trace": "cf_allcolo.ns3652.oracleGeneral.zst"
}