{
  "dram_cache_size": 0,
  "flash_cache_size": 53,
  "results": [
    {
      "hit": 35669759,
      "iteration": 0,
      "metrics": [
        {
          "admission_treshold": 0,
          "algorithm": "qtime-clock",
          "byte_inserted": 198900787,
          "byte_miss": 198900787,
          "byte_read": 35669759,
          "byte_reinserted": 8849817,
          "hit": 35669759,
          "inserted": 198900787,
          "layer": 0,
          "miss_ratio": 0.8479358998465221,
          "reinserted": 8849817,
          "req": 234570546
        }
      ],
      "miss_ratio": 0.8479358998465221,
      "req": 234570546
    }
  ],
  "trace": "cf_colo28.ns60.oracleGeneral.zst"
}