{
  "dram_cache_size": 14,
  "flash_cache_size": 1495,
  "results": [
    {
      "hit": 1335085,
      "iteration": 0,
      "metrics": [
        {
          "admission_treshold": 0,
          "algorithm": "d3clock",
          "byte_inserted": 2864915,
          "byte_miss": 2864915,
          "byte_read": 1335085,
          "byte_reinserted": 176689,
          "hit": 1335085,
          "inserted": 2864915,
          "layer": 0,
          "miss_ratio": 0.6821226190476191,
          "reinserted": 176689,
          "req": 4200000
        }
      ],
      "miss_ratio": 0.6821226190476191,
      "req": 4200000
    }
  ],
  "trace": "io_traces.ns532.oracleGeneral.zst"
}