{
  "dram_cache_size": 170208,
  "flash_cache_size": 17020846,
  "results": [
    {
      "hit": 1309817,
      "iteration": 0,
      "metrics": [
        {
          "admission_treshold": 0,
          "algorithm": "qauto",
          "byte_inserted": 9211482112,
          "byte_miss": 9211482112,
          "byte_read": 6917107712,
          "byte_reinserted": 1221361664,
          "hit": 1309817,
          "inserted": 540800,
          "layer": 0,
          "miss_ratio": 0.2922268627165967,
          "reinserted": 233111,
          "req": 1850617
        }
      ],
      "miss_ratio": 0.2922268627165967,
      "req": 1850617
    }
  ],
  "trace": "tencentBlock.ns23650.oracleGeneral.zst"
}