{
  "dram_cache_size": 346180,
  "flash_cache_size": 34618080,
  "results": [
    {
      "hit": 1071989,
      "iteration": 0,
      "metrics": [
        {
          "admission_treshold": 0,
          "algorithm": "qauto",
          "byte_inserted": 45437237760,
          "byte_miss": 45437237760,
          "byte_read": 10540761600,
          "byte_reinserted": 7394590208,
          "hit": 1071989,
          "inserted": 532549,
          "layer": 0,
          "miss_ratio": 0.3319017686087833,
          "reinserted": 60443,
          "req": 1604538
        }
      ],
      "miss_ratio": 0.3319017686087833,
      "req": 1604538
    }
  ],
  "trace": "tencentBlock.ns20964.oracleGeneral.zst"
}