{
  "dram_cache_size": 19,
  "flash_cache_size": 1973,
  "results": [
    {
      "hit": 3285327,
      "iteration": 0,
      "metrics": [
        {
          "admission_treshold": 0,
          "algorithm": "qtime-clock",
          "byte_inserted": 1292760,
          "byte_miss": 1292760,
          "byte_read": 3285327,
          "byte_reinserted": 56945,
          "hit": 3285327,
          "inserted": 1292760,
          "layer": 0,
          "miss_ratio": 0.2823799547715017,
          "reinserted": 56945,
          "req": 4578087
        }
      ],
      "miss_ratio": 0.2823799547715017,
      "req": 4578087
    }
  ],
  "trace": "tencentBlock.ns18907.oracleGeneral.zst"
}