{
  "dram_cache_size": 113,
  "flash_cache_size": 11376,
  "results": [
    {
      "hit": 7031154,
      "iteration": 0,
      "metrics": [
        {
          "admission_treshold": 0,
          "algorithm": "dclock",
          "byte_inserted": 7879972,
          "byte_miss": 7879972,
          "byte_read": 7031154,
          "byte_reinserted": 2277538,
          "hit": 7031154,
          "inserted": 7879972,
          "layer": 0,
          "miss_ratio": 0.5284625721759711,
          "reinserted": 2277538,
          "req": 14911126
        }
      ],
      "miss_ratio": 0.5284625721759711,
      "req": 14911126
    }
  ],
  "trace": "tencentBlock.ns5560.oracleGeneral.zst"
}