{
  "dram_cache_size": 12,
  "flash_cache_size": 1278,
  "results": [
    {
      "hit": 660748,
      "iteration": 0,
      "metrics": [
        {
          "admission_treshold": 0,
          "algorithm": "q2auto",
          "byte_inserted": 430059,
          "byte_miss": 430059,
          "byte_read": 660748,
          "byte_reinserted": 37678,
          "hit": 660748,
          "inserted": 430059,
          "layer": 0,
          "miss_ratio": 0.3942576459446997,
          "reinserted": 37678,
          "req": 1090807
        }
      ],
      "miss_ratio": 0.3942576459446997,
      "req": 1090807
    }
  ],
  "trace": "tencentBlock.ns22739.oracleGeneral.zst"
}