{
  "dram_cache_size": 4,
  "flash_cache_size": 494,
  "results": [
    {
      "hit": 1571935,
      "iteration": 0,
      "metrics": [
        {
          "admission_treshold": 0,
          "algorithm": "dclock",
          "byte_inserted": 600547,
          "byte_miss": 600547,
          "byte_read": 1571935,
          "byte_reinserted": 471173,
          "hit": 1571935,
          "inserted": 600547,
          "layer": 0,
          "miss_ratio": 0.2764335907040887,
          "reinserted": 471173,
          "req": 2172482
        }
      ],
      "miss_ratio": 0.2764335907040887,
      "req": 2172482
    }
  ],
  "trace": "cf_allcolo.ns295.oracleGeneral.zst"
}