{
  "dram_cache_size": 22,
  "flash_cache_size": 2299,
  "results": [
    {
      "hit": 683835,
      "iteration": 0,
      "metrics": [
        {
          "admission_treshold": 0,
          "algorithm": "gclock",
          "byte_inserted": 547797,
          "byte_miss": 547797,
          "byte_read": 683835,
          "byte_reinserted": 184058,
          "hit": 683835,
          "inserted": 547797,
          "layer": 0,
          "miss_ratio": 0.4447732764332203,
          "reinserted": 184058,
          "req": 1231632
        }
      ],
      "miss_ratio": 0.4447732764332203,
      "req": 1231632
    }
  ],
  "trace": "cf_allcolo.ns643.oracleGeneral.zst"
}