{
  "dram_cache_size": 15,
  "flash_cache_size": 1516,
  "results": [
    {
      "hit": 1185824,
      "iteration": 0,
      "metrics": [
        {
          "admission_treshold": 0,
          "algorithm": "gclock",
          "byte_inserted": 1414176,
          "byte_miss": 1414176,
          "byte_read": 1185824,
          "byte_reinserted": 142858,
          "hit": 1185824,
          "inserted": 1414176,
          "layer": 0,
          "miss_ratio": 0.5439138461538462,
          "reinserted": 142858,
          "req": 2600000
        }
      ],
      "miss_ratio": 0.5439138461538462,
      "req": 2600000
    }
  ],
  "trace": "io_traces.ns101.oracleGeneral.zst"
}