{
  "dram_cache_size": 14,
  "flash_cache_size": 1455,
  "results": [
    {
      "hit": 647118,
      "iteration": 0,
      "metrics": [
        {
          "admission_treshold": 0,
          "algorithm": "dclock",
          "byte_inserted": 676998,
          "byte_miss": 676998,
          "byte_read": 647118,
          "byte_reinserted": 65914,
          "hit": 647118,
          "inserted": 676998,
          "layer": 0,
          "miss_ratio": 0.5112829993746771,
          "reinserted": 65914,
          "req": 1324116
        }
      ],
      "miss_ratio": 0.5112829993746771,
      "req": 1324116
    }
  ],
  "trace": "tencentBlock.ns19586.oracleGeneral.zst"
}