{
  "dram_cache_size": 226,
  "flash_cache_size": 22640,
  "results": [
    {
      "hit": 24280793,
      "iteration": 0,
      "metrics": [
        {
          "admission_treshold": 0,
          "algorithm": "gclock",
          "byte_inserted": 32175761,
          "byte_miss": 32175761,
          "byte_read": 24280793,
          "byte_reinserted": 5276260,
          "hit": 24280793,
          "inserted": 32175761,
          "layer": 0,
          "miss_ratio": 0.5699207394060927,
          "reinserted": 5276260,
          "req": 56456554
        }
      ],
      "miss_ratio": 0.5699207394060927,
      "req": 56456554
    }
  ],
  "trace": "tencentBlock.ns21346.oracleGeneral.zst"
}