{
  "dram_cache_size": 15,
  "flash_cache_size": 1559,
  "results": [
    {
      "hit": 1936680,
      "iteration": 0,
      "metrics": [
        {
          "admission_treshold": 0,
          "algorithm": "g2clock",
          "byte_inserted": 589867,
          "byte_miss": 589867,
          "byte_read": 1936680,
          "byte_reinserted": 90769,
          "hit": 1936680,
          "inserted": 589867,
          "layer": 0,
          "miss_ratio": 0.23346765367911226,
          "reinserted": 90769,
          "req": 2526547
        }
      ],
      "miss_ratio": 0.23346765367911226,
      "req": 2526547
    }
  ],
  "trace": "tencentBlock.ns5884.oracleGeneral.zst"
}