{
  "dram_cache_size": 14,
  "flash_cache_size": 1412,
  "results": [
    {
      "hit": 914647,
      "iteration": 0,
      "metrics": [
        {
          "admission_treshold": 0,
          "algorithm": "d3clock",
          "byte_inserted": 641743,
          "byte_miss": 641743,
          "byte_read": 914647,
          "byte_reinserted": 115544,
          "hit": 914647,
          "inserted": 641743,
          "layer": 0,
          "miss_ratio": 0.4123278869692044,
          "reinserted": 115544,
          "req": 1556390
        }
      ],
      "miss_ratio": 0.4123278869692044,
      "req": 1556390
    }
  ],
  "trace": "tencentBlock.ns4496.oracleGeneral.zst"
}