{
  "dram_cache_size": 297,
  "flash_cache_size": 29704,
  "results": [
    {
      "hit": 1862346,
      "iteration": 0,
      "metrics": [
        {
          "admission_treshold": 0,
          "algorithm": "gclock",
          "byte_inserted": 3643082,
          "byte_miss": 3643082,
          "byte_read": 1862346,
          "byte_reinserted": 252220,
          "hit": 1862346,
          "inserted": 3643082,
          "layer": 0,
          "miss_ratio": 0.6617254825601206,
          "reinserted": 252220,
          "req": 5505428
        }
      ],
      "miss_ratio": 0.6617254825601206,
      "req": 5505428
    }
  ],
  "trace": "tencentBlock.ns14467.oracleGeneral.zst"
}