{
  "dram_cache_size": 18,
  "flash_cache_size": 1809,
  "results": [
    {
      "hit": 1224397,
      "iteration": 0,
      "metrics": [
        {
          "admission_treshold": 0,
          "algorithm": "sxfifo",
          "byte_inserted": 604517,
          "byte_miss": 604517,
          "byte_read": 1224397,
          "byte_reinserted": 151501,
          "hit": 1224397,
          "inserted": 604517,
          "layer": 0,
          "miss_ratio": 0.3305333110250127,
          "reinserted": 151501,
          "req": 1828914
        }
      ],
      "miss_ratio": 0.3305333110250127,
      "req": 1828914
    }
  ],
  "trace": "tencentBlock.ns22114.oracleGeneral.zst"
}