{
  "dram_cache_size": 8,
  "flash_cache_size": 874,
  "results": [
    {
      "hit": 1232277,
      "iteration": 0,
      "metrics": [
        {
          "admission_treshold": 0,
          "algorithm": "t3auto",
          "byte_inserted": 429293,
          "byte_miss": 429293,
          "byte_read": 1232277,
          "byte_reinserted": 26232,
          "hit": 1232277,
          "inserted": 429293,
          "layer": 0,
          "miss_ratio": 0.2583658828698159,
          "reinserted": 26232,
          "req": 1661570
        }
      ],
      "miss_ratio": 0.2583658828698159,
      "req": 1661570
    }
  ],
  "trace": "tencentBlock.ns11057.oracleGeneral.zst"
}