{
  "dram_cache_size": 14,
  "flash_cache_size": 1483,
  "results": [
    {
      "hit": 1909890,
      "iteration": 0,
      "metrics": [
        {
          "admission_treshold": 0,
          "algorithm": "dclock",
          "byte_inserted": 710397,
          "byte_miss": 710397,
          "byte_read": 1909890,
          "byte_reinserted": 581881,
          "hit": 1909890,
          "inserted": 710397,
          "layer": 0,
          "miss_ratio": 0.27111419474278964,
          "reinserted": 581881,
          "req": 2620287
        }
      ],
      "miss_ratio": 0.27111419474278964,
      "req": 2620287
    }
  ],
  "trace": "tencentBlock.ns3961.oracleGeneral.zst"
}