{
  "dram_cache_size": 27,
  "flash_cache_size": 2778,
  "results": [
    {
      "hit": 1826556,
      "iteration": 0,
      "metrics": [
        {
          "admission_treshold": 0,
          "algorithm": "gclock",
          "byte_inserted": 1158761,
          "byte_miss": 1158761,
          "byte_read": 1826556,
          "byte_reinserted": 260749,
          "hit": 1826556,
          "inserted": 1158761,
          "layer": 0,
          "miss_ratio": 0.3881534188831538,
          "reinserted": 260749,
          "req": 2985317
        }
      ],
      "miss_ratio": 0.3881534188831538,
      "req": 2985317
    }
  ],
  "trace": "tencentBlock.ns9678.oracleGeneral.zst"
}