{
  "dram_cache_size": 32,
  "flash_cache_size": 3252,
  "results": [
    {
      "hit": 4114056,
      "iteration": 0,
      "metrics": [
        {
          "admission_treshold": 0,
          "algorithm": "dclock",
          "byte_inserted": 1387625,
          "byte_miss": 1387625,
          "byte_read": 4114056,
          "byte_reinserted": 710787,
          "hit": 4114056,
          "inserted": 1387625,
          "layer": 0,
          "miss_ratio": 0.2522183674407876,
          "reinserted": 710787,
          "req": 5501681
        }
      ],
      "miss_ratio": 0.2522183674407876,
      "req": 5501681
    }
  ],
  "trace": "tencentBlock.ns19333.oracleGeneral.zst"
}