{
  "dram_cache_size": 22,
  "flash_cache_size": 2262,
  "results": [
    {
      "hit": 2317688,
      "iteration": 0,
      "metrics": [
        {
          "admission_treshold": 0,
          "algorithm": "t2auto",
          "byte_inserted": 1579056,
          "byte_miss": 1579056,
          "byte_read": 2317688,
          "byte_reinserted": 561049,
          "hit": 2317688,
          "inserted": 1579056,
          "layer": 0,
          "miss_ratio": 0.4052244643220083,
          "reinserted": 561049,
          "req": 3896744
        }
      ],
      "miss_ratio": 0.4052244643220083,
      "req": 3896744
    }
  ],
  "trace": "tencentBlock.ns18188.oracleGeneral.zst"
}