{
  "dram_cache_size": 38,
  "flash_cache_size": 3822,
  "results": [
    {
      "hit": 3275551,
      "iteration": 0,
      "metrics": [
        {
          "admission_treshold": 0,
          "algorithm": "g2clock",
          "byte_inserted": 1836720,
          "byte_miss": 1836720,
          "byte_read": 3275551,
          "byte_reinserted": 856774,
          "hit": 3275551,
          "inserted": 1836720,
          "layer": 0,
          "miss_ratio": 0.3592767284832905,
          "reinserted": 856774,
          "req": 5112271
        }
      ],
      "miss_ratio": 0.3592767284832905,
      "req": 5112271
    }
  ],
  "trace": "tencentBlock.ns6008.oracleGeneral.zst"
}