{
  "dram_cache_size": 5,
  "flash_cache_size": 523,
  "results": [
    {
      "hit": 1425673,
      "iteration": 0,
      "metrics": [
        {
          "admission_treshold": 0,
          "algorithm": "g2clock",
          "byte_inserted": 309649,
          "byte_miss": 309649,
          "byte_read": 1425673,
          "byte_reinserted": 45382,
          "hit": 1425673,
          "inserted": 309649,
          "layer": 0,
          "miss_ratio": 0.17843892948974316,
          "reinserted": 45382,
          "req": 1735322
        }
      ],
      "miss_ratio": 0.17843892948974316,
      "req": 1735322
    }
  ],
  "trace": "tencentBlock.ns7444.oracleGeneral.zst"
}