{
  "dram_cache_size": 4,
  "flash_cache_size": 437,
  "results": [
    {
      "hit": 8228575,
      "iteration": 0,
      "metrics": [
        {
          "admission_treshold": 0,
          "algorithm": "gclock",
          "byte_inserted": 786664,
          "byte_miss": 786664,
          "byte_read": 8228575,
          "byte_reinserted": 628805,
          "hit": 8228575,
          "inserted": 786664,
          "layer": 0,
          "miss_ratio": 0.08725936162091763,
          "reinserted": 628805,
          "req": 9015239
        }
      ],
      "miss_ratio": 0.08725936162091763,
      "req": 9015239
    }
  ],
  "trace": "cf_allcolo.ns98.oracleGeneral.zst"
}