{
  "dram_cache_size": 0,
  "flash_cache_size": 36,
  "results": [
    {
      "hit": 3827300,
      "iteration": 0,
      "metrics": [
        {
          "admission_treshold": 0,
          "algorithm": "gclock",
          "byte_inserted": 37259,
          "byte_miss": 37259,
          "byte_read": 3827300,
          "byte_reinserted": 75564,
          "hit": 3827300,
          "inserted": 37259,
          "layer": 0,
          "miss_ratio": 0.009641203562942069,
          "reinserted": 75564,
          "req": 3864559
        }
      ],
      "miss_ratio": 0.009641203562942069,
      "req": 3864559
    }
  ],
  "trace": "cf_allcolo.ns3999.oracleGeneral.zst"
}