{
  "dram_cache_size": 1,
  "flash_cache_size": 113,
  "results": [
    {
      "hit": 2144843,
      "iteration": 0,
      "metrics": [
        {
          "admission_treshold": 0,
          "algorithm": "q3auto",
          "byte_inserted": 554353,
          "byte_miss": 554353,
          "byte_read": 2144843,
          "byte_reinserted": 200802,
          "hit": 2144843,
          "inserted": 554353,
          "layer": 0,
          "miss_ratio": 0.2053770826572061,
          "reinserted": 200802,
          "req": 2699196
        }
      ],
      "miss_ratio": 0.2053770826572061,
      "req": 2699196
    }
  ],
  "trace": "cf_allcolo.ns945.oracleGeneral.zst"
}