{
  "dram_cache_size": 0,
  "flash_cache_size": 38,
  "results": [
    {
      "hit": 1057755,
      "iteration": 0,
      "metrics": [
        {
          "admission_treshold": 0,
          "algorithm": "dclock",
          "byte_inserted": 111266,
          "byte_miss": 111266,
          "byte_read": 1057755,
          "byte_reinserted": 123596,
          "hit": 1057755,
          "inserted": 111266,
          "layer": 0,
          "miss_ratio": 0.09517878635199883,
          "reinserted": 123596,
          "req": 1169021
        }
      ],
      "miss_ratio": 0.09517878635199883,
      "req": 1169021
    }
  ],
  "trace": "cf_colo28.ns5171.oracleGeneral.zst"
}