{
  "dram_cache_size": 34,
  "flash_cache_size": 3478,
  "results": [
    {
      "hit": 4956593,
      "iteration": 0,
      "metrics": [
        {
          "admission_treshold": 0,
          "algorithm": "sxfifo",
          "byte_inserted": 1643407,
          "byte_miss": 1643407,
          "byte_read": 4956593,
          "byte_reinserted": 26488,
          "hit": 4956593,
          "inserted": 1643407,
          "layer": 0,
          "miss_ratio": 0.24900106060606064,
          "reinserted": 26488,
          "req": 6600000
        }
      ],
      "miss_ratio": 0.24900106060606064,
      "req": 6600000
    }
  ],
  "trace": "io_traces.ns547.oracleGeneral.zst"
}