{
  "dram_cache_size": 8,
  "flash_cache_size": 893,
  "results": [
    {
      "hit": 1425704,
      "iteration": 0,
      "metrics": [
        {
          "admission_treshold": 0,
          "algorithm": "qor-clock",
          "byte_inserted": 518178,
          "byte_miss": 518178,
          "byte_read": 1425704,
          "byte_reinserted": 40022,
          "hit": 1425704,
          "inserted": 518178,
          "layer": 0,
          "miss_ratio": 0.26656864974314287,
          "reinserted": 40022,
          "req": 1943882
        }
      ],
      "miss_ratio": 0.26656864974314287,
      "req": 1943882
    }
  ],
  "trace": "tencentBlock.ns7044.oracleGeneral.zst"
}