{
  "dram_cache_size": 12,
  "flash_cache_size": 1204,
  "results": [
    {
      "hit": 794149,
      "iteration": 0,
      "metrics": [
        {
          "admission_treshold": 0,
          "algorithm": "dclock",
          "byte_inserted": 450215,
          "byte_miss": 450215,
          "byte_read": 794149,
          "byte_reinserted": 187543,
          "hit": 794149,
          "inserted": 450215,
          "layer": 0,
          "miss_ratio": 0.36180329871323824,
          "reinserted": 187543,
          "req": 1244364
        }
      ],
      "miss_ratio": 0.36180329871323824,
      "req": 1244364
    }
  ],
  "trace": "tencentBlock.ns15626.oracleGeneral.zst"
}