{
  "dram_cache_size": 48,
  "flash_cache_size": 4831,
  "results": [
    {
      "hit": 3218513,
      "iteration": 0,
      "metrics": [
        {
          "admission_treshold": 0,
          "algorithm": "dclock",
          "byte_inserted": 1256060,
          "byte_miss": 1256060,
          "byte_read": 3218513,
          "byte_reinserted": 514738,
          "hit": 3218513,
          "inserted": 1256060,
          "layer": 0,
          "miss_ratio": 0.28071058400432847,
          "reinserted": 514738,
          "req": 4474573
        }
      ],
      "miss_ratio": 0.28071058400432847,
      "req": 4474573
    }
  ],
  "trace": "tencentBlock.ns20817.oracleGeneral.zst"
}