{
  "dram_cache_size": 22,
  "flash_cache_size": 2217,
  "results": [
    {
      "hit": 942707,
      "iteration": 0,
      "metrics": [
        {
          "admission_treshold": 0,
          "algorithm": "dclock",
          "byte_inserted": 1051884,
          "byte_miss": 1051884,
          "byte_read": 942707,
          "byte_reinserted": 223878,
          "hit": 942707,
          "inserted": 1051884,
          "layer": 0,
          "miss_ratio": 0.527368267479398,
          "reinserted": 223878,
          "req": 1994591
        }
      ],
      "miss_ratio": 0.527368267479398,
      "req": 1994591
    }
  ],
  "trace": "tencentBlock.ns12710.oracleGeneral.zst"
}