{
  "dram_cache_size": 7,
  "flash_cache_size": 794,
  "results": [
    {
      "hit": 2237041,
      "iteration": 0,
      "metrics": [
        {
          "admission_treshold": 0,
          "algorithm": "qauto",
          "byte_inserted": 533835,
          "byte_miss": 533835,
          "byte_read": 2237041,
          "byte_reinserted": 193256,
          "hit": 2237041,
          "inserted": 533835,
          "layer": 0,
          "miss_ratio": 0.1926592889757608,
          "reinserted": 193256,
          "req": 2770876
        }
      ],
      "miss_ratio": 0.1926592889757608,
      "req": 2770876
    }
  ],
  "trace": "tencentBlock.ns9768.oracleGeneral.zst"
}