{
  "dram_cache_size": 18,
  "flash_cache_size": 1832,
  "results": [
    {
      "hit": 2195537,
      "iteration": 0,
      "metrics": [
        {
          "admission_treshold": 0,
          "algorithm": "gclock",
          "byte_inserted": 3735458,
          "byte_miss": 3735458,
          "byte_read": 2195537,
          "byte_reinserted": 206202,
          "hit": 2195537,
          "inserted": 3735458,
          "layer": 0,
          "miss_ratio": 0.6298197857189224,
          "reinserted": 206202,
          "req": 5930995
        }
      ],
      "miss_ratio": 0.6298197857189224,
      "req": 5930995
    }
  ],
  "trace": "tencentBlock.ns7029.oracleGeneral.zst"
}