{
  "dram_cache_size": 153,
  "flash_cache_size": 15398,
  "results": [
    {
      "hit": 2428785,
      "iteration": 0,
      "metrics": [
        {
          "admission_treshold": 0,
          "algorithm": "dclock",
          "byte_inserted": 5291885,
          "byte_miss": 5291885,
          "byte_read": 2428785,
          "byte_reinserted": 799223,
          "hit": 2428785,
          "inserted": 5291885,
          "layer": 0,
          "miss_ratio": 0.6854178458605277,
          "reinserted": 799223,
          "req": 7720670
        }
      ],
      "miss_ratio": 0.6854178458605277,
      "req": 7720670
    }
  ],
  "trace": "tencentBlock.ns9214.oracleGeneral.zst"
}