{
  "dram_cache_size": 638068,
  "flash_cache_size": 63806872,
  "results": [
    {
      "hit": 3595037,
      "iteration": 0,
      "metrics": [
        {
          "admission_treshold": 0,
          "algorithm": "time2-auto",
          "byte_inserted": 45769239552,
          "byte_miss": 45769239552,
          "byte_read": 46448789504,
          "byte_reinserted": 3551493632,
          "hit": 3595037,
          "inserted": 1362710,
          "layer": 0,
          "miss_ratio": 0.2748647722443279,
          "reinserted": 187152,
          "req": 4957747
        }
      ],
      "miss_ratio": 0.2748647722443279,
      "req": 4957747
    }
  ],
  "trace": "tencentBlock.ns10995.oracleGeneral.zst"
}