{
  "dram_cache_size": 380,
  "flash_cache_size": 38089,
  "results": [
    {
      "hit": 4906695,
      "iteration": 0,
      "metrics": [
        {
          "admission_treshold": 0,
          "algorithm": "dclock",
          "byte_inserted": 14602059,
          "byte_miss": 14602059,
          "byte_read": 4906695,
          "byte_reinserted": 2308223,
          "hit": 4906695,
          "inserted": 14602059,
          "layer": 0,
          "miss_ratio": 0.7484875251387146,
          "reinserted": 2308223,
          "req": 19508754
        }
      ],
      "miss_ratio": 0.7484875251387146,
      "req": 19508754
    }
  ],
  "trace": "tencentBlock.ns7584.oracleGeneral.zst"
}