{
  "dram_cache_size": 463,
  "flash_cache_size": 46326,
  "results": [
    {
      "hit": 27856549,
      "iteration": 0,
      "metrics": [
        {
          "admission_treshold": 0,
          "algorithm": "gclock",
          "byte_inserted": 4633908,
          "byte_miss": 4633908,
          "byte_read": 27856549,
          "byte_reinserted": 1773,
          "hit": 27856549,
          "inserted": 4633908,
          "layer": 0,
          "miss_ratio": 0.14262366331135323,
          "reinserted": 1773,
          "req": 32490457
        }
      ],
      "miss_ratio": 0.14262366331135323,
      "req": 32490457
    }
  ],
  "trace": "cf_allcolo.ns63.oracleGeneral.zst"
}