{
  "dram_cache_size": 3,
  "flash_cache_size": 358,
  "results": [
    {
      "hit": 9143879,
      "iteration": 0,
      "metrics": [
        {
          "admission_treshold": 0,
          "algorithm": "dclock",
          "byte_inserted": 5681319,
          "byte_miss": 5681319,
          "byte_read": 9143879,
          "byte_reinserted": 3293985,
          "hit": 9143879,
          "inserted": 5681319,
          "layer": 0,
          "miss_ratio": 0.3832204467016225,
          "reinserted": 3293985,
          "req": 14825198
        }
      ],
      "miss_ratio": 0.3832204467016225,
      "req": 14825198
    }
  ],
  "trace": "cf_allcolo.ns182.oracleGeneral.zst"
}