{
  "dram_cache_size": 25237,
  "flash_cache_size": 2523755,
  "results": [
    {
      "hit": 6224802043,
      "iteration": 0,
      "metrics": [
        {
          "admission_treshold": 0,
          "algorithm": "clock",
          "byte_inserted": 695445816,
          "byte_miss": 695445816,
          "byte_read": 6224802043,
          "byte_reinserted": 3155069206,
          "hit": 6224802043,
          "inserted": 695445816,
          "layer": 0,
          "miss_ratio": 0.10049435080501501,
          "reinserted": 3155069206,
          "req": 6920247859
        }
      ],
      "miss_ratio": 0.10049435080501501,
      "req": 6920247859
    }
  ],
  "trace": "cluster29.oracleGeneral.zst"
}