{
  "dram_cache_size": 96,
  "flash_cache_size": 9684,
  "results": [
    {
      "hit": 3403321,
      "iteration": 0,
      "metrics": [
        {
          "admission_treshold": 0,
          "algorithm": "qand-clock-v2",
          "byte_inserted": 7706736,
          "byte_miss": 7706736,
          "byte_read": 3403321,
          "byte_reinserted": 568023,
          "hit": 3403321,
          "inserted": 7706736,
          "layer": 0,
          "miss_ratio": 0.6936720486672571,
          "reinserted": 568023,
          "req": 11110057
        }
      ],
      "miss_ratio": 0.6936720486672571,
      "req": 11110057
    }
  ],
  "trace": "tencentBlock.ns4124.oracleGeneral.zst"
}