{
  "dram_cache_size": 12,
  "flash_cache_size": 1295,
  "results": [
    {
      "hit": 677969,
      "iteration": 0,
      "metrics": [
        {
          "admission_treshold": 0,
          "algorithm": "g2clock",
          "byte_inserted": 519227,
          "byte_miss": 519227,
          "byte_read": 677969,
          "byte_reinserted": 338042,
          "hit": 677969,
          "inserted": 519227,
          "layer": 0,
          "miss_ratio": 0.43370258504037773,
          "reinserted": 338042,
          "req": 1197196
        }
      ],
      "miss_ratio": 0.43370258504037773,
      "req": 1197196
    }
  ],
  "trace": "tencentBlock.ns9002.oracleGeneral.zst"
}