{
  "dram_cache_size": 10,
  "flash_cache_size": 1065,
  "results": [
    {
      "hit": 8463032,
      "iteration": 0,
      "metrics": [
        {
          "admission_treshold": 0,
          "algorithm": "gclock",
          "byte_inserted": 1213928,
          "byte_miss": 1213928,
          "byte_read": 8463032,
          "byte_reinserted": 592153,
          "hit": 8463032,
          "inserted": 1213928,
          "layer": 0,
          "miss_ratio": 0.12544518113126435,
          "reinserted": 592153,
          "req": 9676960
        }
      ],
      "miss_ratio": 0.12544518113126435,
      "req": 9676960
    }
  ],
  "trace": "tencentBlock.ns9141.oracleGeneral.zst"
}