{
  "dram_cache_size": 17,
  "flash_cache_size": 1799,
  "results": [
    {
      "hit": 1348226,
      "iteration": 0,
      "metrics": [
        {
          "admission_treshold": 0,
          "algorithm": "g2clock",
          "byte_inserted": 660670,
          "byte_miss": 660670,
          "byte_read": 1348226,
          "byte_reinserted": 582849,
          "hit": 1348226,
          "inserted": 660670,
          "layer": 0,
          "miss_ratio": 0.3288721765586671,
          "reinserted": 582849,
          "req": 2008896
        }
      ],
      "miss_ratio": 0.3288721765586671,
      "req": 2008896
    }
  ],
  "trace": "tencentBlock.ns18711.oracleGeneral.zst"
}