{
  "dram_cache_size": 96,
  "flash_cache_size": 9654,
  "results": [
    {
      "hit": 1425557,
      "iteration": 0,
      "metrics": [
        {
          "admission_treshold": 0,
          "algorithm": "sxfifo",
          "byte_inserted": 1813742,
          "byte_miss": 1813742,
          "byte_read": 1425557,
          "byte_reinserted": 209198,
          "hit": 1425557,
          "inserted": 1813742,
          "layer": 0,
          "miss_ratio": 0.5599180563449067,
          "reinserted": 209198,
          "req": 3239299
        }
      ],
      "miss_ratio": 0.5599180563449067,
      "req": 3239299
    }
  ],
  "trace": "tencentBlock.ns3847.oracleGeneral.zst"
}