{
  "dram_cache_size": 13,
  "flash_cache_size": 1304,
  "results": [
    {
      "hit": 538796,
      "iteration": 0,
      "metrics": [
        {
          "admission_treshold": 0,
          "algorithm": "q3auto",
          "byte_inserted": 593740,
          "byte_miss": 593740,
          "byte_read": 538796,
          "byte_reinserted": 74819,
          "hit": 538796,
          "inserted": 593740,
          "layer": 0,
          "miss_ratio": 0.5242570655590639,
          "reinserted": 74819,
          "req": 1132536
        }
      ],
      "miss_ratio": 0.5242570655590639,
      "req": 1132536
    }
  ],
  "trace": "tencentBlock.ns13675.oracleGeneral.zst"
}