{
  "dram_cache_size": 2,
  "flash_cache_size": 267,
  "results": [
    {
      "hit": 3811754,
      "iteration": 0,
      "metrics": [
        {
          "admission_treshold": 0,
          "algorithm": "q2auto",
          "byte_inserted": 245310,
          "byte_miss": 245310,
          "byte_read": 3811754,
          "byte_reinserted": 171578,
          "hit": 3811754,
          "inserted": 245310,
          "layer": 0,
          "miss_ratio": 0.060464907627782116,
          "reinserted": 171578,
          "req": 4057064
        }
      ],
      "miss_ratio": 0.060464907627782116,
      "req": 4057064
    }
  ],
  "trace": "cf_allcolo.ns516.oracleGeneral.zst"
}