{
  "dram_cache_size": 9,
  "flash_cache_size": 961,
  "results": [
    {
      "hit": 4994031,
      "iteration": 0,
      "metrics": [
        {
          "admission_treshold": 0,
          "algorithm": "q2auto",
          "byte_inserted": 102054,
          "byte_miss": 102054,
          "byte_read": 4994031,
          "byte_reinserted": 10595,
          "hit": 4994031,
          "inserted": 102054,
          "layer": 0,
          "miss_ratio": 0.020025961105436862,
          "reinserted": 10595,
          "req": 5096085
        }
      ],
      "miss_ratio": 0.020025961105436862,
      "req": 5096085
    }
  ],
  "trace": "cf_allcolo.ns335.oracleGeneral.zst"
}