{
  "dram_cache_size": 7051,
  "flash_cache_size": 705118,
  "results": [
    {
      "hit": 443618577,
      "iteration": 0,
      "metrics": [
        {
          "admission_treshold": 0,
          "algorithm": "q-clock",
          "byte_inserted": 764129446,
          "byte_miss": 764129446,
          "byte_read": 443618577,
          "byte_reinserted": 30344223,
          "hit": 443618577,
          "inserted": 764129446,
          "layer": 0,
          "miss_ratio": 0.6326894612519685,
          "reinserted": 30344223,
          "req": 1207748023
        }
      ],
      "miss_ratio": 0.6326894612519685,
      "req": 1207748023
    }
  ],
  "trace": "cluster27.oracleGeneral.sample10.zst"
}