{
  "dram_cache_size": 68,
  "flash_cache_size": 6860,
  "results": [
    {
      "hit": 29345294,
      "iteration": 0,
      "metrics": [
        {
          "admission_treshold": 0,
          "algorithm": "qtime-clock",
          "byte_inserted": 691633,
          "byte_miss": 691633,
          "byte_read": 29345294,
          "byte_reinserted": 100,
          "hit": 29345294,
          "inserted": 691633,
          "layer": 0,
          "miss_ratio": 0.02302609051851412,
          "reinserted": 100,
          "req": 30036927
        }
      ],
      "miss_ratio": 0.02302609051851412,
      "req": 30036927
    }
  ],
  "trace": "cf_allcolo.ns9.oracleGeneral.zst"
}