{
  "dram_cache_size": 162,
  "flash_cache_size": 16215,
  "results": [
    {
      "hit": 32487433,
      "iteration": 0,
      "metrics": [
        {
          "admission_treshold": 0,
          "algorithm": "tauto",
          "byte_inserted": 7312567,
          "byte_miss": 7312567,
          "byte_read": 32487433,
          "byte_reinserted": 678934,
          "hit": 32487433,
          "inserted": 7312567,
          "layer": 0,
          "miss_ratio": 0.18373283919597994,
          "reinserted": 678934,
          "req": 39800000
        }
      ],
      "miss_ratio": 0.18373283919597994,
      "req": 39800000
    }
  ],
  "trace": "io_traces.ns239.oracleGeneral.zst"
}