{
  "dram_cache_size": 87,
  "flash_cache_size": 8735,
  "results": [
    {
      "hit": 3444575,
      "iteration": 0,
      "metrics": [
        {
          "admission_treshold": 0,
          "algorithm": "sxfifo",
          "byte_inserted": 3547074,
          "byte_miss": 3547074,
          "byte_read": 3444575,
          "byte_reinserted": 377162,
          "hit": 3444575,
          "inserted": 3547074,
          "layer": 0,
          "miss_ratio": 0.5073301019544889,
          "reinserted": 377162,
          "req": 6991649
        }
      ],
      "miss_ratio": 0.5073301019544889,
      "req": 6991649
    }
  ],
  "trace": "tencentBlock.ns9133.oracleGeneral.zst"
}