{
  "dram_cache_size": 6,
  "flash_cache_size": 657,
  "results": [
    {
      "hit": 3670946,
      "iteration": 0,
      "metrics": [
        {
          "admission_treshold": 0,
          "algorithm": "dclock",
          "byte_inserted": 342504,
          "byte_miss": 342504,
          "byte_read": 3670946,
          "byte_reinserted": 1159704,
          "hit": 3670946,
          "inserted": 342504,
          "layer": 0,
          "miss_ratio": 0.08533904745293952,
          "reinserted": 1159704,
          "req": 4013450
        }
      ],
      "miss_ratio": 0.08533904745293952,
      "req": 4013450
    }
  ],
  "trace": "tencentBlock.ns3410.oracleGeneral.zst"
}