{
  "dram_cache_size": 14,
  "flash_cache_size": 1498,
  "results": [
    {
      "hit": 576197,
      "iteration": 0,
      "metrics": [
        {
          "admission_treshold": 0,
          "algorithm": "d3clock",
          "byte_inserted": 736686,
          "byte_miss": 736686,
          "byte_read": 576197,
          "byte_reinserted": 111633,
          "hit": 576197,
          "inserted": 736686,
          "layer": 0,
          "miss_ratio": 0.5611208310260701,
          "reinserted": 111633,
          "req": 1312883
        }
      ],
      "miss_ratio": 0.5611208310260701,
      "req": 1312883
    }
  ],
  "trace": "tencentBlock.ns20024.oracleGeneral.zst"
}