{
  "dram_cache_size": 14,
  "flash_cache_size": 1491,
  "results": [
    {
      "hit": 755400,
      "iteration": 0,
      "metrics": [
        {
          "admission_treshold": 0,
          "algorithm": "cm-clock",
          "byte_inserted": 667683,
          "byte_miss": 667683,
          "byte_read": 755400,
          "byte_reinserted": 127568,
          "hit": 755400,
          "inserted": 667683,
          "layer": 0,
          "miss_ratio": 0.4691806451204884,
          "reinserted": 127568,
          "req": 1423083
        }
      ],
      "miss_ratio": 0.4691806451204884,
      "req": 1423083
    }
  ],
  "trace": "tencentBlock.ns22547.oracleGeneral.zst"
}