{
  "dram_cache_size": 11,
  "flash_cache_size": 1130,
  "results": [
    {
      "hit": 2561142,
      "iteration": 0,
      "metrics": [
        {
          "admission_treshold": 0,
          "algorithm": "dclock",
          "byte_inserted": 446857,
          "byte_miss": 446857,
          "byte_read": 2561142,
          "byte_reinserted": 632031,
          "hit": 2561142,
          "inserted": 446857,
          "layer": 0,
          "miss_ratio": 0.14855623289768383,
          "reinserted": 632031,
          "req": 3007999
        }
      ],
      "miss_ratio": 0.14855623289768383,
      "req": 3007999
    }
  ],
  "trace": "tencentBlock.ns16141.oracleGeneral.zst"
}