{
  "dram_cache_size": 4,
  "flash_cache_size": 484,
  "results": [
    {
      "hit": 69443742,
      "iteration": 0,
      "metrics": [
        {
          "admission_treshold": 0,
          "algorithm": "d3clock",
          "byte_inserted": 3086793,
          "byte_miss": 3086793,
          "byte_read": 69443742,
          "byte_reinserted": 3270466,
          "hit": 69443742,
          "inserted": 3086793,
          "layer": 0,
          "miss_ratio": 0.04255853069331417,
          "reinserted": 3270466,
          "req": 72530535
        }
      ],
      "miss_ratio": 0.04255853069331417,
      "req": 72530535
    }
  ],
  "trace": "tencentBlock.ns1344.oracleGeneral.zst"
}