{
  "dram_cache_size": 35,
  "flash_cache_size": 3547,
  "results": [
    {
      "hit": 1440709,
      "iteration": 0,
      "metrics": [
        {
          "admission_treshold": 0,
          "algorithm": "d3clock",
          "byte_inserted": 1036665,
          "byte_miss": 1036665,
          "byte_read": 1440709,
          "byte_reinserted": 277815,
          "hit": 1440709,
          "inserted": 1036665,
          "layer": 0,
          "miss_ratio": 0.41845316855670556,
          "reinserted": 277815,
          "req": 2477374
        }
      ],
      "miss_ratio": 0.41845316855670556,
      "req": 2477374
    }
  ],
  "trace": "tencentBlock.ns4271.oracleGeneral.zst"
}