{
  "dram_cache_size": 24,
  "flash_cache_size": 2422,
  "results": [
    {
      "hit": 1746994,
      "iteration": 0,
      "metrics": [
        {
          "admission_treshold": 0,
          "algorithm": "g2clock",
          "byte_inserted": 879136,
          "byte_miss": 879136,
          "byte_read": 1746994,
          "byte_reinserted": 549387,
          "hit": 1746994,
          "inserted": 879136,
          "layer": 0,
          "miss_ratio": 0.3347648440861648,
          "reinserted": 549387,
          "req": 2626130
        }
      ],
      "miss_ratio": 0.3347648440861648,
      "req": 2626130
    }
  ],
  "trace": "tencentBlock.ns19317.oracleGeneral.zst"
}