{
  "dram_cache_size": 47,
  "flash_cache_size": 4762,
  "results": [
    {
      "hit": 2768990,
      "iteration": 0,
      "metrics": [
        {
          "admission_treshold": 0,
          "algorithm": "gclock",
          "byte_inserted": 1236455,
          "byte_miss": 1236455,
          "byte_read": 2768990,
          "byte_reinserted": 580935,
          "hit": 2768990,
          "inserted": 1236455,
          "layer": 0,
          "miss_ratio": 0.3086935409174262,
          "reinserted": 580935,
          "req": 4005445
        }
      ],
      "miss_ratio": 0.3086935409174262,
      "req": 4005445
    }
  ],
  "trace": "tencentBlock.ns20106.oracleGeneral.zst"
}