{
  "dram_cache_size": 8,
  "flash_cache_size": 885,
  "results": [
    {
      "hit": 2549430,
      "iteration": 0,
      "metrics": [
        {
          "admission_treshold": 0,
          "algorithm": "dclock",
          "byte_inserted": 860703,
          "byte_miss": 860703,
          "byte_read": 2549430,
          "byte_reinserted": 162157,
          "hit": 2549430,
          "inserted": 860703,
          "layer": 0,
          "miss_ratio": 0.2523957276739647,
          "reinserted": 162157,
          "req": 3410133
        }
      ],
      "miss_ratio": 0.2523957276739647,
      "req": 3410133
    }
  ],
  "trace": "tencentBlock.ns11641.oracleGeneral.zst"
}