{
  "dram_cache_size": 12,
  "flash_cache_size": 1254,
  "results": [
    {
      "hit": 4047749,
      "iteration": 0,
      "metrics": [
        {
          "admission_treshold": 0,
          "algorithm": "d3clock",
          "byte_inserted": 697532,
          "byte_miss": 697532,
          "byte_read": 4047749,
          "byte_reinserted": 225681,
          "hit": 4047749,
          "inserted": 697532,
          "layer": 0,
          "miss_ratio": 0.14699487764792007,
          "reinserted": 225681,
          "req": 4745281
        }
      ],
      "miss_ratio": 0.14699487764792007,
      "req": 4745281
    }
  ],
  "trace": "tencentBlock.ns2554.oracleGeneral.zst"
}