{
  "dram_cache_size": 0,
  "flash_cache_size": 10,
  "results": [
    {
      "hit": 4264251,
      "iteration": 0,
      "metrics": [
        {
          "admission_treshold": 0,
          "algorithm": "gclock",
          "byte_inserted": 6521,
          "byte_miss": 6521,
          "byte_read": 4264251,
          "byte_reinserted": 11452,
          "hit": 4264251,
          "inserted": 6521,
          "layer": 0,
          "miss_ratio": 0.0015268902203161572,
          "reinserted": 11452,
          "req": 4270772
        }
      ],
      "miss_ratio": 0.0015268902203161572,
      "req": 4270772
    }
  ],
  "trace": "cf_allcolo.ns2484.oracleGeneral.zst"
}