{
  "dram_cache_size": 14,
  "flash_cache_size": 1424,
  "results": [
    {
      "hit": 868549,
      "iteration": 0,
      "metrics": [
        {
          "admission_treshold": 0,
          "algorithm": "g2clock",
          "byte_inserted": 931451,
          "byte_miss": 931451,
          "byte_read": 868549,
          "byte_reinserted": 234642,
          "hit": 868549,
          "inserted": 931451,
          "layer": 0,
          "miss_ratio": 0.5174727777777778,
          "reinserted": 234642,
          "req": 1800000
        }
      ],
      "miss_ratio": 0.5174727777777778,
      "req": 1800000
    }
  ],
  "trace": "io_traces.ns517.oracleGeneral.zst"
}