{
  "dram_cache_size": 10729,
  "flash_cache_size": 1072975,
  "results": [
    {
      "hit": 76077345,
      "iteration": 0,
      "metrics": [
        {
          "admission_treshold": 0,
          "algorithm": "g2clock",
          "byte_inserted": 219843578,
          "byte_miss": 219843578,
          "byte_read": 76077345,
          "byte_reinserted": 73913194,
          "hit": 76077345,
          "inserted": 219843578,
          "layer": 0,
          "miss_ratio": 0.7429132613242085,
          "reinserted": 73913194,
          "req": 295920923
        }
      ],
      "miss_ratio": 0.7429132613242085,
      "req": 295920923
    }
  ],
  "trace": "io_traces.ns804.oracleGeneral.zst"
}