{
  "dram_cache_size": 158,
  "flash_cache_size": 15812,
  "results": [
    {
      "hit": 28446949,
      "iteration": 0,
      "metrics": [
        {
          "admission_treshold": 0,
          "algorithm": "q2auto",
          "byte_inserted": 7353051,
          "byte_miss": 7353051,
          "byte_read": 28446949,
          "byte_reinserted": 1395802,
          "hit": 28446949,
          "inserted": 7353051,
          "layer": 0,
          "miss_ratio": 0.20539248603351956,
          "reinserted": 1395802,
          "req": 35800000
        }
      ],
      "miss_ratio": 0.20539248603351956,
      "req": 35800000
    }
  ],
  "trace": "io_traces.ns113.oracleGeneral.zst"
}