{
  "dram_cache_size": 5,
  "flash_cache_size": 554,
  "results": [
    {
      "hit": 1559958,
      "iteration": 0,
      "metrics": [
        {
          "admission_treshold": 0,
          "algorithm": "gclock",
          "byte_inserted": 264086,
          "byte_miss": 264086,
          "byte_read": 1559958,
          "byte_reinserted": 116497,
          "hit": 1559958,
          "inserted": 264086,
          "layer": 0,
          "miss_ratio": 0.1447804987160397,
          "reinserted": 116497,
          "req": 1824044
        }
      ],
      "miss_ratio": 0.1447804987160397,
      "req": 1824044
    }
  ],
  "trace": "tencentBlock.ns9008.oracleGeneral.zst"
}