{
  "dram_cache_size": 8,
  "flash_cache_size": 868,
  "results": [
    {
      "hit": 1705177,
      "iteration": 0,
      "metrics": [
        {
          "admission_treshold": 0,
          "algorithm": "qtime-clock",
          "byte_inserted": 501799,
          "byte_miss": 501799,
          "byte_read": 1705177,
          "byte_reinserted": 47771,
          "hit": 1705177,
          "inserted": 501799,
          "layer": 0,
          "miss_ratio": 0.22736948657348333,
          "reinserted": 47771,
          "req": 2206976
        }
      ],
      "miss_ratio": 0.22736948657348333,
      "req": 2206976
    }
  ],
  "trace": "tencentBlock.ns13513.oracleGeneral.zst"
}