{
  "dram_cache_size": 4,
  "flash_cache_size": 445,
  "results": [
    {
      "hit": 1561270,
      "iteration": 0,
      "metrics": [
        {
          "admission_treshold": 0,
          "algorithm": "q3auto",
          "byte_inserted": 280588,
          "byte_miss": 280588,
          "byte_read": 1561270,
          "byte_reinserted": 85919,
          "hit": 1561270,
          "inserted": 280588,
          "layer": 0,
          "miss_ratio": 0.15233964833336777,
          "reinserted": 85919,
          "req": 1841858
        }
      ],
      "miss_ratio": 0.15233964833336777,
      "req": 1841858
    }
  ],
  "trace": "tencentBlock.ns3600.oracleGeneral.zst"
}