{
  "dram_cache_size": 23,
  "flash_cache_size": 2307,
  "results": [
    {
      "hit": 10963088,
      "iteration": 0,
      "metrics": [
        {
          "admission_treshold": 0,
          "algorithm": "dclock",
          "byte_inserted": 948975,
          "byte_miss": 948975,
          "byte_read": 10963088,
          "byte_reinserted": 139152,
          "hit": 10963088,
          "inserted": 948975,
          "layer": 0,
          "miss_ratio": 0.07966504206702063,
          "reinserted": 139152,
          "req": 11912063
        }
      ],
      "miss_ratio": 0.07966504206702063,
      "req": 11912063
    }
  ],
  "trace": "tencentBlock.ns18215.oracleGeneral.zst"
}