{
  "dram_cache_size": 5,
  "flash_cache_size": 575,
  "results": [
    {
      "hit": 1301728,
      "iteration": 0,
      "metrics": [
        {
          "admission_treshold": 0,
          "algorithm": "t4auto",
          "byte_inserted": 277468,
          "byte_miss": 277468,
          "byte_read": 1301728,
          "byte_reinserted": 53269,
          "hit": 1301728,
          "inserted": 277468,
          "layer": 0,
          "miss_ratio": 0.17570206611465577,
          "reinserted": 53269,
          "req": 1579196
        }
      ],
      "miss_ratio": 0.17570206611465577,
      "req": 1579196
    }
  ],
  "trace": "tencentBlock.ns7922.oracleGeneral.zst"
}