{
  "dram_cache_size": 27,
  "flash_cache_size": 2789,
  "results": [
    {
      "hit": 1936206,
      "iteration": 0,
      "metrics": [
        {
          "admission_treshold": 0,
          "algorithm": "dclock",
          "byte_inserted": 844217,
          "byte_miss": 844217,
          "byte_read": 1936206,
          "byte_reinserted": 163650,
          "hit": 1936206,
          "inserted": 844217,
          "layer": 0,
          "miss_ratio": 0.30362898019474016,
          "reinserted": 163650,
          "req": 2780423
        }
      ],
      "miss_ratio": 0.30362898019474016,
      "req": 2780423
    }
  ],
  "trace": "tencentBlock.ns1935.oracleGeneral.zst"
}