{
  "dram_cache_size": 268,
  "flash_cache_size": 26835,
  "results": [
    {
      "hit": 21341684,
      "iteration": 0,
      "metrics": [
        {
          "admission_treshold": 0,
          "algorithm": "gclock",
          "byte_inserted": 23813544,
          "byte_miss": 23813544,
          "byte_read": 21341684,
          "byte_reinserted": 8646378,
          "hit": 21341684,
          "inserted": 23813544,
          "layer": 0,
          "miss_ratio": 0.5273706955925458,
          "reinserted": 8646378,
          "req": 45155228
        }
      ],
      "miss_ratio": 0.5273706955925458,
      "req": 45155228
    }
  ],
  "trace": "tencentBlock.ns3109.oracleGeneral.zst"
}