{
  "dram_cache_size": 8,
  "flash_cache_size": 882,
  "results": [
    {
      "hit": 1508250,
      "iteration": 0,
      "metrics": [
        {
          "admission_treshold": 0,
          "algorithm": "d3clock",
          "byte_inserted": 333415,
          "byte_miss": 333415,
          "byte_read": 1508250,
          "byte_reinserted": 167025,
          "hit": 1508250,
          "inserted": 333415,
          "layer": 0,
          "miss_ratio": 0.18103998284161338,
          "reinserted": 167025,
          "req": 1841665
        }
      ],
      "miss_ratio": 0.18103998284161338,
      "req": 1841665
    }
  ],
  "trace": "tencentBlock.ns3986.oracleGeneral.zst"
}