{
  "dram_cache_size": 1,
  "flash_cache_size": 169,
  "results": [
    {
      "hit": 5517570,
      "iteration": 0,
      "metrics": [
        {
          "admission_treshold": 0,
          "algorithm": "t4auto",
          "byte_inserted": 2797555,
          "byte_miss": 2797555,
          "byte_read": 5517570,
          "byte_reinserted": 1441349,
          "hit": 5517570,
          "inserted": 2797555,
          "layer": 0,
          "miss_ratio": 0.33644172516949533,
          "reinserted": 1441349,
          "req": 8315125
        }
      ],
      "miss_ratio": 0.33644172516949533,
      "req": 8315125
    }
  ],
  "trace": "akamai_sjc.ns364.oracleGeneral.bin.zst"
}