{
  "dram_cache_size": 6,
  "flash_cache_size": 610,
  "results": [
    {
      "hit": 17358856,
      "iteration": 0,
      "metrics": [
        {
          "admission_treshold": 0,
          "algorithm": "cm-clock",
          "byte_inserted": 232734,
          "byte_miss": 232734,
          "byte_read": 17358856,
          "byte_reinserted": 47227,
          "hit": 17358856,
          "inserted": 232734,
          "layer": 0,
          "miss_ratio": 0.01322984448819009,
          "reinserted": 47227,
          "req": 17591590
        }
      ],
      "miss_ratio": 0.01322984448819009,
      "req": 17591590
    }
  ],
  "trace": "akamai_nyc.ns1.oracleGeneral.bin.zst"
}