{
  "dram_cache_size": 6173050,
  "flash_cache_size": 617305088,
  "results": [
    {
      "hit": 31456758,
      "iteration": 0,
      "metrics": [
        {
          "admission_treshold": 0,
          "algorithm": "qauto",
          "byte_inserted": 259710479796,
          "byte_miss": 259710479796,
          "byte_read": 758869841853,
          "byte_reinserted": 130053870223,
          "hit": 31456758,
          "inserted": 4857476,
          "layer": 0,
          "miss_ratio": 0.1337623147992052,
          "reinserted": 3646775,
          "req": 36314234
        }
      ],
      "miss_ratio": 0.1337623147992052,
      "req": 36314234
    }
  ],
  "trace": "cf_allcolo.ns389.oracleGeneral.zst"
}