{
  "dram_cache_size": 19,
  "flash_cache_size": 1901,
  "results": [
    {
      "hit": 1818226,
      "iteration": 0,
      "metrics": [
        {
          "admission_treshold": 0,
          "algorithm": "d3clock",
          "byte_inserted": 2381277,
          "byte_miss": 2381277,
          "byte_read": 1818226,
          "byte_reinserted": 953818,
          "hit": 1818226,
          "inserted": 2381277,
          "layer": 0,
          "miss_ratio": 0.5670378137603426,
          "reinserted": 953818,
          "req": 4199503
        }
      ],
      "miss_ratio": 0.5670378137603426,
      "req": 4199503
    }
  ],
  "trace": "cf_allcolo.ns1178.oracleGeneral.zst"
}