{
  "dram_cache_size": 55,
  "flash_cache_size": 5586,
  "results": [
    {
      "hit": 3544066,
      "iteration": 0,
      "metrics": [
        {
          "admission_treshold": 0,
          "algorithm": "dclock",
          "byte_inserted": 1477433,
          "byte_miss": 1477433,
          "byte_read": 3544066,
          "byte_reinserted": 1146967,
          "hit": 3544066,
          "inserted": 1477433,
          "layer": 0,
          "miss_ratio": 0.29422150636692346,
          "reinserted": 1146967,
          "req": 5021499
        }
      ],
      "miss_ratio": 0.29422150636692346,
      "req": 5021499
    }
  ],
  "trace": "tencentBlock.ns4191.oracleGeneral.zst"
}