{
  "dram_cache_size": 14,
  "flash_cache_size": 1471,
  "results": [
    {
      "hit": 1317189,
      "iteration": 0,
      "metrics": [
        {
          "admission_treshold": 0,
          "algorithm": "gclock",
          "byte_inserted": 906069,
          "byte_miss": 906069,
          "byte_read": 1317189,
          "byte_reinserted": 285747,
          "hit": 1317189,
          "inserted": 906069,
          "layer": 0,
          "miss_ratio": 0.4075410950955759,
          "reinserted": 285747,
          "req": 2223258
        }
      ],
      "miss_ratio": 0.4075410950955759,
      "req": 2223258
    }
  ],
  "trace": "tencentBlock.ns18063.oracleGeneral.zst"
}