{
  "dram_cache_size": 7,
  "flash_cache_size": 749,
  "results": [
    {
      "hit": 2600923,
      "iteration": 0,
      "metrics": [
        {
          "admission_treshold": 0,
          "algorithm": "t4auto",
          "byte_inserted": 554718,
          "byte_miss": 554718,
          "byte_read": 2600923,
          "byte_reinserted": 96112,
          "hit": 2600923,
          "inserted": 554718,
          "layer": 0,
          "miss_ratio": 0.17578615564951783,
          "reinserted": 96112,
          "req": 3155641
        }
      ],
      "miss_ratio": 0.17578615564951783,
      "req": 3155641
    }
  ],
  "trace": "tencentBlock.ns11192.oracleGeneral.zst"
}