{
  "dram_cache_size": 288,
  "flash_cache_size": 28827,
  "results": [
    {
      "hit": 23592207,
      "iteration": 0,
      "metrics": [
        {
          "admission_treshold": 0,
          "algorithm": "q2auto",
          "byte_inserted": 29209167,
          "byte_miss": 29209167,
          "byte_read": 23592207,
          "byte_reinserted": 7820554,
          "hit": 23592207,
          "inserted": 29209167,
          "layer": 0,
          "miss_ratio": 0.5531895249544074,
          "reinserted": 7820554,
          "req": 52801374
        }
      ],
      "miss_ratio": 0.5531895249544074,
      "req": 52801374
    }
  ],
  "trace": "tencentBlock.ns6063.oracleGeneral.zst"
}