{
  "dram_cache_size": 17,
  "flash_cache_size": 1744,
  "results": [
    {
      "hit": 1573092,
      "iteration": 0,
      "metrics": [
        {
          "admission_treshold": 0,
          "algorithm": "sxfifo",
          "byte_inserted": 616836,
          "byte_miss": 616836,
          "byte_read": 1573092,
          "byte_reinserted": 45857,
          "hit": 1573092,
          "inserted": 616836,
          "layer": 0,
          "miss_ratio": 0.28166953434085507,
          "reinserted": 45857,
          "req": 2189928
        }
      ],
      "miss_ratio": 0.28166953434085507,
      "req": 2189928
    }
  ],
  "trace": "tencentBlock.ns5933.oracleGeneral.zst"
}