{
  "dram_cache_size": 21,
  "flash_cache_size": 2165,
  "results": [
    {
      "hit": 471479,
      "iteration": 0,
      "metrics": [
        {
          "admission_treshold": 0,
          "algorithm": "g2clock",
          "byte_inserted": 893971,
          "byte_miss": 893971,
          "byte_read": 471479,
          "byte_reinserted": 14702,
          "hit": 471479,
          "inserted": 893971,
          "layer": 0,
          "miss_ratio": 0.6547079717309312,
          "reinserted": 14702,
          "req": 1365450
        }
      ],
      "miss_ratio": 0.6547079717309312,
      "req": 1365450
    }
  ],
  "trace": "tencentBlock.ns23925.oracleGeneral.zst"
}