{
  "dram_cache_size": 0,
  "flash_cache_size": 21,
  "results": [
    {
      "hit": 2685024,
      "iteration": 0,
      "metrics": [
        {
          "admission_treshold": 0,
          "algorithm": "q2auto",
          "byte_inserted": 319589,
          "byte_miss": 319589,
          "byte_read": 2685024,
          "byte_reinserted": 329891,
          "hit": 2685024,
          "inserted": 319589,
          "layer": 0,
          "miss_ratio": 0.10636611104325244,
          "reinserted": 329891,
          "req": 3004613
        }
      ],
      "miss_ratio": 0.10636611104325244,
      "req": 3004613
    }
  ],
  "trace": "cf_allcolo.ns305.oracleGeneral.zst"
}