{
  "dram_cache_size": 347,
  "flash_cache_size": 34702,
  "results": [
    {
      "hit": 4297783,
      "iteration": 0,
      "metrics": [
        {
          "admission_treshold": 0,
          "algorithm": "time2-auto",
          "byte_inserted": 67146109,
          "byte_miss": 67146109,
          "byte_read": 4560428183,
          "byte_reinserted": 170510,
          "hit": 4297783,
          "inserted": 515,
          "layer": 0,
          "miss_ratio": 0.0001198148662563403,
          "reinserted": 71,
          "req": 4298298
        }
      ],
      "miss_ratio": 0.0001198148662563403,
      "req": 4298298
    }
  ],
  "trace": "cf_allcolo.ns2806.oracleGeneral.zst"
}