{
  "dram_cache_size": 39,
  "flash_cache_size": 3977,
  "results": [
    {
      "hit": 481793,
      "iteration": 0,
      "metrics": [
        {
          "admission_treshold": 0,
          "algorithm": "sxfifo",
          "byte_inserted": 3115188,
          "byte_miss": 3115188,
          "byte_read": 481793,
          "byte_reinserted": 145769,
          "hit": 481793,
          "inserted": 3115188,
          "layer": 0,
          "miss_ratio": 0.8660562844229647,
          "reinserted": 145769,
          "req": 3596981
        }
      ],
      "miss_ratio": 0.8660562844229647,
      "req": 3596981
    }
  ],
  "trace": "tencentBlock.ns6222.oracleGeneral.zst"
}