{
  "dram_cache_size": 62,
  "flash_cache_size": 6286,
  "results": [
    {
      "hit": 3351010,
      "iteration": 0,
      "metrics": [
        {
          "admission_treshold": 0,
          "algorithm": "g2clock",
          "byte_inserted": 1824923,
          "byte_miss": 1824923,
          "byte_read": 3351010,
          "byte_reinserted": 431946,
          "hit": 3351010,
          "inserted": 1824923,
          "layer": 0,
          "miss_ratio": 0.35257855926651294,
          "reinserted": 431946,
          "req": 5175933
        }
      ],
      "miss_ratio": 0.35257855926651294,
      "req": 5175933
    }
  ],
  "trace": "tencentBlock.ns5071.oracleGeneral.zst"
}