{
  "dram_cache_size": 32,
  "flash_cache_size": 3204,
  "results": [
    {
      "hit": 1169680,
      "iteration": 0,
      "metrics": [
        {
          "admission_treshold": 0,
          "algorithm": "q2auto",
          "byte_inserted": 1249298,
          "byte_miss": 1249298,
          "byte_read": 1169680,
          "byte_reinserted": 90750,
          "hit": 1169680,
          "inserted": 1249298,
          "layer": 0,
          "miss_ratio": 0.5164569500011988,
          "reinserted": 90750,
          "req": 2418978
        }
      ],
      "miss_ratio": 0.5164569500011988,
      "req": 2418978
    }
  ],
  "trace": "tencentBlock.ns11090.oracleGeneral.zst"
}