{
  "dram_cache_size": 26,
  "flash_cache_size": 2650,
  "results": [
    {
      "hit": 2712856,
      "iteration": 0,
      "metrics": [
        {
          "admission_treshold": 0,
          "algorithm": "gclock",
          "byte_inserted": 2331878,
          "byte_miss": 2331878,
          "byte_read": 2712856,
          "byte_reinserted": 251545,
          "hit": 2712856,
          "inserted": 2331878,
          "layer": 0,
          "miss_ratio": 0.4622400308916189,
          "reinserted": 251545,
          "req": 5044734
        }
      ],
      "miss_ratio": 0.4622400308916189,
      "req": 5044734
    }
  ],
  "trace": "tencentBlock.ns3971.oracleGeneral.zst"
}