{
  "dram_cache_size": 13,
  "flash_cache_size": 1381,
  "results": [
    {
      "hit": 825295,
      "iteration": 0,
      "metrics": [
        {
          "admission_treshold": 0,
          "algorithm": "d3clock",
          "byte_inserted": 707084,
          "byte_miss": 707084,
          "byte_read": 825295,
          "byte_reinserted": 80900,
          "hit": 825295,
          "inserted": 707084,
          "layer": 0,
          "miss_ratio": 0.46142892848309724,
          "reinserted": 80900,
          "req": 1532379
        }
      ],
      "miss_ratio": 0.46142892848309724,
      "req": 1532379
    }
  ],
  "trace": "tencentBlock.ns18940.oracleGeneral.zst"
}