{
  "dram_cache_size": 5,
  "flash_cache_size": 549,
  "results": [
    {
      "hit": 1551792,
      "iteration": 0,
      "metrics": [
        {
          "admission_treshold": 0,
          "algorithm": "g2clock",
          "byte_inserted": 281952,
          "byte_miss": 281952,
          "byte_read": 1551792,
          "byte_reinserted": 432798,
          "hit": 1551792,
          "inserted": 281952,
          "layer": 0,
          "miss_ratio": 0.15375755830693927,
          "reinserted": 432798,
          "req": 1833744
        }
      ],
      "miss_ratio": 0.15375755830693927,
      "req": 1833744
    }
  ],
  "trace": "tencentBlock.ns6789.oracleGeneral.zst"
}