{
  "dram_cache_size": 46,
  "flash_cache_size": 4617,
  "results": [
    {
      "hit": 3384923,
      "iteration": 0,
      "metrics": [
        {
          "admission_treshold": 0,
          "algorithm": "d3clock",
          "byte_inserted": 1318319,
          "byte_miss": 1318319,
          "byte_read": 3384923,
          "byte_reinserted": 433269,
          "hit": 3384923,
          "inserted": 1318319,
          "layer": 0,
          "miss_ratio": 0.2803000568543996,
          "reinserted": 433269,
          "req": 4703242
        }
      ],
      "miss_ratio": 0.2803000568543996,
      "req": 4703242
    }
  ],
  "trace": "tencentBlock.ns13739.oracleGeneral.zst"
}