{
  "dram_cache_size": 19,
  "flash_cache_size": 1915,
  "results": [
    {
      "hit": 481570,
      "iteration": 0,
      "metrics": [
        {
          "admission_treshold": 0,
          "algorithm": "t6auto",
          "byte_inserted": 659393,
          "byte_miss": 659393,
          "byte_read": 481570,
          "byte_reinserted": 45045,
          "hit": 481570,
          "inserted": 659393,
          "layer": 0,
          "miss_ratio": 0.5779267162914135,
          "reinserted": 45045,
          "req": 1140963
        }
      ],
      "miss_ratio": 0.5779267162914135,
      "req": 1140963
    }
  ],
  "trace": "tencentBlock.ns8327.oracleGeneral.zst"
}