{
  "dram_cache_size": 51,
  "flash_cache_size": 5185,
  "results": [
    {
      "hit": 8516491,
      "iteration": 0,
      "metrics": [
        {
          "admission_treshold": 0,
          "algorithm": "q2auto",
          "byte_inserted": 1654624,
          "byte_miss": 1654624,
          "byte_read": 8516491,
          "byte_reinserted": 240870,
          "hit": 8516491,
          "inserted": 1654624,
          "layer": 0,
          "miss_ratio": 0.1626787230308575,
          "reinserted": 240870,
          "req": 10171115
        }
      ],
      "miss_ratio": 0.1626787230308575,
      "req": 10171115
    }
  ],
  "trace": "tencentBlock.ns3304.oracleGeneral.zst"
}