{
  "dram_cache_size": 72,
  "flash_cache_size": 7256,
  "results": [
    {
      "hit": 33554075,
      "iteration": 0,
      "metrics": [
        {
          "admission_treshold": 0,
          "algorithm": "g2clock",
          "byte_inserted": 4656892,
          "byte_miss": 4656892,
          "byte_read": 33554075,
          "byte_reinserted": 6668802,
          "hit": 33554075,
          "inserted": 4656892,
          "layer": 0,
          "miss_ratio": 0.12187317845162093,
          "reinserted": 6668802,
          "req": 38210967
        }
      ],
      "miss_ratio": 0.12187317845162093,
      "req": 38210967
    }
  ],
  "trace": "tencentBlock.ns1252.oracleGeneral.zst"
}