{
  "dram_cache_size": 22,
  "flash_cache_size": 2299,
  "results": [
    {
      "hit": 701883,
      "iteration": 0,
      "metrics": [
        {
          "admission_treshold": 0,
          "algorithm": "dclock",
          "byte_inserted": 529749,
          "byte_miss": 529749,
          "byte_read": 701883,
          "byte_reinserted": 330648,
          "hit": 701883,
          "inserted": 529749,
          "layer": 0,
          "miss_ratio": 0.4301195486963638,
          "reinserted": 330648,
          "req": 1231632
        }
      ],
      "miss_ratio": 0.4301195486963638,
      "req": 1231632
    }
  ],
  "trace": "cf_allcolo.ns643.oracleGeneral.zst"
}