{
  "dram_cache_size": 161,
  "flash_cache_size": 16118,
  "results": [
    {
      "hit": 16667454,
      "iteration": 0,
      "metrics": [
        {
          "admission_treshold": 0,
          "algorithm": "clock",
          "byte_inserted": 2132546,
          "byte_miss": 2132546,
          "byte_read": 16667454,
          "byte_reinserted": 1266964,
          "hit": 16667454,
          "inserted": 2132546,
          "layer": 0,
          "miss_ratio": 0.11343329787234047,
          "reinserted": 1266964,
          "req": 18800000
        }
      ],
      "miss_ratio": 0.11343329787234047,
      "req": 18800000
    }
  ],
  "trace": "io_traces.ns208.oracleGeneral.zst"
}