{
  "dram_cache_size": 1253,
  "flash_cache_size": 125337,
  "results": [
    {
      "hit": 8024632,
      "iteration": 0,
      "metrics": [
        {
          "admission_treshold": 0,
          "algorithm": "t3auto",
          "byte_inserted": 29375368,
          "byte_miss": 29375368,
          "byte_read": 8024632,
          "byte_reinserted": 3256052,
          "hit": 8024632,
          "inserted": 29375368,
          "layer": 0,
          "miss_ratio": 0.7854376470588236,
          "reinserted": 3256052,
          "req": 37400000
        }
      ],
      "miss_ratio": 0.7854376470588236,
      "req": 37400000
    }
  ],
  "trace": "io_traces.ns727.oracleGeneral.zst"
}