{
  "dram_cache_size": 285,
  "flash_cache_size": 28579,
  "results": [
    {
      "hit": 21597965,
      "iteration": 0,
      "metrics": [
        {
          "admission_treshold": 0,
          "algorithm": "g2clock",
          "byte_inserted": 23656654,
          "byte_miss": 23656654,
          "byte_read": 21597965,
          "byte_reinserted": 6252162,
          "hit": 21597965,
          "inserted": 23656654,
          "layer": 0,
          "miss_ratio": 0.5227456229385115,
          "reinserted": 6252162,
          "req": 45254619
        }
      ],
      "miss_ratio": 0.5227456229385115,
      "req": 45254619
    }
  ],
  "trace": "tencentBlock.ns19985.oracleGeneral.zst"
}