{
  "dram_cache_size": 33,
  "flash_cache_size": 3399,
  "results": [
    {
      "hit": 1893497,
      "iteration": 0,
      "metrics": [
        {
          "admission_treshold": 0,
          "algorithm": "qor-clock",
          "byte_inserted": 1083912,
          "byte_miss": 1083912,
          "byte_read": 1893497,
          "byte_reinserted": 277662,
          "hit": 1893497,
          "inserted": 1083912,
          "layer": 0,
          "miss_ratio": 0.36404538308307655,
          "reinserted": 277662,
          "req": 2977409
        }
      ],
      "miss_ratio": 0.36404538308307655,
      "req": 2977409
    }
  ],
  "trace": "tencentBlock.ns17169.oracleGeneral.zst"
}