{
  "dram_cache_size": 49,
  "flash_cache_size": 4904,
  "results": [
    {
      "hit": 1955470,
      "iteration": 0,
      "metrics": [
        {
          "admission_treshold": 0,
          "algorithm": "dclock",
          "byte_inserted": 2007460,
          "byte_miss": 2007460,
          "byte_read": 1955470,
          "byte_reinserted": 840213,
          "hit": 1955470,
          "inserted": 2007460,
          "layer": 0,
          "miss_ratio": 0.5065595405419727,
          "reinserted": 840213,
          "req": 3962930
        }
      ],
      "miss_ratio": 0.5065595405419727,
      "req": 3962930
    }
  ],
  "trace": "tencentBlock.ns2372.oracleGeneral.zst"
}