{
  "dram_cache_size": 29,
  "flash_cache_size": 2908,
  "results": [
    {
      "hit": 422941,
      "iteration": 0,
      "metrics": [
        {
          "admission_treshold": 0,
          "algorithm": "d3clock",
          "byte_inserted": 676060,
          "byte_miss": 676060,
          "byte_read": 422941,
          "byte_reinserted": 21853,
          "hit": 422941,
          "inserted": 676060,
          "layer": 0,
          "miss_ratio": 0.6151586759247717,
          "reinserted": 21853,
          "req": 1099001
        }
      ],
      "miss_ratio": 0.6151586759247717,
      "req": 1099001
    }
  ],
  "trace": "tencentBlock.ns20257.oracleGeneral.zst"
}