{
  "dram_cache_size": 9,
  "flash_cache_size": 997,
  "results": [
    {
      "hit": 1490090,
      "iteration": 0,
      "metrics": [
        {
          "admission_treshold": 0,
          "algorithm": "d3clock",
          "byte_inserted": 499146,
          "byte_miss": 499146,
          "byte_read": 1490090,
          "byte_reinserted": 142195,
          "hit": 1490090,
          "inserted": 499146,
          "layer": 0,
          "miss_ratio": 0.2509234701161652,
          "reinserted": 142195,
          "req": 1989236
        }
      ],
      "miss_ratio": 0.2509234701161652,
      "req": 1989236
    }
  ],
  "trace": "tencentBlock.ns14186.oracleGeneral.zst"
}