{
  "dram_cache_size": 71,
  "flash_cache_size": 7138,
  "results": [
    {
      "hit": 2537445,
      "iteration": 0,
      "metrics": [
        {
          "admission_treshold": 0,
          "algorithm": "q2auto",
          "byte_inserted": 2914384,
          "byte_miss": 2914384,
          "byte_read": 2537445,
          "byte_reinserted": 281588,
          "hit": 2537445,
          "inserted": 2914384,
          "layer": 0,
          "miss_ratio": 0.5345699580819574,
          "reinserted": 281588,
          "req": 5451829
        }
      ],
      "miss_ratio": 0.5345699580819574,
      "req": 5451829
    }
  ],
  "trace": "tencentBlock.ns7618.oracleGeneral.zst"
}