{
  "dram_cache_size": 34,
  "flash_cache_size": 3404,
  "results": [
    {
      "hit": 2268000,
      "iteration": 0,
      "metrics": [
        {
          "admission_treshold": 0,
          "algorithm": "qor-clock",
          "byte_inserted": 1014104,
          "byte_miss": 1014104,
          "byte_read": 2268000,
          "byte_reinserted": 25538,
          "hit": 2268000,
          "inserted": 1014104,
          "layer": 0,
          "miss_ratio": 0.3089798495111672,
          "reinserted": 25538,
          "req": 3282104
        }
      ],
      "miss_ratio": 0.3089798495111672,
      "req": 3282104
    }
  ],
  "trace": "tencentBlock.ns14542.oracleGeneral.zst"
}