{
  "dram_cache_size": 37,
  "flash_cache_size": 3705,
  "results": [
    {
      "hit": 307408,
      "iteration": 0,
      "metrics": [
        {
          "admission_treshold": 0,
          "algorithm": "g2clock",
          "byte_inserted": 925045,
          "byte_miss": 925045,
          "byte_read": 307408,
          "byte_reinserted": 110838,
          "hit": 307408,
          "inserted": 925045,
          "layer": 0,
          "miss_ratio": 0.7505722327747996,
          "reinserted": 110838,
          "req": 1232453
        }
      ],
      "miss_ratio": 0.7505722327747996,
      "req": 1232453
    }
  ],
  "trace": "akamai_sjc.ns764.oracleGeneral.bin.zst"
}