{
  "dram_cache_size": 0,
  "flash_cache_size": 62,
  "results": [
    {
      "hit": 1123678,
      "iteration": 0,
      "metrics": [
        {
          "admission_treshold": 0,
          "algorithm": "d3clock",
          "byte_inserted": 54784,
          "byte_miss": 54784,
          "byte_read": 1123678,
          "byte_reinserted": 111043,
          "hit": 1123678,
          "inserted": 54784,
          "layer": 0,
          "miss_ratio": 0.04648771025285503,
          "reinserted": 111043,
          "req": 1178462
        }
      ],
      "miss_ratio": 0.04648771025285503,
      "req": 1178462
    }
  ],
  "trace": "cf_allcolo.ns3626.oracleGeneral.zst"
}