{
  "dram_cache_size": 44,
  "flash_cache_size": 4466,
  "results": [
    {
      "hit": 878315,
      "iteration": 0,
      "metrics": [
        {
          "admission_treshold": 0,
          "algorithm": "q3auto",
          "byte_inserted": 609770,
          "byte_miss": 609770,
          "byte_read": 878315,
          "byte_reinserted": 97928,
          "hit": 878315,
          "inserted": 609770,
          "layer": 0,
          "miss_ratio": 0.4097682592056233,
          "reinserted": 97928,
          "req": 1488085
        }
      ],
      "miss_ratio": 0.4097682592056233,
      "req": 1488085
    }
  ],
  "trace": "cf_colo28.ns1001.oracleGeneral.zst"
}