{
  "dram_cache_size": 18,
  "flash_cache_size": 1816,
  "results": [
    {
      "hit": 758045,
      "iteration": 0,
      "metrics": [
        {
          "admission_treshold": 0,
          "algorithm": "clock",
          "byte_inserted": 1841955,
          "byte_miss": 1841955,
          "byte_read": 758045,
          "byte_reinserted": 180558,
          "hit": 758045,
          "inserted": 1841955,
          "layer": 0,
          "miss_ratio": 0.7084442307692307,
          "reinserted": 180558,
          "req": 2600000
        }
      ],
      "miss_ratio": 0.7084442307692307,
      "req": 2600000
    }
  ],
  "trace": "io_traces.ns561.oracleGeneral.zst"
}