{
  "dram_cache_size": 45,
  "flash_cache_size": 4545,
  "results": [
    {
      "hit": 1098767,
      "iteration": 0,
      "metrics": [
        {
          "admission_treshold": 0,
          "algorithm": "sxfifo",
          "byte_inserted": 4181949,
          "byte_miss": 4181949,
          "byte_read": 1098767,
          "byte_reinserted": 199308,
          "hit": 1098767,
          "inserted": 4181949,
          "layer": 0,
          "miss_ratio": 0.7919284051632393,
          "reinserted": 199308,
          "req": 5280716
        }
      ],
      "miss_ratio": 0.7919284051632393,
      "req": 5280716
    }
  ],
  "trace": "tencentBlock.ns8554.oracleGeneral.zst"
}