{
  "dram_cache_size": 18,
  "flash_cache_size": 1878,
  "results": [
    {
      "hit": 1269079,
      "iteration": 0,
      "metrics": [
        {
          "admission_treshold": 0,
          "algorithm": "t3auto",
          "byte_inserted": 964651,
          "byte_miss": 964651,
          "byte_read": 1269079,
          "byte_reinserted": 71025,
          "hit": 1269079,
          "inserted": 964651,
          "layer": 0,
          "miss_ratio": 0.4318565806968613,
          "reinserted": 71025,
          "req": 2233730
        }
      ],
      "miss_ratio": 0.4318565806968613,
      "req": 2233730
    }
  ],
  "trace": "tencentBlock.ns11054.oracleGeneral.zst"
}