{
  "dram_cache_size": 29,
  "flash_cache_size": 2957,
  "results": [
    {
      "hit": 2837194,
      "iteration": 0,
      "metrics": [
        {
          "admission_treshold": 0,
          "algorithm": "g2clock",
          "byte_inserted": 1005706,
          "byte_miss": 1005706,
          "byte_read": 2837194,
          "byte_reinserted": 146882,
          "hit": 2837194,
          "inserted": 1005706,
          "layer": 0,
          "miss_ratio": 0.26170496239818886,
          "reinserted": 146882,
          "req": 3842900
        }
      ],
      "miss_ratio": 0.26170496239818886,
      "req": 3842900
    }
  ],
  "trace": "tencentBlock.ns13464.oracleGeneral.zst"
}