{
  "dram_cache_size": 25,
  "flash_cache_size": 2571,
  "results": [
    {
      "hit": 790056,
      "iteration": 0,
      "metrics": [
        {
          "admission_treshold": 0,
          "algorithm": "dclock",
          "byte_inserted": 499581,
          "byte_miss": 499581,
          "byte_read": 790056,
          "byte_reinserted": 133151,
          "hit": 790056,
          "inserted": 499581,
          "layer": 0,
          "miss_ratio": 0.38738110026309724,
          "reinserted": 133151,
          "req": 1289637
        }
      ],
      "miss_ratio": 0.38738110026309724,
      "req": 1289637
    }
  ],
  "trace": "tencentBlock.ns6947.oracleGeneral.zst"
}