{
  "dram_cache_size": 19,
  "flash_cache_size": 1935,
  "results": [
    {
      "hit": 1905542,
      "iteration": 0,
      "metrics": [
        {
          "admission_treshold": 0,
          "algorithm": "g2clock",
          "byte_inserted": 943358,
          "byte_miss": 943358,
          "byte_read": 1905542,
          "byte_reinserted": 268072,
          "hit": 1905542,
          "inserted": 943358,
          "layer": 0,
          "miss_ratio": 0.3311306118150865,
          "reinserted": 268072,
          "req": 2848900
        }
      ],
      "miss_ratio": 0.3311306118150865,
      "req": 2848900
    }
  ],
  "trace": "tencentBlock.ns21909.oracleGeneral.zst"
}