{
  "dram_cache_size": 41,
  "flash_cache_size": 4136,
  "results": [
    {
      "hit": 626781,
      "iteration": 0,
      "metrics": [
        {
          "admission_treshold": 0,
          "algorithm": "sxfifo",
          "byte_inserted": 2892358,
          "byte_miss": 2892358,
          "byte_read": 626781,
          "byte_reinserted": 165940,
          "hit": 626781,
          "inserted": 2892358,
          "layer": 0,
          "miss_ratio": 0.8218936506912629,
          "reinserted": 165940,
          "req": 3519139
        }
      ],
      "miss_ratio": 0.8218936506912629,
      "req": 3519139
    }
  ],
  "trace": "tencentBlock.ns21277.oracleGeneral.zst"
}