{
  "dram_cache_size": 232,
  "flash_cache_size": 23255,
  "results": [
    {
      "hit": 21607584,
      "iteration": 0,
      "metrics": [
        {
          "admission_treshold": 0,
          "algorithm": "q3auto",
          "byte_inserted": 24301418,
          "byte_miss": 24301418,
          "byte_read": 21607584,
          "byte_reinserted": 5817612,
          "hit": 21607584,
          "inserted": 24301418,
          "layer": 0,
          "miss_ratio": 0.5293388429572048,
          "reinserted": 5817612,
          "req": 45909002
        }
      ],
      "miss_ratio": 0.5293388429572048,
      "req": 45909002
    }
  ],
  "trace": "tencentBlock.ns3021.oracleGeneral.zst"
}