{
  "dram_cache_size": 4,
  "flash_cache_size": 418,
  "results": [
    {
      "hit": 2986804,
      "iteration": 0,
      "metrics": [
        {
          "admission_treshold": 0,
          "algorithm": "time2-auto",
          "byte_inserted": 1380926,
          "byte_miss": 1380926,
          "byte_read": 2986804,
          "byte_reinserted": 198991,
          "hit": 2986804,
          "inserted": 1380926,
          "layer": 0,
          "miss_ratio": 0.3161656054746974,
          "reinserted": 198991,
          "req": 4367730
        }
      ],
      "miss_ratio": 0.3161656054746974,
      "req": 4367730
    }
  ],
  "trace": "tencentBlock.ns16041.oracleGeneral.zst"
}