{
  "dram_cache_size": 13,
  "flash_cache_size": 1381,
  "results": [
    {
      "hit": 822673,
      "iteration": 0,
      "metrics": [
        {
          "admission_treshold": 0,
          "algorithm": "gclock",
          "byte_inserted": 709706,
          "byte_miss": 709706,
          "byte_read": 822673,
          "byte_reinserted": 50972,
          "hit": 822673,
          "inserted": 709706,
          "layer": 0,
          "miss_ratio": 0.4631399934350444,
          "reinserted": 50972,
          "req": 1532379
        }
      ],
      "miss_ratio": 0.4631399934350444,
      "req": 1532379
    }
  ],
  "trace": "tencentBlock.ns18940.oracleGeneral.zst"
}