{
  "dram_cache_size": 7,
  "flash_cache_size": 731,
  "results": [
    {
      "hit": 985294,
      "iteration": 0,
      "metrics": [
        {
          "admission_treshold": 0,
          "algorithm": "g2clock",
          "byte_inserted": 157605,
          "byte_miss": 157605,
          "byte_read": 985294,
          "byte_reinserted": 173000,
          "hit": 985294,
          "inserted": 157605,
          "layer": 0,
          "miss_ratio": 0.1378993244372425,
          "reinserted": 173000,
          "req": 1142899
        }
      ],
      "miss_ratio": 0.1378993244372425,
      "req": 1142899
    }
  ],
  "trace": "cf_allcolo.ns2536.oracleGeneral.zst"
}