{
  "dram_cache_size": 201,
  "flash_cache_size": 20177,
  "results": [
    {
      "hit": 14854871,
      "iteration": 0,
      "metrics": [
        {
          "admission_treshold": 0,
          "algorithm": "g2clock",
          "byte_inserted": 3745129,
          "byte_miss": 3745129,
          "byte_read": 14854871,
          "byte_reinserted": 2014393,
          "hit": 14854871,
          "inserted": 3745129,
          "layer": 0,
          "miss_ratio": 0.20135102150537632,
          "reinserted": 2014393,
          "req": 18600000
        }
      ],
      "miss_ratio": 0.20135102150537632,
      "req": 18600000
    }
  ],
  "trace": "io_traces.ns483.oracleGeneral.zst"
}