{
  "dram_cache_size": 111,
  "flash_cache_size": 11149,
  "results": [
    {
      "hit": 13206618,
      "iteration": 0,
      "metrics": [
        {
          "admission_treshold": 0,
          "algorithm": "g2clock",
          "byte_inserted": 1131625,
          "byte_miss": 1131625,
          "byte_read": 13206618,
          "byte_reinserted": 1732626,
          "hit": 13206618,
          "inserted": 1131625,
          "layer": 0,
          "miss_ratio": 0.07892354732724227,
          "reinserted": 1732626,
          "req": 14338243
        }
      ],
      "miss_ratio": 0.07892354732724227,
      "req": 14338243
    }
  ],
  "trace": "observability_cache.1.oracleGeneral.sample10.zst"
}