{
  "dram_cache_size": 22,
  "flash_cache_size": 2213,
  "results": [
    {
      "hit": 6902711,
      "iteration": 0,
      "metrics": [
        {
          "admission_treshold": 0,
          "algorithm": "gclock",
          "byte_inserted": 12354381,
          "byte_miss": 12354381,
          "byte_read": 6902711,
          "byte_reinserted": 2086427,
          "hit": 6902711,
          "inserted": 12354381,
          "layer": 0,
          "miss_ratio": 0.6415496690777611,
          "reinserted": 2086427,
          "req": 19257092
        }
      ],
      "miss_ratio": 0.6415496690777611,
      "req": 19257092
    }
  ],
  "trace": "tencentBlock.ns4235.oracleGeneral.zst"
}