{
  "dram_cache_size": 7,
  "flash_cache_size": 781,
  "results": [
    {
      "hit": 1161361,
      "iteration": 0,
      "metrics": [
        {
          "admission_treshold": 0,
          "algorithm": "gclock",
          "byte_inserted": 400135,
          "byte_miss": 400135,
          "byte_read": 1161361,
          "byte_reinserted": 186953,
          "hit": 1161361,
          "inserted": 400135,
          "layer": 0,
          "miss_ratio": 0.2562510566789796,
          "reinserted": 186953,
          "req": 1561496
        }
      ],
      "miss_ratio": 0.2562510566789796,
      "req": 1561496
    }
  ],
  "trace": "tencentBlock.ns6738.oracleGeneral.zst"
}