{
  "dram_cache_size": 67,
  "flash_cache_size": 6722,
  "results": [
    {
      "hit": 1873857,
      "iteration": 0,
      "metrics": [
        {
          "admission_treshold": 0,
          "algorithm": "d3clock",
          "byte_inserted": 1983704,
          "byte_miss": 1983704,
          "byte_read": 1873857,
          "byte_reinserted": 462052,
          "hit": 1873857,
          "inserted": 1983704,
          "layer": 0,
          "miss_ratio": 0.5142378824340043,
          "reinserted": 462052,
          "req": 3857561
        }
      ],
      "miss_ratio": 0.5142378824340043,
      "req": 3857561
    }
  ],
  "trace": "tencentBlock.ns14795.oracleGeneral.zst"
}