{
  "dram_cache_size": 15,
  "flash_cache_size": 1550,
  "results": [
    {
      "hit": 1926151,
      "iteration": 0,
      "metrics": [
        {
          "admission_treshold": 0,
          "algorithm": "qtime-clock",
          "byte_inserted": 399616,
          "byte_miss": 399616,
          "byte_read": 1926151,
          "byte_reinserted": 70023,
          "hit": 1926151,
          "inserted": 399616,
          "layer": 0,
          "miss_ratio": 0.17182116695266547,
          "reinserted": 70023,
          "req": 2325767
        }
      ],
      "miss_ratio": 0.17182116695266547,
      "req": 2325767
    }
  ],
  "trace": "tencentBlock.ns2065.oracleGeneral.zst"
}