{
  "dram_cache_size": 23,
  "flash_cache_size": 2309,
  "results": [
    {
      "hit": 3422752,
      "iteration": 0,
      "metrics": [
        {
          "admission_treshold": 0,
          "algorithm": "gclock",
          "byte_inserted": 1557849,
          "byte_miss": 1557849,
          "byte_read": 3422752,
          "byte_reinserted": 406421,
          "hit": 3422752,
          "inserted": 1557849,
          "layer": 0,
          "miss_ratio": 0.3127833367900782,
          "reinserted": 406421,
          "req": 4980601
        }
      ],
      "miss_ratio": 0.3127833367900782,
      "req": 4980601
    }
  ],
  "trace": "tencentBlock.ns4356.oracleGeneral.zst"
}