{
  "dram_cache_size": 13,
  "flash_cache_size": 1395,
  "results": [
    {
      "hit": 1171024,
      "iteration": 0,
      "metrics": [
        {
          "admission_treshold": 0,
          "algorithm": "t4auto",
          "byte_inserted": 607421,
          "byte_miss": 607421,
          "byte_read": 1171024,
          "byte_reinserted": 30913,
          "hit": 1171024,
          "inserted": 607421,
          "layer": 0,
          "miss_ratio": 0.341546125969597,
          "reinserted": 30913,
          "req": 1778445
        }
      ],
      "miss_ratio": 0.341546125969597,
      "req": 1778445
    }
  ],
  "trace": "tencentBlock.ns23119.oracleGeneral.zst"
}