{
  "dram_cache_size": 21,
  "flash_cache_size": 2100,
  "results": [
    {
      "hit": 1203368,
      "iteration": 0,
      "metrics": [
        {
          "admission_treshold": 0,
          "algorithm": "g2clock",
          "byte_inserted": 785642,
          "byte_miss": 785642,
          "byte_read": 1203368,
          "byte_reinserted": 50358,
          "hit": 1203368,
          "inserted": 785642,
          "layer": 0,
          "miss_ratio": 0.3949914781725582,
          "reinserted": 50358,
          "req": 1989010
        }
      ],
      "miss_ratio": 0.3949914781725582,
      "req": 1989010
    }
  ],
  "trace": "tencentBlock.ns1089.oracleGeneral.zst"
}