{
  "dram_cache_size": 13,
  "flash_cache_size": 1377,
  "results": [
    {
      "hit": 842346,
      "iteration": 0,
      "metrics": [
        {
          "admission_treshold": 0,
          "algorithm": "gclock",
          "byte_inserted": 670649,
          "byte_miss": 670649,
          "byte_read": 842346,
          "byte_reinserted": 156109,
          "hit": 842346,
          "inserted": 670649,
          "layer": 0,
          "miss_ratio": 0.44325923086328767,
          "reinserted": 156109,
          "req": 1512995
        }
      ],
      "miss_ratio": 0.44325923086328767,
      "req": 1512995
    }
  ],
  "trace": "tencentBlock.ns4521.oracleGeneral.zst"
}