{
  "dram_cache_size": 12,
  "flash_cache_size": 1247,
  "results": [
    {
      "hit": 2488777,
      "iteration": 0,
      "metrics": [
        {
          "admission_treshold": 0,
          "algorithm": "dclock",
          "byte_inserted": 418904,
          "byte_miss": 418904,
          "byte_read": 2488777,
          "byte_reinserted": 996519,
          "hit": 2488777,
          "inserted": 418904,
          "layer": 0,
          "miss_ratio": 0.1440680734922435,
          "reinserted": 996519,
          "req": 2907681
        }
      ],
      "miss_ratio": 0.1440680734922435,
      "req": 2907681
    }
  ],
  "trace": "tencentBlock.ns9754.oracleGeneral.zst"
}