{
  "dram_cache_size": 32,
  "flash_cache_size": 3299,
  "results": [
    {
      "hit": 1393177,
      "iteration": 0,
      "metrics": [
        {
          "admission_treshold": 0,
          "algorithm": "dclock",
          "byte_inserted": 941377,
          "byte_miss": 941377,
          "byte_read": 1393177,
          "byte_reinserted": 109137,
          "hit": 1393177,
          "inserted": 941377,
          "layer": 0,
          "miss_ratio": 0.40323633550562543,
          "reinserted": 109137,
          "req": 2334554
        }
      ],
      "miss_ratio": 0.40323633550562543,
      "req": 2334554
    }
  ],
  "trace": "tencentBlock.ns20901.oracleGeneral.zst"
}