{
  "dram_cache_size": 2159,
  "flash_cache_size": 215976,
  "results": [
    {
      "hit": 38772138,
      "iteration": 0,
      "metrics": [
        {
          "admission_treshold": 0,
          "algorithm": "sxfifo",
          "byte_inserted": 70129663,
          "byte_miss": 70129663,
          "byte_read": 38772138,
          "byte_reinserted": 17227630,
          "hit": 38772138,
          "inserted": 70129663,
          "layer": 0,
          "miss_ratio": 0.643971562967999,
          "reinserted": 17227630,
          "req": 108901801
        }
      ],
      "miss_ratio": 0.643971562967999,
      "req": 108901801
    }
  ],
  "trace": "timelines_follow_socialproof_cache.0.oracleGeneral.sample10.zst"
}