{
  "dram_cache_size": 145,
  "flash_cache_size": 14542,
  "results": [
    {
      "hit": 10311230,
      "iteration": 0,
      "metrics": [
        {
          "admission_treshold": 0,
          "algorithm": "g2clock",
          "byte_inserted": 2012374,
          "byte_miss": 2012374,
          "byte_read": 10311230,
          "byte_reinserted": 2200591,
          "hit": 10311230,
          "inserted": 2012374,
          "layer": 0,
          "miss_ratio": 0.16329427657688445,
          "reinserted": 2200591,
          "req": 12323604
        }
      ],
      "miss_ratio": 0.16329427657688445,
      "req": 12323604
    }
  ],
  "trace": "akamai_lax.ns74.oracleGeneral.bin.zst"
}