{
  "dram_cache_size": 7,
  "flash_cache_size": 738,
  "results": [
    {
      "hit": 1639704,
      "iteration": 0,
      "metrics": [
        {
          "admission_treshold": 0,
          "algorithm": "g2clock",
          "byte_inserted": 431329,
          "byte_miss": 431329,
          "byte_read": 1639704,
          "byte_reinserted": 134596,
          "hit": 1639704,
          "inserted": 431329,
          "layer": 0,
          "miss_ratio": 0.20826756502672816,
          "reinserted": 134596,
          "req": 2071033
        }
      ],
      "miss_ratio": 0.20826756502672816,
      "req": 2071033
    }
  ],
  "trace": "tencentBlock.ns4713.oracleGeneral.zst"
}