{
  "dram_cache_size": 52,
  "flash_cache_size": 5245,
  "results": [
    {
      "hit": 2714822,
      "iteration": 0,
      "metrics": [
        {
          "admission_treshold": 0,
          "algorithm": "g2clock",
          "byte_inserted": 1784606,
          "byte_miss": 1784606,
          "byte_read": 2714822,
          "byte_reinserted": 435766,
          "hit": 2714822,
          "inserted": 1784606,
          "layer": 0,
          "miss_ratio": 0.3966295271310042,
          "reinserted": 435766,
          "req": 4499428
        }
      ],
      "miss_ratio": 0.3966295271310042,
      "req": 4499428
    }
  ],
  "trace": "tencentBlock.ns16035.oracleGeneral.zst"
}