{
  "dram_cache_size": 61,
  "flash_cache_size": 6113,
  "results": [
    {
      "hit": 2959173,
      "iteration": 0,
      "metrics": [
        {
          "admission_treshold": 0,
          "algorithm": "s3fclock",
          "byte_inserted": 2421143,
          "byte_miss": 2421143,
          "byte_read": 2959173,
          "byte_reinserted": 405276,
          "hit": 2959173,
          "inserted": 2421143,
          "layer": 0,
          "miss_ratio": 0.45000014869015126,
          "reinserted": 405276,
          "req": 5380316
        }
      ],
      "miss_ratio": 0.45000014869015126,
      "req": 5380316
    }
  ],
  "trace": "tencentBlock.ns15581.oracleGeneral.zst"
}