{
  "dram_cache_size": 283,
  "flash_cache_size": 28300,
  "results": [
    {
      "hit": 22864900,
      "iteration": 0,
      "metrics": [
        {
          "admission_treshold": 0,
          "algorithm": "qauto",
          "byte_inserted": 26822389,
          "byte_miss": 26822389,
          "byte_read": 22864900,
          "byte_reinserted": 11878156,
          "hit": 22864900,
          "inserted": 26822389,
          "layer": 0,
          "miss_ratio": 0.53982395779331,
          "reinserted": 11878156,
          "req": 49687289
        }
      ],
      "miss_ratio": 0.53982395779331,
      "req": 49687289
    }
  ],
  "trace": "tencentBlock.ns5390.oracleGeneral.zst"
}