{
  "dram_cache_size": 33,
  "flash_cache_size": 3399,
  "results": [
    {
      "hit": 1917613,
      "iteration": 0,
      "metrics": [
        {
          "admission_treshold": 0,
          "algorithm": "sxfifo",
          "byte_inserted": 1198549,
          "byte_miss": 1198549,
          "byte_read": 1917613,
          "byte_reinserted": 202598,
          "hit": 1917613,
          "inserted": 1198549,
          "layer": 0,
          "miss_ratio": 0.38462345667523057,
          "reinserted": 202598,
          "req": 3116162
        }
      ],
      "miss_ratio": 0.38462345667523057,
      "req": 3116162
    }
  ],
  "trace": "tencentBlock.ns4199.oracleGeneral.zst"
}