{
  "dram_cache_size": 12,
  "flash_cache_size": 1210,
  "results": [
    {
      "hit": 3354599,
      "iteration": 0,
      "metrics": [
        {
          "admission_treshold": 0,
          "algorithm": "sxfifo",
          "byte_inserted": 1109513,
          "byte_miss": 1109513,
          "byte_read": 3354599,
          "byte_reinserted": 134116,
          "hit": 3354599,
          "inserted": 1109513,
          "layer": 0,
          "miss_ratio": 0.2485405832111739,
          "reinserted": 134116,
          "req": 4464112
        }
      ],
      "miss_ratio": 0.2485405832111739,
      "req": 4464112
    }
  ],
  "trace": "tencentBlock.ns5632.oracleGeneral.zst"
}