{
  "dram_cache_size": 15,
  "flash_cache_size": 1536,
  "results": [
    {
      "hit": 1774669,
      "iteration": 0,
      "metrics": [
        {
          "admission_treshold": 0,
          "algorithm": "q3auto",
          "byte_inserted": 3524905,
          "byte_miss": 3524905,
          "byte_read": 1774669,
          "byte_reinserted": 518040,
          "hit": 1774669,
          "inserted": 3524905,
          "layer": 0,
          "miss_ratio": 0.6651298764768641,
          "reinserted": 518040,
          "req": 5299574
        }
      ],
      "miss_ratio": 0.6651298764768641,
      "req": 5299574
    }
  ],
  "trace": "akamai_sjc.ns19.oracleGeneral.bin.zst"
}