{
  "dram_cache_size": 12,
  "flash_cache_size": 1247,
  "results": [
    {
      "hit": 4704027,
      "iteration": 0,
      "metrics": [
        {
          "admission_treshold": 0,
          "algorithm": "dclock",
          "byte_inserted": 1264418,
          "byte_miss": 1264418,
          "byte_read": 4704027,
          "byte_reinserted": 963522,
          "hit": 4704027,
          "inserted": 1264418,
          "layer": 0,
          "miss_ratio": 0.21185049037060744,
          "reinserted": 963522,
          "req": 5968445
        }
      ],
      "miss_ratio": 0.21185049037060744,
      "req": 5968445
    }
  ],
  "trace": "akamai_sjc.ns320.oracleGeneral.bin.zst"
}