{
  "dram_cache_size": 428,
  "flash_cache_size": 42895,
  "results": [
    {
      "hit": 230487035,
      "iteration": 0,
      "metrics": [
        {
          "admission_treshold": 0,
          "algorithm": "g2clock",
          "byte_inserted": 6058251,
          "byte_miss": 6058251,
          "byte_read": 230487035,
          "byte_reinserted": 27170348,
          "hit": 230487035,
          "inserted": 6058251,
          "layer": 0,
          "miss_ratio": 0.025611379125094924,
          "reinserted": 27170348,
          "req": 236545286
        }
      ],
      "miss_ratio": 0.025611379125094924,
      "req": 236545286
    }
  ],
  "trace": "cf_allcolo.ns85.oracleGeneral.zst"
}