{
  "dram_cache_size": 11,
  "flash_cache_size": 1125,
  "results": [
    {
      "hit": 2534254,
      "iteration": 0,
      "metrics": [
        {
          "admission_treshold": 0,
          "algorithm": "g2clock",
          "byte_inserted": 1663190,
          "byte_miss": 1663190,
          "byte_read": 2534254,
          "byte_reinserted": 750348,
          "hit": 2534254,
          "inserted": 1663190,
          "layer": 0,
          "miss_ratio": 0.3962387586350169,
          "reinserted": 750348,
          "req": 4197444
        }
      ],
      "miss_ratio": 0.3962387586350169,
      "req": 4197444
    }
  ],
  "trace": "cf_colo28.ns838.oracleGeneral.zst"
}