{
  "dram_cache_size": 29,
  "flash_cache_size": 2921,
  "results": [
    {
      "hit": 2974496,
      "iteration": 0,
      "metrics": [
        {
          "admission_treshold": 0,
          "algorithm": "dclock",
          "byte_inserted": 2225504,
          "byte_miss": 2225504,
          "byte_read": 2974496,
          "byte_reinserted": 1626932,
          "hit": 2974496,
          "inserted": 2225504,
          "layer": 0,
          "miss_ratio": 0.4279815384615384,
          "reinserted": 1626932,
          "req": 5200000
        }
      ],
      "miss_ratio": 0.4279815384615384,
      "req": 5200000
    }
  ],
  "trace": "io_traces.ns670.oracleGeneral.zst"
}