{
  "dram_cache_size": 23,
  "flash_cache_size": 2307,
  "results": [
    {
      "hit": 825433,
      "iteration": 0,
      "metrics": [
        {
          "admission_treshold": 0,
          "algorithm": "q2auto",
          "byte_inserted": 974567,
          "byte_miss": 974567,
          "byte_read": 825433,
          "byte_reinserted": 58104,
          "hit": 825433,
          "inserted": 974567,
          "layer": 0,
          "miss_ratio": 0.5414261111111112,
          "reinserted": 58104,
          "req": 1800000
        }
      ],
      "miss_ratio": 0.5414261111111112,
      "req": 1800000
    }
  ],
  "trace": "io_traces.ns320.oracleGeneral.zst"
}