{
  "dram_cache_size": 7,
  "flash_cache_size": 711,
  "results": [
    {
      "hit": 1758523,
      "iteration": 0,
      "metrics": [
        {
          "admission_treshold": 0,
          "algorithm": "g2clock",
          "byte_inserted": 468942,
          "byte_miss": 468942,
          "byte_read": 1758523,
          "byte_reinserted": 126324,
          "hit": 1758523,
          "inserted": 468942,
          "layer": 0,
          "miss_ratio": 0.21052721367114635,
          "reinserted": 126324,
          "req": 2227465
        }
      ],
      "miss_ratio": 0.21052721367114635,
      "req": 2227465
    }
  ],
  "trace": "tencentBlock.ns11561.oracleGeneral.zst"
}