{
  "dram_cache_size": 149,
  "flash_cache_size": 14941,
  "results": [
    {
      "hit": 7110623,
      "iteration": 0,
      "metrics": [
        {
          "admission_treshold": 0,
          "algorithm": "q-clock",
          "byte_inserted": 3574172,
          "byte_miss": 3574172,
          "byte_read": 7110623,
          "byte_reinserted": 1127096,
          "hit": 7110623,
          "inserted": 3574172,
          "layer": 0,
          "miss_ratio": 0.3345101146067847,
          "reinserted": 1127096,
          "req": 10684795
        }
      ],
      "miss_ratio": 0.3345101146067847,
      "req": 10684795
    }
  ],
  "trace": "tencentBlock.ns10000.oracleGeneral.zst"
}