{
  "dram_cache_size": 51,
  "flash_cache_size": 5191,
  "results": [
    {
      "hit": 35141162,
      "iteration": 0,
      "metrics": [
        {
          "admission_treshold": 0,
          "algorithm": "dclock",
          "byte_inserted": 2821462,
          "byte_miss": 2821462,
          "byte_read": 35141162,
          "byte_reinserted": 5337152,
          "hit": 35141162,
          "inserted": 2821462,
          "layer": 0,
          "miss_ratio": 0.07432210165451159,
          "reinserted": 5337152,
          "req": 37962624
        }
      ],
      "miss_ratio": 0.07432210165451159,
      "req": 37962624
    }
  ],
  "trace": "tencentBlock.ns21025.oracleGeneral.zst"
}