{
  "dram_cache_size": 13,
  "flash_cache_size": 1315,
  "results": [
    {
      "hit": 2686086,
      "iteration": 0,
      "metrics": [
        {
          "admission_treshold": 0,
          "algorithm": "g2clock",
          "byte_inserted": 3522432,
          "byte_miss": 3522432,
          "byte_read": 2686086,
          "byte_reinserted": 389135,
          "hit": 2686086,
          "inserted": 3522432,
          "layer": 0,
          "miss_ratio": 0.5673547213682879,
          "reinserted": 389135,
          "req": 6208518
        }
      ],
      "miss_ratio": 0.5673547213682879,
      "req": 6208518
    }
  ],
  "trace": "tencentBlock.ns2157.oracleGeneral.zst"
}