{
  "dram_cache_size": 224,
  "flash_cache_size": 22463,
  "results": [
    {
      "hit": 25061223,
      "iteration": 0,
      "metrics": [
        {
          "admission_treshold": 0,
          "algorithm": "q2auto",
          "byte_inserted": 31920076,
          "byte_miss": 31920076,
          "byte_read": 25061223,
          "byte_reinserted": 6819095,
          "hit": 25061223,
          "inserted": 31920076,
          "layer": 0,
          "miss_ratio": 0.5601851231927865,
          "reinserted": 6819095,
          "req": 56981299
        }
      ],
      "miss_ratio": 0.5601851231927865,
      "req": 56981299
    }
  ],
  "trace": "tencentBlock.ns6814.oracleGeneral.zst"
}