{
  "dram_cache_size": 25,
  "flash_cache_size": 2551,
  "results": [
    {
      "hit": 4623611,
      "iteration": 0,
      "metrics": [
        {
          "admission_treshold": 0,
          "algorithm": "qtime-clock",
          "byte_inserted": 1335549,
          "byte_miss": 1335549,
          "byte_read": 4623611,
          "byte_reinserted": 46293,
          "hit": 4623611,
          "inserted": 1335549,
          "layer": 0,
          "miss_ratio": 0.22411698964283555,
          "reinserted": 46293,
          "req": 5959160
        }
      ],
      "miss_ratio": 0.22411698964283555,
      "req": 5959160
    }
  ],
  "trace": "tencentBlock.ns4503.oracleGeneral.zst"
}