{
  "dram_cache_size": 18,
  "flash_cache_size": 1843,
  "results": [
    {
      "hit": 764201,
      "iteration": 0,
      "metrics": [
        {
          "admission_treshold": 0,
          "algorithm": "dclock",
          "byte_inserted": 1835799,
          "byte_miss": 1835799,
          "byte_read": 764201,
          "byte_reinserted": 162436,
          "hit": 764201,
          "inserted": 1835799,
          "layer": 0,
          "miss_ratio": 0.7060765384615384,
          "reinserted": 162436,
          "req": 2600000
        }
      ],
      "miss_ratio": 0.7060765384615384,
      "req": 2600000
    }
  ],
  "trace": "io_traces.ns624.oracleGeneral.zst"
}