{
  "dram_cache_size": 50,
  "flash_cache_size": 5023,
  "results": [
    {
      "hit": 929679,
      "iteration": 0,
      "metrics": [
        {
          "admission_treshold": 0,
          "algorithm": "gclock",
          "byte_inserted": 938351,
          "byte_miss": 938351,
          "byte_read": 929679,
          "byte_reinserted": 15307,
          "hit": 929679,
          "inserted": 938351,
          "layer": 0,
          "miss_ratio": 0.5023211618657089,
          "reinserted": 15307,
          "req": 1868030
        }
      ],
      "miss_ratio": 0.5023211618657089,
      "req": 1868030
    }
  ],
  "trace": "tencentBlock.ns17665.oracleGeneral.zst"
}