{
  "dram_cache_size": 24,
  "flash_cache_size": 2457,
  "results": [
    {
      "hit": 1905923,
      "iteration": 0,
      "metrics": [
        {
          "admission_treshold": 0,
          "algorithm": "time3-auto",
          "byte_inserted": 773478,
          "byte_miss": 773478,
          "byte_read": 1905923,
          "byte_reinserted": 267543,
          "hit": 1905923,
          "inserted": 773478,
          "layer": 0,
          "miss_ratio": 0.2886757152064958,
          "reinserted": 267543,
          "req": 2679401
        }
      ],
      "miss_ratio": 0.2886757152064958,
      "req": 2679401
    }
  ],
  "trace": "tencentBlock.ns16269.oracleGeneral.zst"
}