{
  "dram_cache_size": 16,
  "flash_cache_size": 1630,
  "results": [
    {
      "hit": 1732014,
      "iteration": 0,
      "metrics": [
        {
          "admission_treshold": 0,
          "algorithm": "dclock",
          "byte_inserted": 6108359,
          "byte_miss": 6108359,
          "byte_read": 1732014,
          "byte_reinserted": 412238,
          "hit": 1732014,
          "inserted": 6108359,
          "layer": 0,
          "miss_ratio": 0.7790903570531658,
          "reinserted": 412238,
          "req": 7840373
        }
      ],
      "miss_ratio": 0.7790903570531658,
      "req": 7840373
    }
  ],
  "trace": "tencentBlock.ns9466.oracleGeneral.zst"
}