{
  "dram_cache_size": 175,
  "flash_cache_size": 17545,
  "results": [
    {
      "hit": 931128,
      "iteration": 0,
      "metrics": [
        {
          "admission_treshold": 0,
          "algorithm": "gclock",
          "byte_inserted": 2656579,
          "byte_miss": 2656579,
          "byte_read": 931128,
          "byte_reinserted": 117784,
          "hit": 931128,
          "inserted": 2656579,
          "layer": 0,
          "miss_ratio": 0.7404671005742665,
          "reinserted": 117784,
          "req": 3587707
        }
      ],
      "miss_ratio": 0.7404671005742665,
      "req": 3587707
    }
  ],
  "trace": "w101.oracleGeneral.bin.zst"
}