{
  "dram_cache_size": 5242,
  "flash_cache_size": 524291,
  "results": [
    {
      "hit": 1449906064,
      "iteration": 0,
      "metrics": [
        {
          "admission_treshold": 0,
          "algorithm": "qauto",
          "byte_inserted": 215779805,
          "byte_miss": 215779805,
          "byte_read": 1449906064,
          "byte_reinserted": 25757000,
          "hit": 1449906064,
          "inserted": 215779805,
          "layer": 0,
          "miss_ratio": 0.12954411694057544,
          "reinserted": 25757000,
          "req": 1665685869
        }
      ],
      "miss_ratio": 0.12954411694057544,
      "req": 1665685869
    }
  ],
  "trace": "202206_kv_traces_all.csv.oracleGeneral.zst"
}