{
  "dram_cache_size": 9,
  "flash_cache_size": 914,
  "results": [
    {
      "hit": 1304509,
      "iteration": 0,
      "metrics": [
        {
          "admission_treshold": 0,
          "algorithm": "cm-clock",
          "byte_inserted": 1096099,
          "byte_miss": 1096099,
          "byte_read": 1304509,
          "byte_reinserted": 413020,
          "hit": 1304509,
          "inserted": 1096099,
          "layer": 0,
          "miss_ratio": 0.4565922466308535,
          "reinserted": 413020,
          "req": 2400608
        }
      ],
      "miss_ratio": 0.4565922466308535,
      "req": 2400608
    }
  ],
  "trace": "akamai_lax.ns467.oracleGeneral.bin.zst"
}