{
  "dram_cache_size": 3,
  "flash_cache_size": 384,
  "results": [
    {
      "hit": 4862477,
      "iteration": 0,
      "metrics": [
        {
          "admission_treshold": 0,
          "algorithm": "t6auto",
          "byte_inserted": 46814,
          "byte_miss": 46814,
          "byte_read": 4862477,
          "byte_reinserted": 6672,
          "hit": 4862477,
          "inserted": 46814,
          "layer": 0,
          "miss_ratio": 0.009535796513182815,
          "reinserted": 6672,
          "req": 4909291
        }
      ],
      "miss_ratio": 0.009535796513182815,
      "req": 4909291
    }
  ],
  "trace": "cf_allcolo.ns1718.oracleGeneral.zst"
}