{
  "dram_cache_size": 12,
  "flash_cache_size": 1228,
  "results": [
    {
      "hit": 1299845,
      "iteration": 0,
      "metrics": [
        {
          "admission_treshold": 0,
          "algorithm": "clock",
          "byte_inserted": 500155,
          "byte_miss": 500155,
          "byte_read": 1299845,
          "byte_reinserted": 566191,
          "hit": 1299845,
          "inserted": 500155,
          "layer": 0,
          "miss_ratio": 0.2778638888888889,
          "reinserted": 566191,
          "req": 1800000
        }
      ],
      "miss_ratio": 0.2778638888888889,
      "req": 1800000
    }
  ],
  "trace": "io_traces.ns53.oracleGeneral.zst"
}