{
  "dram_cache_size": 63,
  "flash_cache_size": 6302,
  "results": [
    {
      "hit": 1745454,
      "iteration": 0,
      "metrics": [
        {
          "admission_treshold": 0,
          "algorithm": "clock",
          "byte_inserted": 1527090,
          "byte_miss": 1527090,
          "byte_read": 1745454,
          "byte_reinserted": 943768,
          "hit": 1745454,
          "inserted": 1527090,
          "layer": 0,
          "miss_ratio": 0.4666369650033735,
          "reinserted": 943768,
          "req": 3272544
        }
      ],
      "miss_ratio": 0.4666369650033735,
      "req": 3272544
    }
  ],
  "trace": "tencentBlock.ns7743.oracleGeneral.zst"
}