{
  "dram_cache_size": 55,
  "flash_cache_size": 5561,
  "results": [
    {
      "hit": 2812543,
      "iteration": 0,
      "metrics": [
        {
          "admission_treshold": 0,
          "algorithm": "dclock",
          "byte_inserted": 1853727,
          "byte_miss": 1853727,
          "byte_read": 2812543,
          "byte_reinserted": 1490390,
          "hit": 2812543,
          "inserted": 1853727,
          "layer": 0,
          "miss_ratio": 0.39726098146913913,
          "reinserted": 1490390,
          "req": 4666270
        }
      ],
      "miss_ratio": 0.39726098146913913,
      "req": 4666270
    }
  ],
  "trace": "tencentBlock.ns11108.oracleGeneral.zst"
}