{
  "dram_cache_size": 34,
  "flash_cache_size": 3436,
  "results": [
    {
      "hit": 166888,
      "iteration": 0,
      "metrics": [
        {
          "admission_treshold": 0,
          "algorithm": "s3fclock",
          "byte_inserted": 3199493,
          "byte_miss": 3199493,
          "byte_read": 166888,
          "byte_reinserted": 15161,
          "hit": 166888,
          "inserted": 3199493,
          "layer": 0,
          "miss_ratio": 0.9504251004268383,
          "reinserted": 15161,
          "req": 3366381
        }
      ],
      "miss_ratio": 0.9504251004268383,
      "req": 3366381
    }
  ],
  "trace": "tencentBlock.ns6687.oracleGeneral.zst"
}