{
  "dram_cache_size": 33,
  "flash_cache_size": 3372,
  "results": [
    {
      "hit": 3298979,
      "iteration": 0,
      "metrics": [
        {
          "admission_treshold": 0,
          "algorithm": "time3-auto",
          "byte_inserted": 1177894,
          "byte_miss": 1177894,
          "byte_read": 3298979,
          "byte_reinserted": 249096,
          "hit": 3298979,
          "inserted": 1177894,
          "layer": 0,
          "miss_ratio": 0.26310641378480026,
          "reinserted": 249096,
          "req": 4476873
        }
      ],
      "miss_ratio": 0.26310641378480026,
      "req": 4476873
    }
  ],
  "trace": "tencentBlock.ns3360.oracleGeneral.zst"
}