{
  "dram_cache_size": 41,
  "flash_cache_size": 4134,
  "results": [
    {
      "hit": 1516689,
      "iteration": 0,
      "metrics": [
        {
          "admission_treshold": 0,
          "algorithm": "s3fclock-sequential",
          "byte_inserted": 1179894,
          "byte_miss": 1179894,
          "byte_read": 1516689,
          "byte_reinserted": 63592,
          "hit": 1516689,
          "inserted": 1179894,
          "layer": 0,
          "miss_ratio": 0.43755152353923465,
          "reinserted": 63592,
          "req": 2696583
        }
      ],
      "miss_ratio": 0.43755152353923465,
      "req": 2696583
    }
  ],
  "trace": "tencentBlock.ns17482.oracleGeneral.zst"
}