{
  "dram_cache_size": 40,
  "flash_cache_size": 4051,
  "results": [
    {
      "hit": 6006817,
      "iteration": 0,
      "metrics": [
        {
          "admission_treshold": 0,
          "algorithm": "d3clock",
          "byte_inserted": 9337184,
          "byte_miss": 9337184,
          "byte_read": 6006817,
          "byte_reinserted": 2887282,
          "hit": 6006817,
          "inserted": 9337184,
          "layer": 0,
          "miss_ratio": 0.6085234222807989,
          "reinserted": 2887282,
          "req": 15344001
        }
      ],
      "miss_ratio": 0.6085234222807989,
      "req": 15344001
    }
  ],
  "trace": "cf_allcolo.ns2284.oracleGeneral.zst"
}