{
  "dram_cache_size": 12,
  "flash_cache_size": 1275,
  "results": [
    {
      "hit": 3400796,
      "iteration": 0,
      "metrics": [
        {
          "admission_treshold": 0,
          "algorithm": "g2clock",
          "byte_inserted": 1199204,
          "byte_miss": 1199204,
          "byte_read": 3400796,
          "byte_reinserted": 1991618,
          "hit": 3400796,
          "inserted": 1199204,
          "layer": 0,
          "miss_ratio": 0.2606965217391304,
          "reinserted": 1991618,
          "req": 4600000
        }
      ],
      "miss_ratio": 0.2606965217391304,
      "req": 4600000
    }
  ],
  "trace": "io_traces.ns693.oracleGeneral.zst"
}