{
  "dram_cache_size": 635,
  "flash_cache_size": 63591,
  "results": [
    {
      "hit": 593522,
      "iteration": 0,
      "metrics": [
        {
          "admission_treshold": 0,
          "algorithm": "time-auto",
          "byte_inserted": 13606478,
          "byte_miss": 13606478,
          "byte_read": 593522,
          "byte_reinserted": 7450679,
          "hit": 593522,
          "inserted": 13606478,
          "layer": 0,
          "miss_ratio": 0.958202676056338,
          "reinserted": 7450679,
          "req": 14200000
        }
      ],
      "miss_ratio": 0.958202676056338,
      "req": 14200000
    }
  ],
  "trace": "io_traces.ns221.oracleGeneral.zst"
}