{
  "dram_cache_size": 38,
  "flash_cache_size": 3863,
  "results": [
    {
      "hit": 5139742,
      "iteration": 0,
      "metrics": [
        {
          "admission_treshold": 0,
          "algorithm": "d3clock",
          "byte_inserted": 4504479,
          "byte_miss": 4504479,
          "byte_read": 5139742,
          "byte_reinserted": 1215600,
          "hit": 5139742,
          "inserted": 4504479,
          "layer": 0,
          "miss_ratio": 0.4670650952523796,
          "reinserted": 1215600,
          "req": 9644221
        }
      ],
      "miss_ratio": 0.4670650952523796,
      "req": 9644221
    }
  ],
  "trace": "tencentBlock.ns6164.oracleGeneral.zst"
}