{
  "dram_cache_size": 63,
  "flash_cache_size": 6354,
  "results": [
    {
      "hit": 3608823,
      "iteration": 0,
      "metrics": [
        {
          "admission_treshold": 0,
          "algorithm": "d3clock",
          "byte_inserted": 1749478,
          "byte_miss": 1749478,
          "byte_read": 3608823,
          "byte_reinserted": 456889,
          "hit": 3608823,
          "inserted": 1749478,
          "layer": 0,
          "miss_ratio": 0.3264986420135786,
          "reinserted": 456889,
          "req": 5358301
        }
      ],
      "miss_ratio": 0.3264986420135786,
      "req": 5358301
    }
  ],
  "trace": "tencentBlock.ns14195.oracleGeneral.zst"
}