{
  "dram_cache_size": 286,
  "flash_cache_size": 28683,
  "results": [
    {
      "hit": 23265219,
      "iteration": 0,
      "metrics": [
        {
          "admission_treshold": 0,
          "algorithm": "t3auto",
          "byte_inserted": 32091877,
          "byte_miss": 32091877,
          "byte_read": 23265219,
          "byte_reinserted": 7050897,
          "hit": 23265219,
          "inserted": 32091877,
          "layer": 0,
          "miss_ratio": 0.579724720386344,
          "reinserted": 7050897,
          "req": 55357096
        }
      ],
      "miss_ratio": 0.579724720386344,
      "req": 55357096
    }
  ],
  "trace": "tencentBlock.ns9378.oracleGeneral.zst"
}