{
  "dram_cache_size": 19,
  "flash_cache_size": 1928,
  "results": [
    {
      "hit": 799740,
      "iteration": 0,
      "metrics": [
        {
          "admission_treshold": 0,
          "algorithm": "dclock",
          "byte_inserted": 783265,
          "byte_miss": 783265,
          "byte_read": 799740,
          "byte_reinserted": 292381,
          "hit": 799740,
          "inserted": 783265,
          "layer": 0,
          "miss_ratio": 0.49479628933578856,
          "reinserted": 292381,
          "req": 1583005
        }
      ],
      "miss_ratio": 0.49479628933578856,
      "req": 1583005
    }
  ],
  "trace": "tencentBlock.ns14295.oracleGeneral.zst"
}