{
  "dram_cache_size": 193,
  "flash_cache_size": 19327,
  "results": [
    {
      "hit": 12904076,
      "iteration": 0,
      "metrics": [
        {
          "admission_treshold": 0,
          "algorithm": "gclock",
          "byte_inserted": 4734099,
          "byte_miss": 4734099,
          "byte_read": 12904076,
          "byte_reinserted": 10388275,
          "hit": 12904076,
          "inserted": 4734099,
          "layer": 0,
          "miss_ratio": 0.26840072739951837,
          "reinserted": 10388275,
          "req": 17638175
        }
      ],
      "miss_ratio": 0.26840072739951837,
      "req": 17638175
    }
  ],
  "trace": "tencentBlock.ns16546.oracleGeneral.zst"
}