{
  "dram_cache_size": 66,
  "flash_cache_size": 6687,
  "results": [
    {
      "hit": 2666533,
      "iteration": 0,
      "metrics": [
        {
          "admission_treshold": 0,
          "algorithm": "sxfifo",
          "byte_inserted": 968604,
          "byte_miss": 968604,
          "byte_read": 2666533,
          "byte_reinserted": 302468,
          "hit": 2666533,
          "inserted": 968604,
          "layer": 0,
          "miss_ratio": 0.2664559822642173,
          "reinserted": 302468,
          "req": 3635137
        }
      ],
      "miss_ratio": 0.2664559822642173,
      "req": 3635137
    }
  ],
  "trace": "akamai_sjc.ns128.oracleGeneral.bin.zst"
}