{
  "dram_cache_size": 9098,
  "flash_cache_size": 909837,
  "results": [
    {
      "hit": 136053634,
      "iteration": 0,
      "metrics": [
        {
          "admission_treshold": 0,
          "algorithm": "dclock",
          "byte_inserted": 91039558,
          "byte_miss": 91039558,
          "byte_read": 136053634,
          "byte_reinserted": 1625076,
          "hit": 136053634,
          "inserted": 91039558,
          "layer": 0,
          "miss_ratio": 0.40089074092542587,
          "reinserted": 1625076,
          "req": 227093192
        }
      ],
      "miss_ratio": 0.40089074092542587,
      "req": 227093192
    }
  ],
  "trace": "cf_allcolo.ns7.oracleGeneral.zst"
}