{
  "dram_cache_size": 0,
  "flash_cache_size": 67,
  "results": [
    {
      "hit": 1940656,
      "iteration": 0,
      "metrics": [
        {
          "admission_treshold": 0,
          "algorithm": "qor-clock",
          "byte_inserted": 7207809,
          "byte_miss": 7207809,
          "byte_read": 1940656,
          "byte_reinserted": 110525,
          "hit": 1940656,
          "inserted": 7207809,
          "layer": 0,
          "miss_ratio": 0.7878708613958735,
          "reinserted": 110525,
          "req": 9148465
        }
      ],
      "miss_ratio": 0.7878708613958735,
      "req": 9148465
    }
  ],
  "trace": "cf_colo28.ns381.oracleGeneral.zst"
}