{
  "dram_cache_size": 12,
  "flash_cache_size": 1275,
  "results": [
    {
      "hit": 3405742,
      "iteration": 0,
      "metrics": [
        {
          "admission_treshold": 0,
          "algorithm": "dclock",
          "byte_inserted": 1194258,
          "byte_miss": 1194258,
          "byte_read": 3405742,
          "byte_reinserted": 1832940,
          "hit": 3405742,
          "inserted": 1194258,
          "layer": 0,
          "miss_ratio": 0.25962130434782604,
          "reinserted": 1832940,
          "req": 4600000
        }
      ],
      "miss_ratio": 0.25962130434782604,
      "req": 4600000
    }
  ],
  "trace": "io_traces.ns693.oracleGeneral.zst"
}