{
  "dram_cache_size": 44,
  "flash_cache_size": 4492,
  "results": [
    {
      "hit": 6744958,
      "iteration": 0,
      "metrics": [
        {
          "admission_treshold": 0,
          "algorithm": "dclock",
          "byte_inserted": 1855042,
          "byte_miss": 1855042,
          "byte_read": 6744958,
          "byte_reinserted": 1079414,
          "hit": 6744958,
          "inserted": 1855042,
          "layer": 0,
          "miss_ratio": 0.21570255813953487,
          "reinserted": 1079414,
          "req": 8600000
        }
      ],
      "miss_ratio": 0.21570255813953487,
      "req": 8600000
    }
  ],
  "trace": "io_traces.ns421.oracleGeneral.zst"
}