{
  "dram_cache_size": 80,
  "flash_cache_size": 8085,
  "results": [
    {
      "hit": 9246022,
      "iteration": 0,
      "metrics": [
        {
          "admission_treshold": 0,
          "algorithm": "t3auto",
          "byte_inserted": 2153978,
          "byte_miss": 2153978,
          "byte_read": 9246022,
          "byte_reinserted": 671195,
          "hit": 9246022,
          "inserted": 2153978,
          "layer": 0,
          "miss_ratio": 0.18894543859649127,
          "reinserted": 671195,
          "req": 11400000
        }
      ],
      "miss_ratio": 0.18894543859649127,
      "req": 11400000
    }
  ],
  "trace": "io_traces.ns674.oracleGeneral.zst"
}