{
  "dram_cache_size": 30,
  "flash_cache_size": 3062,
  "results": [
    {
      "hit": 1260149,
      "iteration": 0,
      "metrics": [
        {
          "admission_treshold": 0,
          "algorithm": "g2clock",
          "byte_inserted": 1005929,
          "byte_miss": 1005929,
          "byte_read": 1260149,
          "byte_reinserted": 75602,
          "hit": 1260149,
          "inserted": 1005929,
          "layer": 0,
          "miss_ratio": 0.44390749126905604,
          "reinserted": 75602,
          "req": 2266078
        }
      ],
      "miss_ratio": 0.44390749126905604,
      "req": 2266078
    }
  ],
  "trace": "tencentBlock.ns14182.oracleGeneral.zst"
}