{
  "dram_cache_size": 14,
  "flash_cache_size": 1429,
  "results": [
    {
      "hit": 1915101,
      "iteration": 0,
      "metrics": [
        {
          "admission_treshold": 0,
          "algorithm": "t7auto",
          "byte_inserted": 600217,
          "byte_miss": 600217,
          "byte_read": 1915101,
          "byte_reinserted": 109721,
          "hit": 1915101,
          "inserted": 600217,
          "layer": 0,
          "miss_ratio": 0.23862469874584447,
          "reinserted": 109721,
          "req": 2515318
        }
      ],
      "miss_ratio": 0.23862469874584447,
      "req": 2515318
    }
  ],
  "trace": "tencentBlock.ns14668.oracleGeneral.zst"
}