{
  "dram_cache_size": 6,
  "flash_cache_size": 603,
  "results": [
    {
      "hit": 600622,
      "iteration": 0,
      "metrics": [
        {
          "admission_treshold": 0,
          "algorithm": "dclock",
          "byte_inserted": 3193473,
          "byte_miss": 3193473,
          "byte_read": 600622,
          "byte_reinserted": 102906,
          "hit": 600622,
          "inserted": 3193473,
          "layer": 0,
          "miss_ratio": 0.8416955822139404,
          "reinserted": 102906,
          "req": 3794095
        }
      ],
      "miss_ratio": 0.8416955822139404,
      "req": 3794095
    }
  ],
  "trace": "tencentBlock.ns7625.oracleGeneral.zst"
}