{
  "dram_cache_size": 37,
  "flash_cache_size": 3750,
  "results": [
    {
      "hit": 2646879,
      "iteration": 0,
      "metrics": [
        {
          "admission_treshold": 0,
          "algorithm": "dclock",
          "byte_inserted": 925969,
          "byte_miss": 925969,
          "byte_read": 2646879,
          "byte_reinserted": 99357,
          "hit": 2646879,
          "inserted": 925969,
          "layer": 0,
          "miss_ratio": 0.2591683161444316,
          "reinserted": 99357,
          "req": 3572848
        }
      ],
      "miss_ratio": 0.2591683161444316,
      "req": 3572848
    }
  ],
  "trace": "tencentBlock.ns8468.oracleGeneral.zst"
}