{
  "dram_cache_size": 37,
  "flash_cache_size": 3746,
  "results": [
    {
      "hit": 2439697,
      "iteration": 0,
      "metrics": [
        {
          "admission_treshold": 0,
          "algorithm": "clock",
          "byte_inserted": 1157971,
          "byte_miss": 1157971,
          "byte_read": 2439697,
          "byte_reinserted": 1787277,
          "hit": 2439697,
          "inserted": 1157971,
          "layer": 0,
          "miss_ratio": 0.3218671094720247,
          "reinserted": 1787277,
          "req": 3597668
        }
      ],
      "miss_ratio": 0.3218671094720247,
      "req": 3597668
    }
  ],
  "trace": "tencentBlock.ns16003.oracleGeneral.zst"
}