{
  "dram_cache_size": 12280,
  "flash_cache_size": 1228040,
  "results": [
    {
      "hit": 35482883,
      "iteration": 0,
      "metrics": [
        {
          "admission_treshold": 0,
          "algorithm": "s3fclock",
          "byte_inserted": 180313374,
          "byte_miss": 180313374,
          "byte_read": 35482883,
          "byte_reinserted": 820701,
          "hit": 35482883,
          "inserted": 180313374,
          "layer": 0,
          "miss_ratio": 0.8355722963257884,
          "reinserted": 820701,
          "req": 215796257
        }
      ],
      "miss_ratio": 0.8355722963257884,
      "req": 215796257
    }
  ],
  "trace": "w01.oracleGeneral.bin.zst"
}