{
  "dram_cache_size": 144,
  "flash_cache_size": 14465,
  "results": [
    {
      "hit": 16113332,
      "iteration": 0,
      "metrics": [
        {
          "admission_treshold": 0,
          "algorithm": "gclock",
          "byte_inserted": 3755014,
          "byte_miss": 3755014,
          "byte_read": 16113332,
          "byte_reinserted": 478682,
          "hit": 16113332,
          "inserted": 3755014,
          "layer": 0,
          "miss_ratio": 0.18899479604391833,
          "reinserted": 478682,
          "req": 19868346
        }
      ],
      "miss_ratio": 0.18899479604391833,
      "req": 19868346
    }
  ],
  "trace": "w33.oracleGeneral.bin.zst"
}