{
  "dram_cache_size": 28070,
  "flash_cache_size": 2807083,
  "results": [
    {
      "hit": 223691,
      "iteration": 0,
      "metrics": [
        {
          "admission_treshold": 0,
          "algorithm": "time-auto",
          "byte_inserted": 160373122566,
          "byte_miss": 160373122566,
          "byte_read": 12272937106,
          "byte_reinserted": 70852235496,
          "hit": 223691,
          "inserted": 1471125,
          "layer": 0,
          "miss_ratio": 0.8680145809338595,
          "reinserted": 1143391,
          "req": 1694816
        }
      ],
      "miss_ratio": 0.8680145809338595,
      "req": 1694816
    }
  ],
  "trace": "cf_allcolo.ns1615.oracleGeneral.zst"
}