{
  "dram_cache_size": 2,
  "flash_cache_size": 206,
  "results": [
    {
      "hit": 23004499,
      "iteration": 0,
      "metrics": [
        {
          "admission_treshold": 0,
          "algorithm": "g2clock",
          "byte_inserted": 1261659,
          "byte_miss": 1261659,
          "byte_read": 23004499,
          "byte_reinserted": 3484691,
          "hit": 23004499,
          "inserted": 1261659,
          "layer": 0,
          "miss_ratio": 0.051992532151154736,
          "reinserted": 3484691,
          "req": 24266158
        }
      ],
      "miss_ratio": 0.051992532151154736,
      "req": 24266158
    }
  ],
  "trace": "cf_colo28.ns99.oracleGeneral.zst"
}