{
  "dram_cache_size": 116,
  "flash_cache_size": 11675,
  "results": [
    {
      "hit": 11380110,
      "iteration": 0,
      "metrics": [
        {
          "admission_treshold": 0,
          "algorithm": "qand-clock",
          "byte_inserted": 1169702,
          "byte_miss": 1169702,
          "byte_read": 11380110,
          "byte_reinserted": 369458,
          "hit": 11380110,
          "inserted": 1169702,
          "layer": 0,
          "miss_ratio": 0.09320474282802005,
          "reinserted": 369458,
          "req": 12549812
        }
      ],
      "miss_ratio": 0.09320474282802005,
      "req": 12549812
    }
  ],
  "trace": "cf_colo28.ns155.oracleGeneral.zst"
}