{
  "dram_cache_size": 1545,
  "flash_cache_size": 154520,
  "results": [
    {
      "hit": 336891,
      "iteration": 0,
      "metrics": [
        {
          "admission_treshold": 0,
          "algorithm": "sxfifo",
          "byte_inserted": 23302851,
          "byte_miss": 23302851,
          "byte_read": 336891,
          "byte_reinserted": 60681,
          "hit": 336891,
          "inserted": 23302851,
          "layer": 0,
          "miss_ratio": 0.9857489561434299,
          "reinserted": 60681,
          "req": 23639742
        }
      ],
      "miss_ratio": 0.9857489561434299,
      "req": 23639742
    }
  ],
  "trace": "msr_proj_1.oracleGeneral.zst"
}