{
  "dram_cache_size": 17,
  "flash_cache_size": 1701,
  "results": [
    {
      "hit": 838320,
      "iteration": 0,
      "metrics": [
        {
          "admission_treshold": 0,
          "algorithm": "dclock",
          "byte_inserted": 634486,
          "byte_miss": 634486,
          "byte_read": 838320,
          "byte_reinserted": 65135,
          "hit": 838320,
          "inserted": 634486,
          "layer": 0,
          "miss_ratio": 0.4308007979326537,
          "reinserted": 65135,
          "req": 1472806
        }
      ],
      "miss_ratio": 0.4308007979326537,
      "req": 1472806
    }
  ],
  "trace": "tencentBlock.ns18242.oracleGeneral.zst"
}