{
  "dram_cache_size": 31,
  "flash_cache_size": 3136,
  "results": [
    {
      "hit": 2381836,
      "iteration": 0,
      "metrics": [
        {
          "admission_treshold": 0,
          "algorithm": "cm-clock",
          "byte_inserted": 1018937,
          "byte_miss": 1018937,
          "byte_read": 2381836,
          "byte_reinserted": 213689,
          "hit": 2381836,
          "inserted": 1018937,
          "layer": 0,
          "miss_ratio": 0.29961923362717824,
          "reinserted": 213689,
          "req": 3400773
        }
      ],
      "miss_ratio": 0.29961923362717824,
      "req": 3400773
    }
  ],
  "trace": "tencentBlock.ns13147.oracleGeneral.zst"
}