{
  "dram_cache_size": 12,
  "flash_cache_size": 1296,
  "results": [
    {
      "hit": 732519,
      "iteration": 0,
      "metrics": [
        {
          "admission_treshold": 0,
          "algorithm": "dclock",
          "byte_inserted": 427177,
          "byte_miss": 427177,
          "byte_read": 732519,
          "byte_reinserted": 277345,
          "hit": 732519,
          "inserted": 427177,
          "layer": 0,
          "miss_ratio": 0.368352568259268,
          "reinserted": 277345,
          "req": 1159696
        }
      ],
      "miss_ratio": 0.368352568259268,
      "req": 1159696
    }
  ],
  "trace": "tencentBlock.ns23007.oracleGeneral.zst"
}