{
  "dram_cache_size": 269,
  "flash_cache_size": 26994,
  "results": [
    {
      "hit": 19121681,
      "iteration": 0,
      "metrics": [
        {
          "admission_treshold": 0,
          "algorithm": "qand-clock-v2",
          "byte_inserted": 22630144,
          "byte_miss": 22630144,
          "byte_read": 19121681,
          "byte_reinserted": 3528070,
          "hit": 19121681,
          "inserted": 22630144,
          "layer": 0,
          "miss_ratio": 0.5420156843443371,
          "reinserted": 3528070,
          "req": 41751825
        }
      ],
      "miss_ratio": 0.5420156843443371,
      "req": 41751825
    }
  ],
  "trace": "tencentBlock.ns11669.oracleGeneral.zst"
}