{
  "dram_cache_size": 48,
  "flash_cache_size": 4899,
  "results": [
    {
      "hit": 415250,
      "iteration": 0,
      "metrics": [
        {
          "admission_treshold": 0,
          "algorithm": "t7auto",
          "byte_inserted": 748154,
          "byte_miss": 748154,
          "byte_read": 415250,
          "byte_reinserted": 34790,
          "hit": 415250,
          "inserted": 748154,
          "layer": 0,
          "miss_ratio": 0.6430732574410953,
          "reinserted": 34790,
          "req": 1163404
        }
      ],
      "miss_ratio": 0.6430732574410953,
      "req": 1163404
    }
  ],
  "trace": "tencentBlock.ns25428.oracleGeneral.zst"
}