{
  "dram_cache_size": 284,
  "flash_cache_size": 28409,
  "results": [
    {
      "hit": 21315529,
      "iteration": 0,
      "metrics": [
        {
          "admission_treshold": 0,
          "algorithm": "qor-clock",
          "byte_inserted": 26026130,
          "byte_miss": 26026130,
          "byte_read": 21315529,
          "byte_reinserted": 4460412,
          "hit": 21315529,
          "inserted": 26026130,
          "layer": 0,
          "miss_ratio": 0.5497511187768049,
          "reinserted": 4460412,
          "req": 47341659
        }
      ],
      "miss_ratio": 0.5497511187768049,
      "req": 47341659
    }
  ],
  "trace": "tencentBlock.ns12217.oracleGeneral.zst"
}