{
  "dram_cache_size": 47,
  "flash_cache_size": 4793,
  "results": [
    {
      "hit": 579669204,
      "iteration": 0,
      "metrics": [
        {
          "admission_treshold": 0,
          "algorithm": "qtime-clock",
          "byte_inserted": 47644216,
          "byte_miss": 47644216,
          "byte_read": 579669204,
          "byte_reinserted": 59421119,
          "hit": 579669204,
          "inserted": 47644216,
          "layer": 0,
          "miss_ratio": 0.07594962020739171,
          "reinserted": 59421119,
          "req": 627313420
        }
      ],
      "miss_ratio": 0.07594962020739171,
      "req": 627313420
    }
  ],
  "trace": "timelines_real_time_aggregates_cache.0.oracleGeneral.sample10.zst"
}