{
  "dram_cache_size": 32,
  "flash_cache_size": 3251,
  "results": [
    {
      "hit": 2713476,
      "iteration": 0,
      "metrics": [
        {
          "admission_treshold": 0,
          "algorithm": "gclock",
          "byte_inserted": 844739,
          "byte_miss": 844739,
          "byte_read": 2713476,
          "byte_reinserted": 429109,
          "hit": 2713476,
          "inserted": 844739,
          "layer": 0,
          "miss_ratio": 0.2374052720254397,
          "reinserted": 429109,
          "req": 3558215
        }
      ],
      "miss_ratio": 0.2374052720254397,
      "req": 3558215
    }
  ],
  "trace": "w102.oracleGeneral.bin.zst"
}