{
  "dram_cache_size": 88,
  "flash_cache_size": 8813,
  "results": [
    {
      "hit": 14856570,
      "iteration": 0,
      "metrics": [
        {
          "admission_treshold": 0,
          "algorithm": "gclock",
          "byte_inserted": 2800662,
          "byte_miss": 2800662,
          "byte_read": 14856570,
          "byte_reinserted": 122018,
          "hit": 14856570,
          "inserted": 2800662,
          "layer": 0,
          "miss_ratio": 0.15861274292595806,
          "reinserted": 122018,
          "req": 17657232
        }
      ],
      "miss_ratio": 0.15861274292595806,
      "req": 17657232
    }
  ],
  "trace": "w40.oracleGeneral.bin.zst"
}