{
  "dram_cache_size": 49,
  "flash_cache_size": 4978,
  "results": [
    {
      "hit": 7432570,
      "iteration": 0,
      "metrics": [
        {
          "admission_treshold": 0,
          "algorithm": "qand-clock",
          "byte_inserted": 1075591,
          "byte_miss": 1075591,
          "byte_read": 7432570,
          "byte_reinserted": 617433,
          "hit": 7432570,
          "inserted": 1075591,
          "layer": 0,
          "miss_ratio": 0.126418740783114,
          "reinserted": 617433,
          "req": 8508161
        }
      ],
      "miss_ratio": 0.126418740783114,
      "req": 8508161
    }
  ],
  "trace": "cf_allcolo.ns959.oracleGeneral.zst"
}