{
  "dram_cache_size": 4,
  "flash_cache_size": 491,
  "results": [
    {
      "hit": 910559,
      "iteration": 0,
      "metrics": [
        {
          "admission_treshold": 0,
          "algorithm": "q2auto",
          "byte_inserted": 3175357,
          "byte_miss": 3175357,
          "byte_read": 910559,
          "byte_reinserted": 425323,
          "hit": 910559,
          "inserted": 3175357,
          "layer": 0,
          "miss_ratio": 0.7771469114881461,
          "reinserted": 425323,
          "req": 4085916
        }
      ],
      "miss_ratio": 0.7771469114881461,
      "req": 4085916
    }
  ],
  "trace": "cf_colo28.ns947.oracleGeneral.zst"
}