{
  "dram_cache_size": 27,
  "flash_cache_size": 2755,
  "results": [
    {
      "hit": 6500682,
      "iteration": 0,
      "metrics": [
        {
          "admission_treshold": 0,
          "algorithm": "d3clock",
          "byte_inserted": 1195743,
          "byte_miss": 1195743,
          "byte_read": 6500682,
          "byte_reinserted": 338847,
          "hit": 6500682,
          "inserted": 1195743,
          "layer": 0,
          "miss_ratio": 0.15536343172317013,
          "reinserted": 338847,
          "req": 7696425
        }
      ],
      "miss_ratio": 0.15536343172317013,
      "req": 7696425
    }
  ],
  "trace": "tencentBlock.ns6459.oracleGeneral.zst"
}