{
  "dram_cache_size": 36,
  "flash_cache_size": 3629,
  "results": [
    {
      "hit": 574065,
      "iteration": 0,
      "metrics": [
        {
          "admission_treshold": 0,
          "algorithm": "q2auto",
          "byte_inserted": 839515,
          "byte_miss": 839515,
          "byte_read": 574065,
          "byte_reinserted": 43034,
          "hit": 574065,
          "inserted": 839515,
          "layer": 0,
          "miss_ratio": 0.5938928111603163,
          "reinserted": 43034,
          "req": 1413580
        }
      ],
      "miss_ratio": 0.5938928111603163,
      "req": 1413580
    }
  ],
  "trace": "tencentBlock.ns2357.oracleGeneral.zst"
}