{
  "dram_cache_size": 23,
  "flash_cache_size": 2306,
  "results": [
    {
      "hit": 515369,
      "iteration": 0,
      "metrics": [
        {
          "admission_treshold": 0,
          "algorithm": "t4auto",
          "byte_inserted": 495391,
          "byte_miss": 495391,
          "byte_read": 515369,
          "byte_reinserted": 11412,
          "hit": 515369,
          "inserted": 495391,
          "layer": 0,
          "miss_ratio": 0.4901173374490483,
          "reinserted": 11412,
          "req": 1010760
        }
      ],
      "miss_ratio": 0.4901173374490483,
      "req": 1010760
    }
  ],
  "trace": "tencentBlock.ns2792.oracleGeneral.zst"
}