{
  "dram_cache_size": 36,
  "flash_cache_size": 3644,
  "results": [
    {
      "hit": 3012763,
      "iteration": 0,
      "metrics": [
        {
          "admission_treshold": 0,
          "algorithm": "g2clock",
          "byte_inserted": 999731,
          "byte_miss": 999731,
          "byte_read": 3012763,
          "byte_reinserted": 993660,
          "hit": 3012763,
          "inserted": 999731,
          "layer": 0,
          "miss_ratio": 0.24915451586968107,
          "reinserted": 993660,
          "req": 4012494
        }
      ],
      "miss_ratio": 0.24915451586968107,
      "req": 4012494
    }
  ],
  "trace": "tencentBlock.ns12481.oracleGeneral.zst"
}