{
  "dram_cache_size": 28,
  "flash_cache_size": 2816,
  "results": [
    {
      "hit": 29706699,
      "iteration": 0,
      "metrics": [
        {
          "admission_treshold": 0,
          "algorithm": "g2clock",
          "byte_inserted": 7815601,
          "byte_miss": 7815601,
          "byte_read": 29706699,
          "byte_reinserted": 5545261,
          "hit": 29706699,
          "inserted": 7815601,
          "layer": 0,
          "miss_ratio": 0.20829216226084224,
          "reinserted": 5545261,
          "req": 37522300
        }
      ],
      "miss_ratio": 0.20829216226084224,
      "req": 37522300
    }
  ],
  "trace": "tencentBlock.ns5747.oracleGeneral.zst"
}