{
  "dram_cache_size": 24,
  "flash_cache_size": 2443,
  "results": [
    {
      "hit": 894681,
      "iteration": 0,
      "metrics": [
        {
          "admission_treshold": 0,
          "algorithm": "t5auto",
          "byte_inserted": 804248,
          "byte_miss": 804248,
          "byte_read": 894681,
          "byte_reinserted": 60558,
          "hit": 894681,
          "inserted": 804248,
          "layer": 0,
          "miss_ratio": 0.47338529155721043,
          "reinserted": 60558,
          "req": 1698929
        }
      ],
      "miss_ratio": 0.47338529155721043,
      "req": 1698929
    }
  ],
  "trace": "tencentBlock.ns21653.oracleGeneral.zst"
}