{
  "dram_cache_size": 23,
  "flash_cache_size": 2322,
  "results": [
    {
      "hit": 1349310,
      "iteration": 0,
      "metrics": [
        {
          "admission_treshold": 0,
          "algorithm": "t4auto",
          "byte_inserted": 945956,
          "byte_miss": 945956,
          "byte_read": 1349310,
          "byte_reinserted": 112662,
          "hit": 1349310,
          "inserted": 945956,
          "layer": 0,
          "miss_ratio": 0.41213349563841406,
          "reinserted": 112662,
          "req": 2295266
        }
      ],
      "miss_ratio": 0.41213349563841406,
      "req": 2295266
    }
  ],
  "trace": "tencentBlock.ns17981.oracleGeneral.zst"
}