{
  "dram_cache_size": 1043005,
  "flash_cache_size": 104300576,
  "results": [
    {
      "hit": 1612654,
      "iteration": 0,
      "metrics": [
        {
          "admission_treshold": 0,
          "algorithm": "time-auto",
          "byte_inserted": 189054347511,
          "byte_miss": 189054347511,
          "byte_read": 428230227175,
          "byte_reinserted": 228043705247,
          "hit": 1612654,
          "inserted": 289175,
          "layer": 0,
          "miss_ratio": 0.15205099932748944,
          "reinserted": 358025,
          "req": 1901829
        }
      ],
      "miss_ratio": 0.15205099932748944,
      "req": 1901829
    }
  ],
  "trace": "akamai_lax.ns17.oracleGeneral.bin.zst"
}