{
  "dram_cache_size": 0,
  "flash_cache_size": 10,
  "results": [
    {
      "hit": 1553561,
      "iteration": 0,
      "metrics": [
        {
          "admission_treshold": 0,
          "algorithm": "t3auto",
          "byte_inserted": 300278,
          "byte_miss": 300278,
          "byte_read": 1553561,
          "byte_reinserted": 281079,
          "hit": 1553561,
          "inserted": 300278,
          "layer": 0,
          "miss_ratio": 0.1619763097011121,
          "reinserted": 281079,
          "req": 1853839
        }
      ],
      "miss_ratio": 0.1619763097011121,
      "req": 1853839
    }
  ],
  "trace": "cf_colo28.ns7529.oracleGeneral.zst"
}