{
  "dram_cache_size": 71,
  "flash_cache_size": 7113,
  "results": [
    {
      "hit": 18659705,
      "iteration": 0,
      "metrics": [
        {
          "admission_treshold": 0,
          "algorithm": "dclock",
          "byte_inserted": 3340295,
          "byte_miss": 3340295,
          "byte_read": 18659705,
          "byte_reinserted": 4914622,
          "hit": 18659705,
          "inserted": 3340295,
          "layer": 0,
          "miss_ratio": 0.15183159090909093,
          "reinserted": 4914622,
          "req": 22000000
        }
      ],
      "miss_ratio": 0.15183159090909093,
      "req": 22000000
    }
  ],
  "trace": "io_traces.ns259.oracleGeneral.zst"
}