{
  "dram_cache_size": 76,
  "flash_cache_size": 7689,
  "results": [
    {
      "hit": 6474007,
      "iteration": 0,
      "metrics": [
        {
          "admission_treshold": 0,
          "algorithm": "q2auto",
          "byte_inserted": 2185571,
          "byte_miss": 2185571,
          "byte_read": 6474007,
          "byte_reinserted": 807527,
          "hit": 6474007,
          "inserted": 2185571,
          "layer": 0,
          "miss_ratio": 0.2523877029573497,
          "reinserted": 807527,
          "req": 8659578
        }
      ],
      "miss_ratio": 0.2523877029573497,
      "req": 8659578
    }
  ],
  "trace": "tencentBlock.ns16221.oracleGeneral.zst"
}