{
  "dram_cache_size": 19,
  "flash_cache_size": 1994,
  "results": [
    {
      "hit": 915299,
      "iteration": 0,
      "metrics": [
        {
          "admission_treshold": 0,
          "algorithm": "dclock",
          "byte_inserted": 719016,
          "byte_miss": 719016,
          "byte_read": 915299,
          "byte_reinserted": 227833,
          "hit": 915299,
          "inserted": 719016,
          "layer": 0,
          "miss_ratio": 0.4399494589476325,
          "reinserted": 227833,
          "req": 1634315
        }
      ],
      "miss_ratio": 0.4399494589476325,
      "req": 1634315
    }
  ],
  "trace": "tencentBlock.ns15828.oracleGeneral.zst"
}