{
  "dram_cache_size": 43,
  "flash_cache_size": 4362,
  "results": [
    {
      "hit": 1982968,
      "iteration": 0,
      "metrics": [
        {
          "admission_treshold": 0,
          "algorithm": "t6auto",
          "byte_inserted": 1669337,
          "byte_miss": 1669337,
          "byte_read": 1982968,
          "byte_reinserted": 201001,
          "hit": 1982968,
          "inserted": 1669337,
          "layer": 0,
          "miss_ratio": 0.4570639637160643,
          "reinserted": 201001,
          "req": 3652305
        }
      ],
      "miss_ratio": 0.4570639637160643,
      "req": 3652305
    }
  ],
  "trace": "tencentBlock.ns16944.oracleGeneral.zst"
}