{
  "dram_cache_size": 19,
  "flash_cache_size": 1905,
  "results": [
    {
      "hit": 3254586,
      "iteration": 0,
      "metrics": [
        {
          "admission_treshold": 0,
          "algorithm": "cm-clock",
          "byte_inserted": 1508830,
          "byte_miss": 1508830,
          "byte_read": 3254586,
          "byte_reinserted": 231080,
          "hit": 3254586,
          "inserted": 1508830,
          "layer": 0,
          "miss_ratio": 0.316753775021959,
          "reinserted": 231080,
          "req": 4763416
        }
      ],
      "miss_ratio": 0.316753775021959,
      "req": 4763416
    }
  ],
  "trace": "tencentBlock.ns19189.oracleGeneral.zst"
}