{
  "dram_cache_size": 24,
  "flash_cache_size": 2441,
  "results": [
    {
      "hit": 2488969,
      "iteration": 0,
      "metrics": [
        {
          "admission_treshold": 0,
          "algorithm": "qand-clock-v2",
          "byte_inserted": 1616918,
          "byte_miss": 1616918,
          "byte_read": 2488969,
          "byte_reinserted": 102677,
          "hit": 2488969,
          "inserted": 1616918,
          "layer": 0,
          "miss_ratio": 0.3938047978427073,
          "reinserted": 102677,
          "req": 4105887
        }
      ],
      "miss_ratio": 0.3938047978427073,
      "req": 4105887
    }
  ],
  "trace": "tencentBlock.ns13414.oracleGeneral.zst"
}