{
  "dram_cache_size": 14,
  "flash_cache_size": 1430,
  "results": [
    {
      "hit": 1894403,
      "iteration": 0,
      "metrics": [
        {
          "admission_treshold": 0,
          "algorithm": "t7auto",
          "byte_inserted": 2318035,
          "byte_miss": 2318035,
          "byte_read": 1894403,
          "byte_reinserted": 107920,
          "hit": 1894403,
          "inserted": 2318035,
          "layer": 0,
          "miss_ratio": 0.5502834700475117,
          "reinserted": 107920,
          "req": 4212438
        }
      ],
      "miss_ratio": 0.5502834700475117,
      "req": 4212438
    }
  ],
  "trace": "tencentBlock.ns11714.oracleGeneral.zst"
}