{
  "dram_cache_size": 26,
  "flash_cache_size": 2687,
  "results": [
    {
      "hit": 6484981,
      "iteration": 0,
      "metrics": [
        {
          "admission_treshold": 0,
          "algorithm": "sxfifo",
          "byte_inserted": 1769470,
          "byte_miss": 1769470,
          "byte_read": 6484981,
          "byte_reinserted": 209978,
          "hit": 6484981,
          "inserted": 1769470,
          "layer": 0,
          "miss_ratio": 0.21436555865435514,
          "reinserted": 209978,
          "req": 8254451
        }
      ],
      "miss_ratio": 0.21436555865435514,
      "req": 8254451
    }
  ],
  "trace": "tencentBlock.ns4940.oracleGeneral.zst"
}