{
  "dram_cache_size": 5,
  "flash_cache_size": 522,
  "results": [
    {
      "hit": 1796594,
      "iteration": 0,
      "metrics": [
        {
          "admission_treshold": 0,
          "algorithm": "t4auto",
          "byte_inserted": 304973,
          "byte_miss": 304973,
          "byte_read": 1796594,
          "byte_reinserted": 190938,
          "hit": 1796594,
          "inserted": 304973,
          "layer": 0,
          "miss_ratio": 0.1451169532068214,
          "reinserted": 190938,
          "req": 2101567
        }
      ],
      "miss_ratio": 0.1451169532068214,
      "req": 2101567
    }
  ],
  "trace": "tencentBlock.ns14533.oracleGeneral.zst"
}