{
  "dram_cache_size": 15,
  "flash_cache_size": 1598,
  "results": [
    {
      "hit": 3020289,
      "iteration": 0,
      "metrics": [
        {
          "admission_treshold": 0,
          "algorithm": "d3clock",
          "byte_inserted": 618212,
          "byte_miss": 618212,
          "byte_read": 3020289,
          "byte_reinserted": 304913,
          "hit": 3020289,
          "inserted": 618212,
          "layer": 0,
          "miss_ratio": 0.16990843207133932,
          "reinserted": 304913,
          "req": 3638501
        }
      ],
      "miss_ratio": 0.16990843207133932,
      "req": 3638501
    }
  ],
  "trace": "tencentBlock.ns6764.oracleGeneral.zst"
}