{
  "dram_cache_size": 95,
  "flash_cache_size": 9595,
  "results": [
    {
      "hit": 144568470,
      "iteration": 0,
      "metrics": [
        {
          "admission_treshold": 0,
          "algorithm": "gclock",
          "byte_inserted": 7140260,
          "byte_miss": 7140260,
          "byte_read": 144568470,
          "byte_reinserted": 3016549,
          "hit": 144568470,
          "inserted": 7140260,
          "layer": 0,
          "miss_ratio": 0.04706558416249351,
          "reinserted": 3016549,
          "req": 151708730
        }
      ],
      "miss_ratio": 0.04706558416249351,
      "req": 151708730
    }
  ],
  "trace": "tencentBlock.ns3810.oracleGeneral.zst"
}