{
  "dram_cache_size": 3721,
  "flash_cache_size": 372181,
  "results": [
    {
      "hit": 1937642756,
      "iteration": 0,
      "metrics": [
        {
          "admission_treshold": 0,
          "algorithm": "gclock",
          "byte_inserted": 865855829,
          "byte_miss": 865855829,
          "byte_read": 1937642756,
          "byte_reinserted": 353395302,
          "hit": 1937642756,
          "inserted": 865855829,
          "layer": 0,
          "miss_ratio": 0.3088483203211604,
          "reinserted": 353395302,
          "req": 2803498585
        }
      ],
      "miss_ratio": 0.3088483203211604,
      "req": 2803498585
    }
  ],
  "trace": "wiki_2016u.oracleGeneral.zst"
}