{
  "dram_cache_size": 27,
  "flash_cache_size": 2790,
  "results": [
    {
      "hit": 1812459,
      "iteration": 0,
      "metrics": [
        {
          "admission_treshold": 0,
          "algorithm": "d3clock",
          "byte_inserted": 344541,
          "byte_miss": 344541,
          "byte_read": 1812459,
          "byte_reinserted": 140219,
          "hit": 1812459,
          "inserted": 344541,
          "layer": 0,
          "miss_ratio": 0.15973157162726004,
          "reinserted": 140219,
          "req": 2157000
        }
      ],
      "miss_ratio": 0.15973157162726004,
      "req": 2157000
    }
  ],
  "trace": "akamai_sjc.ns503.oracleGeneral.bin.zst"
}