{
  "dram_cache_size": 0,
  "flash_cache_size": 76,
  "results": [
    {
      "hit": 97801824,
      "iteration": 0,
      "metrics": [
        {
          "admission_treshold": 0,
          "algorithm": "g2clock",
          "byte_inserted": 4391480,
          "byte_miss": 4391480,
          "byte_read": 97801824,
          "byte_reinserted": 8234757,
          "hit": 97801824,
          "inserted": 4391480,
          "layer": 0,
          "miss_ratio": 0.04297228710796941,
          "reinserted": 8234757,
          "req": 102193304
        }
      ],
      "miss_ratio": 0.04297228710796941,
      "req": 102193304
    }
  ],
  "trace": "cf_allcolo.ns43.oracleGeneral.zst"
}