{
  "dram_cache_size": 429,
  "flash_cache_size": 42931,
  "results": [
    {
      "hit": 161929857,
      "iteration": 0,
      "metrics": [
        {
          "admission_treshold": 0,
          "algorithm": "d3clock",
          "byte_inserted": 31526352,
          "byte_miss": 31526352,
          "byte_read": 161929857,
          "byte_reinserted": 12286125,
          "hit": 161929857,
          "inserted": 31526352,
          "layer": 0,
          "miss_ratio": 0.16296376406300817,
          "reinserted": 12286125,
          "req": 193456209
        }
      ],
      "miss_ratio": 0.16296376406300817,
      "req": 193456209
    }
  ],
  "trace": "cf_allcolo.ns114.oracleGeneral.zst"
}