{
  "dram_cache_size": 1049356,
  "flash_cache_size": 104935680,
  "results": [
    {
      "hit": 824903,
      "iteration": 0,
      "metrics": [
        {
          "admission_treshold": 0,
          "algorithm": "qauto",
          "byte_inserted": 47717211579,
          "byte_miss": 47717211579,
          "byte_read": 34629428913,
          "byte_reinserted": 12083761346,
          "hit": 824903,
          "inserted": 360345,
          "layer": 0,
          "miss_ratio": 0.30402498042603743,
          "reinserted": 154138,
          "req": 1185248
        }
      ],
      "miss_ratio": 0.30402498042603743,
      "req": 1185248
    }
  ],
  "trace": "cf_colo28.ns4984.oracleGeneral.zst"
}