{
  "dram_cache_size": 146,
  "flash_cache_size": 14677,
  "results": [
    {
      "hit": 530993058,
      "iteration": 0,
      "metrics": [
        {
          "admission_treshold": 0,
          "algorithm": "sxfifo",
          "byte_inserted": 532813424,
          "byte_miss": 532813424,
          "byte_read": 530993058,
          "byte_reinserted": 41290774,
          "hit": 530993058,
          "inserted": 532813424,
          "layer": 0,
          "miss_ratio": 0.5008555907633584,
          "reinserted": 41290774,
          "req": 1063806482
        }
      ],
      "miss_ratio": 0.5008555907633584,
      "req": 1063806482
    }
  ],
  "trace": "cluster16.oracleGeneral.sample10.zst"
}