{
  "dram_cache_size": 12,
  "flash_cache_size": 1268,
  "results": [
    {
      "hit": 863406,
      "iteration": 0,
      "metrics": [
        {
          "admission_treshold": 0,
          "algorithm": "time2-auto",
          "byte_inserted": 1705081,
          "byte_miss": 1705081,
          "byte_read": 863406,
          "byte_reinserted": 26662,
          "hit": 863406,
          "inserted": 1705081,
          "layer": 0,
          "miss_ratio": 0.6638464590243205,
          "reinserted": 26662,
          "req": 2568487
        }
      ],
      "miss_ratio": 0.6638464590243205,
      "req": 2568487
    }
  ],
  "trace": "tencentBlock.ns3583.oracleGeneral.zst"
}