{
  "dram_cache_size": 29,
  "flash_cache_size": 2901,
  "results": [
    {
      "hit": 898471,
      "iteration": 0,
      "metrics": [
        {
          "admission_treshold": 0,
          "algorithm": "g2clock",
          "byte_inserted": 847620,
          "byte_miss": 847620,
          "byte_read": 898471,
          "byte_reinserted": 46289,
          "hit": 898471,
          "inserted": 847620,
          "layer": 0,
          "miss_ratio": 0.4854386168876651,
          "reinserted": 46289,
          "req": 1746091
        }
      ],
      "miss_ratio": 0.4854386168876651,
      "req": 1746091
    }
  ],
  "trace": "tencentBlock.ns5253.oracleGeneral.zst"
}