{
  "dram_cache_size": 16,
  "flash_cache_size": 1690,
  "results": [
    {
      "hit": 888708,
      "iteration": 0,
      "metrics": [
        {
          "admission_treshold": 0,
          "algorithm": "q3auto",
          "byte_inserted": 769159,
          "byte_miss": 769159,
          "byte_read": 888708,
          "byte_reinserted": 112168,
          "hit": 888708,
          "inserted": 769159,
          "layer": 0,
          "miss_ratio": 0.46394493647560386,
          "reinserted": 112168,
          "req": 1657867
        }
      ],
      "miss_ratio": 0.46394493647560386,
      "req": 1657867
    }
  ],
  "trace": "tencentBlock.ns14268.oracleGeneral.zst"
}