{
  "dram_cache_size": 234,
  "flash_cache_size": 23495,
  "results": [
    {
      "hit": 23391722,
      "iteration": 0,
      "metrics": [
        {
          "admission_treshold": 0,
          "algorithm": "t7auto",
          "byte_inserted": 34590636,
          "byte_miss": 34590636,
          "byte_read": 23391722,
          "byte_reinserted": 7690991,
          "hit": 23391722,
          "inserted": 34590636,
          "layer": 0,
          "miss_ratio": 0.5965717365271692,
          "reinserted": 7690991,
          "req": 57982358
        }
      ],
      "miss_ratio": 0.5965717365271692,
      "req": 57982358
    }
  ],
  "trace": "tencentBlock.ns3104.oracleGeneral.zst"
}