{
  "dram_cache_size": 49,
  "flash_cache_size": 4917,
  "results": [
    {
      "hit": 3885062,
      "iteration": 0,
      "metrics": [
        {
          "admission_treshold": 0,
          "algorithm": "g2clock",
          "byte_inserted": 1656991,
          "byte_miss": 1656991,
          "byte_read": 3885062,
          "byte_reinserted": 804593,
          "hit": 3885062,
          "inserted": 1656991,
          "layer": 0,
          "miss_ratio": 0.2989850512075579,
          "reinserted": 804593,
          "req": 5542053
        }
      ],
      "miss_ratio": 0.2989850512075579,
      "req": 5542053
    }
  ],
  "trace": "tencentBlock.ns12612.oracleGeneral.zst"
}