{
  "dram_cache_size": 55,
  "flash_cache_size": 5519,
  "results": [
    {
      "hit": 10335590,
      "iteration": 0,
      "metrics": [
        {
          "admission_treshold": 0,
          "algorithm": "dclock",
          "byte_inserted": 6251608,
          "byte_miss": 6251608,
          "byte_read": 10335590,
          "byte_reinserted": 2140023,
          "hit": 10335590,
          "inserted": 6251608,
          "layer": 0,
          "miss_ratio": 0.37689355369122624,
          "reinserted": 2140023,
          "req": 16587198
        }
      ],
      "miss_ratio": 0.37689355369122624,
      "req": 16587198
    }
  ],
  "trace": "tencentBlock.ns1632.oracleGeneral.zst"
}