{
  "dram_cache_size": 33,
  "flash_cache_size": 3360,
  "results": [
    {
      "hit": 7626506,
      "iteration": 0,
      "metrics": [
        {
          "admission_treshold": 0,
          "algorithm": "q2auto",
          "byte_inserted": 1465074,
          "byte_miss": 1465074,
          "byte_read": 7626506,
          "byte_reinserted": 220376,
          "hit": 7626506,
          "inserted": 1465074,
          "layer": 0,
          "miss_ratio": 0.1611462474069414,
          "reinserted": 220376,
          "req": 9091580
        }
      ],
      "miss_ratio": 0.1611462474069414,
      "req": 9091580
    }
  ],
  "trace": "tencentBlock.ns12525.oracleGeneral.zst"
}