{
  "dram_cache_size": 31,
  "flash_cache_size": 3146,
  "results": [
    {
      "hit": 1494310,
      "iteration": 0,
      "metrics": [
        {
          "admission_treshold": 0,
          "algorithm": "dclock",
          "byte_inserted": 931595,
          "byte_miss": 931595,
          "byte_read": 1494310,
          "byte_reinserted": 591144,
          "hit": 1494310,
          "inserted": 931595,
          "layer": 0,
          "miss_ratio": 0.3840195720772248,
          "reinserted": 591144,
          "req": 2425905
        }
      ],
      "miss_ratio": 0.3840195720772248,
      "req": 2425905
    }
  ],
  "trace": "tencentBlock.ns18374.oracleGeneral.zst"
}