{
  "dram_cache_size": 32,
  "flash_cache_size": 3285,
  "results": [
    {
      "hit": 1388982,
      "iteration": 0,
      "metrics": [
        {
          "admission_treshold": 0,
          "algorithm": "d3clock",
          "byte_inserted": 1008586,
          "byte_miss": 1008586,
          "byte_read": 1388982,
          "byte_reinserted": 32308,
          "hit": 1388982,
          "inserted": 1008586,
          "layer": 0,
          "miss_ratio": 0.4206704460519993,
          "reinserted": 32308,
          "req": 2397568
        }
      ],
      "miss_ratio": 0.4206704460519993,
      "req": 2397568
    }
  ],
  "trace": "tencentBlock.ns22822.oracleGeneral.zst"
}