{
  "dram_cache_size": 14,
  "flash_cache_size": 1482,
  "results": [
    {
      "hit": 7768769,
      "iteration": 0,
      "metrics": [
        {
          "admission_treshold": 0,
          "algorithm": "g2clock",
          "byte_inserted": 226219,
          "byte_miss": 226219,
          "byte_read": 7768769,
          "byte_reinserted": 521570,
          "hit": 7768769,
          "inserted": 226219,
          "layer": 0,
          "miss_ratio": 0.028295101881328666,
          "reinserted": 521570,
          "req": 7994988
        }
      ],
      "miss_ratio": 0.028295101881328666,
      "req": 7994988
    }
  ],
  "trace": "cf_allcolo.ns711.oracleGeneral.zst"
}