{
  "dram_cache_size": 11,
  "flash_cache_size": 1156,
  "results": [
    {
      "hit": 1860975,
      "iteration": 0,
      "metrics": [
        {
          "admission_treshold": 0,
          "algorithm": "q3auto",
          "byte_inserted": 539025,
          "byte_miss": 539025,
          "byte_read": 1860975,
          "byte_reinserted": 86326,
          "hit": 1860975,
          "inserted": 539025,
          "layer": 0,
          "miss_ratio": 0.22459375000000004,
          "reinserted": 86326,
          "req": 2400000
        }
      ],
      "miss_ratio": 0.22459375000000004,
      "req": 2400000
    }
  ],
  "trace": "io_traces.ns474.oracleGeneral.zst"
}