{
  "dram_cache_size": 51,
  "flash_cache_size": 5101,
  "results": [
    {
      "hit": 2807589,
      "iteration": 0,
      "metrics": [
        {
          "admission_treshold": 0,
          "algorithm": "dclock",
          "byte_inserted": 1390098,
          "byte_miss": 1390098,
          "byte_read": 2807589,
          "byte_reinserted": 921001,
          "hit": 2807589,
          "inserted": 1390098,
          "layer": 0,
          "miss_ratio": 0.33115808777548206,
          "reinserted": 921001,
          "req": 4197687
        }
      ],
      "miss_ratio": 0.33115808777548206,
      "req": 4197687
    }
  ],
  "trace": "tencentBlock.ns15447.oracleGeneral.zst"
}