{
  "dram_cache_size": 15,
  "flash_cache_size": 1505,
  "results": [
    {
      "hit": 945609,
      "iteration": 0,
      "metrics": [
        {
          "admission_treshold": 0,
          "algorithm": "t3auto",
          "byte_inserted": 640549,
          "byte_miss": 640549,
          "byte_read": 945609,
          "byte_reinserted": 34827,
          "hit": 945609,
          "inserted": 640549,
          "layer": 0,
          "miss_ratio": 0.4038368182740938,
          "reinserted": 34827,
          "req": 1586158
        }
      ],
      "miss_ratio": 0.4038368182740938,
      "req": 1586158
    }
  ],
  "trace": "tencentBlock.ns21298.oracleGeneral.zst"
}