{
  "dram_cache_size": 24,
  "flash_cache_size": 2457,
  "results": [
    {
      "hit": 1957919,
      "iteration": 0,
      "metrics": [
        {
          "admission_treshold": 0,
          "algorithm": "qor-clock",
          "byte_inserted": 721482,
          "byte_miss": 721482,
          "byte_read": 1957919,
          "byte_reinserted": 435269,
          "hit": 1957919,
          "inserted": 721482,
          "layer": 0,
          "miss_ratio": 0.2692698853213834,
          "reinserted": 435269,
          "req": 2679401
        }
      ],
      "miss_ratio": 0.2692698853213834,
      "req": 2679401
    }
  ],
  "trace": "tencentBlock.ns16269.oracleGeneral.zst"
}