{
  "dram_cache_size": 41,
  "flash_cache_size": 4105,
  "results": [
    {
      "hit": 2713417,
      "iteration": 0,
      "metrics": [
        {
          "admission_treshold": 0,
          "algorithm": "gclock",
          "byte_inserted": 1003450,
          "byte_miss": 1003450,
          "byte_read": 2713417,
          "byte_reinserted": 1679330,
          "hit": 2713417,
          "inserted": 1003450,
          "layer": 0,
          "miss_ratio": 0.26997199523146775,
          "reinserted": 1679330,
          "req": 3716867
        }
      ],
      "miss_ratio": 0.26997199523146775,
      "req": 3716867
    }
  ],
  "trace": "tencentBlock.ns13921.oracleGeneral.zst"
}