{
  "dram_cache_size": 35,
  "flash_cache_size": 3507,
  "results": [
    {
      "hit": 2227053,
      "iteration": 0,
      "metrics": [
        {
          "admission_treshold": 0,
          "algorithm": "s3fclock",
          "byte_inserted": 956022,
          "byte_miss": 956022,
          "byte_read": 2227053,
          "byte_reinserted": 302173,
          "hit": 2227053,
          "inserted": 956022,
          "layer": 0,
          "miss_ratio": 0.30034542070168,
          "reinserted": 302173,
          "req": 3183075
        }
      ],
      "miss_ratio": 0.30034542070168,
      "req": 3183075
    }
  ],
  "trace": "tencentBlock.ns22392.oracleGeneral.zst"
}