{
  "dram_cache_size": 8,
  "flash_cache_size": 871,
  "results": [
    {
      "hit": 1992557,
      "iteration": 0,
      "metrics": [
        {
          "admission_treshold": 0,
          "algorithm": "gclock",
          "byte_inserted": 500113,
          "byte_miss": 500113,
          "byte_read": 1992557,
          "byte_reinserted": 87668,
          "hit": 1992557,
          "inserted": 500113,
          "layer": 0,
          "miss_ratio": 0.20063345729679416,
          "reinserted": 87668,
          "req": 2492670
        }
      ],
      "miss_ratio": 0.20063345729679416,
      "req": 2492670
    }
  ],
  "trace": "tencentBlock.ns12015.oracleGeneral.zst"
}