{
  "dram_cache_size": 4,
  "flash_cache_size": 445,
  "results": [
    {
      "hit": 1562907,
      "iteration": 0,
      "metrics": [
        {
          "admission_treshold": 0,
          "algorithm": "q3auto",
          "byte_inserted": 278951,
          "byte_miss": 278951,
          "byte_read": 1562907,
          "byte_reinserted": 90477,
          "hit": 1562907,
          "inserted": 278951,
          "layer": 0,
          "miss_ratio": 0.15145087189131845,
          "reinserted": 90477,
          "req": 1841858
        }
      ],
      "miss_ratio": 0.15145087189131845,
      "req": 1841858
    }
  ],
  "trace": "tencentBlock.ns3600.oracleGeneral.zst"
}