{
  "dram_cache_size": 32,
  "flash_cache_size": 3248,
  "results": [
    {
      "hit": 2596958,
      "iteration": 0,
      "metrics": [
        {
          "admission_treshold": 0,
          "algorithm": "cm-clock",
          "byte_inserted": 900100,
          "byte_miss": 900100,
          "byte_read": 2596958,
          "byte_reinserted": 514962,
          "hit": 2596958,
          "inserted": 900100,
          "layer": 0,
          "miss_ratio": 0.2573877813865255,
          "reinserted": 514962,
          "req": 3497058
        }
      ],
      "miss_ratio": 0.2573877813865255,
      "req": 3497058
    }
  ],
  "trace": "tencentBlock.ns17585.oracleGeneral.zst"
}