{
  "dram_cache_size": 17,
  "flash_cache_size": 1771,
  "results": [
    {
      "hit": 1467018,
      "iteration": 0,
      "metrics": [
        {
          "admission_treshold": 0,
          "algorithm": "g2clock",
          "byte_inserted": 1332982,
          "byte_miss": 1332982,
          "byte_read": 1467018,
          "byte_reinserted": 194987,
          "hit": 1467018,
          "inserted": 1332982,
          "layer": 0,
          "miss_ratio": 0.47606499999999996,
          "reinserted": 194987,
          "req": 2800000
        }
      ],
      "miss_ratio": 0.47606499999999996,
      "req": 2800000
    }
  ],
  "trace": "io_traces.ns325.oracleGeneral.zst"
}