{
  "dram_cache_size": 35,
  "flash_cache_size": 3566,
  "results": [
    {
      "hit": 15478670,
      "iteration": 0,
      "metrics": [
        {
          "admission_treshold": 0,
          "algorithm": "gclock",
          "byte_inserted": 11009458,
          "byte_miss": 11009458,
          "byte_read": 15478670,
          "byte_reinserted": 14600410,
          "hit": 15478670,
          "inserted": 11009458,
          "layer": 0,
          "miss_ratio": 0.41563745086100456,
          "reinserted": 14600410,
          "req": 26488128
        }
      ],
      "miss_ratio": 0.41563745086100456,
      "req": 26488128
    }
  ],
  "trace": "search_signal_embeds_cache.1.oracleGeneral.sample10.zst"
}