{
  "dram_cache_size": 31,
  "flash_cache_size": 3153,
  "results": [
    {
      "hit": 7730902,
      "iteration": 0,
      "metrics": [
        {
          "admission_treshold": 0,
          "algorithm": "sxfifo",
          "byte_inserted": 6454973,
          "byte_miss": 6454973,
          "byte_read": 7730902,
          "byte_reinserted": 994309,
          "hit": 7730902,
          "inserted": 6454973,
          "layer": 0,
          "miss_ratio": 0.4550281882506366,
          "reinserted": 994309,
          "req": 14185875
        }
      ],
      "miss_ratio": 0.4550281882506366,
      "req": 14185875
    }
  ],
  "trace": "tencentBlock.ns14420.oracleGeneral.zst"
}