{
  "dram_cache_size": 93,
  "flash_cache_size": 9361,
  "results": [
    {
      "hit": 3144723,
      "iteration": 0,
      "metrics": [
        {
          "admission_treshold": 0,
          "algorithm": "g2clock",
          "byte_inserted": 3750721,
          "byte_miss": 3750721,
          "byte_read": 3144723,
          "byte_reinserted": 692250,
          "hit": 3144723,
          "inserted": 3750721,
          "layer": 0,
          "miss_ratio": 0.543941912950058,
          "reinserted": 692250,
          "req": 6895444
        }
      ],
      "miss_ratio": 0.543941912950058,
      "req": 6895444
    }
  ],
  "trace": "tencentBlock.ns20320.oracleGeneral.zst"
}