{
  "dram_cache_size": 20,
  "flash_cache_size": 2056,
  "results": [
    {
      "hit": 860947,
      "iteration": 0,
      "metrics": [
        {
          "admission_treshold": 0,
          "algorithm": "d3clock",
          "byte_inserted": 801319,
          "byte_miss": 801319,
          "byte_read": 860947,
          "byte_reinserted": 73223,
          "hit": 860947,
          "inserted": 801319,
          "layer": 0,
          "miss_ratio": 0.4820642424257008,
          "reinserted": 73223,
          "req": 1662266
        }
      ],
      "miss_ratio": 0.4820642424257008,
      "req": 1662266
    }
  ],
  "trace": "tencentBlock.ns22050.oracleGeneral.zst"
}