{
  "dram_cache_size": 23,
  "flash_cache_size": 2374,
  "results": [
    {
      "hit": 694779,
      "iteration": 0,
      "metrics": [
        {
          "admission_treshold": 0,
          "algorithm": "q2auto",
          "byte_inserted": 633768,
          "byte_miss": 633768,
          "byte_read": 694779,
          "byte_reinserted": 17660,
          "hit": 694779,
          "inserted": 633768,
          "layer": 0,
          "miss_ratio": 0.4770384487714774,
          "reinserted": 17660,
          "req": 1328547
        }
      ],
      "miss_ratio": 0.4770384487714774,
      "req": 1328547
    }
  ],
  "trace": "tencentBlock.ns20172.oracleGeneral.zst"
}