{
  "dram_cache_size": 9,
  "flash_cache_size": 987,
  "results": [
    {
      "hit": 1682610,
      "iteration": 0,
      "metrics": [
        {
          "admission_treshold": 0,
          "algorithm": "d3clock",
          "byte_inserted": 482075,
          "byte_miss": 482075,
          "byte_read": 1682610,
          "byte_reinserted": 127865,
          "hit": 1682610,
          "inserted": 482075,
          "layer": 0,
          "miss_ratio": 0.22269983854463815,
          "reinserted": 127865,
          "req": 2164685
        }
      ],
      "miss_ratio": 0.22269983854463815,
      "req": 2164685
    }
  ],
  "trace": "tencentBlock.ns11541.oracleGeneral.zst"
}