{
  "dram_cache_size": 8,
  "flash_cache_size": 887,
  "results": [
    {
      "hit": 2171949,
      "iteration": 0,
      "metrics": [
        {
          "admission_treshold": 0,
          "algorithm": "g2clock",
          "byte_inserted": 299677,
          "byte_miss": 299677,
          "byte_read": 2171949,
          "byte_reinserted": 311720,
          "hit": 2171949,
          "inserted": 299677,
          "layer": 0,
          "miss_ratio": 0.12124690386004999,
          "reinserted": 311720,
          "req": 2471626
        }
      ],
      "miss_ratio": 0.12124690386004999,
      "req": 2471626
    }
  ],
  "trace": "tencentBlock.ns4170.oracleGeneral.zst"
}