{
  "dram_cache_size": 0,
  "flash_cache_size": 45,
  "results": [
    {
      "hit": 95043608,
      "iteration": 0,
      "metrics": [
        {
          "admission_treshold": 0,
          "algorithm": "dclock",
          "byte_inserted": 21963,
          "byte_miss": 21963,
          "byte_read": 95043608,
          "byte_reinserted": 63041,
          "hit": 95043608,
          "inserted": 21963,
          "layer": 0,
          "miss_ratio": 0.00023103001190616368,
          "reinserted": 63041,
          "req": 95065571
        }
      ],
      "miss_ratio": 0.00023103001190616368,
      "req": 95065571
    }
  ],
  "trace": "akamai_lax.ns66.oracleGeneral.bin.zst"
}