{
  "dram_cache_size": 0,
  "flash_cache_size": 34,
  "results": [
    {
      "hit": 869035,
      "iteration": 0,
      "metrics": [
        {
          "admission_treshold": 0,
          "algorithm": "t5auto",
          "byte_inserted": 2000137,
          "byte_miss": 2000137,
          "byte_read": 869035,
          "byte_reinserted": 159698,
          "hit": 869035,
          "inserted": 2000137,
          "layer": 0,
          "miss_ratio": 0.6971129649947789,
          "reinserted": 159698,
          "req": 2869172
        }
      ],
      "miss_ratio": 0.6971129649947789,
      "req": 2869172
    }
  ],
  "trace": "cf_allcolo.ns1928.oracleGeneral.zst"
}