{
  "dram_cache_size": 1,
  "flash_cache_size": 109,
  "results": [
    {
      "hit": 3817991,
      "iteration": 0,
      "metrics": [
        {
          "admission_treshold": 0,
          "algorithm": "q2auto",
          "byte_inserted": 150303,
          "byte_miss": 150303,
          "byte_read": 3817991,
          "byte_reinserted": 369288,
          "hit": 3817991,
          "inserted": 150303,
          "layer": 0,
          "miss_ratio": 0.03787597390717523,
          "reinserted": 369288,
          "req": 3968294
        }
      ],
      "miss_ratio": 0.03787597390717523,
      "req": 3968294
    }
  ],
  "trace": "cf_colo28.ns818.oracleGeneral.zst"
}