{
  "dram_cache_size": 36,
  "flash_cache_size": 3604,
  "results": [
    {
      "hit": 351792,
      "iteration": 0,
      "metrics": [
        {
          "admission_treshold": 0,
          "algorithm": "d3clock",
          "byte_inserted": 655232,
          "byte_miss": 655232,
          "byte_read": 351792,
          "byte_reinserted": 128765,
          "hit": 351792,
          "inserted": 655232,
          "layer": 0,
          "miss_ratio": 0.6506617518549707,
          "reinserted": 128765,
          "req": 1007024
        }
      ],
      "miss_ratio": 0.6506617518549707,
      "req": 1007024
    }
  ],
  "trace": "cf_colo28.ns5205.oracleGeneral.zst"
}