{
  "dram_cache_size": 115810,
  "flash_cache_size": 11581092,
  "results": [
    {
      "hit": 5191292611,
      "iteration": 0,
      "metrics": [
        {
          "admission_treshold": 0,
          "algorithm": "gclock",
          "byte_inserted": 1419028002,
          "byte_miss": 1419028002,
          "byte_read": 5191292611,
          "byte_reinserted": 104545992,
          "hit": 5191292611,
          "inserted": 1419028002,
          "layer": 0,
          "miss_ratio": 0.21466855922378536,
          "reinserted": 104545992,
          "req": 6610320613
        }
      ],
      "miss_ratio": 0.21466855922378536,
      "req": 6610320613
    }
  ],
  "trace": "cluster46.oracleGeneral.zst"
}