{
  "dram_cache_size": 62,
  "flash_cache_size": 6273,
  "results": [
    {
      "hit": 4227777,
      "iteration": 0,
      "metrics": [
        {
          "admission_treshold": 0,
          "algorithm": "gclock",
          "byte_inserted": 3172223,
          "byte_miss": 3172223,
          "byte_read": 4227777,
          "byte_reinserted": 454578,
          "hit": 4227777,
          "inserted": 3172223,
          "layer": 0,
          "miss_ratio": 0.42867878378378377,
          "reinserted": 454578,
          "req": 7400000
        }
      ],
      "miss_ratio": 0.42867878378378377,
      "req": 7400000
    }
  ],
  "trace": "io_traces.ns57.oracleGeneral.zst"
}