{
  "dram_cache_size": 13,
  "flash_cache_size": 1371,
  "results": [
    {
      "hit": 1607251,
      "iteration": 0,
      "metrics": [
        {
          "admission_treshold": 0,
          "algorithm": "qtime-clock",
          "byte_inserted": 992749,
          "byte_miss": 992749,
          "byte_read": 1607251,
          "byte_reinserted": 105451,
          "hit": 1607251,
          "inserted": 992749,
          "layer": 0,
          "miss_ratio": 0.38182653846153847,
          "reinserted": 105451,
          "req": 2600000
        }
      ],
      "miss_ratio": 0.38182653846153847,
      "req": 2600000
    }
  ],
  "trace": "io_traces.ns542.oracleGeneral.zst"
}