{
  "dram_cache_size": 15,
  "flash_cache_size": 1554,
  "results": [
    {
      "hit": 640238,
      "iteration": 0,
      "metrics": [
        {
          "admission_treshold": 0,
          "algorithm": "dclock",
          "byte_inserted": 759448,
          "byte_miss": 759448,
          "byte_read": 640238,
          "byte_reinserted": 79075,
          "hit": 640238,
          "inserted": 759448,
          "layer": 0,
          "miss_ratio": 0.5425845511064624,
          "reinserted": 79075,
          "req": 1399686
        }
      ],
      "miss_ratio": 0.5425845511064624,
      "req": 1399686
    }
  ],
  "trace": "tencentBlock.ns18807.oracleGeneral.zst"
}