{
  "dram_cache_size": 15,
  "flash_cache_size": 1525,
  "results": [
    {
      "hit": 833265,
      "iteration": 0,
      "metrics": [
        {
          "admission_treshold": 0,
          "algorithm": "t3auto",
          "byte_inserted": 704516,
          "byte_miss": 704516,
          "byte_read": 833265,
          "byte_reinserted": 69099,
          "hit": 833265,
          "inserted": 704516,
          "layer": 0,
          "miss_ratio": 0.4581380573696775,
          "reinserted": 69099,
          "req": 1537781
        }
      ],
      "miss_ratio": 0.4581380573696775,
      "req": 1537781
    }
  ],
  "trace": "tencentBlock.ns22029.oracleGeneral.zst"
}