{
  "dram_cache_size": 8,
  "flash_cache_size": 854,
  "results": [
    {
      "hit": 3379814,
      "iteration": 0,
      "metrics": [
        {
          "admission_treshold": 0,
          "algorithm": "q3auto",
          "byte_inserted": 549580,
          "byte_miss": 549580,
          "byte_read": 3379814,
          "byte_reinserted": 226230,
          "hit": 3379814,
          "inserted": 549580,
          "layer": 0,
          "miss_ratio": 0.13986380597109882,
          "reinserted": 226230,
          "req": 3929394
        }
      ],
      "miss_ratio": 0.13986380597109882,
      "req": 3929394
    }
  ],
  "trace": "tencentBlock.ns11139.oracleGeneral.zst"
}