{
  "dram_cache_size": 11,
  "flash_cache_size": 1102,
  "results": [
    {
      "hit": 837484,
      "iteration": 0,
      "metrics": [
        {
          "admission_treshold": 0,
          "algorithm": "sxfifo",
          "byte_inserted": 3202795,
          "byte_miss": 3202795,
          "byte_read": 837484,
          "byte_reinserted": 31098,
          "hit": 837484,
          "inserted": 3202795,
          "layer": 0,
          "miss_ratio": 0.7927162950875422,
          "reinserted": 31098,
          "req": 4040279
        }
      ],
      "miss_ratio": 0.7927162950875422,
      "req": 4040279
    }
  ],
  "trace": "tencentBlock.ns11027.oracleGeneral.zst"
}