{
  "dram_cache_size": 1683,
  "flash_cache_size": 168382,
  "results": [
    {
      "hit": 48632402,
      "iteration": 0,
      "metrics": [
        {
          "admission_treshold": 0,
          "algorithm": "gclock",
          "byte_inserted": 49380763,
          "byte_miss": 49380763,
          "byte_read": 48632402,
          "byte_reinserted": 31693702,
          "hit": 48632402,
          "inserted": 49380763,
          "layer": 0,
          "miss_ratio": 0.5038176555159708,
          "reinserted": 31693702,
          "req": 98013165
        }
      ],
      "miss_ratio": 0.5038176555159708,
      "req": 98013165
    }
  ],
  "trace": "tencentBlock.ns2313.oracleGeneral.zst"
}