{
  "dram_cache_size": 50,
  "flash_cache_size": 5089,
  "results": [
    {
      "hit": 2931717,
      "iteration": 0,
      "metrics": [
        {
          "admission_treshold": 0,
          "algorithm": "gclock",
          "byte_inserted": 1400089,
          "byte_miss": 1400089,
          "byte_read": 2931717,
          "byte_reinserted": 1162857,
          "hit": 2931717,
          "inserted": 1400089,
          "layer": 0,
          "miss_ratio": 0.3232113811190991,
          "reinserted": 1162857,
          "req": 4331806
        }
      ],
      "miss_ratio": 0.3232113811190991,
      "req": 4331806
    }
  ],
  "trace": "tencentBlock.ns13361.oracleGeneral.zst"
}