{
  "dram_cache_size": 21,
  "flash_cache_size": 2128,
  "results": [
    {
      "hit": 806587,
      "iteration": 0,
      "metrics": [
        {
          "admission_treshold": 0,
          "algorithm": "dclock",
          "byte_inserted": 624566,
          "byte_miss": 624566,
          "byte_read": 806587,
          "byte_reinserted": 19238,
          "hit": 806587,
          "inserted": 624566,
          "layer": 0,
          "miss_ratio": 0.43640756788407664,
          "reinserted": 19238,
          "req": 1431153
        }
      ],
      "miss_ratio": 0.43640756788407664,
      "req": 1431153
    }
  ],
  "trace": "tencentBlock.ns20443.oracleGeneral.zst"
}