{
  "dram_cache_size": 16,
  "flash_cache_size": 1678,
  "results": [
    {
      "hit": 3770904,
      "iteration": 0,
      "metrics": [
        {
          "admission_treshold": 0,
          "algorithm": "q3auto",
          "byte_inserted": 599293,
          "byte_miss": 599293,
          "byte_read": 3770904,
          "byte_reinserted": 190455,
          "hit": 3770904,
          "inserted": 599293,
          "layer": 0,
          "miss_ratio": 0.13713180435573047,
          "reinserted": 190455,
          "req": 4370197
        }
      ],
      "miss_ratio": 0.13713180435573047,
      "req": 4370197
    }
  ],
  "trace": "tencentBlock.ns9763.oracleGeneral.zst"
}