{
  "dram_cache_size": 148,
  "flash_cache_size": 14867,
  "results": [
    {
      "hit": 6873262,
      "iteration": 0,
      "metrics": [
        {
          "admission_treshold": 0,
          "algorithm": "q3auto",
          "byte_inserted": 3570474,
          "byte_miss": 3570474,
          "byte_read": 6873262,
          "byte_reinserted": 610030,
          "hit": 6873262,
          "inserted": 3570474,
          "layer": 0,
          "miss_ratio": 0.34187708306682585,
          "reinserted": 610030,
          "req": 10443736
        }
      ],
      "miss_ratio": 0.34187708306682585,
      "req": 10443736
    }
  ],
  "trace": "tencentBlock.ns11887.oracleGeneral.zst"
}