{
  "dram_cache_size": 2,
  "flash_cache_size": 222,
  "results": [
    {
      "hit": 5915143,
      "iteration": 0,
      "metrics": [
        {
          "admission_treshold": 0,
          "algorithm": "gclock",
          "byte_inserted": 6217603,
          "byte_miss": 6217603,
          "byte_read": 5915143,
          "byte_reinserted": 2965868,
          "hit": 5915143,
          "inserted": 6217603,
          "layer": 0,
          "miss_ratio": 0.5124646143585302,
          "reinserted": 2965868,
          "req": 12132746
        }
      ],
      "miss_ratio": 0.5124646143585302,
      "req": 12132746
    }
  ],
  "trace": "akamai_sjc.ns66.oracleGeneral.bin.zst"
}