{
  "dram_cache_size": 15013,
  "flash_cache_size": 1501391,
  "results": [
    {
      "hit": 1263727,
      "iteration": 0,
      "metrics": [
        {
          "admission_treshold": 0,
          "algorithm": "time2-auto",
          "byte_inserted": 19618307701,
          "byte_miss": 19618307701,
          "byte_read": 113001270411,
          "byte_reinserted": 5293165336,
          "hit": 1263727,
          "inserted": 188887,
          "layer": 0,
          "miss_ratio": 0.13003247937855478,
          "reinserted": 44863,
          "req": 1452614
        }
      ],
      "miss_ratio": 0.13003247937855478,
      "req": 1452614
    }
  ],
  "trace": "cf_colo28.ns18.oracleGeneral.zst"
}