{
  "dram_cache_size": 129,
  "flash_cache_size": 12977,
  "results": [
    {
      "hit": 804948197,
      "iteration": 0,
      "metrics": [
        {
          "admission_treshold": 0,
          "algorithm": "dclock",
          "byte_inserted": 119547200,
          "byte_miss": 119547200,
          "byte_read": 804948197,
          "byte_reinserted": 142791687,
          "hit": 804948197,
          "inserted": 119547200,
          "layer": 0,
          "miss_ratio": 0.12931075740120745,
          "reinserted": 142791687,
          "req": 924495397
        }
      ],
      "miss_ratio": 0.12931075740120745,
      "req": 924495397
    }
  ],
  "trace": "geouser_cache.1.oracleGeneral.sample10.zst"
}