{
  "dram_cache_size": 37,
  "flash_cache_size": 3727,
  "results": [
    {
      "hit": 781767,
      "iteration": 0,
      "metrics": [
        {
          "admission_treshold": 0,
          "algorithm": "dclock",
          "byte_inserted": 2075128,
          "byte_miss": 2075128,
          "byte_read": 781767,
          "byte_reinserted": 104539,
          "hit": 781767,
          "inserted": 2075128,
          "layer": 0,
          "miss_ratio": 0.7263578115401511,
          "reinserted": 104539,
          "req": 2856895
        }
      ],
      "miss_ratio": 0.7263578115401511,
      "req": 2856895
    }
  ],
  "trace": "tencentBlock.ns21488.oracleGeneral.zst"
}