{
  "dram_cache_size": 50,
  "flash_cache_size": 5077,
  "results": [
    {
      "hit": 2328440,
      "iteration": 0,
      "metrics": [
        {
          "admission_treshold": 0,
          "algorithm": "g2clock",
          "byte_inserted": 1491933,
          "byte_miss": 1491933,
          "byte_read": 2328440,
          "byte_reinserted": 783962,
          "hit": 2328440,
          "inserted": 1491933,
          "layer": 0,
          "miss_ratio": 0.3905202450127252,
          "reinserted": 783962,
          "req": 3820373
        }
      ],
      "miss_ratio": 0.3905202450127252,
      "req": 3820373
    }
  ],
  "trace": "tencentBlock.ns21896.oracleGeneral.zst"
}