{
  "dram_cache_size": 82,
  "flash_cache_size": 8221,
  "results": [
    {
      "hit": 5683231,
      "iteration": 0,
      "metrics": [
        {
          "admission_treshold": 0,
          "algorithm": "d3clock",
          "byte_inserted": 2465139,
          "byte_miss": 2465139,
          "byte_read": 5683231,
          "byte_reinserted": 1029238,
          "hit": 5683231,
          "inserted": 2465139,
          "layer": 0,
          "miss_ratio": 0.3025315492546362,
          "reinserted": 1029238,
          "req": 8148370
        }
      ],
      "miss_ratio": 0.3025315492546362,
      "req": 8148370
    }
  ],
  "trace": "tencentBlock.ns22828.oracleGeneral.zst"
}