{
  "dram_cache_size": 2449,
  "flash_cache_size": 244984,
  "results": [
    {
      "hit": 1191324410,
      "iteration": 0,
      "metrics": [
        {
          "admission_treshold": 0,
          "algorithm": "dclock",
          "byte_inserted": 124174210,
          "byte_miss": 124174210,
          "byte_read": 1191324410,
          "byte_reinserted": 132007864,
          "hit": 1191324410,
          "inserted": 124174210,
          "layer": 0,
          "miss_ratio": 0.0943932651179824,
          "reinserted": 132007864,
          "req": 1315498620
        }
      ],
      "miss_ratio": 0.0943932651179824,
      "req": 1315498620
    }
  ],
  "trace": "tweetypie_cache.1.oracleGeneral.sample10.zst"
}