{
  "dram_cache_size": 19,
  "flash_cache_size": 1916,
  "results": [
    {
      "hit": 1867220,
      "iteration": 0,
      "metrics": [
        {
          "admission_treshold": 0,
          "algorithm": "q2auto",
          "byte_inserted": 2599983,
          "byte_miss": 2599983,
          "byte_read": 1867220,
          "byte_reinserted": 531549,
          "hit": 1867220,
          "inserted": 2599983,
          "layer": 0,
          "miss_ratio": 0.5820158609313255,
          "reinserted": 531549,
          "req": 4467203
        }
      ],
      "miss_ratio": 0.5820158609313255,
      "req": 4467203
    }
  ],
  "trace": "cf_allcolo.ns378.oracleGeneral.zst"
}