{
  "dram_cache_size": 38,
  "flash_cache_size": 3894,
  "results": [
    {
      "hit": 59526931,
      "iteration": 0,
      "metrics": [
        {
          "admission_treshold": 0,
          "algorithm": "t6auto",
          "byte_inserted": 455162,
          "byte_miss": 455162,
          "byte_read": 59526931,
          "byte_reinserted": 275610,
          "hit": 59526931,
          "inserted": 455162,
          "layer": 0,
          "miss_ratio": 0.0075882980608895645,
          "reinserted": 275610,
          "req": 59982093
        }
      ],
      "miss_ratio": 0.0075882980608895645,
      "req": 59982093
    }
  ],
  "trace": "cf_allcolo.ns134.oracleGeneral.zst"
}