{
  "dram_cache_size": 42,
  "flash_cache_size": 4277,
  "results": [
    {
      "hit": 5226077,
      "iteration": 0,
      "metrics": [
        {
          "admission_treshold": 0,
          "algorithm": "qauto",
          "byte_inserted": 1488228,
          "byte_miss": 1488228,
          "byte_read": 5226077,
          "byte_reinserted": 382538,
          "hit": 5226077,
          "inserted": 1488228,
          "layer": 0,
          "miss_ratio": 0.22165034206816636,
          "reinserted": 382538,
          "req": 6714305
        }
      ],
      "miss_ratio": 0.22165034206816636,
      "req": 6714305
    }
  ],
  "trace": "tencentBlock.ns10883.oracleGeneral.zst"
}