{
  "dram_cache_size": 8,
  "flash_cache_size": 895,
  "results": [
    {
      "hit": 3580307,
      "iteration": 0,
      "metrics": [
        {
          "admission_treshold": 0,
          "algorithm": "qand-clock-v2",
          "byte_inserted": 643072,
          "byte_miss": 643072,
          "byte_read": 3580307,
          "byte_reinserted": 40555,
          "hit": 3580307,
          "inserted": 643072,
          "layer": 0,
          "miss_ratio": 0.15226480976488255,
          "reinserted": 40555,
          "req": 4223379
        }
      ],
      "miss_ratio": 0.15226480976488255,
      "req": 4223379
    }
  ],
  "trace": "tencentBlock.ns5060.oracleGeneral.zst"
}