{
  "dram_cache_size": 89,
  "flash_cache_size": 8968,
  "results": [
    {
      "hit": 4896488,
      "iteration": 0,
      "metrics": [
        {
          "admission_treshold": 0,
          "algorithm": "g2clock",
          "byte_inserted": 3547158,
          "byte_miss": 3547158,
          "byte_read": 4896488,
          "byte_reinserted": 323838,
          "hit": 4896488,
          "inserted": 3547158,
          "layer": 0,
          "miss_ratio": 0.42009790557301907,
          "reinserted": 323838,
          "req": 8443646
        }
      ],
      "miss_ratio": 0.42009790557301907,
      "req": 8443646
    }
  ],
  "trace": "tencentBlock.ns12683.oracleGeneral.zst"
}