{
  "dram_cache_size": 15,
  "flash_cache_size": 1501,
  "results": [
    {
      "hit": 1770337,
      "iteration": 0,
      "metrics": [
        {
          "admission_treshold": 0,
          "algorithm": "t6auto",
          "byte_inserted": 609032,
          "byte_miss": 609032,
          "byte_read": 1770337,
          "byte_reinserted": 113683,
          "hit": 1770337,
          "inserted": 609032,
          "layer": 0,
          "miss_ratio": 0.2559636609538075,
          "reinserted": 113683,
          "req": 2379369
        }
      ],
      "miss_ratio": 0.2559636609538075,
      "req": 2379369
    }
  ],
  "trace": "tencentBlock.ns11627.oracleGeneral.zst"
}