{
  "dram_cache_size": 32,
  "flash_cache_size": 3244,
  "results": [
    {
      "hit": 1998138,
      "iteration": 0,
      "metrics": [
        {
          "admission_treshold": 0,
          "algorithm": "d3clock",
          "byte_inserted": 844710,
          "byte_miss": 844710,
          "byte_read": 1998138,
          "byte_reinserted": 314972,
          "hit": 1998138,
          "inserted": 844710,
          "layer": 0,
          "miss_ratio": 0.2971351264647283,
          "reinserted": 314972,
          "req": 2842848
        }
      ],
      "miss_ratio": 0.2971351264647283,
      "req": 2842848
    }
  ],
  "trace": "tencentBlock.ns19963.oracleGeneral.zst"
}