{
  "dram_cache_size": 27,
  "flash_cache_size": 2780,
  "results": [
    {
      "hit": 9276530,
      "iteration": 0,
      "metrics": [
        {
          "admission_treshold": 0,
          "algorithm": "s3fclock",
          "byte_inserted": 8519617,
          "byte_miss": 8519617,
          "byte_read": 9276530,
          "byte_reinserted": 2356557,
          "hit": 9276530,
          "inserted": 8519617,
          "layer": 0,
          "miss_ratio": 0.47873379557945883,
          "reinserted": 2356557,
          "req": 17796147
        }
      ],
      "miss_ratio": 0.47873379557945883,
      "req": 17796147
    }
  ],
  "trace": "cf_allcolo.ns1189.oracleGeneral.zst"
}