{
  "dram_cache_size": 5,
  "flash_cache_size": 593,
  "results": [
    {
      "hit": 570507,
      "iteration": 0,
      "metrics": [
        {
          "admission_treshold": 0,
          "algorithm": "time2-auto",
          "byte_inserted": 811897,
          "byte_miss": 811897,
          "byte_read": 570507,
          "byte_reinserted": 223785,
          "hit": 570507,
          "inserted": 811897,
          "layer": 0,
          "miss_ratio": 0.5873080517706835,
          "reinserted": 223785,
          "req": 1382404
        }
      ],
      "miss_ratio": 0.5873080517706835,
      "req": 1382404
    }
  ],
  "trace": "cf_colo28.ns2675.oracleGeneral.zst"
}