{
  "dram_cache_size": 18,
  "flash_cache_size": 1820,
  "results": [
    {
      "hit": 762693,
      "iteration": 0,
      "metrics": [
        {
          "admission_treshold": 0,
          "algorithm": "g2clock",
          "byte_inserted": 1837307,
          "byte_miss": 1837307,
          "byte_read": 762693,
          "byte_reinserted": 245785,
          "hit": 762693,
          "inserted": 1837307,
          "layer": 0,
          "miss_ratio": 0.7066565384615384,
          "reinserted": 245785,
          "req": 2600000
        }
      ],
      "miss_ratio": 0.7066565384615384,
      "req": 2600000
    }
  ],
  "trace": "io_traces.ns595.oracleGeneral.zst"
}