{
  "dram_cache_size": 82,
  "flash_cache_size": 8273,
  "results": [
    {
      "hit": 9249230,
      "iteration": 0,
      "metrics": [
        {
          "admission_treshold": 0,
          "algorithm": "d3clock",
          "byte_inserted": 2550770,
          "byte_miss": 2550770,
          "byte_read": 9249230,
          "byte_reinserted": 1732079,
          "hit": 9249230,
          "inserted": 2550770,
          "layer": 0,
          "miss_ratio": 0.21616694915254242,
          "reinserted": 1732079,
          "req": 11800000
        }
      ],
      "miss_ratio": 0.21616694915254242,
      "req": 11800000
    }
  ],
  "trace": "io_traces.ns627.oracleGeneral.zst"
}