{
  "dram_cache_size": 10,
  "flash_cache_size": 1063,
  "results": [
    {
      "hit": 2194784,
      "iteration": 0,
      "metrics": [
        {
          "admission_treshold": 0,
          "algorithm": "s3fclock-sequential",
          "byte_inserted": 1470485,
          "byte_miss": 1470485,
          "byte_read": 2194784,
          "byte_reinserted": 773430,
          "hit": 2194784,
          "inserted": 1470485,
          "layer": 0,
          "miss_ratio": 0.40119429160588216,
          "reinserted": 773430,
          "req": 3665269
        }
      ],
      "miss_ratio": 0.40119429160588216,
      "req": 3665269
    }
  ],
  "trace": "tencentBlock.ns12257.oracleGeneral.zst"
}