{
  "dram_cache_size": 10,
  "flash_cache_size": 1020,
  "results": [
    {
      "hit": 1662291,
      "iteration": 0,
      "metrics": [
        {
          "admission_treshold": 0,
          "algorithm": "d3clock",
          "byte_inserted": 664021,
          "byte_miss": 664021,
          "byte_read": 1662291,
          "byte_reinserted": 379953,
          "hit": 1662291,
          "inserted": 664021,
          "layer": 0,
          "miss_ratio": 0.2854393563718023,
          "reinserted": 379953,
          "req": 2326312
        }
      ],
      "miss_ratio": 0.2854393563718023,
      "req": 2326312
    }
  ],
  "trace": "tencentBlock.ns19138.oracleGeneral.zst"
}