{
  "dram_cache_size": 11,
  "flash_cache_size": 1104,
  "results": [
    {
      "hit": 1406252,
      "iteration": 0,
      "metrics": [
        {
          "admission_treshold": 0,
          "algorithm": "q2auto",
          "byte_inserted": 2019853,
          "byte_miss": 2019853,
          "byte_read": 1406252,
          "byte_reinserted": 77192,
          "hit": 1406252,
          "inserted": 2019853,
          "layer": 0,
          "miss_ratio": 0.5895478976855641,
          "reinserted": 77192,
          "req": 3426105
        }
      ],
      "miss_ratio": 0.5895478976855641,
      "req": 3426105
    }
  ],
  "trace": "tencentBlock.ns9397.oracleGeneral.zst"
}