{
  "dram_cache_size": 25,
  "flash_cache_size": 2556,
  "results": [
    {
      "hit": 1038786,
      "iteration": 0,
      "metrics": [
        {
          "admission_treshold": 0,
          "algorithm": "g2clock",
          "byte_inserted": 854078,
          "byte_miss": 854078,
          "byte_read": 1038786,
          "byte_reinserted": 208694,
          "hit": 1038786,
          "inserted": 854078,
          "layer": 0,
          "miss_ratio": 0.45120938429807955,
          "reinserted": 208694,
          "req": 1892864
        }
      ],
      "miss_ratio": 0.45120938429807955,
      "req": 1892864
    }
  ],
  "trace": "tencentBlock.ns19886.oracleGeneral.zst"
}