{
  "dram_cache_size": 69,
  "flash_cache_size": 6913,
  "results": [
    {
      "hit": 3882053,
      "iteration": 0,
      "metrics": [
        {
          "admission_treshold": 0,
          "algorithm": "gclock",
          "byte_inserted": 2547009,
          "byte_miss": 2547009,
          "byte_read": 3882053,
          "byte_reinserted": 780270,
          "hit": 3882053,
          "inserted": 2547009,
          "layer": 0,
          "miss_ratio": 0.39617116773799976,
          "reinserted": 780270,
          "req": 6429062
        }
      ],
      "miss_ratio": 0.39617116773799976,
      "req": 6429062
    }
  ],
  "trace": "tencentBlock.ns23519.oracleGeneral.zst"
}