{
  "dram_cache_size": 26,
  "flash_cache_size": 2679,
  "results": [
    {
      "hit": 1315932,
      "iteration": 0,
      "metrics": [
        {
          "admission_treshold": 0,
          "algorithm": "s3fclock-sequential",
          "byte_inserted": 864841,
          "byte_miss": 864841,
          "byte_read": 1315932,
          "byte_reinserted": 29322,
          "hit": 1315932,
          "inserted": 864841,
          "layer": 0,
          "miss_ratio": 0.39657543449043064,
          "reinserted": 29322,
          "req": 2180773
        }
      ],
      "miss_ratio": 0.39657543449043064,
      "req": 2180773
    }
  ],
  "trace": "tencentBlock.ns17073.oracleGeneral.zst"
}