{
  "dram_cache_size": 38,
  "flash_cache_size": 3803,
  "results": [
    {
      "hit": 2829921,
      "iteration": 0,
      "metrics": [
        {
          "admission_treshold": 0,
          "algorithm": "dclock",
          "byte_inserted": 3068869,
          "byte_miss": 3068869,
          "byte_read": 2829921,
          "byte_reinserted": 508558,
          "hit": 2829921,
          "inserted": 3068869,
          "layer": 0,
          "miss_ratio": 0.5202539842916938,
          "reinserted": 508558,
          "req": 5898790
        }
      ],
      "miss_ratio": 0.5202539842916938,
      "req": 5898790
    }
  ],
  "trace": "tencentBlock.ns2846.oracleGeneral.zst"
}