{
  "dram_cache_size": 35,
  "flash_cache_size": 3558,
  "results": [
    {
      "hit": 1378513,
      "iteration": 0,
      "metrics": [
        {
          "admission_treshold": 0,
          "algorithm": "d3clock",
          "byte_inserted": 1051991,
          "byte_miss": 1051991,
          "byte_read": 1378513,
          "byte_reinserted": 213288,
          "hit": 1378513,
          "inserted": 1051991,
          "layer": 0,
          "miss_ratio": 0.4328283351930299,
          "reinserted": 213288,
          "req": 2430504
        }
      ],
      "miss_ratio": 0.4328283351930299,
      "req": 2430504
    }
  ],
  "trace": "tencentBlock.ns20124.oracleGeneral.zst"
}