{
  "dram_cache_size": 11,
  "flash_cache_size": 1123,
  "results": [
    {
      "hit": 337805133,
      "iteration": 0,
      "metrics": [
        {
          "admission_treshold": 0,
          "algorithm": "time2-auto",
          "byte_inserted": 134331604,
          "byte_miss": 134331604,
          "byte_read": 337805133,
          "byte_reinserted": 53904253,
          "hit": 337805133,
          "inserted": 134331604,
          "layer": 0,
          "miss_ratio": 0.28451843178642544,
          "reinserted": 53904253,
          "req": 472136737
        }
      ],
      "miss_ratio": 0.28451843178642544,
      "req": 472136737
    }
  ],
  "trace": "timelines_author_features_cache.0.oracleGeneral.sample10.zst"
}