{
  "dram_cache_size": 0,
  "flash_cache_size": 10,
  "results": [
    {
      "hit": 101484955,
      "iteration": 0,
      "metrics": [
        {
          "admission_treshold": 0,
          "algorithm": "gclock",
          "byte_inserted": 10126051,
          "byte_miss": 10126051,
          "byte_read": 101484955,
          "byte_reinserted": 1042352,
          "hit": 101484955,
          "inserted": 10126051,
          "layer": 0,
          "miss_ratio": 0.0907262765824367,
          "reinserted": 1042352,
          "req": 111611006
        }
      ],
      "miss_ratio": 0.0907262765824367,
      "req": 111611006
    }
  ],
  "trace": "cf_colo28.ns66.oracleGeneral.zst"
}