{
  "dram_cache_size": 3,
  "flash_cache_size": 365,
  "results": [
    {
      "hit": 374791,
      "iteration": 0,
      "metrics": [
        {
          "admission_treshold": 0,
          "algorithm": "g2clock",
          "byte_inserted": 4942044,
          "byte_miss": 4942044,
          "byte_read": 374791,
          "byte_reinserted": 280015,
          "hit": 374791,
          "inserted": 4942044,
          "layer": 0,
          "miss_ratio": 0.9295086268428492,
          "reinserted": 280015,
          "req": 5316835
        }
      ],
      "miss_ratio": 0.9295086268428492,
      "req": 5316835
    }
  ],
  "trace": "cf_colo28.ns17.oracleGeneral.zst"
}