{
  "dram_cache_size": 1471,
  "flash_cache_size": 147179,
  "results": [
    {
      "hit": 39680916,
      "iteration": 0,
      "metrics": [
        {
          "admission_treshold": 0,
          "algorithm": "g2clock",
          "byte_inserted": 17919084,
          "byte_miss": 17919084,
          "byte_read": 39680916,
          "byte_reinserted": 3932633,
          "hit": 39680916,
          "inserted": 17919084,
          "layer": 0,
          "miss_ratio": 0.3110952083333334,
          "reinserted": 3932633,
          "req": 57600000
        }
      ],
      "miss_ratio": 0.3110952083333334,
      "req": 57600000
    }
  ],
  "trace": "io_traces.ns631.oracleGeneral.zst"
}