{
  "dram_cache_size": 5653,
  "flash_cache_size": 565316,
  "results": [
    {
      "hit": 197382514,
      "iteration": 0,
      "metrics": [
        {
          "admission_treshold": 0,
          "algorithm": "g2clock",
          "byte_inserted": 146617486,
          "byte_miss": 146617486,
          "byte_read": 197382514,
          "byte_reinserted": 28856638,
          "hit": 197382514,
          "inserted": 146617486,
          "layer": 0,
          "miss_ratio": 0.42621362209302327,
          "reinserted": 28856638,
          "req": 344000000
        }
      ],
      "miss_ratio": 0.42621362209302327,
      "req": 344000000
    }
  ],
  "trace": "io_traces.ns107.oracleGeneral.zst"
}