{
  "dram_cache_size": 12,
  "flash_cache_size": 1286,
  "results": [
    {
      "hit": 2566036,
      "iteration": 0,
      "metrics": [
        {
          "admission_treshold": 0,
          "algorithm": "gclock",
          "byte_inserted": 864309,
          "byte_miss": 864309,
          "byte_read": 2566036,
          "byte_reinserted": 224971,
          "hit": 2566036,
          "inserted": 864309,
          "layer": 0,
          "miss_ratio": 0.2519597883011767,
          "reinserted": 224971,
          "req": 3430345
        }
      ],
      "miss_ratio": 0.2519597883011767,
      "req": 3430345
    }
  ],
  "trace": "tencentBlock.ns5274.oracleGeneral.zst"
}