{
  "dram_cache_size": 13,
  "flash_cache_size": 1315,
  "results": [
    {
      "hit": 3283116,
      "iteration": 0,
      "metrics": [
        {
          "admission_treshold": 0,
          "algorithm": "qtime-clock",
          "byte_inserted": 1568329,
          "byte_miss": 1568329,
          "byte_read": 3283116,
          "byte_reinserted": 289564,
          "hit": 3283116,
          "inserted": 1568329,
          "layer": 0,
          "miss_ratio": 0.323270489513949,
          "reinserted": 289564,
          "req": 4851445
        }
      ],
      "miss_ratio": 0.323270489513949,
      "req": 4851445
    }
  ],
  "trace": "tencentBlock.ns4775.oracleGeneral.zst"
}