{
  "dram_cache_size": 776608,
  "flash_cache_size": 77660896,
  "results": [
    {
      "hit": 1673305,
      "iteration": 0,
      "metrics": [
        {
          "admission_treshold": 0,
          "algorithm": "qauto",
          "byte_inserted": 26955513856,
          "byte_miss": 26955513856,
          "byte_read": 20081836032,
          "byte_reinserted": 3711807488,
          "hit": 1673305,
          "inserted": 1959722,
          "layer": 0,
          "miss_ratio": 0.5394185069365023,
          "reinserted": 410474,
          "req": 3633027
        }
      ],
      "miss_ratio": 0.5394185069365023,
      "req": 3633027
    }
  ],
  "trace": "tencentBlock.ns16632.oracleGeneral.zst"
}