{
  "dram_cache_size": 29,
  "flash_cache_size": 2999,
  "results": [
    {
      "hit": 6032828,
      "iteration": 0,
      "metrics": [
        {
          "admission_treshold": 0,
          "algorithm": "dclock",
          "byte_inserted": 1053093,
          "byte_miss": 1053093,
          "byte_read": 6032828,
          "byte_reinserted": 662637,
          "hit": 6032828,
          "inserted": 1053093,
          "layer": 0,
          "miss_ratio": 0.1486176602872089,
          "reinserted": 662637,
          "req": 7085921
        }
      ],
      "miss_ratio": 0.1486176602872089,
      "req": 7085921
    }
  ],
  "trace": "tencentBlock.ns21421.oracleGeneral.zst"
}