{
  "dram_cache_size": 18,
  "flash_cache_size": 1894,
  "results": [
    {
      "hit": 1469857,
      "iteration": 0,
      "metrics": [
        {
          "admission_treshold": 0,
          "algorithm": "gclock",
          "byte_inserted": 744994,
          "byte_miss": 744994,
          "byte_read": 1469857,
          "byte_reinserted": 26007,
          "hit": 1469857,
          "inserted": 744994,
          "layer": 0,
          "miss_ratio": 0.33636303299860804,
          "reinserted": 26007,
          "req": 2214851
        }
      ],
      "miss_ratio": 0.33636303299860804,
      "req": 2214851
    }
  ],
  "trace": "tencentBlock.ns16450.oracleGeneral.zst"
}