{
  "dram_cache_size": 4,
  "flash_cache_size": 423,
  "results": [
    {
      "hit": 16750798,
      "iteration": 0,
      "metrics": [
        {
          "admission_treshold": 0,
          "algorithm": "gclock",
          "byte_inserted": 61685,
          "byte_miss": 61685,
          "byte_read": 16750798,
          "byte_reinserted": 15730,
          "hit": 16750798,
          "inserted": 61685,
          "layer": 0,
          "miss_ratio": 0.003668999992446076,
          "reinserted": 15730,
          "req": 16812483
        }
      ],
      "miss_ratio": 0.003668999992446076,
      "req": 16812483
    }
  ],
  "trace": "cf_allcolo.ns2339.oracleGeneral.zst"
}