{
  "dram_cache_size": 240,
  "flash_cache_size": 24004,
  "results": [
    {
      "hit": 16407344,
      "iteration": 0,
      "metrics": [
        {
          "admission_treshold": 0,
          "algorithm": "tauto",
          "byte_inserted": 2519038,
          "byte_miss": 2519038,
          "byte_read": 16407344,
          "byte_reinserted": 45177,
          "hit": 16407344,
          "inserted": 2519038,
          "layer": 0,
          "miss_ratio": 0.1330966478432064,
          "reinserted": 45177,
          "req": 18926382
        }
      ],
      "miss_ratio": 0.1330966478432064,
      "req": 18926382
    }
  ],
  "trace": "cf_allcolo.ns956.oracleGeneral.zst"
}