{
  "dram_cache_size": 61,
  "flash_cache_size": 6129,
  "results": [
    {
      "hit": 747103,
      "iteration": 0,
      "metrics": [
        {
          "admission_treshold": 0,
          "algorithm": "time-auto",
          "byte_inserted": 48897606251,
          "byte_miss": 48897606251,
          "byte_read": 1262445288,
          "byte_reinserted": 256381176,
          "hit": 747103,
          "inserted": 1293647,
          "layer": 0,
          "miss_ratio": 0.6339076319980399,
          "reinserted": 87392,
          "req": 2040750
        }
      ],
      "miss_ratio": 0.6339076319980399,
      "req": 2040750
    }
  ],
  "trace": "cf_colo28.ns1146.oracleGeneral.zst"
}