{
  "dram_cache_size": 105,
  "flash_cache_size": 10555,
  "results": [
    {
      "hit": 250417385,
      "iteration": 0,
      "metrics": [
        {
          "admission_treshold": 0,
          "algorithm": "g2clock",
          "byte_inserted": 23333595,
          "byte_miss": 23333595,
          "byte_read": 250417385,
          "byte_reinserted": 23970635,
          "hit": 250417385,
          "inserted": 23333595,
          "layer": 0,
          "miss_ratio": 0.08523657157318665,
          "reinserted": 23970635,
          "req": 273750980
        }
      ],
      "miss_ratio": 0.08523657157318665,
      "req": 273750980
    }
  ],
  "trace": "publisher_insights_followers_cache.0.oracleGeneral.sample10.zst"
}