{
  "dram_cache_size": 217,
  "flash_cache_size": 21763,
  "results": [
    {
      "hit": 24464672,
      "iteration": 0,
      "metrics": [
        {
          "admission_treshold": 0,
          "algorithm": "t7auto",
          "byte_inserted": 36274296,
          "byte_miss": 36274296,
          "byte_read": 24464672,
          "byte_reinserted": 7915889,
          "hit": 24464672,
          "inserted": 36274296,
          "layer": 0,
          "miss_ratio": 0.5972162055832098,
          "reinserted": 7915889,
          "req": 60738968
        }
      ],
      "miss_ratio": 0.5972162055832098,
      "req": 60738968
    }
  ],
  "trace": "tencentBlock.ns15804.oracleGeneral.zst"
}