{
  "dram_cache_size": 2017524,
  "flash_cache_size": 201752448,
  "results": [
    {
      "hit": 7250328,
      "iteration": 0,
      "metrics": [
        {
          "admission_treshold": 0,
          "algorithm": "qauto",
          "byte_inserted": 51997782016,
          "byte_miss": 51997782016,
          "byte_read": 103630839808,
          "byte_reinserted": 14891896832,
          "hit": 7250328,
          "inserted": 2484344,
          "layer": 0,
          "miss_ratio": 0.25520572239105743,
          "reinserted": 862372,
          "req": 9734672
        }
      ],
      "miss_ratio": 0.25520572239105743,
      "req": 9734672
    }
  ],
  "trace": "tencentBlock.ns2878.oracleGeneral.zst"
}