{
  "dram_cache_size": 71,
  "flash_cache_size": 7129,
  "results": [
    {
      "hit": 2547007,
      "iteration": 0,
      "metrics": [
        {
          "admission_treshold": 0,
          "algorithm": "d3clock",
          "byte_inserted": 1545909,
          "byte_miss": 1545909,
          "byte_read": 2547007,
          "byte_reinserted": 328955,
          "hit": 2547007,
          "inserted": 1545909,
          "layer": 0,
          "miss_ratio": 0.3777035736868286,
          "reinserted": 328955,
          "req": 4092916
        }
      ],
      "miss_ratio": 0.3777035736868286,
      "req": 4092916
    }
  ],
  "trace": "tencentBlock.ns1449.oracleGeneral.zst"
}