{
  "dram_cache_size": 12,
  "flash_cache_size": 1225,
  "results": [
    {
      "hit": 1652340,
      "iteration": 0,
      "metrics": [
        {
          "admission_treshold": 0,
          "algorithm": "d3clock",
          "byte_inserted": 654623,
          "byte_miss": 654623,
          "byte_read": 1652340,
          "byte_reinserted": 215795,
          "hit": 1652340,
          "inserted": 654623,
          "layer": 0,
          "miss_ratio": 0.28375964417288013,
          "reinserted": 215795,
          "req": 2306963
        }
      ],
      "miss_ratio": 0.28375964417288013,
      "req": 2306963
    }
  ],
  "trace": "tencentBlock.ns8247.oracleGeneral.zst"
}