{
  "dram_cache_size": 16,
  "flash_cache_size": 1642,
  "results": [
    {
      "hit": 1193777,
      "iteration": 0,
      "metrics": [
        {
          "admission_treshold": 0,
          "algorithm": "s3fclock",
          "byte_inserted": 594428,
          "byte_miss": 594428,
          "byte_read": 1193777,
          "byte_reinserted": 20369,
          "hit": 1193777,
          "inserted": 594428,
          "layer": 0,
          "miss_ratio": 0.33241602612675836,
          "reinserted": 20369,
          "req": 1788205
        }
      ],
      "miss_ratio": 0.33241602612675836,
      "req": 1788205
    }
  ],
  "trace": "tencentBlock.ns19793.oracleGeneral.zst"
}