{
  "dram_cache_size": 12,
  "flash_cache_size": 1253,
  "results": [
    {
      "hit": 995839,
      "iteration": 0,
      "metrics": [
        {
          "admission_treshold": 0,
          "algorithm": "q3auto",
          "byte_inserted": 311634,
          "byte_miss": 311634,
          "byte_read": 995839,
          "byte_reinserted": 33242,
          "hit": 995839,
          "inserted": 311634,
          "layer": 0,
          "miss_ratio": 0.23834832535738792,
          "reinserted": 33242,
          "req": 1307473
        }
      ],
      "miss_ratio": 0.23834832535738792,
      "req": 1307473
    }
  ],
  "trace": "tencentBlock.ns19677.oracleGeneral.zst"
}