{
  "dram_cache_size": 18,
  "flash_cache_size": 1878,
  "results": [
    {
      "hit": 1277597,
      "iteration": 0,
      "metrics": [
        {
          "admission_treshold": 0,
          "algorithm": "gclock",
          "byte_inserted": 956133,
          "byte_miss": 956133,
          "byte_read": 1277597,
          "byte_reinserted": 92507,
          "hit": 1277597,
          "inserted": 956133,
          "layer": 0,
          "miss_ratio": 0.42804322814306117,
          "reinserted": 92507,
          "req": 2233730
        }
      ],
      "miss_ratio": 0.42804322814306117,
      "req": 2233730
    }
  ],
  "trace": "tencentBlock.ns11054.oracleGeneral.zst"
}