{
  "dram_cache_size": 10,
  "flash_cache_size": 1076,
  "results": [
    {
      "hit": 1743517,
      "iteration": 0,
      "metrics": [
        {
          "admission_treshold": 0,
          "algorithm": "s3fclock",
          "byte_inserted": 546334,
          "byte_miss": 546334,
          "byte_read": 1743517,
          "byte_reinserted": 63568,
          "hit": 1743517,
          "inserted": 546334,
          "layer": 0,
          "miss_ratio": 0.23858932306075809,
          "reinserted": 63568,
          "req": 2289851
        }
      ],
      "miss_ratio": 0.23858932306075809,
      "req": 2289851
    }
  ],
  "trace": "tencentBlock.ns20856.oracleGeneral.zst"
}