{
  "dram_cache_size": 49,
  "flash_cache_size": 4955,
  "results": [
    {
      "hit": 3618670,
      "iteration": 0,
      "metrics": [
        {
          "admission_treshold": 0,
          "algorithm": "gclock",
          "byte_inserted": 1754431,
          "byte_miss": 1754431,
          "byte_read": 3618670,
          "byte_reinserted": 540795,
          "hit": 3618670,
          "inserted": 1754431,
          "layer": 0,
          "miss_ratio": 0.32652112811577527,
          "reinserted": 540795,
          "req": 5373101
        }
      ],
      "miss_ratio": 0.32652112811577527,
      "req": 5373101
    }
  ],
  "trace": "tencentBlock.ns2363.oracleGeneral.zst"
}