{
  "dram_cache_size": 66,
  "flash_cache_size": 6675,
  "results": [
    {
      "hit": 54730287,
      "iteration": 0,
      "metrics": [
        {
          "admission_treshold": 0,
          "algorithm": "qtime-clock",
          "byte_inserted": 672607,
          "byte_miss": 672607,
          "byte_read": 54730287,
          "byte_reinserted": 188524,
          "hit": 54730287,
          "inserted": 672607,
          "layer": 0,
          "miss_ratio": 0.01214028639009368,
          "reinserted": 188524,
          "req": 55402894
        }
      ],
      "miss_ratio": 0.01214028639009368,
      "req": 55402894
    }
  ],
  "trace": "cf_allcolo.ns417.oracleGeneral.zst"
}