{
  "dram_cache_size": 73,
  "flash_cache_size": 7350,
  "results": [
    {
      "hit": 10199105,
      "iteration": 0,
      "metrics": [
        {
          "admission_treshold": 0,
          "algorithm": "dclock",
          "byte_inserted": 1600895,
          "byte_miss": 1600895,
          "byte_read": 10199105,
          "byte_reinserted": 599487,
          "hit": 10199105,
          "inserted": 1600895,
          "layer": 0,
          "miss_ratio": 0.13566906779661014,
          "reinserted": 599487,
          "req": 11800000
        }
      ],
      "miss_ratio": 0.13566906779661014,
      "req": 11800000
    }
  ],
  "trace": "io_traces.ns222.oracleGeneral.zst"
}