{
  "dram_cache_size": 19,
  "flash_cache_size": 1998,
  "results": [
    {
      "hit": 906807,
      "iteration": 0,
      "metrics": [
        {
          "admission_treshold": 0,
          "algorithm": "dclock",
          "byte_inserted": 711823,
          "byte_miss": 711823,
          "byte_read": 906807,
          "byte_reinserted": 63822,
          "hit": 906807,
          "inserted": 711823,
          "layer": 0,
          "miss_ratio": 0.43976881683893165,
          "reinserted": 63822,
          "req": 1618630
        }
      ],
      "miss_ratio": 0.43976881683893165,
      "req": 1618630
    }
  ],
  "trace": "tencentBlock.ns15902.oracleGeneral.zst"
}