{
  "dram_cache_size": 21,
  "flash_cache_size": 2103,
  "results": [
    {
      "hit": 771169,
      "iteration": 0,
      "metrics": [
        {
          "admission_treshold": 0,
          "algorithm": "d3clock",
          "byte_inserted": 458098,
          "byte_miss": 458098,
          "byte_read": 771169,
          "byte_reinserted": 32602,
          "hit": 771169,
          "inserted": 458098,
          "layer": 0,
          "miss_ratio": 0.3726594791855634,
          "reinserted": 32602,
          "req": 1229267
        }
      ],
      "miss_ratio": 0.3726594791855634,
      "req": 1229267
    }
  ],
  "trace": "tencentBlock.ns22672.oracleGeneral.zst"
}