{
  "dram_cache_size": 15,
  "flash_cache_size": 1576,
  "results": [
    {
      "hit": 3848109,
      "iteration": 0,
      "metrics": [
        {
          "admission_treshold": 0,
          "algorithm": "q2auto",
          "byte_inserted": 970236,
          "byte_miss": 970236,
          "byte_read": 3848109,
          "byte_reinserted": 306547,
          "hit": 3848109,
          "inserted": 970236,
          "layer": 0,
          "miss_ratio": 0.2013629161050111,
          "reinserted": 306547,
          "req": 4818345
        }
      ],
      "miss_ratio": 0.2013629161050111,
      "req": 4818345
    }
  ],
  "trace": "tencentBlock.ns4892.oracleGeneral.zst"
}