{
  "dram_cache_size": 20,
  "flash_cache_size": 2055,
  "results": [
    {
      "hit": 1119278,
      "iteration": 0,
      "metrics": [
        {
          "admission_treshold": 0,
          "algorithm": "clock",
          "byte_inserted": 753687,
          "byte_miss": 753687,
          "byte_read": 1119278,
          "byte_reinserted": 336523,
          "hit": 1119278,
          "inserted": 753687,
          "layer": 0,
          "miss_ratio": 0.40240314154295465,
          "reinserted": 336523,
          "req": 1872965
        }
      ],
      "miss_ratio": 0.40240314154295465,
      "req": 1872965
    }
  ],
  "trace": "tencentBlock.ns22139.oracleGeneral.zst"
}