{
  "dram_cache_size": 48,
  "flash_cache_size": 4894,
  "results": [
    {
      "hit": 1634979,
      "iteration": 0,
      "metrics": [
        {
          "admission_treshold": 0,
          "algorithm": "s3fclock",
          "byte_inserted": 1115787,
          "byte_miss": 1115787,
          "byte_read": 1634979,
          "byte_reinserted": 15862,
          "hit": 1634979,
          "inserted": 1115787,
          "layer": 0,
          "miss_ratio": 0.4056277415090924,
          "reinserted": 15862,
          "req": 2750766
        }
      ],
      "miss_ratio": 0.4056277415090924,
      "req": 2750766
    }
  ],
  "trace": "tencentBlock.ns2863.oracleGeneral.zst"
}