{
  "dram_cache_size": 30,
  "flash_cache_size": 3047,
  "results": [
    {
      "hit": 1960095,
      "iteration": 0,
      "metrics": [
        {
          "admission_treshold": 0,
          "algorithm": "g2clock",
          "byte_inserted": 907831,
          "byte_miss": 907831,
          "byte_read": 1960095,
          "byte_reinserted": 38969,
          "hit": 1960095,
          "inserted": 907831,
          "layer": 0,
          "miss_ratio": 0.31654617308814803,
          "reinserted": 38969,
          "req": 2867926
        }
      ],
      "miss_ratio": 0.31654617308814803,
      "req": 2867926
    }
  ],
  "trace": "tencentBlock.ns14549.oracleGeneral.zst"
}