{
  "dram_cache_size": 665,
  "flash_cache_size": 66550,
  "results": [
    {
      "hit": 62397579,
      "iteration": 0,
      "metrics": [
        {
          "admission_treshold": 0,
          "algorithm": "dclock",
          "byte_inserted": 39286426,
          "byte_miss": 39286426,
          "byte_read": 62397579,
          "byte_reinserted": 10549488,
          "hit": 62397579,
          "inserted": 39286426,
          "layer": 0,
          "miss_ratio": 0.3863579724264401,
          "reinserted": 10549488,
          "req": 101684005
        }
      ],
      "miss_ratio": 0.3863579724264401,
      "req": 101684005
    }
  ],
  "trace": "tencentBlock.ns5592.oracleGeneral.zst"
}