{
  "dram_cache_size": 55,
  "flash_cache_size": 5571,
  "results": [
    {
      "hit": 2877735,
      "iteration": 0,
      "metrics": [
        {
          "admission_treshold": 0,
          "algorithm": "q-clock",
          "byte_inserted": 1410241,
          "byte_miss": 1410241,
          "byte_read": 2877735,
          "byte_reinserted": 367643,
          "hit": 2877735,
          "inserted": 1410241,
          "layer": 0,
          "miss_ratio": 0.3288826709850988,
          "reinserted": 367643,
          "req": 4287976
        }
      ],
      "miss_ratio": 0.3288826709850988,
      "req": 4287976
    }
  ],
  "trace": "tencentBlock.ns22481.oracleGeneral.zst"
}