{
  "dram_cache_size": 38,
  "flash_cache_size": 3809,
  "results": [
    {
      "hit": 4040878,
      "iteration": 0,
      "metrics": [
        {
          "admission_treshold": 0,
          "algorithm": "time3-auto",
          "byte_inserted": 2265716,
          "byte_miss": 2265716,
          "byte_read": 4040878,
          "byte_reinserted": 555199,
          "hit": 4040878,
          "inserted": 2265716,
          "layer": 0,
          "miss_ratio": 0.3592614333505534,
          "reinserted": 555199,
          "req": 6306594
        }
      ],
      "miss_ratio": 0.3592614333505534,
      "req": 6306594
    }
  ],
  "trace": "tencentBlock.ns14234.oracleGeneral.zst"
}