{
  "dram_cache_size": 18,
  "flash_cache_size": 1867,
  "results": [
    {
      "hit": 652292,
      "iteration": 0,
      "metrics": [
        {
          "admission_treshold": 0,
          "algorithm": "gclock",
          "byte_inserted": 712902,
          "byte_miss": 712902,
          "byte_read": 652292,
          "byte_reinserted": 106571,
          "hit": 652292,
          "inserted": 712902,
          "layer": 0,
          "miss_ratio": 0.5221983102767811,
          "reinserted": 106571,
          "req": 1365194
        }
      ],
      "miss_ratio": 0.5221983102767811,
      "req": 1365194
    }
  ],
  "trace": "tencentBlock.ns8222.oracleGeneral.zst"
}