{
  "dram_cache_size": 26,
  "flash_cache_size": 2639,
  "results": [
    {
      "hit": 2187374,
      "iteration": 0,
      "metrics": [
        {
          "admission_treshold": 0,
          "algorithm": "qauto",
          "byte_inserted": 823744,
          "byte_miss": 823744,
          "byte_read": 2187374,
          "byte_reinserted": 463876,
          "hit": 2187374,
          "inserted": 823744,
          "layer": 0,
          "miss_ratio": 0.27356749220721344,
          "reinserted": 463876,
          "req": 3011118
        }
      ],
      "miss_ratio": 0.27356749220721344,
      "req": 3011118
    }
  ],
  "trace": "tencentBlock.ns4811.oracleGeneral.zst"
}