{
  "dram_cache_size": 29,
  "flash_cache_size": 2934,
  "results": [
    {
      "hit": 708579,
      "iteration": 0,
      "metrics": [
        {
          "admission_treshold": 0,
          "algorithm": "sxfifo",
          "byte_inserted": 995233,
          "byte_miss": 995233,
          "byte_read": 708579,
          "byte_reinserted": 132055,
          "hit": 708579,
          "inserted": 995233,
          "layer": 0,
          "miss_ratio": 0.5841213701981205,
          "reinserted": 132055,
          "req": 1703812
        }
      ],
      "miss_ratio": 0.5841213701981205,
      "req": 1703812
    }
  ],
  "trace": "tencentBlock.ns12869.oracleGeneral.zst"
}