{
  "dram_cache_size": 63,
  "flash_cache_size": 6350,
  "results": [
    {
      "hit": 5755828,
      "iteration": 0,
      "metrics": [
        {
          "admission_treshold": 0,
          "algorithm": "dclock",
          "byte_inserted": 1412559,
          "byte_miss": 1412559,
          "byte_read": 5755828,
          "byte_reinserted": 498040,
          "hit": 5755828,
          "inserted": 1412559,
          "layer": 0,
          "miss_ratio": 0.19705395369976542,
          "reinserted": 498040,
          "req": 7168387
        }
      ],
      "miss_ratio": 0.19705395369976542,
      "req": 7168387
    }
  ],
  "trace": "tencentBlock.ns18220.oracleGeneral.zst"
}