{
  "dram_cache_size": 12,
  "flash_cache_size": 1256,
  "results": [
    {
      "hit": 447346,
      "iteration": 0,
      "metrics": [
        {
          "admission_treshold": 0,
          "algorithm": "gclock",
          "byte_inserted": 565243,
          "byte_miss": 565243,
          "byte_read": 447346,
          "byte_reinserted": 30779,
          "hit": 447346,
          "inserted": 565243,
          "layer": 0,
          "miss_ratio": 0.5582156235155626,
          "reinserted": 30779,
          "req": 1012589
        }
      ],
      "miss_ratio": 0.5582156235155626,
      "req": 1012589
    }
  ],
  "trace": "tencentBlock.ns12337.oracleGeneral.zst"
}