{
  "dram_cache_size": 182,
  "flash_cache_size": 18254,
  "results": [
    {
      "hit": 986587,
      "iteration": 0,
      "metrics": [
        {
          "admission_treshold": 0,
          "algorithm": "time2-auto",
          "byte_inserted": 11129487,
          "byte_miss": 11129487,
          "byte_read": 986587,
          "byte_reinserted": 215540,
          "hit": 986587,
          "inserted": 11129487,
          "layer": 0,
          "miss_ratio": 0.9185720556015092,
          "reinserted": 215540,
          "req": 12116074
        }
      ],
      "miss_ratio": 0.9185720556015092,
      "req": 12116074
    }
  ],
  "trace": "w44.oracleGeneral.bin.zst"
}