{
  "dram_cache_size": 1,
  "flash_cache_size": 191,
  "results": [
    {
      "hit": 5630411,
      "iteration": 0,
      "metrics": [
        {
          "admission_treshold": 0,
          "algorithm": "sxfifo",
          "byte_inserted": 76793,
          "byte_miss": 76793,
          "byte_read": 5630411,
          "byte_reinserted": 76586,
          "hit": 5630411,
          "inserted": 76793,
          "layer": 0,
          "miss_ratio": 0.013455450339605823,
          "reinserted": 76586,
          "req": 5707204
        }
      ],
      "miss_ratio": 0.013455450339605823,
      "req": 5707204
    }
  ],
  "trace": "cf_allcolo.ns83.oracleGeneral.zst"
}