{
  "dram_cache_size": 1032,
  "flash_cache_size": 103201,
  "results": [
    {
      "hit": 212138333,
      "iteration": 0,
      "metrics": [
        {
          "admission_treshold": 0,
          "algorithm": "s3fclock-sequential",
          "byte_inserted": 23305887,
          "byte_miss": 23305887,
          "byte_read": 212138333,
          "byte_reinserted": 7718663,
          "hit": 212138333,
          "inserted": 23305887,
          "layer": 0,
          "miss_ratio": 0.09898687255945382,
          "reinserted": 7718663,
          "req": 235444220
        }
      ],
      "miss_ratio": 0.09898687255945382,
      "req": 235444220
    }
  ],
  "trace": "index_server_rtt_cache.1.oracleGeneral.sample10.zst"
}