{
  "dram_cache_size": 32,
  "flash_cache_size": 3231,
  "results": [
    {
      "hit": 2102086,
      "iteration": 0,
      "metrics": [
        {
          "admission_treshold": 0,
          "algorithm": "q-clock",
          "byte_inserted": 992863,
          "byte_miss": 992863,
          "byte_read": 2102086,
          "byte_reinserted": 395571,
          "hit": 2102086,
          "inserted": 992863,
          "layer": 0,
          "miss_ratio": 0.320801085898346,
          "reinserted": 395571,
          "req": 3094949
        }
      ],
      "miss_ratio": 0.320801085898346,
      "req": 3094949
    }
  ],
  "trace": "tencentBlock.ns23443.oracleGeneral.zst"
}