{
  "dram_cache_size": 16,
  "flash_cache_size": 1617,
  "results": [
    {
      "hit": 915885,
      "iteration": 0,
      "metrics": [
        {
          "admission_treshold": 0,
          "algorithm": "gclock",
          "byte_inserted": 652049,
          "byte_miss": 652049,
          "byte_read": 915885,
          "byte_reinserted": 212252,
          "hit": 915885,
          "inserted": 652049,
          "layer": 0,
          "miss_ratio": 0.41586508105570774,
          "reinserted": 212252,
          "req": 1567934
        }
      ],
      "miss_ratio": 0.41586508105570774,
      "req": 1567934
    }
  ],
  "trace": "tencentBlock.ns6099.oracleGeneral.zst"
}