{
  "dram_cache_size": 291,
  "flash_cache_size": 29185,
  "results": [
    {
      "hit": 24596725,
      "iteration": 0,
      "metrics": [
        {
          "admission_treshold": 0,
          "algorithm": "d3clock",
          "byte_inserted": 24930121,
          "byte_miss": 24930121,
          "byte_read": 24596725,
          "byte_reinserted": 9972603,
          "hit": 24596725,
          "inserted": 24930121,
          "layer": 0,
          "miss_ratio": 0.5033658109381728,
          "reinserted": 9972603,
          "req": 49526846
        }
      ],
      "miss_ratio": 0.5033658109381728,
      "req": 49526846
    }
  ],
  "trace": "tencentBlock.ns8420.oracleGeneral.zst"
}