{
  "dram_cache_size": 18,
  "flash_cache_size": 1800,
  "results": [
    {
      "hit": 776675,
      "iteration": 0,
      "metrics": [
        {
          "admission_treshold": 0,
          "algorithm": "dclock",
          "byte_inserted": 717709,
          "byte_miss": 717709,
          "byte_read": 776675,
          "byte_reinserted": 102972,
          "hit": 776675,
          "inserted": 717709,
          "layer": 0,
          "miss_ratio": 0.48027080054390303,
          "reinserted": 102972,
          "req": 1494384
        }
      ],
      "miss_ratio": 0.48027080054390303,
      "req": 1494384
    }
  ],
  "trace": "tencentBlock.ns8699.oracleGeneral.zst"
}