{
  "dram_cache_size": 33,
  "flash_cache_size": 3387,
  "results": [
    {
      "hit": 1314994,
      "iteration": 0,
      "metrics": [
        {
          "admission_treshold": 0,
          "algorithm": "gclock",
          "byte_inserted": 415123,
          "byte_miss": 415123,
          "byte_read": 1314994,
          "byte_reinserted": 6406,
          "hit": 1314994,
          "inserted": 415123,
          "layer": 0,
          "miss_ratio": 0.23993926422317102,
          "reinserted": 6406,
          "req": 1730117
        }
      ],
      "miss_ratio": 0.23993926422317102,
      "req": 1730117
    }
  ],
  "trace": "tencentBlock.ns14353.oracleGeneral.zst"
}