{
  "dram_cache_size": 3,
  "flash_cache_size": 323,
  "results": [
    {
      "hit": 1041253,
      "iteration": 0,
      "metrics": [
        {
          "admission_treshold": 0,
          "algorithm": "gclock",
          "byte_inserted": 219371,
          "byte_miss": 219371,
          "byte_read": 1041253,
          "byte_reinserted": 219668,
          "hit": 1041253,
          "inserted": 219371,
          "layer": 0,
          "miss_ratio": 0.17401778801609358,
          "reinserted": 219668,
          "req": 1260624
        }
      ],
      "miss_ratio": 0.17401778801609358,
      "req": 1260624
    }
  ],
  "trace": "tencentBlock.ns6082.oracleGeneral.zst"
}