{
  "dram_cache_size": 19,
  "flash_cache_size": 1917,
  "results": [
    {
      "hit": 4613972,
      "iteration": 0,
      "metrics": [
        {
          "admission_treshold": 0,
          "algorithm": "d3clock",
          "byte_inserted": 573489,
          "byte_miss": 573489,
          "byte_read": 4613972,
          "byte_reinserted": 90240,
          "hit": 4613972,
          "inserted": 573489,
          "layer": 0,
          "miss_ratio": 0.1105529275304431,
          "reinserted": 90240,
          "req": 5187461
        }
      ],
      "miss_ratio": 0.1105529275304431,
      "req": 5187461
    }
  ],
  "trace": "tencentBlock.ns4845.oracleGeneral.zst"
}