{
  "dram_cache_size": 47,
  "flash_cache_size": 4774,
  "results": [
    {
      "hit": 2833870,
      "iteration": 0,
      "metrics": [
        {
          "admission_treshold": 0,
          "algorithm": "gclock",
          "byte_inserted": 1186835,
          "byte_miss": 1186835,
          "byte_read": 2833870,
          "byte_reinserted": 295839,
          "hit": 2833870,
          "inserted": 1186835,
          "layer": 0,
          "miss_ratio": 0.2951808202790307,
          "reinserted": 295839,
          "req": 4020705
        }
      ],
      "miss_ratio": 0.2951808202790307,
      "req": 4020705
    }
  ],
  "trace": "tencentBlock.ns13571.oracleGeneral.zst"
}