{
  "dram_cache_size": 41,
  "flash_cache_size": 4153,
  "results": [
    {
      "hit": 1573868,
      "iteration": 0,
      "metrics": [
        {
          "admission_treshold": 0,
          "algorithm": "g2clock",
          "byte_inserted": 1141083,
          "byte_miss": 1141083,
          "byte_read": 1573868,
          "byte_reinserted": 171249,
          "hit": 1573868,
          "inserted": 1141083,
          "layer": 0,
          "miss_ratio": 0.4202959832424231,
          "reinserted": 171249,
          "req": 2714951
        }
      ],
      "miss_ratio": 0.4202959832424231,
      "req": 2714951
    }
  ],
  "trace": "tencentBlock.ns19295.oracleGeneral.zst"
}