{
  "dram_cache_size": 14,
  "flash_cache_size": 1429,
  "results": [
    {
      "hit": 700705,
      "iteration": 0,
      "metrics": [
        {
          "admission_treshold": 0,
          "algorithm": "sxfifo",
          "byte_inserted": 1814613,
          "byte_miss": 1814613,
          "byte_read": 700705,
          "byte_reinserted": 41074,
          "hit": 700705,
          "inserted": 1814613,
          "layer": 0,
          "miss_ratio": 0.7214248854419203,
          "reinserted": 41074,
          "req": 2515318
        }
      ],
      "miss_ratio": 0.7214248854419203,
      "req": 2515318
    }
  ],
  "trace": "tencentBlock.ns14668.oracleGeneral.zst"
}