{
  "dram_cache_size": 83,
  "flash_cache_size": 8309,
  "results": [
    {
      "hit": 952979,
      "iteration": 0,
      "metrics": [
        {
          "admission_treshold": 0,
          "algorithm": "qand-clock",
          "byte_inserted": 951852,
          "byte_miss": 951852,
          "byte_read": 952979,
          "byte_reinserted": 135569,
          "hit": 952979,
          "inserted": 951852,
          "layer": 0,
          "miss_ratio": 0.49970417323111604,
          "reinserted": 135569,
          "req": 1904831
        }
      ],
      "miss_ratio": 0.49970417323111604,
      "req": 1904831
    }
  ],
  "trace": "tencentBlock.ns15224.oracleGeneral.zst"
}