{
  "dram_cache_size": 4,
  "flash_cache_size": 422,
  "results": [
    {
      "hit": 905677,
      "iteration": 0,
      "metrics": [
        {
          "admission_treshold": 0,
          "algorithm": "gclock",
          "byte_inserted": 143744,
          "byte_miss": 143744,
          "byte_read": 905677,
          "byte_reinserted": 45433,
          "hit": 905677,
          "inserted": 143744,
          "layer": 0,
          "miss_ratio": 0.13697457931564172,
          "reinserted": 45433,
          "req": 1049421
        }
      ],
      "miss_ratio": 0.13697457931564172,
      "req": 1049421
    }
  ],
  "trace": "tencentBlock.ns21281.oracleGeneral.zst"
}