{
  "dram_cache_size": 55,
  "flash_cache_size": 5549,
  "results": [
    {
      "hit": 28809157,
      "iteration": 0,
      "metrics": [
        {
          "admission_treshold": 0,
          "algorithm": "g2clock",
          "byte_inserted": 558551,
          "byte_miss": 558551,
          "byte_read": 28809157,
          "byte_reinserted": 966631,
          "hit": 28809157,
          "inserted": 558551,
          "layer": 0,
          "miss_ratio": 0.019019223427309995,
          "reinserted": 966631,
          "req": 29367708
        }
      ],
      "miss_ratio": 0.019019223427309995,
      "req": 29367708
    }
  ],
  "trace": "cf_allcolo.ns726989.oracleGeneral.zst"
}