{
  "dram_cache_size": 63,
  "flash_cache_size": 6340,
  "results": [
    {
      "hit": 21185122,
      "iteration": 0,
      "metrics": [
        {
          "admission_treshold": 0,
          "algorithm": "g2clock",
          "byte_inserted": 716240,
          "byte_miss": 716240,
          "byte_read": 21185122,
          "byte_reinserted": 539117,
          "hit": 21185122,
          "inserted": 716240,
          "layer": 0,
          "miss_ratio": 0.03270298897392776,
          "reinserted": 539117,
          "req": 21901362
        }
      ],
      "miss_ratio": 0.03270298897392776,
      "req": 21901362
    }
  ],
  "trace": "cf_allcolo.ns431.oracleGeneral.zst"
}