{
  "dram_cache_size": 0,
  "flash_cache_size": 34,
  "results": [
    {
      "hit": 3674090,
      "iteration": 0,
      "metrics": [
        {
          "admission_treshold": 0,
          "algorithm": "tauto",
          "byte_inserted": 10746100,
          "byte_miss": 10746100,
          "byte_read": 3674090,
          "byte_reinserted": 1485,
          "hit": 3674090,
          "inserted": 10746100,
          "layer": 0,
          "miss_ratio": 0.7452120949862657,
          "reinserted": 1485,
          "req": 14420190
        }
      ],
      "miss_ratio": 0.7452120949862657,
      "req": 14420190
    }
  ],
  "trace": "tencentBlock.ns18304.oracleGeneral.zst"
}