{
  "dram_cache_size": 29,
  "flash_cache_size": 2943,
  "results": [
    {
      "hit": 1394145,
      "iteration": 0,
      "metrics": [
        {
          "admission_treshold": 0,
          "algorithm": "s3fclock-sequential",
          "byte_inserted": 847660,
          "byte_miss": 847660,
          "byte_read": 1394145,
          "byte_reinserted": 156331,
          "hit": 1394145,
          "inserted": 847660,
          "layer": 0,
          "miss_ratio": 0.37811495647480486,
          "reinserted": 156331,
          "req": 2241805
        }
      ],
      "miss_ratio": 0.37811495647480486,
      "req": 2241805
    }
  ],
  "trace": "tencentBlock.ns23173.oracleGeneral.zst"
}