{
  "dram_cache_size": 112307,
  "flash_cache_size": 11230781,
  "results": [
    {
      "hit": 529041,
      "iteration": 0,
      "metrics": [
        {
          "admission_treshold": 0,
          "algorithm": "qauto",
          "byte_inserted": 5309374464,
          "byte_miss": 5309374464,
          "byte_read": 2435530752,
          "byte_reinserted": 418742272,
          "hit": 529041,
          "inserted": 574884,
          "layer": 0,
          "miss_ratio": 0.5207636388341599,
          "reinserted": 95353,
          "req": 1103925
        }
      ],
      "miss_ratio": 0.5207636388341599,
      "req": 1103925
    }
  ],
  "trace": "tencentBlock.ns3542.oracleGeneral.zst"
}