{
  "dram_cache_size": 99,
  "flash_cache_size": 9945,
  "results": [
    {
      "hit": 2016933,
      "iteration": 0,
      "metrics": [
        {
          "admission_treshold": 0,
          "algorithm": "gclock",
          "byte_inserted": 2197893,
          "byte_miss": 2197893,
          "byte_read": 2016933,
          "byte_reinserted": 53342,
          "hit": 2016933,
          "inserted": 2197893,
          "layer": 0,
          "miss_ratio": 0.5214670783562596,
          "reinserted": 53342,
          "req": 4214826
        }
      ],
      "miss_ratio": 0.5214670783562596,
      "req": 4214826
    }
  ],
  "trace": "tencentBlock.ns3774.oracleGeneral.zst"
}