{
  "dram_cache_size": 55,
  "flash_cache_size": 5548,
  "results": [
    {
      "hit": 5948938,
      "iteration": 0,
      "metrics": [
        {
          "admission_treshold": 0,
          "algorithm": "cm-clock",
          "byte_inserted": 2024525,
          "byte_miss": 2024525,
          "byte_read": 5948938,
          "byte_reinserted": 387077,
          "hit": 5948938,
          "inserted": 2024525,
          "layer": 0,
          "miss_ratio": 0.2539078691404224,
          "reinserted": 387077,
          "req": 7973463
        }
      ],
      "miss_ratio": 0.2539078691404224,
      "req": 7973463
    }
  ],
  "trace": "tencentBlock.ns18128.oracleGeneral.zst"
}