{
  "dram_cache_size": 25,
  "flash_cache_size": 2566,
  "results": [
    {
      "hit": 10002909,
      "iteration": 0,
      "metrics": [
        {
          "admission_treshold": 0,
          "algorithm": "gclock",
          "byte_inserted": 994538,
          "byte_miss": 994538,
          "byte_read": 10002909,
          "byte_reinserted": 309080,
          "hit": 10002909,
          "inserted": 994538,
          "layer": 0,
          "miss_ratio": 0.0904335342557232,
          "reinserted": 309080,
          "req": 10997447
        }
      ],
      "miss_ratio": 0.0904335342557232,
      "req": 10997447
    }
  ],
  "trace": "tencentBlock.ns19406.oracleGeneral.zst"
}