{
  "dram_cache_size": 41,
  "flash_cache_size": 4196,
  "results": [
    {
      "hit": 990387,
      "iteration": 0,
      "metrics": [
        {
          "admission_treshold": 0,
          "algorithm": "g2clock",
          "byte_inserted": 544221,
          "byte_miss": 544221,
          "byte_read": 990387,
          "byte_reinserted": 106925,
          "hit": 990387,
          "inserted": 544221,
          "layer": 0,
          "miss_ratio": 0.35463193206343246,
          "reinserted": 106925,
          "req": 1534608
        }
      ],
      "miss_ratio": 0.35463193206343246,
      "req": 1534608
    }
  ],
  "trace": "cf_allcolo.ns2297.oracleGeneral.zst"
}