{
  "dram_cache_size": 4,
  "flash_cache_size": 454,
  "results": [
    {
      "hit": 1327240,
      "iteration": 0,
      "metrics": [
        {
          "admission_treshold": 0,
          "algorithm": "g2clock",
          "byte_inserted": 577100,
          "byte_miss": 577100,
          "byte_read": 1327240,
          "byte_reinserted": 265093,
          "hit": 1327240,
          "inserted": 577100,
          "layer": 0,
          "miss_ratio": 0.30304462438430113,
          "reinserted": 265093,
          "req": 1904340
        }
      ],
      "miss_ratio": 0.30304462438430113,
      "req": 1904340
    }
  ],
  "trace": "cf_allcolo.ns2124.oracleGeneral.zst"
}