{
  "dram_cache_size": 18,
  "flash_cache_size": 1896,
  "results": [
    {
      "hit": 1750405,
      "iteration": 0,
      "metrics": [
        {
          "admission_treshold": 0,
          "algorithm": "g2clock",
          "byte_inserted": 2464042,
          "byte_miss": 2464042,
          "byte_read": 1750405,
          "byte_reinserted": 820692,
          "hit": 1750405,
          "inserted": 2464042,
          "layer": 0,
          "miss_ratio": 0.584665556358877,
          "reinserted": 820692,
          "req": 4214447
        }
      ],
      "miss_ratio": 0.584665556358877,
      "req": 4214447
    }
  ],
  "trace": "cf_allcolo.ns1996.oracleGeneral.zst"
}