{
  "dram_cache_size": 5,
  "flash_cache_size": 503,
  "results": [
    {
      "hit": 854415,
      "iteration": 0,
      "metrics": [
        {
          "admission_treshold": 0,
          "algorithm": "d3clock",
          "byte_inserted": 391331,
          "byte_miss": 391331,
          "byte_read": 854415,
          "byte_reinserted": 164575,
          "hit": 854415,
          "inserted": 391331,
          "layer": 0,
          "miss_ratio": 0.31413386035355517,
          "reinserted": 164575,
          "req": 1245746
        }
      ],
      "miss_ratio": 0.31413386035355517,
      "req": 1245746
    }
  ],
  "trace": "cf_colo28.ns1306.oracleGeneral.zst"
}