{
  "dram_cache_size": 5269,
  "flash_cache_size": 526999,
  "results": [
    {
      "hit": 1091829253,
      "iteration": 0,
      "metrics": [
        {
          "admission_treshold": 0,
          "algorithm": "gclock",
          "byte_inserted": 143532600,
          "byte_miss": 143532600,
          "byte_read": 1091829253,
          "byte_reinserted": 66125530,
          "hit": 1091829253,
          "inserted": 143532600,
          "layer": 0,
          "miss_ratio": 0.11618668623402928,
          "reinserted": 66125530,
          "req": 1235361853
        }
      ],
      "miss_ratio": 0.11618668623402928,
      "req": 1235361853
    }
  ],
  "trace": "exchange_adgroup_metadata_cache.1.oracleGeneral.sample10.zst"
}