{
  "dram_cache_size": 17,
  "flash_cache_size": 1719,
  "results": [
    {
      "hit": 1265458,
      "iteration": 0,
      "metrics": [
        {
          "admission_treshold": 0,
          "algorithm": "s3fclock-sequential",
          "byte_inserted": 1134542,
          "byte_miss": 1134542,
          "byte_read": 1265458,
          "byte_reinserted": 48717,
          "hit": 1265458,
          "inserted": 1134542,
          "layer": 0,
          "miss_ratio": 0.4727258333333333,
          "reinserted": 48717,
          "req": 2400000
        }
      ],
      "miss_ratio": 0.4727258333333333,
      "req": 2400000
    }
  ],
  "trace": "io_traces.ns491.oracleGeneral.zst"
}