{
  "dram_cache_size": 7,
  "flash_cache_size": 772,
  "results": [
    {
      "hit": 10361858,
      "iteration": 0,
      "metrics": [
        {
          "admission_treshold": 0,
          "algorithm": "qtime-clock",
          "byte_inserted": 237477,
          "byte_miss": 237477,
          "byte_read": 10361858,
          "byte_reinserted": 49613,
          "hit": 10361858,
          "inserted": 237477,
          "layer": 0,
          "miss_ratio": 0.0224048961562211,
          "reinserted": 49613,
          "req": 10599335
        }
      ],
      "miss_ratio": 0.0224048961562211,
      "req": 10599335
    }
  ],
  "trace": "tencentBlock.ns20832.oracleGeneral.zst"
}