{
  "dram_cache_size": 22,
  "flash_cache_size": 2280,
  "results": [
    {
      "hit": 547793,
      "iteration": 0,
      "metrics": [
        {
          "admission_treshold": 0,
          "algorithm": "q-clock",
          "byte_inserted": 592616,
          "byte_miss": 592616,
          "byte_read": 547793,
          "byte_reinserted": 35388,
          "hit": 547793,
          "inserted": 592616,
          "layer": 0,
          "miss_ratio": 0.5196521598829893,
          "reinserted": 35388,
          "req": 1140409
        }
      ],
      "miss_ratio": 0.5196521598829893,
      "req": 1140409
    }
  ],
  "trace": "tencentBlock.ns17470.oracleGeneral.zst"
}