{
  "dram_cache_size": 14,
  "flash_cache_size": 1446,
  "results": [
    {
      "hit": 1245920,
      "iteration": 0,
      "metrics": [
        {
          "admission_treshold": 0,
          "algorithm": "q3auto",
          "byte_inserted": 4029872,
          "byte_miss": 4029872,
          "byte_read": 1245920,
          "byte_reinserted": 126956,
          "hit": 1245920,
          "inserted": 4029872,
          "layer": 0,
          "miss_ratio": 0.7638420923341936,
          "reinserted": 126956,
          "req": 5275792
        }
      ],
      "miss_ratio": 0.7638420923341936,
      "req": 5275792
    }
  ],
  "trace": "tencentBlock.ns2737.oracleGeneral.zst"
}