{
  "dram_cache_size": 23,
  "flash_cache_size": 2383,
  "results": [
    {
      "hit": 715172,
      "iteration": 0,
      "metrics": [
        {
          "admission_treshold": 0,
          "algorithm": "q2auto",
          "byte_inserted": 766703,
          "byte_miss": 766703,
          "byte_read": 715172,
          "byte_reinserted": 48487,
          "hit": 715172,
          "inserted": 766703,
          "layer": 0,
          "miss_ratio": 0.5173870940531422,
          "reinserted": 48487,
          "req": 1481875
        }
      ],
      "miss_ratio": 0.5173870940531422,
      "req": 1481875
    }
  ],
  "trace": "tencentBlock.ns16810.oracleGeneral.zst"
}