{
  "dram_cache_size": 17,
  "flash_cache_size": 1747,
  "results": [
    {
      "hit": 1361591,
      "iteration": 0,
      "metrics": [
        {
          "admission_treshold": 0,
          "algorithm": "dclock",
          "byte_inserted": 766195,
          "byte_miss": 766195,
          "byte_read": 1361591,
          "byte_reinserted": 67719,
          "hit": 1361591,
          "inserted": 766195,
          "layer": 0,
          "miss_ratio": 0.36009025343714074,
          "reinserted": 67719,
          "req": 2127786
        }
      ],
      "miss_ratio": 0.36009025343714074,
      "req": 2127786
    }
  ],
  "trace": "tencentBlock.ns17184.oracleGeneral.zst"
}