{
  "dram_cache_size": 13,
  "flash_cache_size": 1384,
  "results": [
    {
      "hit": 794472,
      "iteration": 0,
      "metrics": [
        {
          "admission_treshold": 0,
          "algorithm": "dclock",
          "byte_inserted": 521207,
          "byte_miss": 521207,
          "byte_read": 794472,
          "byte_reinserted": 66203,
          "hit": 794472,
          "inserted": 521207,
          "layer": 0,
          "miss_ratio": 0.3961505808027642,
          "reinserted": 66203,
          "req": 1315679
        }
      ],
      "miss_ratio": 0.3961505808027642,
      "req": 1315679
    }
  ],
  "trace": "tencentBlock.ns18722.oracleGeneral.zst"
}