{
  "dram_cache_size": 81,
  "flash_cache_size": 8131,
  "results": [
    {
      "hit": 5514765,
      "iteration": 0,
      "metrics": [
        {
          "admission_treshold": 0,
          "algorithm": "dclock",
          "byte_inserted": 2453443,
          "byte_miss": 2453443,
          "byte_read": 5514765,
          "byte_reinserted": 1749812,
          "hit": 5514765,
          "inserted": 2453443,
          "layer": 0,
          "miss_ratio": 0.30790398543813113,
          "reinserted": 1749812,
          "req": 7968208
        }
      ],
      "miss_ratio": 0.30790398543813113,
      "req": 7968208
    }
  ],
  "trace": "tencentBlock.ns12043.oracleGeneral.zst"
}