{
  "dram_cache_size": 17,
  "flash_cache_size": 1708,
  "results": [
    {
      "hit": 737977,
      "iteration": 0,
      "metrics": [
        {
          "admission_treshold": 0,
          "algorithm": "dclock",
          "byte_inserted": 706563,
          "byte_miss": 706563,
          "byte_read": 737977,
          "byte_reinserted": 30315,
          "hit": 737977,
          "inserted": 706563,
          "layer": 0,
          "miss_ratio": 0.4891266423913495,
          "reinserted": 30315,
          "req": 1444540
        }
      ],
      "miss_ratio": 0.4891266423913495,
      "req": 1444540
    }
  ],
  "trace": "tencentBlock.ns20302.oracleGeneral.zst"
}