{
  "dram_cache_size": 41,
  "flash_cache_size": 4112,
  "results": [
    {
      "hit": 8339382,
      "iteration": 0,
      "metrics": [
        {
          "admission_treshold": 0,
          "algorithm": "gclock",
          "byte_inserted": 603135,
          "byte_miss": 603135,
          "byte_read": 8339382,
          "byte_reinserted": 520792,
          "hit": 8339382,
          "inserted": 603135,
          "layer": 0,
          "miss_ratio": 0.06744577617241321,
          "reinserted": 520792,
          "req": 8942517
        }
      ],
      "miss_ratio": 0.06744577617241321,
      "req": 8942517
    }
  ],
  "trace": "akamai_sjc.ns398.oracleGeneral.bin.zst"
}