{
  "dram_cache_size": 14,
  "flash_cache_size": 1473,
  "results": [
    {
      "hit": 691036,
      "iteration": 0,
      "metrics": [
        {
          "admission_treshold": 0,
          "algorithm": "sxfifo",
          "byte_inserted": 627927,
          "byte_miss": 627927,
          "byte_read": 691036,
          "byte_reinserted": 105892,
          "hit": 691036,
          "inserted": 627927,
          "layer": 0,
          "miss_ratio": 0.4760762811390463,
          "reinserted": 105892,
          "req": 1318963
        }
      ],
      "miss_ratio": 0.4760762811390463,
      "req": 1318963
    }
  ],
  "trace": "tencentBlock.ns14949.oracleGeneral.zst"
}