{
  "dram_cache_size": 207445,
  "flash_cache_size": 20744560,
  "results": [
    {
      "hit": 999416,
      "iteration": 0,
      "metrics": [
        {
          "admission_treshold": 0,
          "algorithm": "time-auto",
          "byte_inserted": 6875037696,
          "byte_miss": 6875037696,
          "byte_read": 6834532352,
          "byte_reinserted": 5511593984,
          "hit": 999416,
          "inserted": 698034,
          "layer": 0,
          "miss_ratio": 0.4112250729034729,
          "reinserted": 585147,
          "req": 1697450
        }
      ],
      "miss_ratio": 0.4112250729034729,
      "req": 1697450
    }
  ],
  "trace": "tencentBlock.ns13750.oracleGeneral.zst"
}