{
  "dram_cache_size": 241,
  "flash_cache_size": 24152,
  "results": [
    {
      "hit": 15840797,
      "iteration": 0,
      "metrics": [
        {
          "admission_treshold": 0,
          "algorithm": "g2clock",
          "byte_inserted": 17573255,
          "byte_miss": 17573255,
          "byte_read": 15840797,
          "byte_reinserted": 6943793,
          "hit": 15840797,
          "inserted": 17573255,
          "layer": 0,
          "miss_ratio": 0.5259240932527429,
          "reinserted": 6943793,
          "req": 33414052
        }
      ],
      "miss_ratio": 0.5259240932527429,
      "req": 33414052
    }
  ],
  "trace": "tencentBlock.ns3495.oracleGeneral.zst"
}