{
  "dram_cache_size": 23,
  "flash_cache_size": 2378,
  "results": [
    {
      "hit": 2720561,
      "iteration": 0,
      "metrics": [
        {
          "admission_treshold": 0,
          "algorithm": "g2clock",
          "byte_inserted": 6897570,
          "byte_miss": 6897570,
          "byte_read": 2720561,
          "byte_reinserted": 448215,
          "hit": 2720561,
          "inserted": 6897570,
          "layer": 0,
          "miss_ratio": 0.717142446905745,
          "reinserted": 448215,
          "req": 9618131
        }
      ],
      "miss_ratio": 0.717142446905745,
      "req": 9618131
    }
  ],
  "trace": "tencentBlock.ns11439.oracleGeneral.zst"
}