{
  "dram_cache_size": 25,
  "flash_cache_size": 2597,
  "results": [
    {
      "hit": 3190141,
      "iteration": 0,
      "metrics": [
        {
          "admission_treshold": 0,
          "algorithm": "t4auto",
          "byte_inserted": 856109,
          "byte_miss": 856109,
          "byte_read": 3190141,
          "byte_reinserted": 52168,
          "hit": 3190141,
          "inserted": 856109,
          "layer": 0,
          "miss_ratio": 0.2115808464627742,
          "reinserted": 52168,
          "req": 4046250
        }
      ],
      "miss_ratio": 0.2115808464627742,
      "req": 4046250
    }
  ],
  "trace": "tencentBlock.ns5238.oracleGeneral.zst"
}