{
  "dram_cache_size": 35,
  "flash_cache_size": 3583,
  "results": [
    {
      "hit": 5045661,
      "iteration": 0,
      "metrics": [
        {
          "admission_treshold": 0,
          "algorithm": "d3clock",
          "byte_inserted": 7497815,
          "byte_miss": 7497815,
          "byte_read": 5045661,
          "byte_reinserted": 1131235,
          "hit": 5045661,
          "inserted": 7497815,
          "layer": 0,
          "miss_ratio": 0.5977461909282562,
          "reinserted": 1131235,
          "req": 12543476
        }
      ],
      "miss_ratio": 0.5977461909282562,
      "req": 12543476
    }
  ],
  "trace": "tencentBlock.ns12232.oracleGeneral.zst"
}