{
  "dram_cache_size": 48,
  "flash_cache_size": 4876,
  "results": [
    {
      "hit": 34271921,
      "iteration": 0,
      "metrics": [
        {
          "admission_treshold": 0,
          "algorithm": "gclock",
          "byte_inserted": 5586773,
          "byte_miss": 5586773,
          "byte_read": 34271921,
          "byte_reinserted": 5122945,
          "hit": 34271921,
          "inserted": 5586773,
          "layer": 0,
          "miss_ratio": 0.14016447703981472,
          "reinserted": 5122945,
          "req": 39858694
        }
      ],
      "miss_ratio": 0.14016447703981472,
      "req": 39858694
    }
  ],
  "trace": "cf_allcolo.ns10.oracleGeneral.zst"
}