{
  "dram_cache_size": 83,
  "flash_cache_size": 8387,
  "results": [
    {
      "hit": 21172370,
      "iteration": 0,
      "metrics": [
        {
          "admission_treshold": 0,
          "algorithm": "tauto",
          "byte_inserted": 8698245,
          "byte_miss": 8698245,
          "byte_read": 21172370,
          "byte_reinserted": 885133,
          "hit": 21172370,
          "inserted": 8698245,
          "layer": 0,
          "miss_ratio": 0.29119738579202337,
          "reinserted": 885133,
          "req": 29870615
        }
      ],
      "miss_ratio": 0.29119738579202337,
      "req": 29870615
    }
  ],
  "trace": "cf_colo28.ns445.oracleGeneral.zst"
}