{
  "dram_cache_size": 5,
  "flash_cache_size": 546,
  "results": [
    {
      "hit": 1001255,
      "iteration": 0,
      "metrics": [
        {
          "admission_treshold": 0,
          "algorithm": "gclock",
          "byte_inserted": 221578,
          "byte_miss": 221578,
          "byte_read": 1001255,
          "byte_reinserted": 88211,
          "hit": 1001255,
          "inserted": 221578,
          "layer": 0,
          "miss_ratio": 0.18120054005739128,
          "reinserted": 88211,
          "req": 1222833
        }
      ],
      "miss_ratio": 0.18120054005739128,
      "req": 1222833
    }
  ],
  "trace": "tencentBlock.ns11813.oracleGeneral.zst"
}