{
  "dram_cache_size": 6,
  "flash_cache_size": 661,
  "results": [
    {
      "hit": 2002697,
      "iteration": 0,
      "metrics": [
        {
          "admission_treshold": 0,
          "algorithm": "dclock",
          "byte_inserted": 355093,
          "byte_miss": 355093,
          "byte_read": 2002697,
          "byte_reinserted": 215707,
          "hit": 2002697,
          "inserted": 355093,
          "layer": 0,
          "miss_ratio": 0.15060416746190286,
          "reinserted": 215707,
          "req": 2357790
        }
      ],
      "miss_ratio": 0.15060416746190286,
      "req": 2357790
    }
  ],
  "trace": "tencentBlock.ns5793.oracleGeneral.zst"
}