{
  "dram_cache_size": 11,
  "flash_cache_size": 1133,
  "results": [
    {
      "hit": 2166018,
      "iteration": 0,
      "metrics": [
        {
          "admission_treshold": 0,
          "algorithm": "d3clock",
          "byte_inserted": 3284237,
          "byte_miss": 3284237,
          "byte_read": 2166018,
          "byte_reinserted": 231886,
          "hit": 2166018,
          "inserted": 3284237,
          "layer": 0,
          "miss_ratio": 0.6025840992760889,
          "reinserted": 231886,
          "req": 5450255
        }
      ],
      "miss_ratio": 0.6025840992760889,
      "req": 5450255
    }
  ],
  "trace": "tencentBlock.ns5509.oracleGeneral.zst"
}