{
  "dram_cache_size": 28,
  "flash_cache_size": 2805,
  "results": [
    {
      "hit": 2099112,
      "iteration": 0,
      "metrics": [
        {
          "admission_treshold": 0,
          "algorithm": "g2clock",
          "byte_inserted": 769143,
          "byte_miss": 769143,
          "byte_read": 2099112,
          "byte_reinserted": 953231,
          "hit": 2099112,
          "inserted": 769143,
          "layer": 0,
          "miss_ratio": 0.26815711992134594,
          "reinserted": 953231,
          "req": 2868255
        }
      ],
      "miss_ratio": 0.26815711992134594,
      "req": 2868255
    }
  ],
  "trace": "tencentBlock.ns19400.oracleGeneral.zst"
}