{
  "dram_cache_size": 240,
  "flash_cache_size": 24005,
  "results": [
    {
      "hit": 8136184,
      "iteration": 0,
      "metrics": [
        {
          "admission_treshold": 0,
          "algorithm": "sxfifo",
          "byte_inserted": 41671773,
          "byte_miss": 41671773,
          "byte_read": 8136184,
          "byte_reinserted": 2610750,
          "hit": 8136184,
          "inserted": 41671773,
          "layer": 0,
          "miss_ratio": 0.8366489113376001,
          "reinserted": 2610750,
          "req": 49807957
        }
      ],
      "miss_ratio": 0.8366489113376001,
      "req": 49807957
    }
  ],
  "trace": "tencentBlock.ns11549.oracleGeneral.zst"
}