{
  "dram_cache_size": 1486,
  "flash_cache_size": 148674,
  "results": [
    {
      "hit": 22873448,
      "iteration": 0,
      "metrics": [
        {
          "admission_treshold": 0,
          "algorithm": "d3clock",
          "byte_inserted": 26749481,
          "byte_miss": 26749481,
          "byte_read": 22873448,
          "byte_reinserted": 3798107,
          "hit": 22873448,
          "inserted": 26749481,
          "layer": 0,
          "miss_ratio": 0.5390548590954798,
          "reinserted": 3798107,
          "req": 49622929
        }
      ],
      "miss_ratio": 0.5390548590954798,
      "req": 49622929
    }
  ],
  "trace": "w09.oracleGeneral.bin.zst"
}