{
  "dram_cache_size": 0,
  "flash_cache_size": 99,
  "results": [
    {
      "hit": 2410227,
      "iteration": 0,
      "metrics": [
        {
          "admission_treshold": 0,
          "algorithm": "s3fclock-sequential",
          "byte_inserted": 160418,
          "byte_miss": 160418,
          "byte_read": 2410227,
          "byte_reinserted": 57388,
          "hit": 2410227,
          "inserted": 160418,
          "layer": 0,
          "miss_ratio": 0.062403793600438795,
          "reinserted": 57388,
          "req": 2570645
        }
      ],
      "miss_ratio": 0.062403793600438795,
      "req": 2570645
    }
  ],
  "trace": "cf_allcolo.ns2524.oracleGeneral.zst"
}