{
  "dram_cache_size": 0,
  "flash_cache_size": 45,
  "results": [
    {
      "hit": 756372,
      "iteration": 0,
      "metrics": [
        {
          "admission_treshold": 0,
          "algorithm": "d3clock",
          "byte_inserted": 288802,
          "byte_miss": 288802,
          "byte_read": 756372,
          "byte_reinserted": 188518,
          "hit": 756372,
          "inserted": 288802,
          "layer": 0,
          "miss_ratio": 0.27631954105249457,
          "reinserted": 188518,
          "req": 1045174
        }
      ],
      "miss_ratio": 0.27631954105249457,
      "req": 1045174
    }
  ],
  "trace": "cf_allcolo.ns1064.oracleGeneral.zst"
}