{
  "dram_cache_size": 67,
  "flash_cache_size": 6749,
  "results": [
    {
      "hit": 30344034,
      "iteration": 0,
      "metrics": [
        {
          "admission_treshold": 0,
          "algorithm": "time2-auto",
          "byte_inserted": 680014,
          "byte_miss": 680014,
          "byte_read": 30344034,
          "byte_reinserted": 190,
          "hit": 30344034,
          "inserted": 680014,
          "layer": 0,
          "miss_ratio": 0.02191893204909945,
          "reinserted": 190,
          "req": 31024048
        }
      ],
      "miss_ratio": 0.02191893204909945,
      "req": 31024048
    }
  ],
  "trace": "cf_allcolo.ns12.oracleGeneral.zst"
}