{
  "dram_cache_size": 10729,
  "flash_cache_size": 1072975,
  "results": [
    {
      "hit": 9570495,
      "iteration": 0,
      "metrics": [
        {
          "admission_treshold": 0,
          "algorithm": "sxfifo",
          "byte_inserted": 286350428,
          "byte_miss": 286350428,
          "byte_read": 9570495,
          "byte_reinserted": 1782027,
          "hit": 9570495,
          "inserted": 286350428,
          "layer": 0,
          "miss_ratio": 0.9676586065528053,
          "reinserted": 1782027,
          "req": 295920923
        }
      ],
      "miss_ratio": 0.9676586065528053,
      "req": 295920923
    }
  ],
  "trace": "io_traces.ns804.oracleGeneral.zst"
}