{
  "dram_cache_size": 8,
  "flash_cache_size": 836,
  "results": [
    {
      "hit": 2063477,
      "iteration": 0,
      "metrics": [
        {
          "admission_treshold": 0,
          "algorithm": "gclock",
          "byte_inserted": 569133,
          "byte_miss": 569133,
          "byte_read": 2063477,
          "byte_reinserted": 225585,
          "hit": 2063477,
          "inserted": 569133,
          "layer": 0,
          "miss_ratio": 0.21618583838851935,
          "reinserted": 225585,
          "req": 2632610
        }
      ],
      "miss_ratio": 0.21618583838851935,
      "req": 2632610
    }
  ],
  "trace": "tencentBlock.ns11790.oracleGeneral.zst"
}