{
  "dram_cache_size": 141727,
  "flash_cache_size": 14172795,
  "results": [
    {
      "hit": 879420,
      "iteration": 0,
      "metrics": [
        {
          "admission_treshold": 0,
          "algorithm": "qauto",
          "byte_inserted": 8776267776,
          "byte_miss": 8776267776,
          "byte_read": 4058583040,
          "byte_reinserted": 836169728,
          "hit": 879420,
          "inserted": 762692,
          "layer": 0,
          "miss_ratio": 0.464457966326292,
          "reinserted": 178680,
          "req": 1642112
        }
      ],
      "miss_ratio": 0.464457966326292,
      "req": 1642112
    }
  ],
  "trace": "tencentBlock.ns3371.oracleGeneral.zst"
}