{
  "dram_cache_size": 6,
  "flash_cache_size": 602,
  "results": [
    {
      "hit": 10275853,
      "iteration": 0,
      "metrics": [
        {
          "admission_treshold": 0,
          "algorithm": "qand-clock",
          "byte_inserted": 210573,
          "byte_miss": 210573,
          "byte_read": 10275853,
          "byte_reinserted": 59362,
          "hit": 10275853,
          "inserted": 210573,
          "layer": 0,
          "miss_ratio": 0.020080530773783134,
          "reinserted": 59362,
          "req": 10486426
        }
      ],
      "miss_ratio": 0.020080530773783134,
      "req": 10486426
    }
  ],
  "trace": "tencentBlock.ns23894.oracleGeneral.zst"
}