{
  "dram_cache_size": 19,
  "flash_cache_size": 1929,
  "results": [
    {
      "hit": 593272,
      "iteration": 0,
      "metrics": [
        {
          "admission_treshold": 0,
          "algorithm": "d3clock",
          "byte_inserted": 594276,
          "byte_miss": 594276,
          "byte_read": 593272,
          "byte_reinserted": 15503,
          "hit": 593272,
          "inserted": 594276,
          "layer": 0,
          "miss_ratio": 0.5004227197553277,
          "reinserted": 15503,
          "req": 1187548
        }
      ],
      "miss_ratio": 0.5004227197553277,
      "req": 1187548
    }
  ],
  "trace": "tencentBlock.ns8905.oracleGeneral.zst"
}