{
  "dram_cache_size": 52,
  "flash_cache_size": 5240,
  "results": [
    {
      "hit": 3024528,
      "iteration": 0,
      "metrics": [
        {
          "admission_treshold": 0,
          "algorithm": "dclock",
          "byte_inserted": 2049160,
          "byte_miss": 2049160,
          "byte_read": 3024528,
          "byte_reinserted": 1482776,
          "hit": 3024528,
          "inserted": 2049160,
          "layer": 0,
          "miss_ratio": 0.4038797813346031,
          "reinserted": 1482776,
          "req": 5073688
        }
      ],
      "miss_ratio": 0.4038797813346031,
      "req": 5073688
    }
  ],
  "trace": "tencentBlock.ns16350.oracleGeneral.zst"
}