{
  "dram_cache_size": 36,
  "flash_cache_size": 3699,
  "results": [
    {
      "hit": 2877364,
      "iteration": 0,
      "metrics": [
        {
          "admission_treshold": 0,
          "algorithm": "dclock",
          "byte_inserted": 1356517,
          "byte_miss": 1356517,
          "byte_read": 2877364,
          "byte_reinserted": 573531,
          "hit": 2877364,
          "inserted": 1356517,
          "layer": 0,
          "miss_ratio": 0.32039563700538587,
          "reinserted": 573531,
          "req": 4233881
        }
      ],
      "miss_ratio": 0.32039563700538587,
      "req": 4233881
    }
  ],
  "trace": "tencentBlock.ns6334.oracleGeneral.zst"
}