{
  "dram_cache_size": 35,
  "flash_cache_size": 3506,
  "results": [
    {
      "hit": 1190552,
      "iteration": 0,
      "metrics": [
        {
          "admission_treshold": 0,
          "algorithm": "t5auto",
          "byte_inserted": 1355350,
          "byte_miss": 1355350,
          "byte_read": 1190552,
          "byte_reinserted": 265863,
          "hit": 1190552,
          "inserted": 1355350,
          "layer": 0,
          "miss_ratio": 0.5323653463487596,
          "reinserted": 265863,
          "req": 2545902
        }
      ],
      "miss_ratio": 0.5323653463487596,
      "req": 2545902
    }
  ],
  "trace": "cf_colo28.ns569.oracleGeneral.zst"
}