{
  "dram_cache_size": 61,
  "flash_cache_size": 6189,
  "results": [
    {
      "hit": 3297349,
      "iteration": 0,
      "metrics": [
        {
          "admission_treshold": 0,
          "algorithm": "q3auto",
          "byte_inserted": 1515796,
          "byte_miss": 1515796,
          "byte_read": 3297349,
          "byte_reinserted": 299662,
          "hit": 3297349,
          "inserted": 1515796,
          "layer": 0,
          "miss_ratio": 0.3149283888185376,
          "reinserted": 299662,
          "req": 4813145
        }
      ],
      "miss_ratio": 0.3149283888185376,
      "req": 4813145
    }
  ],
  "trace": "tencentBlock.ns18986.oracleGeneral.zst"
}