{
  "dram_cache_size": 4,
  "flash_cache_size": 479,
  "results": [
    {
      "hit": 1609554,
      "iteration": 0,
      "metrics": [
        {
          "admission_treshold": 0,
          "algorithm": "gclock",
          "byte_inserted": 261880,
          "byte_miss": 261880,
          "byte_read": 1609554,
          "byte_reinserted": 239146,
          "hit": 1609554,
          "inserted": 261880,
          "layer": 0,
          "miss_ratio": 0.1399354719429058,
          "reinserted": 239146,
          "req": 1871434
        }
      ],
      "miss_ratio": 0.1399354719429058,
      "req": 1871434
    }
  ],
  "trace": "tencentBlock.ns16625.oracleGeneral.zst"
}