{
  "dram_cache_size": 30,
  "flash_cache_size": 3005,
  "results": [
    {
      "hit": 1583773,
      "iteration": 0,
      "metrics": [
        {
          "admission_treshold": 0,
          "algorithm": "q-clock",
          "byte_inserted": 728850,
          "byte_miss": 728850,
          "byte_read": 1583773,
          "byte_reinserted": 210103,
          "hit": 1583773,
          "inserted": 728850,
          "layer": 0,
          "miss_ratio": 0.315161615187603,
          "reinserted": 210103,
          "req": 2312623
        }
      ],
      "miss_ratio": 0.315161615187603,
      "req": 2312623
    }
  ],
  "trace": "tencentBlock.ns25650.oracleGeneral.zst"
}