{
  "dram_cache_size": 13,
  "flash_cache_size": 1315,
  "results": [
    {
      "hit": 1933928,
      "iteration": 0,
      "metrics": [
        {
          "admission_treshold": 0,
          "algorithm": "g2clock",
          "byte_inserted": 636836,
          "byte_miss": 636836,
          "byte_read": 1933928,
          "byte_reinserted": 242282,
          "hit": 1933928,
          "inserted": 636836,
          "layer": 0,
          "miss_ratio": 0.24772246693978905,
          "reinserted": 242282,
          "req": 2570764
        }
      ],
      "miss_ratio": 0.24772246693978905,
      "req": 2570764
    }
  ],
  "trace": "tencentBlock.ns15390.oracleGeneral.zst"
}