{
  "dram_cache_size": 8,
  "flash_cache_size": 874,
  "results": [
    {
      "hit": 1231666,
      "iteration": 0,
      "metrics": [
        {
          "admission_treshold": 0,
          "algorithm": "qor-clock",
          "byte_inserted": 429904,
          "byte_miss": 429904,
          "byte_read": 1231666,
          "byte_reinserted": 54544,
          "hit": 1231666,
          "inserted": 429904,
          "layer": 0,
          "miss_ratio": 0.25873360737134155,
          "reinserted": 54544,
          "req": 1661570
        }
      ],
      "miss_ratio": 0.25873360737134155,
      "req": 1661570
    }
  ],
  "trace": "tencentBlock.ns11057.oracleGeneral.zst"
}