{
  "dram_cache_size": 31,
  "flash_cache_size": 3123,
  "results": [
    {
      "hit": 905536,
      "iteration": 0,
      "metrics": [
        {
          "admission_treshold": 0,
          "algorithm": "qauto",
          "byte_inserted": 1103369,
          "byte_miss": 1103369,
          "byte_read": 905536,
          "byte_reinserted": 133671,
          "hit": 905536,
          "inserted": 1103369,
          "layer": 0,
          "miss_ratio": 0.5492390132933116,
          "reinserted": 133671,
          "req": 2008905
        }
      ],
      "miss_ratio": 0.5492390132933116,
      "req": 2008905
    }
  ],
  "trace": "tencentBlock.ns22194.oracleGeneral.zst"
}