{
  "dram_cache_size": 610,
  "flash_cache_size": 61082,
  "results": [
    {
      "hit": 27826064,
      "iteration": 0,
      "metrics": [
        {
          "admission_treshold": 0,
          "algorithm": "q2auto",
          "byte_inserted": 13078561,
          "byte_miss": 13078561,
          "byte_read": 27826064,
          "byte_reinserted": 3006386,
          "hit": 27826064,
          "inserted": 13078561,
          "layer": 0,
          "miss_ratio": 0.3197330619703762,
          "reinserted": 3006386,
          "req": 40904625
        }
      ],
      "miss_ratio": 0.3197330619703762,
      "req": 40904625
    }
  ],
  "trace": "tencentBlock.ns4385.oracleGeneral.zst"
}