{
  "dram_cache_size": 51,
  "flash_cache_size": 5185,
  "results": [
    {
      "hit": 8553158,
      "iteration": 0,
      "metrics": [
        {
          "admission_treshold": 0,
          "algorithm": "clock",
          "byte_inserted": 1617957,
          "byte_miss": 1617957,
          "byte_read": 8553158,
          "byte_reinserted": 770402,
          "hit": 8553158,
          "inserted": 1617957,
          "layer": 0,
          "miss_ratio": 0.1590737102077796,
          "reinserted": 770402,
          "req": 10171115
        }
      ],
      "miss_ratio": 0.1590737102077796,
      "req": 10171115
    }
  ],
  "trace": "tencentBlock.ns3304.oracleGeneral.zst"
}