{
  "dram_cache_size": 49,
  "flash_cache_size": 4948,
  "results": [
    {
      "hit": 3983492,
      "iteration": 0,
      "metrics": [
        {
          "admission_treshold": 0,
          "algorithm": "dclock",
          "byte_inserted": 710777,
          "byte_miss": 710777,
          "byte_read": 3983492,
          "byte_reinserted": 181215,
          "hit": 3983492,
          "inserted": 710777,
          "layer": 0,
          "miss_ratio": 0.151413777097137,
          "reinserted": 181215,
          "req": 4694269
        }
      ],
      "miss_ratio": 0.151413777097137,
      "req": 4694269
    }
  ],
  "trace": "akamai_sjc.ns185.oracleGeneral.bin.zst"
}