{
  "dram_cache_size": 8,
  "flash_cache_size": 846,
  "results": [
    {
      "hit": 3059690,
      "iteration": 0,
      "metrics": [
        {
          "admission_treshold": 0,
          "algorithm": "qand-clock",
          "byte_inserted": 3056856,
          "byte_miss": 3056856,
          "byte_read": 3059690,
          "byte_reinserted": 1130461,
          "hit": 3059690,
          "inserted": 3056856,
          "layer": 0,
          "miss_ratio": 0.4997683333044499,
          "reinserted": 1130461,
          "req": 6116546
        }
      ],
      "miss_ratio": 0.4997683333044499,
      "req": 6116546
    }
  ],
  "trace": "cf_allcolo.ns1285.oracleGeneral.zst"
}