{
  "dram_cache_size": 65,
  "flash_cache_size": 6570,
  "results": [
    {
      "hit": 17569132,
      "iteration": 0,
      "metrics": [
        {
          "admission_treshold": 0,
          "algorithm": "s3fclock-sequential",
          "byte_inserted": 662419,
          "byte_miss": 662419,
          "byte_read": 17569132,
          "byte_reinserted": 4247,
          "hit": 17569132,
          "inserted": 662419,
          "layer": 0,
          "miss_ratio": 0.03633366135442895,
          "reinserted": 4247,
          "req": 18231551
        }
      ],
      "miss_ratio": 0.03633366135442895,
      "req": 18231551
    }
  ],
  "trace": "cf_allcolo.ns710.oracleGeneral.zst"
}