{
  "dram_cache_size": 31,
  "flash_cache_size": 3113,
  "results": [
    {
      "hit": 2567443,
      "iteration": 0,
      "metrics": [
        {
          "admission_treshold": 0,
          "algorithm": "clock",
          "byte_inserted": 895601,
          "byte_miss": 895601,
          "byte_read": 2567443,
          "byte_reinserted": 828047,
          "hit": 2567443,
          "inserted": 895601,
          "layer": 0,
          "miss_ratio": 0.2586166967558021,
          "reinserted": 828047,
          "req": 3463044
        }
      ],
      "miss_ratio": 0.2586166967558021,
      "req": 3463044
    }
  ],
  "trace": "tencentBlock.ns19214.oracleGeneral.zst"
}