{
  "dram_cache_size": 28,
  "flash_cache_size": 2801,
  "results": [
    {
      "hit": 2016690,
      "iteration": 0,
      "metrics": [
        {
          "admission_treshold": 0,
          "algorithm": "dclock",
          "byte_inserted": 1070079,
          "byte_miss": 1070079,
          "byte_read": 2016690,
          "byte_reinserted": 625653,
          "hit": 2016690,
          "inserted": 1070079,
          "layer": 0,
          "miss_ratio": 0.34666636862039235,
          "reinserted": 625653,
          "req": 3086769
        }
      ],
      "miss_ratio": 0.34666636862039235,
      "req": 3086769
    }
  ],
  "trace": "tencentBlock.ns8584.oracleGeneral.zst"
}