{
  "dram_cache_size": 422,
  "flash_cache_size": 42227,
  "results": [
    {
      "hit": 68999704,
      "iteration": 0,
      "metrics": [
        {
          "admission_treshold": 0,
          "algorithm": "g2clock",
          "byte_inserted": 56221411,
          "byte_miss": 56221411,
          "byte_read": 68999704,
          "byte_reinserted": 33195364,
          "hit": 68999704,
          "inserted": 56221411,
          "layer": 0,
          "miss_ratio": 0.4489770834575303,
          "reinserted": 33195364,
          "req": 125221115
        }
      ],
      "miss_ratio": 0.4489770834575303,
      "req": 125221115
    }
  ],
  "trace": "tencentBlock.ns4786.oracleGeneral.zst"
}