{
  "dram_cache_size": 14,
  "flash_cache_size": 1488,
  "results": [
    {
      "hit": 1635748,
      "iteration": 0,
      "metrics": [
        {
          "admission_treshold": 0,
          "algorithm": "dclock",
          "byte_inserted": 7164777,
          "byte_miss": 7164777,
          "byte_read": 1635748,
          "byte_reinserted": 391478,
          "hit": 1635748,
          "inserted": 7164777,
          "layer": 0,
          "miss_ratio": 0.8141306342519339,
          "reinserted": 391478,
          "req": 8800525
        }
      ],
      "miss_ratio": 0.8141306342519339,
      "req": 8800525
    }
  ],
  "trace": "tencentBlock.ns16644.oracleGeneral.zst"
}