{
  "dram_cache_size": 40,
  "flash_cache_size": 4049,
  "results": [
    {
      "hit": 354921,
      "iteration": 0,
      "metrics": [
        {
          "admission_treshold": 0,
          "algorithm": "s3fclock",
          "byte_inserted": 4975294,
          "byte_miss": 4975294,
          "byte_read": 354921,
          "byte_reinserted": 6563,
          "hit": 354921,
          "inserted": 4975294,
          "layer": 0,
          "miss_ratio": 0.9334133801356981,
          "reinserted": 6563,
          "req": 5330215
        }
      ],
      "miss_ratio": 0.9334133801356981,
      "req": 5330215
    }
  ],
  "trace": "tencentBlock.ns19240.oracleGeneral.zst"
}