{
  "dram_cache_size": 8,
  "flash_cache_size": 850,
  "results": [
    {
      "hit": 1725923,
      "iteration": 0,
      "metrics": [
        {
          "admission_treshold": 0,
          "algorithm": "clock",
          "byte_inserted": 509881,
          "byte_miss": 509881,
          "byte_read": 1725923,
          "byte_reinserted": 155883,
          "hit": 1725923,
          "inserted": 509881,
          "layer": 0,
          "miss_ratio": 0.22805263788775765,
          "reinserted": 155883,
          "req": 2235804
        }
      ],
      "miss_ratio": 0.22805263788775765,
      "req": 2235804
    }
  ],
  "trace": "tencentBlock.ns3048.oracleGeneral.zst"
}