{
  "dram_cache_size": 15,
  "flash_cache_size": 1533,
  "results": [
    {
      "hit": 1368627,
      "iteration": 0,
      "metrics": [
        {
          "admission_treshold": 0,
          "algorithm": "dclock",
          "byte_inserted": 814360,
          "byte_miss": 814360,
          "byte_read": 1368627,
          "byte_reinserted": 182586,
          "hit": 1368627,
          "inserted": 814360,
          "layer": 0,
          "miss_ratio": 0.3730484881494942,
          "reinserted": 182586,
          "req": 2182987
        }
      ],
      "miss_ratio": 0.3730484881494942,
      "req": 2182987
    }
  ],
  "trace": "tencentBlock.ns16764.oracleGeneral.zst"
}