{
  "dram_cache_size": 53,
  "flash_cache_size": 5340,
  "results": [
    {
      "hit": 3081363,
      "iteration": 0,
      "metrics": [
        {
          "admission_treshold": 0,
          "algorithm": "q3auto",
          "byte_inserted": 1668522,
          "byte_miss": 1668522,
          "byte_read": 3081363,
          "byte_reinserted": 402605,
          "hit": 3081363,
          "inserted": 1668522,
          "layer": 0,
          "miss_ratio": 0.3512762940576456,
          "reinserted": 402605,
          "req": 4749885
        }
      ],
      "miss_ratio": 0.3512762940576456,
      "req": 4749885
    }
  ],
  "trace": "tencentBlock.ns7576.oracleGeneral.zst"
}