{
  "dram_cache_size": 20,
  "flash_cache_size": 2075,
  "results": [
    {
      "hit": 607779,
      "iteration": 0,
      "metrics": [
        {
          "admission_treshold": 0,
          "algorithm": "d3clock",
          "byte_inserted": 593321,
          "byte_miss": 593321,
          "byte_read": 607779,
          "byte_reinserted": 39383,
          "hit": 607779,
          "inserted": 593321,
          "layer": 0,
          "miss_ratio": 0.49398135042877367,
          "reinserted": 39383,
          "req": 1201100
        }
      ],
      "miss_ratio": 0.49398135042877367,
      "req": 1201100
    }
  ],
  "trace": "tencentBlock.ns6696.oracleGeneral.zst"
}