{
  "dram_cache_size": 54,
  "flash_cache_size": 5473,
  "results": [
    {
      "hit": 3178330,
      "iteration": 0,
      "metrics": [
        {
          "admission_treshold": 0,
          "algorithm": "dclock",
          "byte_inserted": 1335178,
          "byte_miss": 1335178,
          "byte_read": 3178330,
          "byte_reinserted": 1366139,
          "hit": 3178330,
          "inserted": 1335178,
          "layer": 0,
          "miss_ratio": 0.29581824159833103,
          "reinserted": 1366139,
          "req": 4513508
        }
      ],
      "miss_ratio": 0.29581824159833103,
      "req": 4513508
    }
  ],
  "trace": "tencentBlock.ns21415.oracleGeneral.zst"
}