{
  "dram_cache_size": 67,
  "flash_cache_size": 6733,
  "results": [
    {
      "hit": 3092800,
      "iteration": 0,
      "metrics": [
        {
          "admission_treshold": 0,
          "algorithm": "clock",
          "byte_inserted": 3747976,
          "byte_miss": 3747976,
          "byte_read": 3092800,
          "byte_reinserted": 925988,
          "hit": 3092800,
          "inserted": 3747976,
          "layer": 0,
          "miss_ratio": 0.547887549599636,
          "reinserted": 925988,
          "req": 6840776
        }
      ],
      "miss_ratio": 0.547887549599636,
      "req": 6840776
    }
  ],
  "trace": "w71.oracleGeneral.bin.zst"
}