{
  "dram_cache_size": 61312,
  "flash_cache_size": 6131268,
  "results": [
    {
      "hit": 32729632,
      "iteration": 0,
      "metrics": [
        {
          "admission_treshold": 0,
          "algorithm": "qtime-clock",
          "byte_inserted": 12893674,
          "byte_miss": 12893674,
          "byte_read": 32729632,
          "byte_reinserted": 265229,
          "hit": 32729632,
          "inserted": 12893674,
          "layer": 0,
          "miss_ratio": 0.2826115669916599,
          "reinserted": 265229,
          "req": 45623306
        }
      ],
      "miss_ratio": 0.2826115669916599,
      "req": 45623306
    }
  ],
  "trace": "meta_reag.oracleGeneral.zst"
}