{
  "dram_cache_size": 9502,
  "flash_cache_size": 950262,
  "results": [
    {
      "hit": 34501388,
      "iteration": 0,
      "metrics": [
        {
          "admission_treshold": 1,
          "algorithm": "q-clock",
          "byte_inserted": 23423396,
          "byte_miss": 32926017,
          "byte_read": 34501388,
          "byte_reinserted": 57,
          "hit": 34501388,
          "inserted": 23423396,
          "layer": 0,
          "miss_ratio": 0.48831802143356995,
          "reinserted": 57,
          "req": 67427405
        }
      ],
      "miss_ratio": 0.48831802143356995,
      "req": 67427405
    }
  ],
  "trace": "w07.oracleGeneral.bin.zst"
}