{
  "dram_cache_size": 2720580096,
  "flash_cache_size": 272058007552,
  "results": [
    {
      "hit": 9137624,
      "iteration": 0,
      "metrics": [
        {
          "admission_treshold": 0,
          "algorithm": "q-clock",
          "byte_inserted": 3873009732032,
          "byte_miss": 3873009732032,
          "byte_read": 683981719936,
          "byte_reinserted": 37789696,
          "hit": 9137624,
          "inserted": 35327313,
          "layer": 0,
          "miss_ratio": 0.7944982132775764,
          "reinserted": 112,
          "req": 44464937
        }
      ],
      "miss_ratio": 0.7944982132775764,
      "req": 44464937
    }
  ],
  "trace": "w08.oracleGeneral.bin.zst"
}