{
  "dram_cache_size": 2834674688,
  "flash_cache_size": 283467481088,
  "results": [
    {
      "hit": 19794679,
      "iteration": 0,
      "metrics": [
        {
          "admission_treshold": 1,
          "algorithm": "qtime-clock",
          "byte_inserted": 2424431333376,
          "byte_miss": 3558301304832,
          "byte_read": 1245430351360,
          "byte_reinserted": 267928094720,
          "hit": 19794679,
          "inserted": 14960779,
          "layer": 0,
          "miss_ratio": 0.6010981334858327,
          "reinserted": 2071287,
          "req": 49622929
        }
      ],
      "miss_ratio": 0.6010981334858327,
      "req": 49622929
    }
  ],
  "trace": "w09.oracleGeneral.bin.zst"
}