{
  "dram_cache_size": 3918500352,
  "flash_cache_size": 391850033152,
  "results": [
    {
      "hit": 25792250,
      "iteration": 0,
      "metrics": [
        {
          "admission_treshold": 0,
          "algorithm": "offline-qtime-clock",
          "byte_inserted": 2990417663488,
          "byte_miss": 2990417663488,
          "byte_read": 1707954698240,
          "byte_reinserted": 1082687826944,
          "hit": 25792250,
          "inserted": 22550100,
          "layer": 0,
          "miss_ratio": 0.46646677292270644,
          "reinserted": 9200169,
          "req": 48342350
        }
      ],
      "miss_ratio": 0.46646677292270644,
      "req": 48342350
    },
    {
      "hit": 24391057,
      "iteration": 1,
      "metrics": [
        {
          "admission_treshold": 0,
          "algorithm": "offline-qtime-clock",
          "byte_inserted": 6069961729024,
          "byte_miss": 6069961729024,
          "byte_read": 3326782994432,
          "byte_reinserted": 1082696477696,
          "hit": 24391057,
          "inserted": 23951293,
          "layer": 0,
          "miss_ratio": 0.495451565759629,
          "reinserted": 254,
          "req": 48342350
        }
      ],
      "miss_ratio": 0.495451565759629,
      "req": 48342350
    }
  ],
  "trace": "w10.oracleGeneral.bin.zst"
}