{
  "dram_cache_size": 21467006,
  "flash_cache_size": 2146700672,
  "results": [
    {
      "hit": 74660806,
      "iteration": 0,
      "metrics": [
        {
          "admission_treshold": 1,
          "algorithm": "q-clock",
          "byte_inserted": 3395822855511,
          "byte_miss": 3825734106833,
          "byte_read": 3104370572776,
          "byte_reinserted": 1344549950159,
          "hit": 74660806,
          "inserted": 114590715,
          "layer": 0,
          "miss_ratio": 0.6404418805039165,
          "reinserted": 34198916,
          "req": 207646002
        }
      ],
      "miss_ratio": 0.6404418805039165,
      "req": 207646002
    }
  ],
  "trace": "wiki_2019t.oracleGeneral.zst"
}