{
  "dram_cache_size": 99,
  "flash_cache_size": 9999,
  "results": [
    {
      "hit": 56383971,
      "iteration": 0,
      "metrics": [
        {
          "admission_treshold": 0,
          "algorithm": "qtime-clock",
          "byte_inserted": 43616029,
          "byte_miss": 43616029,
          "byte_read": 56383971,
          "byte_reinserted": 2124740,
          "hit": 56383971,
          "inserted": 43616029,
          "layer": 0,
          "miss_ratio": 0.43616029,
          "reinserted": 2124740,
          "req": 100000000
        }
      ],
      "miss_ratio": 0.43616029,
      "req": 100000000
    }
  ],
  "trace": "zipf1.oracleGeneral"
}