{
  "dram_cache_size": 200002,
  "flash_cache_size": 20000200,
  "results": [
    {
      "hit": 562897,
      "iteration": 0,
      "metrics": [
        {
          "admission_treshold": 1,
          "algorithm": "offline-qtime-clock",
          "byte_inserted": 393748412000,
          "byte_miss": 397748412000,
          "byte_read": 2251588000,
          "byte_reinserted": 2242812000,
          "hit": 562897,
          "inserted": 98437103,
          "layer": 0,
          "miss_ratio": 0.99437103,
          "reinserted": 560703,
          "req": 100000000
        }
      ],
      "miss_ratio": 0.99437103,
      "req": 100000000
    },
    {
      "hit": 562481,
      "iteration": 1,
      "metrics": [
        {
          "admission_treshold": 1,
          "algorithm": "offline-qtime-clock",
          "byte_inserted": 787498488000,
          "byte_miss": 795498488000,
          "byte_read": 4501512000,
          "byte_reinserted": 3674288000,
          "hit": 562481,
          "inserted": 98437519,
          "layer": 0,
          "miss_ratio": 0.99437519,
          "reinserted": 357869,
          "req": 100000000
        }
      ],
      "miss_ratio": 0.99437519,
      "req": 100000000
    }
  ],
  "trace": "zipf0.25.oracleGeneral"
}