{
  "dram_cache_size": 99,
  "flash_cache_size": 9999,
  "results": [
    {
      "hit": 58450567,
      "iteration": 0,
      "metrics": [
        {
          "admission_treshold": 0,
          "algorithm": "q-clock",
          "byte_inserted": 41549433,
          "byte_miss": 41549433,
          "byte_read": 58450567,
          "byte_reinserted": 5307657,
          "hit": 58450567,
          "inserted": 41549433,
          "layer": 0,
          "miss_ratio": 0.41549433,
          "reinserted": 5307657,
          "req": 100000000
        }
      ],
      "miss_ratio": 0.41549433,
      "req": 100000000
    }
  ],
  "trace": "zipf1.oracleGeneral"
}