{
  "dram_cache_size": 187,
  "flash_cache_size": 18759,
  "results": [
    {
      "hit": 12569780,
      "iteration": 0,
      "metrics": [
        {
          "admission_treshold": 0,
          "algorithm": "d3clock",
          "byte_inserted": 3330631,
          "byte_miss": 3330631,
          "byte_read": 12569780,
          "byte_reinserted": 742671,
          "hit": 12569780,
          "inserted": 3330631,
          "layer": 0,
          "miss_ratio": 0.2094682332425244,
          "reinserted": 742671,
          "req": 15900411
        }
      ],
      "miss_ratio": 0.2094682332425244,
      "req": 15900411
    }
  ],
  "trace": "cf_allcolo.ns159.oracleGeneral.zst"
}