{
  "dram_cache_size": 878,
  "flash_cache_size": 87842,
  "results": [
    {
      "hit": 2760711,
      "iteration": 0,
      "metrics": [
        {
          "admission_treshold": 0,
          "algorithm": "q3auto",
          "byte_inserted": 11639289,
          "byte_miss": 11639289,
          "byte_read": 2760711,
          "byte_reinserted": 753412,
          "hit": 2760711,
          "inserted": 11639289,
          "layer": 0,
          "miss_ratio": 0.8082839583333333,
          "reinserted": 753412,
          "req": 14400000
        }
      ],
      "miss_ratio": 0.8082839583333333,
      "req": 14400000
    }
  ],
  "trace": "io_traces.ns61.oracleGeneral.zst"
}