{
  "dram_cache_size": 12,
  "flash_cache_size": 1232,
  "results": [
    {
      "hit": 1818894,
      "iteration": 0,
      "metrics": [
        {
          "admission_treshold": 0,
          "algorithm": "d3clock",
          "byte_inserted": 764859,
          "byte_miss": 764859,
          "byte_read": 1818894,
          "byte_reinserted": 168704,
          "hit": 1818894,
          "inserted": 764859,
          "layer": 0,
          "miss_ratio": 0.2960263616529908,
          "reinserted": 168704,
          "req": 2583753
        }
      ],
      "miss_ratio": 0.2960263616529908,
      "req": 2583753
    }
  ],
  "trace": "tencentBlock.ns12019.oracleGeneral.zst"
}