{
  "dram_cache_size": 18,
  "flash_cache_size": 1800,
  "results": [
    {
      "hit": 762596,
      "iteration": 0,
      "metrics": [
        {
          "admission_treshold": 0,
          "algorithm": "time2-auto",
          "byte_inserted": 698592,
          "byte_miss": 698592,
          "byte_read": 762596,
          "byte_reinserted": 28800,
          "hit": 762596,
          "inserted": 698592,
          "layer": 0,
          "miss_ratio": 0.47809864302197935,
          "reinserted": 28800,
          "req": 1461188
        }
      ],
      "miss_ratio": 0.47809864302197935,
      "req": 1461188
    }
  ],
  "trace": "tencentBlock.ns23087.oracleGeneral.zst"
}