{
  "dram_cache_size": 51,
  "flash_cache_size": 5136,
  "results": [
    {
      "hit": 10641458,
      "iteration": 0,
      "metrics": [
        {
          "admission_treshold": 0,
          "algorithm": "gclock",
          "byte_inserted": 2780024,
          "byte_miss": 2780024,
          "byte_read": 10641458,
          "byte_reinserted": 532425,
          "hit": 10641458,
          "inserted": 2780024,
          "layer": 0,
          "miss_ratio": 0.2071324165244941,
          "reinserted": 532425,
          "req": 13421482
        }
      ],
      "miss_ratio": 0.2071324165244941,
      "req": 13421482
    }
  ],
  "trace": "tencentBlock.ns18926.oracleGeneral.zst"
}