{
  "dram_cache_size": 84,
  "flash_cache_size": 8429,
  "results": [
    {
      "hit": 6221914,
      "iteration": 0,
      "metrics": [
        {
          "admission_treshold": 0,
          "algorithm": "d3clock",
          "byte_inserted": 2536099,
          "byte_miss": 2536099,
          "byte_read": 6221914,
          "byte_reinserted": 1215787,
          "hit": 6221914,
          "inserted": 2536099,
          "layer": 0,
          "miss_ratio": 0.28957470147623665,
          "reinserted": 1215787,
          "req": 8758013
        }
      ],
      "miss_ratio": 0.28957470147623665,
      "req": 8758013
    }
  ],
  "trace": "tencentBlock.ns15550.oracleGeneral.zst"
}