{
  "dram_cache_size": 12,
  "flash_cache_size": 1284,
  "results": [
    {
      "hit": 564850,
      "iteration": 0,
      "metrics": [
        {
          "admission_treshold": 0,
          "algorithm": "gclock",
          "byte_inserted": 577385,
          "byte_miss": 577385,
          "byte_read": 564850,
          "byte_reinserted": 32879,
          "hit": 564850,
          "inserted": 577385,
          "layer": 0,
          "miss_ratio": 0.5054870495125784,
          "reinserted": 32879,
          "req": 1142235
        }
      ],
      "miss_ratio": 0.5054870495125784,
      "req": 1142235
    }
  ],
  "trace": "tencentBlock.ns16571.oracleGeneral.zst"
}