{
  "dram_cache_size": 37,
  "flash_cache_size": 3751,
  "results": [
    {
      "hit": 3013709,
      "iteration": 0,
      "metrics": [
        {
          "admission_treshold": 0,
          "algorithm": "sxfifo",
          "byte_inserted": 1075188,
          "byte_miss": 1075188,
          "byte_read": 3013709,
          "byte_reinserted": 217926,
          "hit": 3013709,
          "inserted": 1075188,
          "layer": 0,
          "miss_ratio": 0.26295306533766927,
          "reinserted": 217926,
          "req": 4088897
        }
      ],
      "miss_ratio": 0.26295306533766927,
      "req": 4088897
    }
  ],
  "trace": "tencentBlock.ns18377.oracleGeneral.zst"
}