{
  "dram_cache_size": 14,
  "flash_cache_size": 1478,
  "results": [
    {
      "hit": 797614,
      "iteration": 0,
      "metrics": [
        {
          "admission_treshold": 0,
          "algorithm": "d3clock",
          "byte_inserted": 599429,
          "byte_miss": 599429,
          "byte_read": 797614,
          "byte_reinserted": 99048,
          "hit": 797614,
          "inserted": 599429,
          "layer": 0,
          "miss_ratio": 0.4290698282014226,
          "reinserted": 99048,
          "req": 1397043
        }
      ],
      "miss_ratio": 0.4290698282014226,
      "req": 1397043
    }
  ],
  "trace": "tencentBlock.ns22249.oracleGeneral.zst"
}