{
  "dram_cache_size": 144405,
  "flash_cache_size": 14440519,
  "results": [
    {
      "hit": 1080001,
      "iteration": 0,
      "metrics": [
        {
          "admission_treshold": 0,
          "algorithm": "qauto",
          "byte_inserted": 100467920896,
          "byte_miss": 100467920896,
          "byte_read": 6300331520,
          "byte_reinserted": 704641024,
          "hit": 1080001,
          "inserted": 538493,
          "layer": 0,
          "miss_ratio": 0.3327123857116554,
          "reinserted": 76410,
          "req": 1618494
        }
      ],
      "miss_ratio": 0.3327123857116554,
      "req": 1618494
    }
  ],
  "trace": "tencentBlock.ns8761.oracleGeneral.zst"
}