{
  "dram_cache_size": 53,
  "flash_cache_size": 5351,
  "results": [
    {
      "hit": 4255412,
      "iteration": 0,
      "metrics": [
        {
          "admission_treshold": 0,
          "algorithm": "qand-clock-v2",
          "byte_inserted": 1370525,
          "byte_miss": 1370525,
          "byte_read": 4255412,
          "byte_reinserted": 351863,
          "hit": 4255412,
          "inserted": 1370525,
          "layer": 0,
          "miss_ratio": 0.24360830915810117,
          "reinserted": 351863,
          "req": 5625937
        }
      ],
      "miss_ratio": 0.24360830915810117,
      "req": 5625937
    }
  ],
  "trace": "tencentBlock.ns17317.oracleGeneral.zst"
}