{
  "dram_cache_size": 48,
  "flash_cache_size": 4874,
  "results": [
    {
      "hit": 6326639,
      "iteration": 0,
      "metrics": [
        {
          "admission_treshold": 0,
          "algorithm": "g2clock",
          "byte_inserted": 2209277,
          "byte_miss": 2209277,
          "byte_read": 6326639,
          "byte_reinserted": 2139524,
          "hit": 6326639,
          "inserted": 2209277,
          "layer": 0,
          "miss_ratio": 0.2588213145490186,
          "reinserted": 2139524,
          "req": 8535916
        }
      ],
      "miss_ratio": 0.2588213145490186,
      "req": 8535916
    }
  ],
  "trace": "tencentBlock.ns9764.oracleGeneral.zst"
}