{
  "dram_cache_size": 115,
  "flash_cache_size": 11504,
  "results": [
    {
      "hit": 2755195,
      "iteration": 0,
      "metrics": [
        {
          "admission_treshold": 0,
          "algorithm": "dclock",
          "byte_inserted": 7278441,
          "byte_miss": 7278441,
          "byte_read": 2755195,
          "byte_reinserted": 392690,
          "hit": 2755195,
          "inserted": 7278441,
          "layer": 0,
          "miss_ratio": 0.7254041306660916,
          "reinserted": 392690,
          "req": 10033636
        }
      ],
      "miss_ratio": 0.7254041306660916,
      "req": 10033636
    }
  ],
  "trace": "tencentBlock.ns16788.oracleGeneral.zst"
}