{
  "dram_cache_size": 14,
  "flash_cache_size": 1468,
  "results": [
    {
      "hit": 752791,
      "iteration": 0,
      "metrics": [
        {
          "admission_treshold": 0,
          "algorithm": "gclock",
          "byte_inserted": 674444,
          "byte_miss": 674444,
          "byte_read": 752791,
          "byte_reinserted": 35478,
          "hit": 752791,
          "inserted": 674444,
          "layer": 0,
          "miss_ratio": 0.47255287321289063,
          "reinserted": 35478,
          "req": 1427235
        }
      ],
      "miss_ratio": 0.47255287321289063,
      "req": 1427235
    }
  ],
  "trace": "tencentBlock.ns19653.oracleGeneral.zst"
}