{
  "dram_cache_size": 1,
  "flash_cache_size": 112,
  "results": [
    {
      "hit": 15556663,
      "iteration": 0,
      "metrics": [
        {
          "admission_treshold": 0,
          "algorithm": "sxfifo",
          "byte_inserted": 11885,
          "byte_miss": 11885,
          "byte_read": 15556663,
          "byte_reinserted": 179,
          "hit": 15556663,
          "inserted": 11885,
          "layer": 0,
          "miss_ratio": 0.0007633981023792424,
          "reinserted": 179,
          "req": 15568548
        }
      ],
      "miss_ratio": 0.0007633981023792424,
      "req": 15568548
    }
  ],
  "trace": "cf_allcolo.ns833.oracleGeneral.zst"
}