{
  "dram_cache_size": 0,
  "flash_cache_size": 4,
  "results": [
    {
      "hit": 582020,
      "iteration": 0,
      "metrics": [
        {
          "admission_treshold": 0,
          "algorithm": "t6auto",
          "byte_inserted": 526266,
          "byte_miss": 526266,
          "byte_read": 582020,
          "byte_reinserted": 229351,
          "hit": 582020,
          "inserted": 526266,
          "layer": 0,
          "miss_ratio": 0.47484674533468796,
          "reinserted": 229351,
          "req": 1108286
        }
      ],
      "miss_ratio": 0.47484674533468796,
      "req": 1108286
    }
  ],
  "trace": "cf_allcolo.ns3020.oracleGeneral.zst"
}