{
  "dram_cache_size": 3,
  "flash_cache_size": 365,
  "results": [
    {
      "hit": 5055952,
      "iteration": 0,
      "metrics": [
        {
          "admission_treshold": 0,
          "algorithm": "qtime-clock",
          "byte_inserted": 2137163,
          "byte_miss": 2137163,
          "byte_read": 5055952,
          "byte_reinserted": 586667,
          "hit": 5055952,
          "inserted": 2137163,
          "layer": 0,
          "miss_ratio": 0.29711230808905464,
          "reinserted": 586667,
          "req": 7193115
        }
      ],
      "miss_ratio": 0.29711230808905464,
      "req": 7193115
    }
  ],
  "trace": "cf_colo28.ns841.oracleGeneral.zst"
}