{
  "dram_cache_size": 49,
  "flash_cache_size": 4912,
  "results": [
    {
      "hit": 992990,
      "iteration": 0,
      "metrics": [
        {
          "admission_treshold": 0,
          "algorithm": "s3fclock",
          "byte_inserted": 1037052,
          "byte_miss": 1037052,
          "byte_read": 992990,
          "byte_reinserted": 175647,
          "hit": 992990,
          "inserted": 1037052,
          "layer": 0,
          "miss_ratio": 0.5108524848254371,
          "reinserted": 175647,
          "req": 2030042
        }
      ],
      "miss_ratio": 0.5108524848254371,
      "req": 2030042
    }
  ],
  "trace": "tencentBlock.ns9563.oracleGeneral.zst"
}