{
  "dram_cache_size": 27,
  "flash_cache_size": 2772,
  "results": [
    {
      "hit": 517335,
      "iteration": 0,
      "metrics": [
        {
          "admission_treshold": 0,
          "algorithm": "gclock",
          "byte_inserted": 663931,
          "byte_miss": 663931,
          "byte_read": 517335,
          "byte_reinserted": 130496,
          "hit": 517335,
          "inserted": 663931,
          "layer": 0,
          "miss_ratio": 0.5620503764605094,
          "reinserted": 130496,
          "req": 1181266
        }
      ],
      "miss_ratio": 0.5620503764605094,
      "req": 1181266
    }
  ],
  "trace": "tencentBlock.ns2559.oracleGeneral.zst"
}