{
  "dram_cache_size": 19,
  "flash_cache_size": 1928,
  "results": [
    {
      "hit": 961117,
      "iteration": 0,
      "metrics": [
        {
          "admission_treshold": 0,
          "algorithm": "gclock",
          "byte_inserted": 2183238,
          "byte_miss": 2183238,
          "byte_read": 961117,
          "byte_reinserted": 84027,
          "hit": 961117,
          "inserted": 2183238,
          "layer": 0,
          "miss_ratio": 0.6943357222705451,
          "reinserted": 84027,
          "req": 3144355
        }
      ],
      "miss_ratio": 0.6943357222705451,
      "req": 3144355
    }
  ],
  "trace": "tencentBlock.ns25630.oracleGeneral.zst"
}