{
  "dram_cache_size": 1,
  "flash_cache_size": 152,
  "results": [
    {
      "hit": 802389,
      "iteration": 0,
      "metrics": [
        {
          "admission_treshold": 0,
          "algorithm": "time-auto",
          "byte_inserted": 253022,
          "byte_miss": 253022,
          "byte_read": 802389,
          "byte_reinserted": 379656,
          "hit": 802389,
          "inserted": 253022,
          "layer": 0,
          "miss_ratio": 0.23973788410391783,
          "reinserted": 379656,
          "req": 1055411
        }
      ],
      "miss_ratio": 0.23973788410391783,
      "req": 1055411
    }
  ],
  "trace": "cf_allcolo.ns2907.oracleGeneral.zst"
}