{
  "dram_cache_size": 947,
  "flash_cache_size": 94719,
  "results": [
    {
      "hit": 232085,
      "iteration": 0,
      "metrics": [
        {
          "admission_treshold": 0,
          "algorithm": "q-clock",
          "byte_inserted": 9472032,
          "byte_miss": 9472032,
          "byte_read": 232085,
          "byte_reinserted": 61083,
          "hit": 232085,
          "inserted": 9472032,
          "layer": 0,
          "miss_ratio": 0.9760838621381007,
          "reinserted": 61083,
          "req": 9704117
        }
      ],
      "miss_ratio": 0.9760838621381007,
      "req": 9704117
    }
  ],
  "trace": "cf_allcolo.ns803.oracleGeneral.zst"
}