{
  "dram_cache_size": 631,
  "flash_cache_size": 63135,
  "results": [
    {
      "hit": 10381560671,
      "iteration": 0,
      "metrics": [
        {
          "admission_treshold": 0,
          "algorithm": "sxfifo",
          "byte_inserted": 162848587,
          "byte_miss": 162848587,
          "byte_read": 10381560671,
          "byte_reinserted": 152818424,
          "hit": 10381560671,
          "inserted": 162848587,
          "layer": 0,
          "miss_ratio": 0.015444069270779459,
          "reinserted": 152818424,
          "req": 10544409258
        }
      ],
      "miss_ratio": 0.015444069270779459,
      "req": 10544409258
    }
  ],
  "trace": "cluster25.oracleGeneral.zst"
}