{
  "dram_cache_size": 154,
  "flash_cache_size": 15401,
  "results": [
    {
      "hit": 32697576,
      "iteration": 0,
      "metrics": [
        {
          "admission_treshold": 0,
          "algorithm": "gclock",
          "byte_inserted": 7102424,
          "byte_miss": 7102424,
          "byte_read": 32697576,
          "byte_reinserted": 1733188,
          "hit": 32697576,
          "inserted": 7102424,
          "layer": 0,
          "miss_ratio": 0.178452864321608,
          "reinserted": 1733188,
          "req": 39800000
        }
      ],
      "miss_ratio": 0.178452864321608,
      "req": 39800000
    }
  ],
  "trace": "io_traces.ns30.oracleGeneral.zst"
}