{
  "dram_cache_size": 5,
  "flash_cache_size": 575,
  "results": [
    {
      "hit": 1308154,
      "iteration": 0,
      "metrics": [
        {
          "admission_treshold": 0,
          "algorithm": "dclock",
          "byte_inserted": 271042,
          "byte_miss": 271042,
          "byte_read": 1308154,
          "byte_reinserted": 65779,
          "hit": 1308154,
          "inserted": 271042,
          "layer": 0,
          "miss_ratio": 0.17163290687159793,
          "reinserted": 65779,
          "req": 1579196
        }
      ],
      "miss_ratio": 0.17163290687159793,
      "req": 1579196
    }
  ],
  "trace": "tencentBlock.ns7922.oracleGeneral.zst"
}