{
  "dram_cache_size": 22,
  "flash_cache_size": 2235,
  "results": [
    {
      "hit": 15289637,
      "iteration": 0,
      "metrics": [
        {
          "admission_treshold": 0,
          "algorithm": "q2auto",
          "byte_inserted": 1261668,
          "byte_miss": 1261668,
          "byte_read": 15289637,
          "byte_reinserted": 789963,
          "hit": 15289637,
          "inserted": 1261668,
          "layer": 0,
          "miss_ratio": 0.07622770530782919,
          "reinserted": 789963,
          "req": 16551305
        }
      ],
      "miss_ratio": 0.07622770530782919,
      "req": 16551305
    }
  ],
  "trace": "tencentBlock.ns21908.oracleGeneral.zst"
}