{
  "dram_cache_size": 17,
  "flash_cache_size": 1746,
  "results": [
    {
      "hit": 1271964,
      "iteration": 0,
      "metrics": [
        {
          "admission_treshold": 0,
          "algorithm": "g2clock",
          "byte_inserted": 417359,
          "byte_miss": 417359,
          "byte_read": 1271964,
          "byte_reinserted": 171152,
          "hit": 1271964,
          "inserted": 417359,
          "layer": 0,
          "miss_ratio": 0.24705695713608355,
          "reinserted": 171152,
          "req": 1689323
        }
      ],
      "miss_ratio": 0.24705695713608355,
      "req": 1689323
    }
  ],
  "trace": "tencentBlock.ns1371.oracleGeneral.zst"
}