{
  "dram_cache_size": 9,
  "flash_cache_size": 930,
  "results": [
    {
      "hit": 492057,
      "iteration": 0,
      "metrics": [
        {
          "admission_treshold": 0,
          "algorithm": "t7auto",
          "byte_inserted": 2776202,
          "byte_miss": 2776202,
          "byte_read": 492057,
          "byte_reinserted": 61275,
          "hit": 492057,
          "inserted": 2776202,
          "layer": 0,
          "miss_ratio": 0.8494436946398679,
          "reinserted": 61275,
          "req": 3268259
        }
      ],
      "miss_ratio": 0.8494436946398679,
      "req": 3268259
    }
  ],
  "trace": "tencentBlock.ns10011.oracleGeneral.zst"
}