{
  "dram_cache_size": 23,
  "flash_cache_size": 2384,
  "results": [
    {
      "hit": 2711702,
      "iteration": 0,
      "metrics": [
        {
          "admission_treshold": 0,
          "algorithm": "t7auto",
          "byte_inserted": 703760,
          "byte_miss": 703760,
          "byte_read": 2711702,
          "byte_reinserted": 275500,
          "hit": 2711702,
          "inserted": 703760,
          "layer": 0,
          "miss_ratio": 0.20605118721859594,
          "reinserted": 275500,
          "req": 3415462
        }
      ],
      "miss_ratio": 0.20605118721859594,
      "req": 3415462
    }
  ],
  "trace": "tencentBlock.ns16874.oracleGeneral.zst"
}