{
  "dram_cache_size": 32,
  "flash_cache_size": 3257,
  "results": [
    {
      "hit": 2100194,
      "iteration": 0,
      "metrics": [
        {
          "admission_treshold": 0,
          "algorithm": "dclock",
          "byte_inserted": 971470,
          "byte_miss": 971470,
          "byte_read": 2100194,
          "byte_reinserted": 368354,
          "hit": 2100194,
          "inserted": 971470,
          "layer": 0,
          "miss_ratio": 0.3162683158053745,
          "reinserted": 368354,
          "req": 3071664
        }
      ],
      "miss_ratio": 0.3162683158053745,
      "req": 3071664
    }
  ],
  "trace": "tencentBlock.ns13746.oracleGeneral.zst"
}