{
  "dram_cache_size": 18,
  "flash_cache_size": 1848,
  "results": [
    {
      "hit": 729892,
      "iteration": 0,
      "metrics": [
        {
          "admission_treshold": 0,
          "algorithm": "q-clock",
          "byte_inserted": 1870108,
          "byte_miss": 1870108,
          "byte_read": 729892,
          "byte_reinserted": 65189,
          "hit": 729892,
          "inserted": 1870108,
          "layer": 0,
          "miss_ratio": 0.7192723076923078,
          "reinserted": 65189,
          "req": 2600000
        }
      ],
      "miss_ratio": 0.7192723076923078,
      "req": 2600000
    }
  ],
  "trace": "io_traces.ns658.oracleGeneral.zst"
}