{
  "dram_cache_size": 9,
  "flash_cache_size": 976,
  "results": [
    {
      "hit": 728723,
      "iteration": 0,
      "metrics": [
        {
          "admission_treshold": 0,
          "algorithm": "t7auto",
          "byte_inserted": 671277,
          "byte_miss": 671277,
          "byte_read": 728723,
          "byte_reinserted": 57269,
          "hit": 728723,
          "inserted": 671277,
          "layer": 0,
          "miss_ratio": 0.47948357142857145,
          "reinserted": 57269,
          "req": 1400000
        }
      ],
      "miss_ratio": 0.47948357142857145,
      "req": 1400000
    }
  ],
  "trace": "io_traces.ns614.oracleGeneral.zst"
}