{
  "dram_cache_size": 26,
  "flash_cache_size": 2644,
  "results": [
    {
      "hit": 1976378,
      "iteration": 0,
      "metrics": [
        {
          "admission_treshold": 0,
          "algorithm": "s3fclock",
          "byte_inserted": 800192,
          "byte_miss": 800192,
          "byte_read": 1976378,
          "byte_reinserted": 246145,
          "hit": 1976378,
          "inserted": 800192,
          "layer": 0,
          "miss_ratio": 0.28819442693683217,
          "reinserted": 246145,
          "req": 2776570
        }
      ],
      "miss_ratio": 0.28819442693683217,
      "req": 2776570
    }
  ],
  "trace": "tencentBlock.ns23740.oracleGeneral.zst"
}