{
  "dram_cache_size": 204,
  "flash_cache_size": 20406,
  "results": [
    {
      "hit": 12245427,
      "iteration": 0,
      "metrics": [
        {
          "admission_treshold": 0,
          "algorithm": "gclock",
          "byte_inserted": 13072264,
          "byte_miss": 13072264,
          "byte_read": 12245427,
          "byte_reinserted": 3387311,
          "hit": 12245427,
          "inserted": 13072264,
          "layer": 0,
          "miss_ratio": 0.5163292339731929,
          "reinserted": 3387311,
          "req": 25317691
        }
      ],
      "miss_ratio": 0.5163292339731929,
      "req": 25317691
    }
  ],
  "trace": "tencentBlock.ns20979.oracleGeneral.zst"
}