{
  "dram_cache_size": 241,
  "flash_cache_size": 24152,
  "results": [
    {
      "hit": 15593479,
      "iteration": 0,
      "metrics": [
        {
          "admission_treshold": 0,
          "algorithm": "dclock",
          "byte_inserted": 17820573,
          "byte_miss": 17820573,
          "byte_read": 15593479,
          "byte_reinserted": 4339155,
          "hit": 15593479,
          "inserted": 17820573,
          "layer": 0,
          "miss_ratio": 0.5333257097941908,
          "reinserted": 4339155,
          "req": 33414052
        }
      ],
      "miss_ratio": 0.5333257097941908,
      "req": 33414052
    }
  ],
  "trace": "tencentBlock.ns3495.oracleGeneral.zst"
}