{
  "dram_cache_size": 50,
  "flash_cache_size": 5049,
  "results": [
    {
      "hit": 2764054,
      "iteration": 0,
      "metrics": [
        {
          "admission_treshold": 0,
          "algorithm": "t7auto",
          "byte_inserted": 1580081,
          "byte_miss": 1580081,
          "byte_read": 2764054,
          "byte_reinserted": 343620,
          "hit": 2764054,
          "inserted": 1580081,
          "layer": 0,
          "miss_ratio": 0.3637274163901444,
          "reinserted": 343620,
          "req": 4344135
        }
      ],
      "miss_ratio": 0.3637274163901444,
      "req": 4344135
    }
  ],
  "trace": "tencentBlock.ns10393.oracleGeneral.zst"
}