{
  "dram_cache_size": 10,
  "flash_cache_size": 1014,
  "results": [
    {
      "hit": 7317423,
      "iteration": 0,
      "metrics": [
        {
          "admission_treshold": 0,
          "algorithm": "s3fclock",
          "byte_inserted": 18062639,
          "byte_miss": 18062639,
          "byte_read": 7317423,
          "byte_reinserted": 54541,
          "hit": 7317423,
          "inserted": 18062639,
          "layer": 0,
          "miss_ratio": 0.711686165305664,
          "reinserted": 54541,
          "req": 25380062
        }
      ],
      "miss_ratio": 0.711686165305664,
      "req": 25380062
    }
  ],
  "trace": "tencentBlock.ns10370.oracleGeneral.zst"
}