{
  "dram_cache_size": 20,
  "flash_cache_size": 2063,
  "results": [
    {
      "hit": 406517,
      "iteration": 0,
      "metrics": [
        {
          "admission_treshold": 0,
          "algorithm": "sxfifo",
          "byte_inserted": 754063,
          "byte_miss": 754063,
          "byte_read": 406517,
          "byte_reinserted": 75240,
          "hit": 406517,
          "inserted": 754063,
          "layer": 0,
          "miss_ratio": 0.6497294456220166,
          "reinserted": 75240,
          "req": 1160580
        }
      ],
      "miss_ratio": 0.6497294456220166,
      "req": 1160580
    }
  ],
  "trace": "tencentBlock.ns14008.oracleGeneral.zst"
}