{
  "dram_cache_size": 83,
  "flash_cache_size": 8329,
  "results": [
    {
      "hit": 2375934,
      "iteration": 0,
      "metrics": [
        {
          "admission_treshold": 0,
          "algorithm": "g2clock",
          "byte_inserted": 2211127,
          "byte_miss": 2211127,
          "byte_read": 2375934,
          "byte_reinserted": 345599,
          "hit": 2375934,
          "inserted": 2211127,
          "layer": 0,
          "miss_ratio": 0.482035665102339,
          "reinserted": 345599,
          "req": 4587061
        }
      ],
      "miss_ratio": 0.482035665102339,
      "req": 4587061
    }
  ],
  "trace": "tencentBlock.ns15208.oracleGeneral.zst"
}