{
  "dram_cache_size": 14,
  "flash_cache_size": 1417,
  "results": [
    {
      "hit": 800628,
      "iteration": 0,
      "metrics": [
        {
          "admission_treshold": 0,
          "algorithm": "d3clock",
          "byte_inserted": 472050,
          "byte_miss": 472050,
          "byte_read": 800628,
          "byte_reinserted": 21049,
          "hit": 800628,
          "inserted": 472050,
          "layer": 0,
          "miss_ratio": 0.3709107881176543,
          "reinserted": 21049,
          "req": 1272678
        }
      ],
      "miss_ratio": 0.3709107881176543,
      "req": 1272678
    }
  ],
  "trace": "tencentBlock.ns22890.oracleGeneral.zst"
}