{
  "dram_cache_size": 2,
  "flash_cache_size": 206,
  "results": [
    {
      "hit": 651575,
      "iteration": 0,
      "metrics": [
        {
          "admission_treshold": 0,
          "algorithm": "q3auto",
          "byte_inserted": 764151,
          "byte_miss": 764151,
          "byte_read": 651575,
          "byte_reinserted": 173443,
          "hit": 651575,
          "inserted": 764151,
          "layer": 0,
          "miss_ratio": 0.5397591059286896,
          "reinserted": 173443,
          "req": 1415726
        }
      ],
      "miss_ratio": 0.5397591059286896,
      "req": 1415726
    }
  ],
  "trace": "cf_allcolo.ns6984.oracleGeneral.zst"
}