{
  "dram_cache_size": 1,
  "flash_cache_size": 106,
  "results": [
    {
      "hit": 121422541,
      "iteration": 0,
      "metrics": [
        {
          "admission_treshold": 0,
          "algorithm": "gclock",
          "byte_inserted": 27549738,
          "byte_miss": 27549738,
          "byte_read": 121422541,
          "byte_reinserted": 35738583,
          "hit": 121422541,
          "inserted": 27549738,
          "layer": 0,
          "miss_ratio": 0.18493197650550808,
          "reinserted": 35738583,
          "req": 148972279
        }
      ],
      "miss_ratio": 0.18493197650550808,
      "req": 148972279
    }
  ],
  "trace": "cf_allcolo.ns100.oracleGeneral.zst"
}