{
  "dram_cache_size": 38,
  "flash_cache_size": 3830,
  "results": [
    {
      "hit": 5748573,
      "iteration": 0,
      "metrics": [
        {
          "admission_treshold": 0,
          "algorithm": "g2clock",
          "byte_inserted": 3156337,
          "byte_miss": 3156337,
          "byte_read": 5748573,
          "byte_reinserted": 1925053,
          "hit": 5748573,
          "inserted": 3156337,
          "layer": 0,
          "miss_ratio": 0.35444906237120866,
          "reinserted": 1925053,
          "req": 8904910
        }
      ],
      "miss_ratio": 0.35444906237120866,
      "req": 8904910
    }
  ],
  "trace": "cf_allcolo.ns353.oracleGeneral.zst"
}