{
  "dram_cache_size": 0,
  "flash_cache_size": 73,
  "results": [
    {
      "hit": 621851,
      "iteration": 0,
      "metrics": [
        {
          "admission_treshold": 0,
          "algorithm": "t3auto",
          "byte_inserted": 1140190,
          "byte_miss": 1140190,
          "byte_read": 621851,
          "byte_reinserted": 185374,
          "hit": 621851,
          "inserted": 1140190,
          "layer": 0,
          "miss_ratio": 0.6470848294676458,
          "reinserted": 185374,
          "req": 1762041
        }
      ],
      "miss_ratio": 0.6470848294676458,
      "req": 1762041
    }
  ],
  "trace": "cf_colo28.ns2971.oracleGeneral.zst"
}