{
  "dram_cache_size": 178,
  "flash_cache_size": 17837,
  "results": [
    {
      "hit": 29486845,
      "iteration": 0,
      "metrics": [
        {
          "admission_treshold": 0,
          "algorithm": "g2clock",
          "byte_inserted": 6513155,
          "byte_miss": 6513155,
          "byte_read": 29486845,
          "byte_reinserted": 567951,
          "hit": 29486845,
          "inserted": 6513155,
          "layer": 0,
          "miss_ratio": 0.18092097222222225,
          "reinserted": 567951,
          "req": 36000000
        }
      ],
      "miss_ratio": 0.18092097222222225,
      "req": 36000000
    }
  ],
  "trace": "io_traces.ns88.oracleGeneral.zst"
}