{
  "dram_cache_size": 18,
  "flash_cache_size": 1839,
  "results": [
    {
      "hit": 677551,
      "iteration": 0,
      "metrics": [
        {
          "admission_treshold": 0,
          "algorithm": "q2auto",
          "byte_inserted": 649311,
          "byte_miss": 649311,
          "byte_read": 677551,
          "byte_reinserted": 29823,
          "hit": 677551,
          "inserted": 649311,
          "layer": 0,
          "miss_ratio": 0.48935835075539125,
          "reinserted": 29823,
          "req": 1326862
        }
      ],
      "miss_ratio": 0.48935835075539125,
      "req": 1326862
    }
  ],
  "trace": "tencentBlock.ns17282.oracleGeneral.zst"
}