{
  "dram_cache_size": 1689,
  "flash_cache_size": 168960,
  "results": [
    {
      "hit": 36518597,
      "iteration": 0,
      "metrics": [
        {
          "admission_treshold": 0,
          "algorithm": "dclock",
          "byte_inserted": 18773803,
          "byte_miss": 18773803,
          "byte_read": 36518597,
          "byte_reinserted": 985386,
          "hit": 36518597,
          "inserted": 18773803,
          "layer": 0,
          "miss_ratio": 0.3395367717805702,
          "reinserted": 985386,
          "req": 55292400
        }
      ],
      "miss_ratio": 0.3395367717805702,
      "req": 55292400
    }
  ],
  "trace": "tencentBlock.ns4287.oracleGeneral.zst"
}