{
  "dram_cache_size": 7,
  "flash_cache_size": 782,
  "results": [
    {
      "hit": 1606081,
      "iteration": 0,
      "metrics": [
        {
          "admission_treshold": 0,
          "algorithm": "gclock",
          "byte_inserted": 523836,
          "byte_miss": 523836,
          "byte_read": 1606081,
          "byte_reinserted": 64422,
          "hit": 1606081,
          "inserted": 523836,
          "layer": 0,
          "miss_ratio": 0.2459419780207398,
          "reinserted": 64422,
          "req": 2129917
        }
      ],
      "miss_ratio": 0.2459419780207398,
      "req": 2129917
    }
  ],
  "trace": "tencentBlock.ns4399.oracleGeneral.zst"
}