{
  "dram_cache_size": 5,
  "flash_cache_size": 584,
  "results": [
    {
      "hit": 2338038,
      "iteration": 0,
      "metrics": [
        {
          "admission_treshold": 0,
          "algorithm": "q-clock",
          "byte_inserted": 295358,
          "byte_miss": 295358,
          "byte_read": 2338038,
          "byte_reinserted": 86404,
          "hit": 2338038,
          "inserted": 295358,
          "layer": 0,
          "miss_ratio": 0.11215859673212836,
          "reinserted": 86404,
          "req": 2633396
        }
      ],
      "miss_ratio": 0.11215859673212836,
      "req": 2633396
    }
  ],
  "trace": "tencentBlock.ns9705.oracleGeneral.zst"
}