{
  "dram_cache_size": 9,
  "flash_cache_size": 900,
  "results": [
    {
      "hit": 2482533,
      "iteration": 0,
      "metrics": [
        {
          "admission_treshold": 0,
          "algorithm": "dclock",
          "byte_inserted": 519870,
          "byte_miss": 519870,
          "byte_read": 2482533,
          "byte_reinserted": 94135,
          "hit": 2482533,
          "inserted": 519870,
          "layer": 0,
          "miss_ratio": 0.17315130580405091,
          "reinserted": 94135,
          "req": 3002403
        }
      ],
      "miss_ratio": 0.17315130580405091,
      "req": 3002403
    }
  ],
  "trace": "tencentBlock.ns12746.oracleGeneral.zst"
}