{
  "dram_cache_size": 2,
  "flash_cache_size": 248,
  "results": [
    {
      "hit": 5110991,
      "iteration": 0,
      "metrics": [
        {
          "admission_treshold": 0,
          "algorithm": "gclock",
          "byte_inserted": 168079,
          "byte_miss": 168079,
          "byte_read": 5110991,
          "byte_reinserted": 200028,
          "hit": 5110991,
          "inserted": 168079,
          "layer": 0,
          "miss_ratio": 0.03183875190137653,
          "reinserted": 200028,
          "req": 5279070
        }
      ],
      "miss_ratio": 0.03183875190137653,
      "req": 5279070
    }
  ],
  "trace": "cf_allcolo.ns3059.oracleGeneral.zst"
}