{
  "dram_cache_size": 117,
  "flash_cache_size": 11709,
  "results": [
    {
      "hit": 1670992,
      "iteration": 0,
      "metrics": [
        {
          "admission_treshold": 0,
          "algorithm": "dclock",
          "byte_inserted": 1240067,
          "byte_miss": 1240067,
          "byte_read": 1670992,
          "byte_reinserted": 921751,
          "hit": 1670992,
          "inserted": 1240067,
          "layer": 0,
          "miss_ratio": 0.4259848391942589,
          "reinserted": 921751,
          "req": 2911059
        }
      ],
      "miss_ratio": 0.4259848391942589,
      "req": 2911059
    }
  ],
  "trace": "cf_allcolo.ns1052.oracleGeneral.zst"
}