{
  "dram_cache_size": 337,
  "flash_cache_size": 33708,
  "results": [
    {
      "hit": 9999403,
      "iteration": 0,
      "metrics": [
        {
          "admission_treshold": 0,
          "algorithm": "t3auto",
          "byte_inserted": 6685839,
          "byte_miss": 6685839,
          "byte_read": 9999403,
          "byte_reinserted": 1804539,
          "hit": 9999403,
          "inserted": 6685839,
          "layer": 0,
          "miss_ratio": 0.40070374765915895,
          "reinserted": 1804539,
          "req": 16685242
        }
      ],
      "miss_ratio": 0.40070374765915895,
      "req": 16685242
    }
  ],
  "trace": "cf_colo28.ns11.oracleGeneral.zst"
}