{
  "dram_cache_size": 403,
  "flash_cache_size": 40341,
  "results": [
    {
      "hit": 110931873,
      "iteration": 0,
      "metrics": [
        {
          "admission_treshold": 0,
          "algorithm": "gclock",
          "byte_inserted": 39594522,
          "byte_miss": 39594522,
          "byte_read": 110931873,
          "byte_reinserted": 20276591,
          "hit": 110931873,
          "inserted": 39594522,
          "layer": 0,
          "miss_ratio": 0.2630403923511222,
          "reinserted": 20276591,
          "req": 150526395
        }
      ],
      "miss_ratio": 0.2630403923511222,
      "req": 150526395
    }
  ],
  "trace": "cf_colo28.ns3.oracleGeneral.zst"
}