{
  "dram_cache_size": 15,
  "flash_cache_size": 1554,
  "results": [
    {
      "hit": 1040586,
      "iteration": 0,
      "metrics": [
        {
          "admission_treshold": 0,
          "algorithm": "dclock",
          "byte_inserted": 571180,
          "byte_miss": 571180,
          "byte_read": 1040586,
          "byte_reinserted": 395115,
          "hit": 1040586,
          "inserted": 571180,
          "layer": 0,
          "miss_ratio": 0.35438146728495323,
          "reinserted": 395115,
          "req": 1611766
        }
      ],
      "miss_ratio": 0.35438146728495323,
      "req": 1611766
    }
  ],
  "trace": "tencentBlock.ns22437.oracleGeneral.zst"
}