{
  "dram_cache_size": 8,
  "flash_cache_size": 809,
  "results": [
    {
      "hit": 1603971,
      "iteration": 0,
      "metrics": [
        {
          "admission_treshold": 0,
          "algorithm": "g2clock",
          "byte_inserted": 502321,
          "byte_miss": 502321,
          "byte_read": 1603971,
          "byte_reinserted": 144019,
          "hit": 1603971,
          "inserted": 502321,
          "layer": 0,
          "miss_ratio": 0.23848592692751047,
          "reinserted": 144019,
          "req": 2106292
        }
      ],
      "miss_ratio": 0.23848592692751047,
      "req": 2106292
    }
  ],
  "trace": "tencentBlock.ns10124.oracleGeneral.zst"
}