{
  "dram_cache_size": 50,
  "flash_cache_size": 5019,
  "results": [
    {
      "hit": 2502075,
      "iteration": 0,
      "metrics": [
        {
          "admission_treshold": 0,
          "algorithm": "time-auto",
          "byte_inserted": 1463243,
          "byte_miss": 1463243,
          "byte_read": 2502075,
          "byte_reinserted": 832655,
          "hit": 2502075,
          "inserted": 1463243,
          "layer": 0,
          "miss_ratio": 0.3690102534021231,
          "reinserted": 832655,
          "req": 3965318
        }
      ],
      "miss_ratio": 0.3690102534021231,
      "req": 3965318
    }
  ],
  "trace": "tencentBlock.ns15091.oracleGeneral.zst"
}