{
  "dram_cache_size": 215,
  "flash_cache_size": 21578,
  "results": [
    {
      "hit": 23921335,
      "iteration": 0,
      "metrics": [
        {
          "admission_treshold": 0,
          "algorithm": "d3clock",
          "byte_inserted": 32431352,
          "byte_miss": 32431352,
          "byte_read": 23921335,
          "byte_reinserted": 11133053,
          "hit": 23921335,
          "inserted": 32431352,
          "layer": 0,
          "miss_ratio": 0.5755067544516554,
          "reinserted": 11133053,
          "req": 56352687
        }
      ],
      "miss_ratio": 0.5755067544516554,
      "req": 56352687
    }
  ],
  "trace": "tencentBlock.ns12461.oracleGeneral.zst"
}