{
  "dram_cache_size": 6,
  "flash_cache_size": 661,
  "results": [
    {
      "hit": 1996783,
      "iteration": 0,
      "metrics": [
        {
          "admission_treshold": 0,
          "algorithm": "qor-clock",
          "byte_inserted": 361007,
          "byte_miss": 361007,
          "byte_read": 1996783,
          "byte_reinserted": 105937,
          "hit": 1996783,
          "inserted": 361007,
          "layer": 0,
          "miss_ratio": 0.1531124485217089,
          "reinserted": 105937,
          "req": 2357790
        }
      ],
      "miss_ratio": 0.1531124485217089,
      "req": 2357790
    }
  ],
  "trace": "tencentBlock.ns5793.oracleGeneral.zst"
}