{
  "dram_cache_size": 17,
  "flash_cache_size": 1746,
  "results": [
    {
      "hit": 1257842,
      "iteration": 0,
      "metrics": [
        {
          "admission_treshold": 0,
          "algorithm": "gclock",
          "byte_inserted": 431481,
          "byte_miss": 431481,
          "byte_read": 1257842,
          "byte_reinserted": 69203,
          "hit": 1257842,
          "inserted": 431481,
          "layer": 0,
          "miss_ratio": 0.2554165189250368,
          "reinserted": 69203,
          "req": 1689323
        }
      ],
      "miss_ratio": 0.2554165189250368,
      "req": 1689323
    }
  ],
  "trace": "tencentBlock.ns1371.oracleGeneral.zst"
}