{
  "dram_cache_size": 13,
  "flash_cache_size": 1332,
  "results": [
    {
      "hit": 764500,
      "iteration": 0,
      "metrics": [
        {
          "admission_treshold": 0,
          "algorithm": "dclock",
          "byte_inserted": 650906,
          "byte_miss": 650906,
          "byte_read": 764500,
          "byte_reinserted": 126912,
          "hit": 764500,
          "inserted": 650906,
          "layer": 0,
          "miss_ratio": 0.4598722910599503,
          "reinserted": 126912,
          "req": 1415406
        }
      ],
      "miss_ratio": 0.4598722910599503,
      "req": 1415406
    }
  ],
  "trace": "tencentBlock.ns1316.oracleGeneral.zst"
}