{
  "dram_cache_size": 53,
  "flash_cache_size": 5362,
  "results": [
    {
      "hit": 2771847,
      "iteration": 0,
      "metrics": [
        {
          "admission_treshold": 0,
          "algorithm": "dclock",
          "byte_inserted": 1352833,
          "byte_miss": 1352833,
          "byte_read": 2771847,
          "byte_reinserted": 1195244,
          "hit": 2771847,
          "inserted": 1352833,
          "layer": 0,
          "miss_ratio": 0.32798495883317014,
          "reinserted": 1195244,
          "req": 4124680
        }
      ],
      "miss_ratio": 0.32798495883317014,
      "req": 4124680
    }
  ],
  "trace": "tencentBlock.ns14637.oracleGeneral.zst"
}