{
  "dram_cache_size": 104,
  "flash_cache_size": 10408,
  "results": [
    {
      "hit": 1995879,
      "iteration": 0,
      "metrics": [
        {
          "admission_treshold": 0,
          "algorithm": "sxfifo",
          "byte_inserted": 3829130,
          "byte_miss": 3829130,
          "byte_read": 1995879,
          "byte_reinserted": 1106859,
          "hit": 1995879,
          "inserted": 3829130,
          "layer": 0,
          "miss_ratio": 0.6573603577264859,
          "reinserted": 1106859,
          "req": 5825009
        }
      ],
      "miss_ratio": 0.6573603577264859,
      "req": 5825009
    }
  ],
  "trace": "tencentBlock.ns4607.oracleGeneral.zst"
}