{
  "dram_cache_size": 26,
  "flash_cache_size": 2606,
  "results": [
    {
      "hit": 2356761,
      "iteration": 0,
      "metrics": [
        {
          "admission_treshold": 0,
          "algorithm": "s3fclock",
          "byte_inserted": 968014,
          "byte_miss": 968014,
          "byte_read": 2356761,
          "byte_reinserted": 97023,
          "hit": 2356761,
          "inserted": 968014,
          "layer": 0,
          "miss_ratio": 0.2911517320720951,
          "reinserted": 97023,
          "req": 3324775
        }
      ],
      "miss_ratio": 0.2911517320720951,
      "req": 3324775
    }
  ],
  "trace": "tencentBlock.ns14611.oracleGeneral.zst"
}