{
  "dram_cache_size": 19,
  "flash_cache_size": 1904,
  "results": [
    {
      "hit": 879639,
      "iteration": 0,
      "metrics": [
        {
          "admission_treshold": 0,
          "algorithm": "g2clock",
          "byte_inserted": 675999,
          "byte_miss": 675999,
          "byte_read": 879639,
          "byte_reinserted": 107818,
          "hit": 879639,
          "inserted": 675999,
          "layer": 0,
          "miss_ratio": 0.43454775468328755,
          "reinserted": 107818,
          "req": 1555638
        }
      ],
      "miss_ratio": 0.43454775468328755,
      "req": 1555638
    }
  ],
  "trace": "tencentBlock.ns17822.oracleGeneral.zst"
}