{
  "dram_cache_size": 0,
  "flash_cache_size": 42,
  "results": [
    {
      "hit": 722172,
      "iteration": 0,
      "metrics": [
        {
          "admission_treshold": 0,
          "algorithm": "q2auto",
          "byte_inserted": 553443,
          "byte_miss": 553443,
          "byte_read": 722172,
          "byte_reinserted": 136993,
          "hit": 722172,
          "inserted": 553443,
          "layer": 0,
          "miss_ratio": 0.43386366576122104,
          "reinserted": 136993,
          "req": 1275615
        }
      ],
      "miss_ratio": 0.43386366576122104,
      "req": 1275615
    }
  ],
  "trace": "cf_allcolo.ns14171.oracleGeneral.zst"
}