{
  "dram_cache_size": 0,
  "flash_cache_size": 90,
  "results": [
    {
      "hit": 2447111,
      "iteration": 0,
      "metrics": [
        {
          "admission_treshold": 0,
          "algorithm": "q-clock",
          "byte_inserted": 225629,
          "byte_miss": 225629,
          "byte_read": 2447111,
          "byte_reinserted": 35539,
          "hit": 2447111,
          "inserted": 225629,
          "layer": 0,
          "miss_ratio": 0.08441861161205355,
          "reinserted": 35539,
          "req": 2672740
        }
      ],
      "miss_ratio": 0.08441861161205355,
      "req": 2672740
    }
  ],
  "trace": "cf_allcolo.ns1388.oracleGeneral.zst"
}