{
  "dram_cache_size": 1,
  "flash_cache_size": 103,
  "results": [
    {
      "hit": 6863060,
      "iteration": 0,
      "metrics": [
        {
          "admission_treshold": 0,
          "algorithm": "dclock",
          "byte_inserted": 10302016,
          "byte_miss": 10302016,
          "byte_read": 6863060,
          "byte_reinserted": 3291790,
          "hit": 6863060,
          "inserted": 10302016,
          "layer": 0,
          "miss_ratio": 0.6001730490444668,
          "reinserted": 3291790,
          "req": 17165076
        }
      ],
      "miss_ratio": 0.6001730490444668,
      "req": 17165076
    }
  ],
  "trace": "cf_colo28.ns250.oracleGeneral.zst"
}