{
  "dram_cache_size": 11,
  "flash_cache_size": 1109,
  "results": [
    {
      "hit": 505523,
      "iteration": 0,
      "metrics": [
        {
          "admission_treshold": 0,
          "algorithm": "q2auto",
          "byte_inserted": 503964,
          "byte_miss": 503964,
          "byte_read": 505523,
          "byte_reinserted": 46027,
          "hit": 505523,
          "inserted": 503964,
          "layer": 0,
          "miss_ratio": 0.49922782561835866,
          "reinserted": 46027,
          "req": 1009487
        }
      ],
      "miss_ratio": 0.49922782561835866,
      "req": 1009487
    }
  ],
  "trace": "tencentBlock.ns16320.oracleGeneral.zst"
}