{
  "dram_cache_size": 7,
  "flash_cache_size": 798,
  "results": [
    {
      "hit": 2395607,
      "iteration": 0,
      "metrics": [
        {
          "admission_treshold": 0,
          "algorithm": "g2clock",
          "byte_inserted": 382011,
          "byte_miss": 382011,
          "byte_read": 2395607,
          "byte_reinserted": 513735,
          "hit": 2395607,
          "inserted": 382011,
          "layer": 0,
          "miss_ratio": 0.13753187083321028,
          "reinserted": 513735,
          "req": 2777618
        }
      ],
      "miss_ratio": 0.13753187083321028,
      "req": 2777618
    }
  ],
  "trace": "tencentBlock.ns12114.oracleGeneral.zst"
}