{
  "dram_cache_size": 7,
  "flash_cache_size": 796,
  "results": [
    {
      "hit": 1544991,
      "iteration": 0,
      "metrics": [
        {
          "admission_treshold": 0,
          "algorithm": "s3fclock",
          "byte_inserted": 471904,
          "byte_miss": 471904,
          "byte_read": 1544991,
          "byte_reinserted": 17676,
          "hit": 1544991,
          "inserted": 471904,
          "layer": 0,
          "miss_ratio": 0.2339754920310676,
          "reinserted": 17676,
          "req": 2016895
        }
      ],
      "miss_ratio": 0.2339754920310676,
      "req": 2016895
    }
  ],
  "trace": "tencentBlock.ns13411.oracleGeneral.zst"
}