{
  "dram_cache_size": 14,
  "flash_cache_size": 1480,
  "results": [
    {
      "hit": 2644305,
      "iteration": 0,
      "metrics": [
        {
          "admission_treshold": 0,
          "algorithm": "d3clock",
          "byte_inserted": 1647301,
          "byte_miss": 1647301,
          "byte_read": 2644305,
          "byte_reinserted": 414870,
          "hit": 2644305,
          "inserted": 1647301,
          "layer": 0,
          "miss_ratio": 0.38384255218209684,
          "reinserted": 414870,
          "req": 4291606
        }
      ],
      "miss_ratio": 0.38384255218209684,
      "req": 4291606
    }
  ],
  "trace": "tencentBlock.ns6291.oracleGeneral.zst"
}