{
  "dram_cache_size": 12,
  "flash_cache_size": 1273,
  "results": [
    {
      "hit": 1583385,
      "iteration": 0,
      "metrics": [
        {
          "admission_treshold": 0,
          "algorithm": "d3clock",
          "byte_inserted": 611208,
          "byte_miss": 611208,
          "byte_read": 1583385,
          "byte_reinserted": 146914,
          "hit": 1583385,
          "inserted": 611208,
          "layer": 0,
          "miss_ratio": 0.278506310737344,
          "reinserted": 146914,
          "req": 2194593
        }
      ],
      "miss_ratio": 0.278506310737344,
      "req": 2194593
    }
  ],
  "trace": "tencentBlock.ns2965.oracleGeneral.zst"
}