{
  "dram_cache_size": 32,
  "flash_cache_size": 3281,
  "results": [
    {
      "hit": 3005332,
      "iteration": 0,
      "metrics": [
        {
          "admission_treshold": 0,
          "algorithm": "d3clock",
          "byte_inserted": 2773663,
          "byte_miss": 2773663,
          "byte_read": 3005332,
          "byte_reinserted": 606668,
          "hit": 3005332,
          "inserted": 2773663,
          "layer": 0,
          "miss_ratio": 0.4799559438968194,
          "reinserted": 606668,
          "req": 5778995
        }
      ],
      "miss_ratio": 0.4799559438968194,
      "req": 5778995
    }
  ],
  "trace": "tencentBlock.ns9904.oracleGeneral.zst"
}