{
  "dram_cache_size": 15,
  "flash_cache_size": 1552,
  "results": [
    {
      "hit": 2323695,
      "iteration": 0,
      "metrics": [
        {
          "admission_treshold": 0,
          "algorithm": "q3auto",
          "byte_inserted": 6757599,
          "byte_miss": 6757599,
          "byte_read": 2323695,
          "byte_reinserted": 139294,
          "hit": 2323695,
          "inserted": 6757599,
          "layer": 0,
          "miss_ratio": 0.7441229190465588,
          "reinserted": 139294,
          "req": 9081294
        }
      ],
      "miss_ratio": 0.7441229190465588,
      "req": 9081294
    }
  ],
  "trace": "tencentBlock.ns5673.oracleGeneral.zst"
}