{
  "dram_cache_size": 8,
  "flash_cache_size": 825,
  "results": [
    {
      "hit": 1642675,
      "iteration": 0,
      "metrics": [
        {
          "admission_treshold": 0,
          "algorithm": "gclock",
          "byte_inserted": 679142,
          "byte_miss": 679142,
          "byte_read": 1642675,
          "byte_reinserted": 307722,
          "hit": 1642675,
          "inserted": 679142,
          "layer": 0,
          "miss_ratio": 0.2925045341644066,
          "reinserted": 307722,
          "req": 2321817
        }
      ],
      "miss_ratio": 0.2925045341644066,
      "req": 2321817
    }
  ],
  "trace": "tencentBlock.ns6781.oracleGeneral.zst"
}