{
  "dram_cache_size": 41,
  "flash_cache_size": 4135,
  "results": [
    {
      "hit": 2203914,
      "iteration": 0,
      "metrics": [
        {
          "admission_treshold": 0,
          "algorithm": "d3clock",
          "byte_inserted": 1112894,
          "byte_miss": 1112894,
          "byte_read": 2203914,
          "byte_reinserted": 799985,
          "hit": 2203914,
          "inserted": 1112894,
          "layer": 0,
          "miss_ratio": 0.3355316316169039,
          "reinserted": 799985,
          "req": 3316808
        }
      ],
      "miss_ratio": 0.3355316316169039,
      "req": 3316808
    }
  ],
  "trace": "tencentBlock.ns2744.oracleGeneral.zst"
}