{
  "dram_cache_size": 38,
  "flash_cache_size": 3894,
  "results": [
    {
      "hit": 59548135,
      "iteration": 0,
      "metrics": [
        {
          "admission_treshold": 0,
          "algorithm": "qand-clock-v2",
          "byte_inserted": 433958,
          "byte_miss": 433958,
          "byte_read": 59548135,
          "byte_reinserted": 339120,
          "hit": 59548135,
          "inserted": 433958,
          "layer": 0,
          "miss_ratio": 0.007234792557172076,
          "reinserted": 339120,
          "req": 59982093
        }
      ],
      "miss_ratio": 0.007234792557172076,
      "req": 59982093
    }
  ],
  "trace": "cf_allcolo.ns134.oracleGeneral.zst"
}