{
  "dram_cache_size": 7,
  "flash_cache_size": 751,
  "results": [
    {
      "hit": 1197403,
      "iteration": 0,
      "metrics": [
        {
          "admission_treshold": 0,
          "algorithm": "dclock",
          "byte_inserted": 427946,
          "byte_miss": 427946,
          "byte_read": 1197403,
          "byte_reinserted": 103019,
          "hit": 1197403,
          "inserted": 427946,
          "layer": 0,
          "miss_ratio": 0.2632948369857797,
          "reinserted": 103019,
          "req": 1625349
        }
      ],
      "miss_ratio": 0.2632948369857797,
      "req": 1625349
    }
  ],
  "trace": "tencentBlock.ns9828.oracleGeneral.zst"
}