{
  "dram_cache_size": 93,
  "flash_cache_size": 9320,
  "results": [
    {
      "hit": 3867846,
      "iteration": 0,
      "metrics": [
        {
          "admission_treshold": 0,
          "algorithm": "sxfifo",
          "byte_inserted": 2393236,
          "byte_miss": 2393236,
          "byte_read": 3867846,
          "byte_reinserted": 361306,
          "hit": 3867846,
          "inserted": 2393236,
          "layer": 0,
          "miss_ratio": 0.3822400026065782,
          "reinserted": 361306,
          "req": 6261082
        }
      ],
      "miss_ratio": 0.3822400026065782,
      "req": 6261082
    }
  ],
  "trace": "tencentBlock.ns22806.oracleGeneral.zst"
}