{
  "dram_cache_size": 46,
  "flash_cache_size": 4616,
  "results": [
    {
      "hit": 4704013,
      "iteration": 0,
      "metrics": [
        {
          "admission_treshold": 0,
          "algorithm": "t2auto",
          "byte_inserted": 5056073,
          "byte_miss": 5056073,
          "byte_read": 4704013,
          "byte_reinserted": 222153,
          "hit": 4704013,
          "inserted": 5056073,
          "layer": 0,
          "miss_ratio": 0.5180357017345953,
          "reinserted": 222153,
          "req": 9760086
        }
      ],
      "miss_ratio": 0.5180357017345953,
      "req": 9760086
    }
  ],
  "trace": "tencentBlock.ns3145.oracleGeneral.zst"
}