{
  "dram_cache_size": 9,
  "flash_cache_size": 926,
  "results": [
    {
      "hit": 1067717,
      "iteration": 0,
      "metrics": [
        {
          "admission_treshold": 0,
          "algorithm": "dclock",
          "byte_inserted": 358925,
          "byte_miss": 358925,
          "byte_read": 1067717,
          "byte_reinserted": 232326,
          "hit": 1067717,
          "inserted": 358925,
          "layer": 0,
          "miss_ratio": 0.2515872937990049,
          "reinserted": 232326,
          "req": 1426642
        }
      ],
      "miss_ratio": 0.2515872937990049,
      "req": 1426642
    }
  ],
  "trace": "tencentBlock.ns1796.oracleGeneral.zst"
}