{
  "dram_cache_size": 2,
  "flash_cache_size": 225,
  "results": [
    {
      "hit": 8438314,
      "iteration": 0,
      "metrics": [
        {
          "admission_treshold": 0,
          "algorithm": "d3clock",
          "byte_inserted": 271551,
          "byte_miss": 271551,
          "byte_read": 8438314,
          "byte_reinserted": 45045,
          "hit": 8438314,
          "inserted": 271551,
          "layer": 0,
          "miss_ratio": 0.031177406308823374,
          "reinserted": 45045,
          "req": 8709865
        }
      ],
      "miss_ratio": 0.031177406308823374,
      "req": 8709865
    }
  ],
  "trace": "cf_allcolo.ns952.oracleGeneral.zst"
}