{
  "dram_cache_size": 0,
  "flash_cache_size": 99,
  "results": [
    {
      "hit": 1328180,
      "iteration": 0,
      "metrics": [
        {
          "admission_treshold": 0,
          "algorithm": "q2auto",
          "byte_inserted": 2425258,
          "byte_miss": 2425258,
          "byte_read": 1328180,
          "byte_reinserted": 537621,
          "hit": 1328180,
          "inserted": 2425258,
          "layer": 0,
          "miss_ratio": 0.6461430826884579,
          "reinserted": 537621,
          "req": 3753438
        }
      ],
      "miss_ratio": 0.6461430826884579,
      "req": 3753438
    }
  ],
  "trace": "cf_colo28.ns1696.oracleGeneral.zst"
}