{
  "dram_cache_size": 38,
  "flash_cache_size": 3894,
  "results": [
    {
      "hit": 2877585,
      "iteration": 0,
      "metrics": [
        {
          "admission_treshold": 0,
          "algorithm": "g2clock",
          "byte_inserted": 1139237,
          "byte_miss": 1139237,
          "byte_read": 2877585,
          "byte_reinserted": 1002241,
          "hit": 2877585,
          "inserted": 1139237,
          "layer": 0,
          "miss_ratio": 0.283616500805861,
          "reinserted": 1002241,
          "req": 4016822
        }
      ],
      "miss_ratio": 0.283616500805861,
      "req": 4016822
    }
  ],
  "trace": "tencentBlock.ns18172.oracleGeneral.zst"
}