{
  "dram_cache_size": 28,
  "flash_cache_size": 2890,
  "results": [
    {
      "hit": 1313655,
      "iteration": 0,
      "metrics": [
        {
          "admission_treshold": 0,
          "algorithm": "t5auto",
          "byte_inserted": 870064,
          "byte_miss": 870064,
          "byte_read": 1313655,
          "byte_reinserted": 118880,
          "hit": 1313655,
          "inserted": 870064,
          "layer": 0,
          "miss_ratio": 0.39843221586660194,
          "reinserted": 118880,
          "req": 2183719
        }
      ],
      "miss_ratio": 0.39843221586660194,
      "req": 2183719
    }
  ],
  "trace": "tencentBlock.ns9353.oracleGeneral.zst"
}