{
  "dram_cache_size": 12,
  "flash_cache_size": 1271,
  "results": [
    {
      "hit": 1377574,
      "iteration": 0,
      "metrics": [
        {
          "admission_treshold": 0,
          "algorithm": "g2clock",
          "byte_inserted": 804022,
          "byte_miss": 804022,
          "byte_read": 1377574,
          "byte_reinserted": 305923,
          "hit": 1377574,
          "inserted": 804022,
          "layer": 0,
          "miss_ratio": 0.36854761376533507,
          "reinserted": 305923,
          "req": 2181596
        }
      ],
      "miss_ratio": 0.36854761376533507,
      "req": 2181596
    }
  ],
  "trace": "tencentBlock.ns8804.oracleGeneral.zst"
}