{
  "dram_cache_size": 336,
  "flash_cache_size": 33692,
  "results": [
    {
      "hit": 26358114,
      "iteration": 0,
      "metrics": [
        {
          "admission_treshold": 0,
          "algorithm": "s3fclock",
          "byte_inserted": 25655755,
          "byte_miss": 25655755,
          "byte_read": 26358114,
          "byte_reinserted": 2480716,
          "hit": 26358114,
          "inserted": 25655755,
          "layer": 0,
          "miss_ratio": 0.4932483488201964,
          "reinserted": 2480716,
          "req": 52013869
        }
      ],
      "miss_ratio": 0.4932483488201964,
      "req": 52013869
    }
  ],
  "trace": "tencentBlock.ns4377.oracleGeneral.zst"
}