{
  "dram_cache_size": 14,
  "flash_cache_size": 1410,
  "results": [
    {
      "hit": 1294057,
      "iteration": 0,
      "metrics": [
        {
          "admission_treshold": 0,
          "algorithm": "gclock",
          "byte_inserted": 769423,
          "byte_miss": 769423,
          "byte_read": 1294057,
          "byte_reinserted": 353956,
          "hit": 1294057,
          "inserted": 769423,
          "layer": 0,
          "miss_ratio": 0.37287640296974045,
          "reinserted": 353956,
          "req": 2063480
        }
      ],
      "miss_ratio": 0.37287640296974045,
      "req": 2063480
    }
  ],
  "trace": "tencentBlock.ns3571.oracleGeneral.zst"
}