{
  "dram_cache_size": 14,
  "flash_cache_size": 1434,
  "results": [
    {
      "hit": 2294645,
      "iteration": 0,
      "metrics": [
        {
          "admission_treshold": 0,
          "algorithm": "gclock",
          "byte_inserted": 1116217,
          "byte_miss": 1116217,
          "byte_read": 2294645,
          "byte_reinserted": 305309,
          "hit": 2294645,
          "inserted": 1116217,
          "layer": 0,
          "miss_ratio": 0.3272536385230478,
          "reinserted": 305309,
          "req": 3410862
        }
      ],
      "miss_ratio": 0.3272536385230478,
      "req": 3410862
    }
  ],
  "trace": "tencentBlock.ns3633.oracleGeneral.zst"
}