{
  "dram_cache_size": 24,
  "flash_cache_size": 2460,
  "results": [
    {
      "hit": 800736,
      "iteration": 0,
      "metrics": [
        {
          "admission_treshold": 0,
          "algorithm": "t4auto",
          "byte_inserted": 639365,
          "byte_miss": 639365,
          "byte_read": 800736,
          "byte_reinserted": 18858,
          "hit": 800736,
          "inserted": 639365,
          "layer": 0,
          "miss_ratio": 0.44397233249612356,
          "reinserted": 18858,
          "req": 1440101
        }
      ],
      "miss_ratio": 0.44397233249612356,
      "req": 1440101
    }
  ],
  "trace": "tencentBlock.ns8450.oracleGeneral.zst"
}