{
  "dram_cache_size": 38,
  "flash_cache_size": 3811,
  "results": [
    {
      "hit": 2252233,
      "iteration": 0,
      "metrics": [
        {
          "admission_treshold": 0,
          "algorithm": "dclock",
          "byte_inserted": 1109381,
          "byte_miss": 1109381,
          "byte_read": 2252233,
          "byte_reinserted": 544706,
          "hit": 2252233,
          "inserted": 1109381,
          "layer": 0,
          "miss_ratio": 0.3300143918962737,
          "reinserted": 544706,
          "req": 3361614
        }
      ],
      "miss_ratio": 0.3300143918962737,
      "req": 3361614
    }
  ],
  "trace": "tencentBlock.ns23399.oracleGeneral.zst"
}