{
  "dram_cache_size": 15,
  "flash_cache_size": 1570,
  "results": [
    {
      "hit": 1835361,
      "iteration": 0,
      "metrics": [
        {
          "admission_treshold": 0,
          "algorithm": "s3fclock",
          "byte_inserted": 805599,
          "byte_miss": 805599,
          "byte_read": 1835361,
          "byte_reinserted": 128079,
          "hit": 1835361,
          "inserted": 805599,
          "layer": 0,
          "miss_ratio": 0.3050402126499455,
          "reinserted": 128079,
          "req": 2640960
        }
      ],
      "miss_ratio": 0.3050402126499455,
      "req": 2640960
    }
  ],
  "trace": "tencentBlock.ns8147.oracleGeneral.zst"
}