{
  "dram_cache_size": 2330,
  "flash_cache_size": 233024,
  "results": [
    {
      "hit": 2044372,
      "iteration": 0,
      "metrics": [
        {
          "admission_treshold": 0,
          "algorithm": "s3fclock-sequential",
          "byte_inserted": 23322408,
          "byte_miss": 23322408,
          "byte_read": 2044372,
          "byte_reinserted": 1296065,
          "hit": 2044372,
          "inserted": 23322408,
          "layer": 0,
          "miss_ratio": 0.9194075085604085,
          "reinserted": 1296065,
          "req": 25366780
        }
      ],
      "miss_ratio": 0.9194075085604085,
      "req": 25366780
    }
  ],
  "trace": "cf_allcolo.ns184.oracleGeneral.zst"
}