{
  "dram_cache_size": 11256610,
  "flash_cache_size": 1125661056,
  "results": [
    {
      "hit": 2265892,
      "iteration": 0,
      "metrics": [
        {
          "admission_treshold": 0,
          "algorithm": "qauto",
          "byte_inserted": 287070295956,
          "byte_miss": 287070295956,
          "byte_read": 106714464215,
          "byte_reinserted": 41243213605,
          "hit": 2265892,
          "inserted": 2651738,
          "layer": 0,
          "miss_ratio": 0.5392308896765312,
          "reinserted": 738621,
          "req": 4917630
        }
      ],
      "miss_ratio": 0.5392308896765312,
      "req": 4917630
    }
  ],
  "trace": "cf_colo28.ns532.oracleGeneral.zst"
}