{
  "dram_cache_size": 8,
  "flash_cache_size": 818,
  "results": [
    {
      "hit": 1373715,
      "iteration": 0,
      "metrics": [
        {
          "admission_treshold": 0,
          "algorithm": "gclock",
          "byte_inserted": 826285,
          "byte_miss": 826285,
          "byte_read": 1373715,
          "byte_reinserted": 122770,
          "hit": 1373715,
          "inserted": 826285,
          "layer": 0,
          "miss_ratio": 0.37558409090909095,
          "reinserted": 122770,
          "req": 2200000
        }
      ],
      "miss_ratio": 0.37558409090909095,
      "req": 2200000
    }
  ],
  "trace": "io_traces.ns732.oracleGeneral.zst"
}