{
  "dram_cache_size": 29,
  "flash_cache_size": 2933,
  "results": [
    {
      "hit": 3208738,
      "iteration": 0,
      "metrics": [
        {
          "admission_treshold": 0,
          "algorithm": "gclock",
          "byte_inserted": 1191262,
          "byte_miss": 1191262,
          "byte_read": 3208738,
          "byte_reinserted": 556620,
          "hit": 3208738,
          "inserted": 1191262,
          "layer": 0,
          "miss_ratio": 0.2707413636363636,
          "reinserted": 556620,
          "req": 4400000
        }
      ],
      "miss_ratio": 0.2707413636363636,
      "req": 4400000
    }
  ],
  "trace": "io_traces.ns688.oracleGeneral.zst"
}