{
  "dram_cache_size": 418,
  "flash_cache_size": 41897,
  "results": [
    {
      "hit": 609344,
      "iteration": 0,
      "metrics": [
        {
          "admission_treshold": 0,
          "algorithm": "dclock",
          "byte_inserted": 4905285,
          "byte_miss": 4905285,
          "byte_read": 609344,
          "byte_reinserted": 44019,
          "hit": 609344,
          "inserted": 4905285,
          "layer": 0,
          "miss_ratio": 0.8895040808728928,
          "reinserted": 44019,
          "req": 5514629
        }
      ],
      "miss_ratio": 0.8895040808728928,
      "req": 5514629
    }
  ],
  "trace": "tencentBlock.ns1847.oracleGeneral.zst"
}