{
  "dram_cache_size": 24,
  "flash_cache_size": 2498,
  "results": [
    {
      "hit": 7549074,
      "iteration": 0,
      "metrics": [
        {
          "admission_treshold": 0,
          "algorithm": "gclock",
          "byte_inserted": 1435467,
          "byte_miss": 1435467,
          "byte_read": 7549074,
          "byte_reinserted": 512793,
          "hit": 7549074,
          "inserted": 1435467,
          "layer": 0,
          "miss_ratio": 0.1597707662528336,
          "reinserted": 512793,
          "req": 8984541
        }
      ],
      "miss_ratio": 0.1597707662528336,
      "req": 8984541
    }
  ],
  "trace": "tencentBlock.ns16239.oracleGeneral.zst"
}