{
  "dram_cache_size": 25,
  "flash_cache_size": 2597,
  "results": [
    {
      "hit": 1985509,
      "iteration": 0,
      "metrics": [
        {
          "admission_treshold": 0,
          "algorithm": "dclock",
          "byte_inserted": 766020,
          "byte_miss": 766020,
          "byte_read": 1985509,
          "byte_reinserted": 1335125,
          "hit": 1985509,
          "inserted": 766020,
          "layer": 0,
          "miss_ratio": 0.27839793801918855,
          "reinserted": 1335125,
          "req": 2751529
        }
      ],
      "miss_ratio": 0.27839793801918855,
      "req": 2751529
    }
  ],
  "trace": "tencentBlock.ns22419.oracleGeneral.zst"
}