{
  "dram_cache_size": 536,
  "flash_cache_size": 53665,
  "results": [
    {
      "hit": 10794157,
      "iteration": 0,
      "metrics": [
        {
          "admission_treshold": 0,
          "algorithm": "dclock",
          "byte_inserted": 16371213,
          "byte_miss": 16371213,
          "byte_read": 10794157,
          "byte_reinserted": 1449797,
          "hit": 10794157,
          "inserted": 16371213,
          "layer": 0,
          "miss_ratio": 0.6026501019496513,
          "reinserted": 1449797,
          "req": 27165370
        }
      ],
      "miss_ratio": 0.6026501019496513,
      "req": 27165370
    }
  ],
  "trace": "w24.oracleGeneral.bin.zst"
}