{
  "dram_cache_size": 2,
  "flash_cache_size": 294,
  "results": [
    {
      "hit": 16963264,
      "iteration": 0,
      "metrics": [
        {
          "admission_treshold": 0,
          "algorithm": "g2clock",
          "byte_inserted": 2804244,
          "byte_miss": 2804244,
          "byte_read": 16963264,
          "byte_reinserted": 3153493,
          "hit": 16963264,
          "inserted": 2804244,
          "layer": 0,
          "miss_ratio": 0.14186128064296222,
          "reinserted": 3153493,
          "req": 19767508
        }
      ],
      "miss_ratio": 0.14186128064296222,
      "req": 19767508
    }
  ],
  "trace": "cf_allcolo.ns72.oracleGeneral.zst"
}