{
  "dram_cache_size": 0,
  "flash_cache_size": 11,
  "results": [
    {
      "hit": 5586298,
      "iteration": 0,
      "metrics": [
        {
          "admission_treshold": 0,
          "algorithm": "t7auto",
          "byte_inserted": 71747,
          "byte_miss": 71747,
          "byte_read": 5586298,
          "byte_reinserted": 88102,
          "hit": 5586298,
          "inserted": 71747,
          "layer": 0,
          "miss_ratio": 0.012680528345037856,
          "reinserted": 88102,
          "req": 5658045
        }
      ],
      "miss_ratio": 0.012680528345037856,
      "req": 5658045
    }
  ],
  "trace": "cf_allcolo.ns503.oracleGeneral.zst"
}