{
  "dram_cache_size": 32,
  "flash_cache_size": 3204,
  "results": [
    {
      "hit": 1176681,
      "iteration": 0,
      "metrics": [
        {
          "admission_treshold": 0,
          "algorithm": "gclock",
          "byte_inserted": 1242297,
          "byte_miss": 1242297,
          "byte_read": 1176681,
          "byte_reinserted": 88770,
          "hit": 1176681,
          "inserted": 1242297,
          "layer": 0,
          "miss_ratio": 0.5135627525343347,
          "reinserted": 88770,
          "req": 2418978
        }
      ],
      "miss_ratio": 0.5135627525343347,
      "req": 2418978
    }
  ],
  "trace": "tencentBlock.ns11090.oracleGeneral.zst"
}