{
  "dram_cache_size": 20,
  "flash_cache_size": 2094,
  "results": [
    {
      "hit": 890993,
      "iteration": 0,
      "metrics": [
        {
          "admission_treshold": 0,
          "algorithm": "clock",
          "byte_inserted": 727724,
          "byte_miss": 727724,
          "byte_read": 890993,
          "byte_reinserted": 121795,
          "hit": 890993,
          "inserted": 727724,
          "layer": 0,
          "miss_ratio": 0.4495683927456128,
          "reinserted": 121795,
          "req": 1618717
        }
      ],
      "miss_ratio": 0.4495683927456128,
      "req": 1618717
    }
  ],
  "trace": "tencentBlock.ns16009.oracleGeneral.zst"
}