{
  "dram_cache_size": 22,
  "flash_cache_size": 2231,
  "results": [
    {
      "hit": 767609,
      "iteration": 0,
      "metrics": [
        {
          "admission_treshold": 0,
          "algorithm": "d3clock",
          "byte_inserted": 649473,
          "byte_miss": 649473,
          "byte_read": 767609,
          "byte_reinserted": 89904,
          "hit": 767609,
          "inserted": 649473,
          "layer": 0,
          "miss_ratio": 0.45831716160391567,
          "reinserted": 89904,
          "req": 1417082
        }
      ],
      "miss_ratio": 0.45831716160391567,
      "req": 1417082
    }
  ],
  "trace": "tencentBlock.ns17296.oracleGeneral.zst"
}