{
  "dram_cache_size": 7,
  "flash_cache_size": 703,
  "results": [
    {
      "hit": 1828235,
      "iteration": 0,
      "metrics": [
        {
          "admission_treshold": 0,
          "algorithm": "d3clock",
          "byte_inserted": 545105,
          "byte_miss": 545105,
          "byte_read": 1828235,
          "byte_reinserted": 339243,
          "hit": 1828235,
          "inserted": 545105,
          "layer": 0,
          "miss_ratio": 0.2296784278695846,
          "reinserted": 339243,
          "req": 2373340
        }
      ],
      "miss_ratio": 0.2296784278695846,
      "req": 2373340
    }
  ],
  "trace": "tencentBlock.ns7594.oracleGeneral.zst"
}