{
  "dram_cache_size": 30,
  "flash_cache_size": 3091,
  "results": [
    {
      "hit": 2376603,
      "iteration": 0,
      "metrics": [
        {
          "admission_treshold": 0,
          "algorithm": "s3fclock",
          "byte_inserted": 4890649,
          "byte_miss": 4890649,
          "byte_read": 2376603,
          "byte_reinserted": 325233,
          "hit": 2376603,
          "inserted": 4890649,
          "layer": 0,
          "miss_ratio": 0.6729708836297407,
          "reinserted": 325233,
          "req": 7267252
        }
      ],
      "miss_ratio": 0.6729708836297407,
      "req": 7267252
    }
  ],
  "trace": "tencentBlock.ns6995.oracleGeneral.zst"
}