{
  "dram_cache_size": 21,
  "flash_cache_size": 2132,
  "results": [
    {
      "hit": 985896,
      "iteration": 0,
      "metrics": [
        {
          "admission_treshold": 0,
          "algorithm": "gclock",
          "byte_inserted": 705621,
          "byte_miss": 705621,
          "byte_read": 985896,
          "byte_reinserted": 113375,
          "hit": 985896,
          "inserted": 705621,
          "layer": 0,
          "miss_ratio": 0.4171527687868345,
          "reinserted": 113375,
          "req": 1691517
        }
      ],
      "miss_ratio": 0.4171527687868345,
      "req": 1691517
    }
  ],
  "trace": "tencentBlock.ns20611.oracleGeneral.zst"
}