{
  "dram_cache_size": 57,
  "flash_cache_size": 5796,
  "results": [
    {
      "hit": 2871161,
      "iteration": 0,
      "metrics": [
        {
          "admission_treshold": 0,
          "algorithm": "t5auto",
          "byte_inserted": 1646734,
          "byte_miss": 1646734,
          "byte_read": 2871161,
          "byte_reinserted": 369554,
          "hit": 2871161,
          "inserted": 1646734,
          "layer": 0,
          "miss_ratio": 0.3644914279769671,
          "reinserted": 369554,
          "req": 4517895
        }
      ],
      "miss_ratio": 0.3644914279769671,
      "req": 4517895
    }
  ],
  "trace": "tencentBlock.ns12613.oracleGeneral.zst"
}