{
  "dram_cache_size": 44,
  "flash_cache_size": 4415,
  "results": [
    {
      "hit": 7504328,
      "iteration": 0,
      "metrics": [
        {
          "admission_treshold": 0,
          "algorithm": "qand-clock",
          "byte_inserted": 2207118,
          "byte_miss": 2207118,
          "byte_read": 7504328,
          "byte_reinserted": 772653,
          "hit": 7504328,
          "inserted": 2207118,
          "layer": 0,
          "miss_ratio": 0.22726975982773312,
          "reinserted": 772653,
          "req": 9711446
        }
      ],
      "miss_ratio": 0.22726975982773312,
      "req": 9711446
    }
  ],
  "trace": "tencentBlock.ns8069.oracleGeneral.zst"
}