{
  "dram_cache_size": 0,
  "flash_cache_size": 37,
  "results": [
    {
      "hit": 391314,
      "iteration": 0,
      "metrics": [
        {
          "admission_treshold": 0,
          "algorithm": "q2auto",
          "byte_inserted": 1646562,
          "byte_miss": 1646562,
          "byte_read": 391314,
          "byte_reinserted": 176718,
          "hit": 391314,
          "inserted": 1646562,
          "layer": 0,
          "miss_ratio": 0.8079794845221201,
          "reinserted": 176718,
          "req": 2037876
        }
      ],
      "miss_ratio": 0.8079794845221201,
      "req": 2037876
    }
  ],
  "trace": "cf_allcolo.ns1441.oracleGeneral.zst"
}