{
  "dram_cache_size": 0,
  "flash_cache_size": 77,
  "results": [
    {
      "hit": 2243643,
      "iteration": 0,
      "metrics": [
        {
          "admission_treshold": 0,
          "algorithm": "gclock",
          "byte_inserted": 206459,
          "byte_miss": 206459,
          "byte_read": 2243643,
          "byte_reinserted": 502416,
          "hit": 2243643,
          "inserted": 206459,
          "layer": 0,
          "miss_ratio": 0.08426547139670104,
          "reinserted": 502416,
          "req": 2450102
        }
      ],
      "miss_ratio": 0.08426547139670104,
      "req": 2450102
    }
  ],
  "trace": "cf_colo28.ns817.oracleGeneral.zst"
}