{
  "dram_cache_size": 1,
  "flash_cache_size": 195,
  "results": [
    {
      "hit": 1326515,
      "iteration": 0,
      "metrics": [
        {
          "admission_treshold": 0,
          "algorithm": "time-auto",
          "byte_inserted": 214066,
          "byte_miss": 214066,
          "byte_read": 1326515,
          "byte_reinserted": 301049,
          "hit": 1326515,
          "inserted": 214066,
          "layer": 0,
          "miss_ratio": 0.13895147350252923,
          "reinserted": 301049,
          "req": 1540581
        }
      ],
      "miss_ratio": 0.13895147350252923,
      "req": 1540581
    }
  ],
  "trace": "cf_colo28.ns765.oracleGeneral.zst"
}