{
  "dram_cache_size": 9,
  "flash_cache_size": 942,
  "results": [
    {
      "hit": 842150,
      "iteration": 0,
      "metrics": [
        {
          "admission_treshold": 0,
          "algorithm": "g2clock",
          "byte_inserted": 447785,
          "byte_miss": 447785,
          "byte_read": 842150,
          "byte_reinserted": 166143,
          "hit": 842150,
          "inserted": 447785,
          "layer": 0,
          "miss_ratio": 0.34713764647055856,
          "reinserted": 166143,
          "req": 1289935
        }
      ],
      "miss_ratio": 0.34713764647055856,
      "req": 1289935
    }
  ],
  "trace": "cf_colo28.ns2037.oracleGeneral.zst"
}