{
  "dram_cache_size": 2053836,
  "flash_cache_size": 205383680,
  "results": [
    {
      "hit": 1791613,
      "iteration": 0,
      "metrics": [
        {
          "admission_treshold": 0,
          "algorithm": "time2-auto",
          "byte_inserted": 89614061568,
          "byte_miss": 89614061568,
          "byte_read": 43339259904,
          "byte_reinserted": 8758878208,
          "hit": 1791613,
          "inserted": 1408387,
          "layer": 0,
          "miss_ratio": 0.44012093750000003,
          "reinserted": 75384,
          "req": 3200000
        }
      ],
      "miss_ratio": 0.44012093750000003,
      "req": 3200000
    }
  ],
  "trace": "io_traces.ns280.oracleGeneral.zst"
}