{
  "dram_cache_size": 16,
  "flash_cache_size": 1664,
  "results": [
    {
      "hit": 1096780,
      "iteration": 0,
      "metrics": [
        {
          "admission_treshold": 0,
          "algorithm": "s3fclock-sequential",
          "byte_inserted": 903220,
          "byte_miss": 903220,
          "byte_read": 1096780,
          "byte_reinserted": 25583,
          "hit": 1096780,
          "inserted": 903220,
          "layer": 0,
          "miss_ratio": 0.45160999999999996,
          "reinserted": 25583,
          "req": 2000000
        }
      ],
      "miss_ratio": 0.45160999999999996,
      "req": 2000000
    }
  ],
  "trace": "io_traces.ns436.oracleGeneral.zst"
}