{
  "dram_cache_size": 12411,
  "flash_cache_size": 1241173,
  "results": [
    {
      "hit": 7483859,
      "iteration": 0,
      "metrics": [
        {
          "admission_treshold": 0,
          "algorithm": "qauto",
          "byte_inserted": 124152554,
          "byte_miss": 124152554,
          "byte_read": 492892149,
          "byte_reinserted": 119938886,
          "hit": 7483859,
          "inserted": 2522562,
          "layer": 0,
          "miss_ratio": 0.25209433023055894,
          "reinserted": 2436999,
          "req": 10006421
        }
      ],
      "miss_ratio": 0.25209433023055894,
      "req": 10006421
    }
  ],
  "trace": "mynahbird_request_collapsing_cache.0.oracleGeneral.sample10.zst"
}