{
  "dram_cache_size": 58,
  "flash_cache_size": 5898,
  "results": [
    {
      "hit": 32037609,
      "iteration": 0,
      "metrics": [
        {
          "admission_treshold": 0,
          "algorithm": "g2clock",
          "byte_inserted": 3046826,
          "byte_miss": 3046826,
          "byte_read": 32037609,
          "byte_reinserted": 2940201,
          "hit": 32037609,
          "inserted": 3046826,
          "layer": 0,
          "miss_ratio": 0.08684266969098975,
          "reinserted": 2940201,
          "req": 35084435
        }
      ],
      "miss_ratio": 0.08684266969098975,
      "req": 35084435
    }
  ],
  "trace": "tencentBlock.ns6362.oracleGeneral.zst"
}