{
  "dram_cache_size": 18,
  "flash_cache_size": 1841,
  "results": [
    {
      "hit": 809877,
      "iteration": 0,
      "metrics": [
        {
          "admission_treshold": 0,
          "algorithm": "qtime-clock",
          "byte_inserted": 734808,
          "byte_miss": 734808,
          "byte_read": 809877,
          "byte_reinserted": 32331,
          "hit": 809877,
          "inserted": 734808,
          "layer": 0,
          "miss_ratio": 0.47570087105137937,
          "reinserted": 32331,
          "req": 1544685
        }
      ],
      "miss_ratio": 0.47570087105137937,
      "req": 1544685
    }
  ],
  "trace": "tencentBlock.ns20015.oracleGeneral.zst"
}