{
  "dram_cache_size": 185,
  "flash_cache_size": 18556,
  "results": [
    {
      "hit": 6684277,
      "iteration": 0,
      "metrics": [
        {
          "admission_treshold": 0,
          "algorithm": "q2auto",
          "byte_inserted": 6213773,
          "byte_miss": 6213773,
          "byte_read": 6684277,
          "byte_reinserted": 690667,
          "hit": 6684277,
          "inserted": 6213773,
          "layer": 0,
          "miss_ratio": 0.4817606537422323,
          "reinserted": 690667,
          "req": 12898050
        }
      ],
      "miss_ratio": 0.4817606537422323,
      "req": 12898050
    }
  ],
  "trace": "tencentBlock.ns5206.oracleGeneral.zst"
}