{
  "dram_cache_size": 20,
  "flash_cache_size": 2001,
  "results": [
    {
      "hit": 1732056,
      "iteration": 0,
      "metrics": [
        {
          "admission_treshold": 0,
          "algorithm": "s3fclock",
          "byte_inserted": 1183491,
          "byte_miss": 1183491,
          "byte_read": 1732056,
          "byte_reinserted": 253856,
          "hit": 1732056,
          "inserted": 1183491,
          "layer": 0,
          "miss_ratio": 0.4059241713476065,
          "reinserted": 253856,
          "req": 2915547
        }
      ],
      "miss_ratio": 0.4059241713476065,
      "req": 2915547
    }
  ],
  "trace": "tencentBlock.ns12277.oracleGeneral.zst"
}