{
  "dram_cache_size": 6,
  "flash_cache_size": 698,
  "results": [
    {
      "hit": 3563917,
      "iteration": 0,
      "metrics": [
        {
          "admission_treshold": 0,
          "algorithm": "d3clock",
          "byte_inserted": 533563,
          "byte_miss": 533563,
          "byte_read": 3563917,
          "byte_reinserted": 1431394,
          "hit": 3563917,
          "inserted": 533563,
          "layer": 0,
          "miss_ratio": 0.13021735310483518,
          "reinserted": 1431394,
          "req": 4097480
        }
      ],
      "miss_ratio": 0.13021735310483518,
      "req": 4097480
    }
  ],
  "trace": "tencentBlock.ns20428.oracleGeneral.zst"
}