{
  "dram_cache_size": 170,
  "flash_cache_size": 17090,
  "results": [
    {
      "hit": 20484146,
      "iteration": 0,
      "metrics": [
        {
          "admission_treshold": 0,
          "algorithm": "cm-clock",
          "byte_inserted": 5325264,
          "byte_miss": 5325264,
          "byte_read": 20484146,
          "byte_reinserted": 2070226,
          "hit": 20484146,
          "inserted": 5325264,
          "layer": 0,
          "miss_ratio": 0.20633032680716068,
          "reinserted": 2070226,
          "req": 25809410
        }
      ],
      "miss_ratio": 0.20633032680716068,
      "req": 25809410
    }
  ],
  "trace": "tencentBlock.ns12430.oracleGeneral.zst"
}