{
  "dram_cache_size": 36,
  "flash_cache_size": 3622,
  "results": [
    {
      "hit": 2013283,
      "iteration": 0,
      "metrics": [
        {
          "admission_treshold": 0,
          "algorithm": "s3fclock-sequential",
          "byte_inserted": 1302742,
          "byte_miss": 1302742,
          "byte_read": 2013283,
          "byte_reinserted": 100400,
          "hit": 2013283,
          "inserted": 1302742,
          "layer": 0,
          "miss_ratio": 0.39286253873236787,
          "reinserted": 100400,
          "req": 3316025
        }
      ],
      "miss_ratio": 0.39286253873236787,
      "req": 3316025
    }
  ],
  "trace": "tencentBlock.ns23497.oracleGeneral.zst"
}