{
  "dram_cache_size": 0,
  "flash_cache_size": 78,
  "results": [
    {
      "hit": 42175643,
      "iteration": 0,
      "metrics": [
        {
          "admission_treshold": 0,
          "algorithm": "tauto",
          "byte_inserted": 16668,
          "byte_miss": 16668,
          "byte_read": 42175643,
          "byte_reinserted": 7424,
          "hit": 42175643,
          "inserted": 16668,
          "layer": 0,
          "miss_ratio": 0.0003950482826123869,
          "reinserted": 7424,
          "req": 42192311
        }
      ],
      "miss_ratio": 0.0003950482826123869,
      "req": 42192311
    }
  ],
  "trace": "akamai_lax.ns1014.oracleGeneral.bin.zst"
}