{
  "dram_cache_size": 0,
  "flash_cache_size": 67,
  "results": [
    {
      "hit": 1679426,
      "iteration": 0,
      "metrics": [
        {
          "admission_treshold": 0,
          "algorithm": "sxfifo",
          "byte_inserted": 786232,
          "byte_miss": 786232,
          "byte_read": 1679426,
          "byte_reinserted": 156340,
          "hit": 1679426,
          "inserted": 786232,
          "layer": 0,
          "miss_ratio": 0.31887309594436863,
          "reinserted": 156340,
          "req": 2465658
        }
      ],
      "miss_ratio": 0.31887309594436863,
      "req": 2465658
    }
  ],
  "trace": "cf_allcolo.ns2885.oracleGeneral.zst"
}