{
  "dram_cache_size": 0,
  "flash_cache_size": 14,
  "results": [
    {
      "hit": 2807068,
      "iteration": 0,
      "metrics": [
        {
          "admission_treshold": 0,
          "algorithm": "time2-auto",
          "byte_inserted": 13610,
          "byte_miss": 13610,
          "byte_read": 2807068,
          "byte_reinserted": 18570,
          "hit": 2807068,
          "inserted": 13610,
          "layer": 0,
          "miss_ratio": 0.004825081062070913,
          "reinserted": 18570,
          "req": 2820678
        }
      ],
      "miss_ratio": 0.004825081062070913,
      "req": 2820678
    }
  ],
  "trace": "cf_allcolo.ns1492.oracleGeneral.zst"
}