{
  "dram_cache_size": 0,
  "flash_cache_size": 36,
  "results": [
    {
      "hit": 578807,
      "iteration": 0,
      "metrics": [
        {
          "admission_treshold": 0,
          "algorithm": "dclock",
          "byte_inserted": 458370,
          "byte_miss": 458370,
          "byte_read": 578807,
          "byte_reinserted": 216152,
          "hit": 578807,
          "inserted": 458370,
          "layer": 0,
          "miss_ratio": 0.44193999674115414,
          "reinserted": 216152,
          "req": 1037177
        }
      ],
      "miss_ratio": 0.44193999674115414,
      "req": 1037177
    }
  ],
  "trace": "cf_allcolo.ns9774.oracleGeneral.zst"
}