{
  "dram_cache_size": 15,
  "flash_cache_size": 1537,
  "results": [
    {
      "hit": 1130438,
      "iteration": 0,
      "metrics": [
        {
          "admission_treshold": 0,
          "algorithm": "dclock",
          "byte_inserted": 1069562,
          "byte_miss": 1069562,
          "byte_read": 1130438,
          "byte_reinserted": 27223,
          "hit": 1130438,
          "inserted": 1069562,
          "layer": 0,
          "miss_ratio": 0.48616454545454546,
          "reinserted": 27223,
          "req": 2200000
        }
      ],
      "miss_ratio": 0.48616454545454546,
      "req": 2200000
    }
  ],
  "trace": "io_traces.ns204.oracleGeneral.zst"
}