{
  "dram_cache_size": 22,
  "flash_cache_size": 2229,
  "results": [
    {
      "hit": 2200929,
      "iteration": 0,
      "metrics": [
        {
          "admission_treshold": 0,
          "algorithm": "d3clock",
          "byte_inserted": 3599071,
          "byte_miss": 3599071,
          "byte_read": 2200929,
          "byte_reinserted": 490085,
          "hit": 2200929,
          "inserted": 3599071,
          "layer": 0,
          "miss_ratio": 0.6205294827586207,
          "reinserted": 490085,
          "req": 5800000
        }
      ],
      "miss_ratio": 0.6205294827586207,
      "req": 5800000
    }
  ],
  "trace": "io_traces.ns650.oracleGeneral.zst"
}