{
  "dram_cache_size": 33,
  "flash_cache_size": 3379,
  "results": [
    {
      "hit": 5523790,
      "iteration": 0,
      "metrics": [
        {
          "admission_treshold": 0,
          "algorithm": "d3clock",
          "byte_inserted": 2076210,
          "byte_miss": 2076210,
          "byte_read": 5523790,
          "byte_reinserted": 1192590,
          "hit": 5523790,
          "inserted": 2076210,
          "layer": 0,
          "miss_ratio": 0.2731855263157895,
          "reinserted": 1192590,
          "req": 7600000
        }
      ],
      "miss_ratio": 0.2731855263157895,
      "req": 7600000
    }
  ],
  "trace": "io_traces.ns398.oracleGeneral.zst"
}