{
  "dram_cache_size": 16,
  "flash_cache_size": 1667,
  "results": [
    {
      "hit": 1397454,
      "iteration": 0,
      "metrics": [
        {
          "admission_treshold": 0,
          "algorithm": "dclock",
          "byte_inserted": 740959,
          "byte_miss": 740959,
          "byte_read": 1397454,
          "byte_reinserted": 63947,
          "hit": 1397454,
          "inserted": 740959,
          "layer": 0,
          "miss_ratio": 0.34649948349547066,
          "reinserted": 63947,
          "req": 2138413
        }
      ],
      "miss_ratio": 0.34649948349547066,
      "req": 2138413
    }
  ],
  "trace": "tencentBlock.ns20972.oracleGeneral.zst"
}