{
  "dram_cache_size": 41,
  "flash_cache_size": 4179,
  "results": [
    {
      "hit": 2681958,
      "iteration": 0,
      "metrics": [
        {
          "admission_treshold": 0,
          "algorithm": "t2auto",
          "byte_inserted": 1069582,
          "byte_miss": 1069582,
          "byte_read": 2681958,
          "byte_reinserted": 248427,
          "hit": 2681958,
          "inserted": 1069582,
          "layer": 0,
          "miss_ratio": 0.2851047836355204,
          "reinserted": 248427,
          "req": 3751540
        }
      ],
      "miss_ratio": 0.2851047836355204,
      "req": 3751540
    }
  ],
  "trace": "tencentBlock.ns17519.oracleGeneral.zst"
}