{
  "dram_cache_size": 19,
  "flash_cache_size": 1935,
  "results": [
    {
      "hit": 1896989,
      "iteration": 0,
      "metrics": [
        {
          "admission_treshold": 0,
          "algorithm": "g2clock",
          "byte_inserted": 951911,
          "byte_miss": 951911,
          "byte_read": 1896989,
          "byte_reinserted": 373039,
          "hit": 1896989,
          "inserted": 951911,
          "layer": 0,
          "miss_ratio": 0.33413282319491733,
          "reinserted": 373039,
          "req": 2848900
        }
      ],
      "miss_ratio": 0.33413282319491733,
      "req": 2848900
    }
  ],
  "trace": "tencentBlock.ns21909.oracleGeneral.zst"
}