{
  "dram_cache_size": 0,
  "flash_cache_size": 13,
  "results": [
    {
      "hit": 25901021,
      "iteration": 0,
      "metrics": [
        {
          "admission_treshold": 0,
          "algorithm": "qand-clock-v2",
          "byte_inserted": 3373009,
          "byte_miss": 3373009,
          "byte_read": 25901021,
          "byte_reinserted": 6682428,
          "hit": 25901021,
          "inserted": 3373009,
          "layer": 0,
          "miss_ratio": 0.11522188779611142,
          "reinserted": 6682428,
          "req": 29274030
        }
      ],
      "miss_ratio": 0.11522188779611142,
      "req": 29274030
    }
  ],
  "trace": "cf_allcolo.ns461.oracleGeneral.zst"
}