{
  "dram_cache_size": 4,
  "flash_cache_size": 489,
  "results": [
    {
      "hit": 2674247,
      "iteration": 0,
      "metrics": [
        {
          "admission_treshold": 0,
          "algorithm": "g2clock",
          "byte_inserted": 479229,
          "byte_miss": 479229,
          "byte_read": 2674247,
          "byte_reinserted": 509454,
          "hit": 2674247,
          "inserted": 479229,
          "layer": 0,
          "miss_ratio": 0.15196849444866556,
          "reinserted": 509454,
          "req": 3153476
        }
      ],
      "miss_ratio": 0.15196849444866556,
      "req": 3153476
    }
  ],
  "trace": "tencentBlock.ns19184.oracleGeneral.zst"
}