{
  "dram_cache_size": 15,
  "flash_cache_size": 1517,
  "results": [
    {
      "hit": 907882,
      "iteration": 0,
      "metrics": [
        {
          "admission_treshold": 0,
          "algorithm": "gclock",
          "byte_inserted": 786838,
          "byte_miss": 786838,
          "byte_read": 907882,
          "byte_reinserted": 319487,
          "hit": 907882,
          "inserted": 786838,
          "layer": 0,
          "miss_ratio": 0.4642879059667674,
          "reinserted": 319487,
          "req": 1694720
        }
      ],
      "miss_ratio": 0.4642879059667674,
      "req": 1694720
    }
  ],
  "trace": "tencentBlock.ns12238.oracleGeneral.zst"
}