{
  "dram_cache_size": 24,
  "flash_cache_size": 2468,
  "results": [
    {
      "hit": 765378,
      "iteration": 0,
      "metrics": [
        {
          "admission_treshold": 0,
          "algorithm": "sxfifo",
          "byte_inserted": 684278,
          "byte_miss": 684278,
          "byte_read": 765378,
          "byte_reinserted": 144209,
          "hit": 765378,
          "inserted": 684278,
          "layer": 0,
          "miss_ratio": 0.4720278466063673,
          "reinserted": 144209,
          "req": 1449656
        }
      ],
      "miss_ratio": 0.4720278466063673,
      "req": 1449656
    }
  ],
  "trace": "tencentBlock.ns21775.oracleGeneral.zst"
}