{
  "dram_cache_size": 8,
  "flash_cache_size": 808,
  "results": [
    {
      "hit": 1296163,
      "iteration": 0,
      "metrics": [
        {
          "admission_treshold": 0,
          "algorithm": "dclock",
          "byte_inserted": 272783,
          "byte_miss": 272783,
          "byte_read": 1296163,
          "byte_reinserted": 208809,
          "hit": 1296163,
          "inserted": 272783,
          "layer": 0,
          "miss_ratio": 0.17386385509762603,
          "reinserted": 208809,
          "req": 1568946
        }
      ],
      "miss_ratio": 0.17386385509762603,
      "req": 1568946
    }
  ],
  "trace": "tencentBlock.ns12316.oracleGeneral.zst"
}