{
  "dram_cache_size": 14,
  "flash_cache_size": 1435,
  "results": [
    {
      "hit": 1039124,
      "iteration": 0,
      "metrics": [
        {
          "admission_treshold": 0,
          "algorithm": "g2clock",
          "byte_inserted": 558266,
          "byte_miss": 558266,
          "byte_read": 1039124,
          "byte_reinserted": 181060,
          "hit": 1039124,
          "inserted": 558266,
          "layer": 0,
          "miss_ratio": 0.3494863496077977,
          "reinserted": 181060,
          "req": 1597390
        }
      ],
      "miss_ratio": 0.3494863496077977,
      "req": 1597390
    }
  ],
  "trace": "tencentBlock.ns20034.oracleGeneral.zst"
}