{
  "dram_cache_size": 30,
  "flash_cache_size": 3096,
  "results": [
    {
      "hit": 1992072,
      "iteration": 0,
      "metrics": [
        {
          "admission_treshold": 0,
          "algorithm": "s3fclock-sequential",
          "byte_inserted": 1035814,
          "byte_miss": 1035814,
          "byte_read": 1992072,
          "byte_reinserted": 203610,
          "hit": 1992072,
          "inserted": 1035814,
          "layer": 0,
          "miss_ratio": 0.3420914790054843,
          "reinserted": 203610,
          "req": 3027886
        }
      ],
      "miss_ratio": 0.3420914790054843,
      "req": 3027886
    }
  ],
  "trace": "tencentBlock.ns16458.oracleGeneral.zst"
}