{
  "dram_cache_size": 61,
  "flash_cache_size": 6185,
  "results": [
    {
      "hit": 1968820,
      "iteration": 0,
      "metrics": [
        {
          "admission_treshold": 0,
          "algorithm": "g2clock",
          "byte_inserted": 749034,
          "byte_miss": 749034,
          "byte_read": 1968820,
          "byte_reinserted": 33015,
          "hit": 1968820,
          "inserted": 749034,
          "layer": 0,
          "miss_ratio": 0.27559758544793056,
          "reinserted": 33015,
          "req": 2717854
        }
      ],
      "miss_ratio": 0.27559758544793056,
      "req": 2717854
    }
  ],
  "trace": "tencentBlock.ns11037.oracleGeneral.zst"
}