{
  "dram_cache_size": 16,
  "flash_cache_size": 1663,
  "results": [
    {
      "hit": 2867492,
      "iteration": 0,
      "metrics": [
        {
          "admission_treshold": 0,
          "algorithm": "g2clock",
          "byte_inserted": 580444,
          "byte_miss": 580444,
          "byte_read": 2867492,
          "byte_reinserted": 380660,
          "hit": 2867492,
          "inserted": 580444,
          "layer": 0,
          "miss_ratio": 0.1683453521179047,
          "reinserted": 380660,
          "req": 3447936
        }
      ],
      "miss_ratio": 0.1683453521179047,
      "req": 3447936
    }
  ],
  "trace": "tencentBlock.ns8747.oracleGeneral.zst"
}