{
  "dram_cache_size": 7,
  "flash_cache_size": 732,
  "results": [
    {
      "hit": 1195790,
      "iteration": 0,
      "metrics": [
        {
          "admission_treshold": 0,
          "algorithm": "gclock",
          "byte_inserted": 484735,
          "byte_miss": 484735,
          "byte_read": 1195790,
          "byte_reinserted": 51272,
          "hit": 1195790,
          "inserted": 484735,
          "layer": 0,
          "miss_ratio": 0.28844259978280595,
          "reinserted": 51272,
          "req": 1680525
        }
      ],
      "miss_ratio": 0.28844259978280595,
      "req": 1680525
    }
  ],
  "trace": "tencentBlock.ns12215.oracleGeneral.zst"
}