{
  "dram_cache_size": 26,
  "flash_cache_size": 2659,
  "results": [
    {
      "hit": 1184096,
      "iteration": 0,
      "metrics": [
        {
          "admission_treshold": 0,
          "algorithm": "g2clock",
          "byte_inserted": 651518,
          "byte_miss": 651518,
          "byte_read": 1184096,
          "byte_reinserted": 146786,
          "hit": 1184096,
          "inserted": 651518,
          "layer": 0,
          "miss_ratio": 0.35493191923792256,
          "reinserted": 146786,
          "req": 1835614
        }
      ],
      "miss_ratio": 0.35493191923792256,
      "req": 1835614
    }
  ],
  "trace": "tencentBlock.ns13024.oracleGeneral.zst"
}