{
  "dram_cache_size": 12,
  "flash_cache_size": 1296,
  "results": [
    {
      "hit": 762562,
      "iteration": 0,
      "metrics": [
        {
          "admission_treshold": 0,
          "algorithm": "g2clock",
          "byte_inserted": 515884,
          "byte_miss": 515884,
          "byte_read": 762562,
          "byte_reinserted": 41550,
          "hit": 762562,
          "inserted": 515884,
          "layer": 0,
          "miss_ratio": 0.4035242786946026,
          "reinserted": 41550,
          "req": 1278446
        }
      ],
      "miss_ratio": 0.4035242786946026,
      "req": 1278446
    }
  ],
  "trace": "tencentBlock.ns16991.oracleGeneral.zst"
}