{
  "dram_cache_size": 0,
  "flash_cache_size": 35,
  "results": [
    {
      "hit": 8638356,
      "iteration": 0,
      "metrics": [
        {
          "admission_treshold": 0,
          "algorithm": "qand-clock-v2",
          "byte_inserted": 9291,
          "byte_miss": 9291,
          "byte_read": 8638356,
          "byte_reinserted": 2663,
          "hit": 8638356,
          "inserted": 9291,
          "layer": 0,
          "miss_ratio": 0.0010743963068797768,
          "reinserted": 2663,
          "req": 8647647
        }
      ],
      "miss_ratio": 0.0010743963068797768,
      "req": 8647647
    }
  ],
  "trace": "cf_colo28.ns1369.oracleGeneral.zst"
}