{
  "dram_cache_size": 39,
  "flash_cache_size": 3928,
  "results": [
    {
      "hit": 4819872,
      "iteration": 0,
      "metrics": [
        {
          "admission_treshold": 0,
          "algorithm": "s3fclock",
          "byte_inserted": 1874900,
          "byte_miss": 1874900,
          "byte_read": 4819872,
          "byte_reinserted": 124821,
          "hit": 4819872,
          "inserted": 1874900,
          "layer": 0,
          "miss_ratio": 0.2800543468844048,
          "reinserted": 124821,
          "req": 6694772
        }
      ],
      "miss_ratio": 0.2800543468844048,
      "req": 6694772
    }
  ],
  "trace": "tencentBlock.ns2974.oracleGeneral.zst"
}