{
  "dram_cache_size": 6,
  "flash_cache_size": 620,
  "results": [
    {
      "hit": 2286812,
      "iteration": 0,
      "metrics": [
        {
          "admission_treshold": 0,
          "algorithm": "dclock",
          "byte_inserted": 287307,
          "byte_miss": 287307,
          "byte_read": 2286812,
          "byte_reinserted": 197083,
          "hit": 2286812,
          "inserted": 287307,
          "layer": 0,
          "miss_ratio": 0.1116137210439766,
          "reinserted": 197083,
          "req": 2574119
        }
      ],
      "miss_ratio": 0.1116137210439766,
      "req": 2574119
    }
  ],
  "trace": "tencentBlock.ns9683.oracleGeneral.zst"
}