{
  "dram_cache_size": 12,
  "flash_cache_size": 1247,
  "results": [
    {
      "hit": 2494686,
      "iteration": 0,
      "metrics": [
        {
          "admission_treshold": 0,
          "algorithm": "g2clock",
          "byte_inserted": 412995,
          "byte_miss": 412995,
          "byte_read": 2494686,
          "byte_reinserted": 790723,
          "hit": 2494686,
          "inserted": 412995,
          "layer": 0,
          "miss_ratio": 0.14203586982203342,
          "reinserted": 790723,
          "req": 2907681
        }
      ],
      "miss_ratio": 0.14203586982203342,
      "req": 2907681
    }
  ],
  "trace": "tencentBlock.ns9754.oracleGeneral.zst"
}