{
  "dram_cache_size": 14,
  "flash_cache_size": 1482,
  "results": [
    {
      "hit": 2983396,
      "iteration": 0,
      "metrics": [
        {
          "admission_treshold": 0,
          "algorithm": "qand-clock",
          "byte_inserted": 3736673,
          "byte_miss": 3736673,
          "byte_read": 2983396,
          "byte_reinserted": 248695,
          "hit": 2983396,
          "inserted": 3736673,
          "layer": 0,
          "miss_ratio": 0.5560468203525886,
          "reinserted": 248695,
          "req": 6720069
        }
      ],
      "miss_ratio": 0.5560468203525886,
      "req": 6720069
    }
  ],
  "trace": "tencentBlock.ns7406.oracleGeneral.zst"
}