{
  "dram_cache_size": 66,
  "flash_cache_size": 6630,
  "results": [
    {
      "hit": 5294258,
      "iteration": 0,
      "metrics": [
        {
          "admission_treshold": 0,
          "algorithm": "gclock",
          "byte_inserted": 1352686,
          "byte_miss": 1352686,
          "byte_read": 5294258,
          "byte_reinserted": 285806,
          "hit": 5294258,
          "inserted": 1352686,
          "layer": 0,
          "miss_ratio": 0.2035049490412436,
          "reinserted": 285806,
          "req": 6646944
        }
      ],
      "miss_ratio": 0.2035049490412436,
      "req": 6646944
    }
  ],
  "trace": "cf_allcolo.ns436.oracleGeneral.zst"
}