{
  "dram_cache_size": 2,
  "flash_cache_size": 212,
  "results": [
    {
      "hit": 416636,
      "iteration": 0,
      "metrics": [
        {
          "admission_treshold": 0,
          "algorithm": "s3fclock-sequential",
          "byte_inserted": 1235296,
          "byte_miss": 1235296,
          "byte_read": 416636,
          "byte_reinserted": 267001,
          "hit": 416636,
          "inserted": 1235296,
          "layer": 0,
          "miss_ratio": 0.7477886498960006,
          "reinserted": 267001,
          "req": 1651932
        }
      ],
      "miss_ratio": 0.7477886498960006,
      "req": 1651932
    }
  ],
  "trace": "cf_colo28.ns1415.oracleGeneral.zst"
}