{
  "dram_cache_size": 35,
  "flash_cache_size": 3524,
  "results": [
    {
      "hit": 711359377,
      "iteration": 0,
      "metrics": [
        {
          "admission_treshold": 0,
          "algorithm": "qauto",
          "byte_inserted": 11575803,
          "byte_miss": 11575803,
          "byte_read": 711359377,
          "byte_reinserted": 15751897,
          "hit": 711359377,
          "inserted": 11575803,
          "layer": 0,
          "miss_ratio": 0.016012228094917202,
          "reinserted": 15751897,
          "req": 722935180
        }
      ],
      "miss_ratio": 0.016012228094917202,
      "req": 722935180
    }
  ],
  "trace": "cluster2.oracleGeneral.sample10.zst"
}