{
  "dram_cache_size": 159,
  "flash_cache_size": 15971,
  "results": [
    {
      "hit": 16602489,
      "iteration": 0,
      "metrics": [
        {
          "admission_treshold": 0,
          "algorithm": "gclock",
          "byte_inserted": 8997511,
          "byte_miss": 8997511,
          "byte_read": 16602489,
          "byte_reinserted": 2402156,
          "hit": 16602489,
          "inserted": 8997511,
          "layer": 0,
          "miss_ratio": 0.3514652734375,
          "reinserted": 2402156,
          "req": 25600000
        }
      ],
      "miss_ratio": 0.3514652734375,
      "req": 25600000
    }
  ],
  "trace": "io_traces.ns2.oracleGeneral.zst"
}