{
  "dram_cache_size": 13,
  "flash_cache_size": 1323,
  "results": [
    {
      "hit": 1680161,
      "iteration": 0,
      "metrics": [
        {
          "admission_treshold": 0,
          "algorithm": "g2clock",
          "byte_inserted": 1319839,
          "byte_miss": 1319839,
          "byte_read": 1680161,
          "byte_reinserted": 198025,
          "hit": 1680161,
          "inserted": 1319839,
          "layer": 0,
          "miss_ratio": 0.43994633333333333,
          "reinserted": 198025,
          "req": 3000000
        }
      ],
      "miss_ratio": 0.43994633333333333,
      "req": 3000000
    }
  ],
  "trace": "io_traces.ns180.oracleGeneral.zst"
}