{
  "dram_cache_size": 21,
  "flash_cache_size": 2165,
  "results": [
    {
      "hit": 472382,
      "iteration": 0,
      "metrics": [
        {
          "admission_treshold": 0,
          "algorithm": "gclock",
          "byte_inserted": 893068,
          "byte_miss": 893068,
          "byte_read": 472382,
          "byte_reinserted": 18420,
          "hit": 472382,
          "inserted": 893068,
          "layer": 0,
          "miss_ratio": 0.6540466512871215,
          "reinserted": 18420,
          "req": 1365450
        }
      ],
      "miss_ratio": 0.6540466512871215,
      "req": 1365450
    }
  ],
  "trace": "tencentBlock.ns23925.oracleGeneral.zst"
}