{
  "dram_cache_size": 15,
  "flash_cache_size": 1544,
  "results": [
    {
      "hit": 1769034,
      "iteration": 0,
      "metrics": [
        {
          "admission_treshold": 0,
          "algorithm": "time3-auto",
          "byte_inserted": 1160730,
          "byte_miss": 1160730,
          "byte_read": 1769034,
          "byte_reinserted": 206924,
          "hit": 1769034,
          "inserted": 1160730,
          "layer": 0,
          "miss_ratio": 0.3961854948043597,
          "reinserted": 206924,
          "req": 2929764
        }
      ],
      "miss_ratio": 0.3961854948043597,
      "req": 2929764
    }
  ],
  "trace": "tencentBlock.ns17604.oracleGeneral.zst"
}