{
  "dram_cache_size": 51,
  "flash_cache_size": 5165,
  "results": [
    {
      "hit": 2785722,
      "iteration": 0,
      "metrics": [
        {
          "admission_treshold": 0,
          "algorithm": "qtime-clock",
          "byte_inserted": 1453550,
          "byte_miss": 1453550,
          "byte_read": 2785722,
          "byte_reinserted": 458388,
          "hit": 2785722,
          "inserted": 1453550,
          "layer": 0,
          "miss_ratio": 0.34287726760632486,
          "reinserted": 458388,
          "req": 4239272
        }
      ],
      "miss_ratio": 0.34287726760632486,
      "req": 4239272
    }
  ],
  "trace": "tencentBlock.ns21062.oracleGeneral.zst"
}