{
  "dram_cache_size": 12,
  "flash_cache_size": 1298,
  "results": [
    {
      "hit": 525078,
      "iteration": 0,
      "metrics": [
        {
          "admission_treshold": 0,
          "algorithm": "dclock",
          "byte_inserted": 583190,
          "byte_miss": 583190,
          "byte_read": 525078,
          "byte_reinserted": 105110,
          "hit": 525078,
          "inserted": 583190,
          "layer": 0,
          "miss_ratio": 0.5262174853013892,
          "reinserted": 105110,
          "req": 1108268
        }
      ],
      "miss_ratio": 0.5262174853013892,
      "req": 1108268
    }
  ],
  "trace": "tencentBlock.ns16557.oracleGeneral.zst"
}