{
  "dram_cache_size": 40,
  "flash_cache_size": 4021,
  "results": [
    {
      "hit": 3290465,
      "iteration": 0,
      "metrics": [
        {
          "admission_treshold": 0,
          "algorithm": "dclock",
          "byte_inserted": 1572271,
          "byte_miss": 1572271,
          "byte_read": 3290465,
          "byte_reinserted": 269067,
          "hit": 3290465,
          "inserted": 1572271,
          "layer": 0,
          "miss_ratio": 0.3233305283280853,
          "reinserted": 269067,
          "req": 4862736
        }
      ],
      "miss_ratio": 0.3233305283280853,
      "req": 4862736
    }
  ],
  "trace": "tencentBlock.ns8735.oracleGeneral.zst"
}