{
  "dram_cache_size": 34,
  "flash_cache_size": 3454,
  "results": [
    {
      "hit": 189913957,
      "iteration": 0,
      "metrics": [
        {
          "admission_treshold": 0,
          "algorithm": "d3clock",
          "byte_inserted": 42770099,
          "byte_miss": 42770099,
          "byte_read": 189913957,
          "byte_reinserted": 36023679,
          "hit": 189913957,
          "inserted": 42770099,
          "layer": 0,
          "miss_ratio": 0.18381190243649526,
          "reinserted": 36023679,
          "req": 232684056
        }
      ],
      "miss_ratio": 0.18381190243649526,
      "req": 232684056
    }
  ],
  "trace": "timelines_recommendations_user_features_cache.0.oracleGeneral.sample10.zst"
}