{
  "dram_cache_size": 367,
  "flash_cache_size": 36733,
  "results": [
    {
      "hit": 1814672,
      "iteration": 0,
      "metrics": [
        {
          "admission_treshold": 0,
          "algorithm": "g2clock",
          "byte_inserted": 24754726,
          "byte_miss": 24754726,
          "byte_read": 1814672,
          "byte_reinserted": 1015222,
          "hit": 1814672,
          "inserted": 24754726,
          "layer": 0,
          "miss_ratio": 0.9317006730826194,
          "reinserted": 1015222,
          "req": 26569398
        }
      ],
      "miss_ratio": 0.9317006730826194,
      "req": 26569398
    }
  ],
  "trace": "w25.oracleGeneral.bin.zst"
}