{
  "dram_cache_size": 156,
  "flash_cache_size": 15683,
  "results": [
    {
      "hit": 863819,
      "iteration": 0,
      "metrics": [
        {
          "admission_treshold": 0,
          "algorithm": "s3fclock",
          "byte_inserted": 2851542,
          "byte_miss": 2851542,
          "byte_read": 863819,
          "byte_reinserted": 372825,
          "hit": 863819,
          "inserted": 2851542,
          "layer": 0,
          "miss_ratio": 0.7675006547143064,
          "reinserted": 372825,
          "req": 3715361
        }
      ],
      "miss_ratio": 0.7675006547143064,
      "req": 3715361
    }
  ],
  "trace": "akamai_lax.ns126.oracleGeneral.bin.zst"
}