{
  "dram_cache_size": 21,
  "flash_cache_size": 2119,
  "results": [
    {
      "hit": 71414449,
      "iteration": 0,
      "metrics": [
        {
          "admission_treshold": 0,
          "algorithm": "sxfifo",
          "byte_inserted": 252511,
          "byte_miss": 252511,
          "byte_read": 71414449,
          "byte_reinserted": 101004,
          "hit": 71414449,
          "inserted": 252511,
          "layer": 0,
          "miss_ratio": 0.0035233948809884064,
          "reinserted": 101004,
          "req": 71666960
        }
      ],
      "miss_ratio": 0.0035233948809884064,
      "req": 71666960
    }
  ],
  "trace": "cf_allcolo.ns102.oracleGeneral.zst"
}