{
  "dram_cache_size": 107,
  "flash_cache_size": 10711,
  "results": [
    {
      "hit": 1069653,
      "iteration": 0,
      "metrics": [
        {
          "admission_treshold": 0,
          "algorithm": "gclock",
          "byte_inserted": 1561387,
          "byte_miss": 1561387,
          "byte_read": 1069653,
          "byte_reinserted": 57908,
          "hit": 1069653,
          "inserted": 1561387,
          "layer": 0,
          "miss_ratio": 0.5934485982729263,
          "reinserted": 57908,
          "req": 2631040
        }
      ],
      "miss_ratio": 0.5934485982729263,
      "req": 2631040
    }
  ],
  "trace": "cf_colo28.ns973.oracleGeneral.zst"
}