{
  "dram_cache_size": 13,
  "flash_cache_size": 1341,
  "results": [
    {
      "hit": 515656,
      "iteration": 0,
      "metrics": [
        {
          "admission_treshold": 0,
          "algorithm": "dclock",
          "byte_inserted": 1684344,
          "byte_miss": 1684344,
          "byte_read": 515656,
          "byte_reinserted": 200229,
          "hit": 515656,
          "inserted": 1684344,
          "layer": 0,
          "miss_ratio": 0.7656109090909091,
          "reinserted": 200229,
          "req": 2200000
        }
      ],
      "miss_ratio": 0.7656109090909091,
      "req": 2200000
    }
  ],
  "trace": "io_traces.ns667.oracleGeneral.zst"
}