{
  "dram_cache_size": 20,
  "flash_cache_size": 2002,
  "results": [
    {
      "hit": 1426276,
      "iteration": 0,
      "metrics": [
        {
          "admission_treshold": 0,
          "algorithm": "t6auto",
          "byte_inserted": 666448,
          "byte_miss": 666448,
          "byte_read": 1426276,
          "byte_reinserted": 35227,
          "hit": 1426276,
          "inserted": 666448,
          "layer": 0,
          "miss_ratio": 0.3184595770870884,
          "reinserted": 35227,
          "req": 2092724
        }
      ],
      "miss_ratio": 0.3184595770870884,
      "req": 2092724
    }
  ],
  "trace": "tencentBlock.ns15496.oracleGeneral.zst"
}