{
  "dram_cache_size": 30,
  "flash_cache_size": 3082,
  "results": [
    {
      "hit": 857605,
      "iteration": 0,
      "metrics": [
        {
          "admission_treshold": 0,
          "algorithm": "t4auto",
          "byte_inserted": 1196518,
          "byte_miss": 1196518,
          "byte_read": 857605,
          "byte_reinserted": 30167,
          "hit": 857605,
          "inserted": 1196518,
          "layer": 0,
          "miss_ratio": 0.582495790174201,
          "reinserted": 30167,
          "req": 2054123
        }
      ],
      "miss_ratio": 0.582495790174201,
      "req": 2054123
    }
  ],
  "trace": "tencentBlock.ns18803.oracleGeneral.zst"
}