{
  "dram_cache_size": 150,
  "flash_cache_size": 15020,
  "results": [
    {
      "hit": 7225873,
      "iteration": 0,
      "metrics": [
        {
          "admission_treshold": 0,
          "algorithm": "gclock",
          "byte_inserted": 3526696,
          "byte_miss": 3526696,
          "byte_read": 7225873,
          "byte_reinserted": 1248119,
          "hit": 7225873,
          "inserted": 3526696,
          "layer": 0,
          "miss_ratio": 0.3279863630728619,
          "reinserted": 1248119,
          "req": 10752569
        }
      ],
      "miss_ratio": 0.3279863630728619,
      "req": 10752569
    }
  ],
  "trace": "tencentBlock.ns19265.oracleGeneral.zst"
}