{
  "dram_cache_size": 272,
  "flash_cache_size": 27274,
  "results": [
    {
      "hit": 13708812,
      "iteration": 0,
      "metrics": [
        {
          "admission_treshold": 0,
          "algorithm": "sxfifo",
          "byte_inserted": 27366104,
          "byte_miss": 27366104,
          "byte_read": 13708812,
          "byte_reinserted": 4106163,
          "hit": 13708812,
          "inserted": 27366104,
          "layer": 0,
          "miss_ratio": 0.6662485688345656,
          "reinserted": 4106163,
          "req": 41074916
        }
      ],
      "miss_ratio": 0.6662485688345656,
      "req": 41074916
    }
  ],
  "trace": "tencentBlock.ns5526.oracleGeneral.zst"
}