{
  "dram_cache_size": 814,
  "flash_cache_size": 81438,
  "results": [
    {
      "hit": 1568085,
      "iteration": 0,
      "metrics": [
        {
          "admission_treshold": 0,
          "algorithm": "sxfifo",
          "byte_inserted": 25134103,
          "byte_miss": 25134103,
          "byte_read": 1568085,
          "byte_reinserted": 152408,
          "hit": 1568085,
          "inserted": 25134103,
          "layer": 0,
          "miss_ratio": 0.9412750370868485,
          "reinserted": 152408,
          "req": 26702188
        }
      ],
      "miss_ratio": 0.9412750370868485,
      "req": 26702188
    }
  ],
  "trace": "w16.oracleGeneral.bin.zst"
}