{
  "dram_cache_size": 0,
  "flash_cache_size": 58,
  "results": [
    {
      "hit": 2357668,
      "iteration": 0,
      "metrics": [
        {
          "admission_treshold": 0,
          "algorithm": "dclock",
          "byte_inserted": 2660834,
          "byte_miss": 2660834,
          "byte_read": 2357668,
          "byte_reinserted": 1726000,
          "hit": 2357668,
          "inserted": 2660834,
          "layer": 0,
          "miss_ratio": 0.5302048300468944,
          "reinserted": 1726000,
          "req": 5018502
        }
      ],
      "miss_ratio": 0.5302048300468944,
      "req": 5018502
    }
  ],
  "trace": "cf_allcolo.ns1785.oracleGeneral.zst"
}