{
  "dram_cache_size": 8,
  "flash_cache_size": 857,
  "results": [
    {
      "hit": 1411890,
      "iteration": 0,
      "metrics": [
        {
          "admission_treshold": 0,
          "algorithm": "q3auto",
          "byte_inserted": 4926077,
          "byte_miss": 4926077,
          "byte_read": 1411890,
          "byte_reinserted": 466127,
          "hit": 1411890,
          "inserted": 4926077,
          "layer": 0,
          "miss_ratio": 0.7772329833841041,
          "reinserted": 466127,
          "req": 6337967
        }
      ],
      "miss_ratio": 0.7772329833841041,
      "req": 6337967
    }
  ],
  "trace": "cf_colo28.ns1091.oracleGeneral.zst"
}