{
  "dram_cache_size": 31,
  "flash_cache_size": 3174,
  "results": [
    {
      "hit": 1283757,
      "iteration": 0,
      "metrics": [
        {
          "admission_treshold": 0,
          "algorithm": "d3clock",
          "byte_inserted": 1085135,
          "byte_miss": 1085135,
          "byte_read": 1283757,
          "byte_reinserted": 36378,
          "hit": 1283757,
          "inserted": 1085135,
          "layer": 0,
          "miss_ratio": 0.4580770250395544,
          "reinserted": 36378,
          "req": 2368892
        }
      ],
      "miss_ratio": 0.4580770250395544,
      "req": 2368892
    }
  ],
  "trace": "tencentBlock.ns20340.oracleGeneral.zst"
}