{
  "dram_cache_size": 52,
  "flash_cache_size": 5224,
  "results": [
    {
      "hit": 2739950,
      "iteration": 0,
      "metrics": [
        {
          "admission_treshold": 0,
          "algorithm": "gclock",
          "byte_inserted": 1435778,
          "byte_miss": 1435778,
          "byte_read": 2739950,
          "byte_reinserted": 1299526,
          "hit": 2739950,
          "inserted": 1435778,
          "layer": 0,
          "miss_ratio": 0.3438389665227237,
          "reinserted": 1299526,
          "req": 4175728
        }
      ],
      "miss_ratio": 0.3438389665227237,
      "req": 4175728
    }
  ],
  "trace": "tencentBlock.ns14456.oracleGeneral.zst"
}