{
  "dram_cache_size": 20,
  "flash_cache_size": 2019,
  "results": [
    {
      "hit": 4851949,
      "iteration": 0,
      "metrics": [
        {
          "admission_treshold": 0,
          "algorithm": "d3clock",
          "byte_inserted": 1259345,
          "byte_miss": 1259345,
          "byte_read": 4851949,
          "byte_reinserted": 247163,
          "hit": 4851949,
          "inserted": 1259345,
          "layer": 0,
          "miss_ratio": 0.20606846929635525,
          "reinserted": 247163,
          "req": 6111294
        }
      ],
      "miss_ratio": 0.20606846929635525,
      "req": 6111294
    }
  ],
  "trace": "tencentBlock.ns6107.oracleGeneral.zst"
}