{
  "dram_cache_size": 6,
  "flash_cache_size": 686,
  "results": [
    {
      "hit": 10912391,
      "iteration": 0,
      "metrics": [
        {
          "admission_treshold": 0,
          "algorithm": "gclock",
          "byte_inserted": 4094428,
          "byte_miss": 4094428,
          "byte_read": 10912391,
          "byte_reinserted": 4174827,
          "hit": 10912391,
          "inserted": 4094428,
          "layer": 0,
          "miss_ratio": 0.27283783458706334,
          "reinserted": 4174827,
          "req": 15006819
        }
      ],
      "miss_ratio": 0.27283783458706334,
      "req": 15006819
    }
  ],
  "trace": "tencentBlock.ns10568.oracleGeneral.zst"
}