{
  "dram_cache_size": 9,
  "flash_cache_size": 992,
  "results": [
    {
      "hit": 2170970,
      "iteration": 0,
      "metrics": [
        {
          "admission_treshold": 0,
          "algorithm": "sxfifo",
          "byte_inserted": 750597,
          "byte_miss": 750597,
          "byte_read": 2170970,
          "byte_reinserted": 128201,
          "hit": 2170970,
          "inserted": 750597,
          "layer": 0,
          "miss_ratio": 0.25691589479207566,
          "reinserted": 128201,
          "req": 2921567
        }
      ],
      "miss_ratio": 0.25691589479207566,
      "req": 2921567
    }
  ],
  "trace": "tencentBlock.ns3739.oracleGeneral.zst"
}