{
  "dram_cache_size": 23,
  "flash_cache_size": 2344,
  "results": [
    {
      "hit": 1573964,
      "iteration": 0,
      "metrics": [
        {
          "admission_treshold": 0,
          "algorithm": "gclock",
          "byte_inserted": 872981,
          "byte_miss": 872981,
          "byte_read": 1573964,
          "byte_reinserted": 41112,
          "hit": 1573964,
          "inserted": 872981,
          "layer": 0,
          "miss_ratio": 0.35676363792402366,
          "reinserted": 41112,
          "req": 2446945
        }
      ],
      "miss_ratio": 0.35676363792402366,
      "req": 2446945
    }
  ],
  "trace": "tencentBlock.ns15658.oracleGeneral.zst"
}