{
  "dram_cache_size": 711,
  "flash_cache_size": 71104,
  "results": [
    {
      "hit": 6249459,
      "iteration": 0,
      "metrics": [
        {
          "admission_treshold": 0,
          "algorithm": "sxfifo",
          "byte_inserted": 8306713,
          "byte_miss": 8306713,
          "byte_read": 6249459,
          "byte_reinserted": 2515317,
          "hit": 6249459,
          "inserted": 8306713,
          "layer": 0,
          "miss_ratio": 0.5706660377467372,
          "reinserted": 2515317,
          "req": 14556172
        }
      ],
      "miss_ratio": 0.5706660377467372,
      "req": 14556172
    }
  ],
  "trace": "block_traces_5.oracleGeneral.bin.zst"
}