{
  "dram_cache_size": 19,
  "flash_cache_size": 1912,
  "results": [
    {
      "hit": 1828025,
      "iteration": 0,
      "metrics": [
        {
          "admission_treshold": 0,
          "algorithm": "dclock",
          "byte_inserted": 2428424,
          "byte_miss": 2428424,
          "byte_read": 1828025,
          "byte_reinserted": 939380,
          "hit": 1828025,
          "inserted": 2428424,
          "layer": 0,
          "miss_ratio": 0.5705281562166021,
          "reinserted": 939380,
          "req": 4256449
        }
      ],
      "miss_ratio": 0.5705281562166021,
      "req": 4256449
    }
  ],
  "trace": "cf_allcolo.ns1184.oracleGeneral.zst"
}