{
  "dram_cache_size": 84,
  "flash_cache_size": 8415,
  "results": [
    {
      "hit": 125484,
      "iteration": 0,
      "metrics": [
        {
          "admission_treshold": 0,
          "algorithm": "clock",
          "byte_inserted": 1085523,
          "byte_miss": 1085523,
          "byte_read": 125484,
          "byte_reinserted": 115901,
          "hit": 125484,
          "inserted": 1085523,
          "layer": 0,
          "miss_ratio": 0.8963804503194449,
          "reinserted": 115901,
          "req": 1211007
        }
      ],
      "miss_ratio": 0.8963804503194449,
      "req": 1211007
    }
  ],
  "trace": "cf_colo28.ns1302.oracleGeneral.zst"
}