{
  "dram_cache_size": 7,
  "flash_cache_size": 788,
  "results": [
    {
      "hit": 3033626,
      "iteration": 0,
      "metrics": [
        {
          "admission_treshold": 0,
          "algorithm": "s3fclock",
          "byte_inserted": 383869,
          "byte_miss": 383869,
          "byte_read": 3033626,
          "byte_reinserted": 245530,
          "hit": 3033626,
          "inserted": 383869,
          "layer": 0,
          "miss_ratio": 0.11232467055548001,
          "reinserted": 245530,
          "req": 3417495
        }
      ],
      "miss_ratio": 0.11232467055548001,
      "req": 3417495
    }
  ],
  "trace": "cf_colo28.ns7604.oracleGeneral.zst"
}