{
  "dram_cache_size": 138,
  "flash_cache_size": 13843,
  "results": [
    {
      "hit": 87925560,
      "iteration": 0,
      "metrics": [
        {
          "admission_treshold": 0,
          "algorithm": "s3fclock",
          "byte_inserted": 25573464,
          "byte_miss": 25573464,
          "byte_read": 87925560,
          "byte_reinserted": 16803201,
          "hit": 87925560,
          "inserted": 25573464,
          "layer": 0,
          "miss_ratio": 0.22531880097929302,
          "reinserted": 16803201,
          "req": 113499024
        }
      ],
      "miss_ratio": 0.22531880097929302,
      "req": 113499024
    }
  ],
  "trace": "geo_ipinfo_cache.0.oracleGeneral.sample10.zst"
}