{
  "dram_cache_size": 22,
  "flash_cache_size": 2219,
  "results": [
    {
      "hit": 2301759,
      "iteration": 0,
      "metrics": [
        {
          "admission_treshold": 0,
          "algorithm": "g2clock",
          "byte_inserted": 1555766,
          "byte_miss": 1555766,
          "byte_read": 2301759,
          "byte_reinserted": 208079,
          "hit": 2301759,
          "inserted": 1555766,
          "layer": 0,
          "miss_ratio": 0.40330678349459825,
          "reinserted": 208079,
          "req": 3857525
        }
      ],
      "miss_ratio": 0.40330678349459825,
      "req": 3857525
    }
  ],
  "trace": "tencentBlock.ns2598.oracleGeneral.zst"
}