{
  "dram_cache_size": 12,
  "flash_cache_size": 1288,
  "results": [
    {
      "hit": 790880,
      "iteration": 0,
      "metrics": [
        {
          "admission_treshold": 0,
          "algorithm": "d3clock",
          "byte_inserted": 469861,
          "byte_miss": 469861,
          "byte_read": 790880,
          "byte_reinserted": 16798,
          "hit": 790880,
          "inserted": 469861,
          "layer": 0,
          "miss_ratio": 0.3726863804698982,
          "reinserted": 16798,
          "req": 1260741
        }
      ],
      "miss_ratio": 0.3726863804698982,
      "req": 1260741
    }
  ],
  "trace": "tencentBlock.ns14913.oracleGeneral.zst"
}