{
  "dram_cache_size": 82,
  "flash_cache_size": 8204,
  "results": [
    {
      "hit": 33171797,
      "iteration": 0,
      "metrics": [
        {
          "admission_treshold": 0,
          "algorithm": "dclock",
          "byte_inserted": 3926109,
          "byte_miss": 3926109,
          "byte_read": 33171797,
          "byte_reinserted": 8329306,
          "hit": 33171797,
          "inserted": 3926109,
          "layer": 0,
          "miss_ratio": 0.10583101375047965,
          "reinserted": 8329306,
          "req": 37097906
        }
      ],
      "miss_ratio": 0.10583101375047965,
      "req": 37097906
    }
  ],
  "trace": "tencentBlock.ns22164.oracleGeneral.zst"
}