{
  "dram_cache_size": 26,
  "flash_cache_size": 2644,
  "results": [
    {
      "hit": 1299349,
      "iteration": 0,
      "metrics": [
        {
          "admission_treshold": 0,
          "algorithm": "sxfifo",
          "byte_inserted": 986206,
          "byte_miss": 986206,
          "byte_read": 1299349,
          "byte_reinserted": 113611,
          "hit": 1299349,
          "inserted": 986206,
          "layer": 0,
          "miss_ratio": 0.4314951948213891,
          "reinserted": 113611,
          "req": 2285555
        }
      ],
      "miss_ratio": 0.4314951948213891,
      "req": 2285555
    }
  ],
  "trace": "tencentBlock.ns12670.oracleGeneral.zst"
}