{
  "dram_cache_size": 43,
  "flash_cache_size": 4313,
  "results": [
    {
      "hit": 2059284,
      "iteration": 0,
      "metrics": [
        {
          "admission_treshold": 0,
          "algorithm": "dclock",
          "byte_inserted": 1342624,
          "byte_miss": 1342624,
          "byte_read": 2059284,
          "byte_reinserted": 534496,
          "hit": 2059284,
          "inserted": 1342624,
          "layer": 0,
          "miss_ratio": 0.3946679334067823,
          "reinserted": 534496,
          "req": 3401908
        }
      ],
      "miss_ratio": 0.3946679334067823,
      "req": 3401908
    }
  ],
  "trace": "tencentBlock.ns5018.oracleGeneral.zst"
}