{
  "dram_cache_size": 112,
  "flash_cache_size": 11298,
  "results": [
    {
      "hit": 194014,
      "iteration": 0,
      "metrics": [
        {
          "admission_treshold": 0,
          "algorithm": "d3clock",
          "byte_inserted": 1416892,
          "byte_miss": 1416892,
          "byte_read": 194014,
          "byte_reinserted": 27562,
          "hit": 194014,
          "inserted": 1416892,
          "layer": 0,
          "miss_ratio": 0.8795621842615273,
          "reinserted": 27562,
          "req": 1610906
        }
      ],
      "miss_ratio": 0.8795621842615273,
      "req": 1610906
    }
  ],
  "trace": "akamai_sjc.ns49.oracleGeneral.bin.zst"
}