{
  "dram_cache_size": 30,
  "flash_cache_size": 3075,
  "results": [
    {
      "hit": 85874367,
      "iteration": 0,
      "metrics": [
        {
          "admission_treshold": 0,
          "algorithm": "dclock",
          "byte_inserted": 1885867,
          "byte_miss": 1885867,
          "byte_read": 85874367,
          "byte_reinserted": 982750,
          "hit": 85874367,
          "inserted": 1885867,
          "layer": 0,
          "miss_ratio": 0.02148885564730829,
          "reinserted": 982750,
          "req": 87760234
        }
      ],
      "miss_ratio": 0.02148885564730829,
      "req": 87760234
    }
  ],
  "trace": "cf_allcolo.ns169.oracleGeneral.zst"
}