{
  "dram_cache_size": 626192,
  "flash_cache_size": 62619220,
  "results": [
    {
      "hit": 2632281,
      "iteration": 0,
      "metrics": [
        {
          "admission_treshold": 0,
          "algorithm": "qauto",
          "byte_inserted": 52086914446,
          "byte_miss": 52086914446,
          "byte_read": 190648214154,
          "byte_reinserted": 31853131692,
          "hit": 2632281,
          "inserted": 445027,
          "layer": 0,
          "miss_ratio": 0.14461568357798438,
          "reinserted": 401802,
          "req": 3077308
        }
      ],
      "miss_ratio": 0.14461568357798438,
      "req": 3077308
    }
  ],
  "trace": "cf_colo28.ns218.oracleGeneral.zst"
}