{
  "dram_cache_size": 11,
  "flash_cache_size": 1159,
  "results": [
    {
      "hit": 610060,
      "iteration": 0,
      "metrics": [
        {
          "admission_treshold": 0,
          "algorithm": "g2clock",
          "byte_inserted": 478352,
          "byte_miss": 478352,
          "byte_read": 610060,
          "byte_reinserted": 130712,
          "hit": 610060,
          "inserted": 478352,
          "layer": 0,
          "miss_ratio": 0.43949533816238706,
          "reinserted": 130712,
          "req": 1088412
        }
      ],
      "miss_ratio": 0.43949533816238706,
      "req": 1088412
    }
  ],
  "trace": "tencentBlock.ns17891.oracleGeneral.zst"
}