{
  "dram_cache_size": 115,
  "flash_cache_size": 11567,
  "results": [
    {
      "hit": 88841363,
      "iteration": 0,
      "metrics": [
        {
          "admission_treshold": 0,
          "algorithm": "s3fclock-sequential",
          "byte_inserted": 272119149,
          "byte_miss": 272119149,
          "byte_read": 88841363,
          "byte_reinserted": 32262183,
          "hit": 88841363,
          "inserted": 272119149,
          "layer": 0,
          "miss_ratio": 0.7538751191709303,
          "reinserted": 32262183,
          "req": 360960512
        }
      ],
      "miss_ratio": 0.7538751191709303,
      "req": 360960512
    }
  ],
  "trace": "tencentBlock.ns1063.oracleGeneral.zst"
}