{
  "dram_cache_size": 406260,
  "flash_cache_size": 40626092,
  "results": [
    {
      "hit": 2217803,
      "iteration": 0,
      "metrics": [
        {
          "admission_treshold": 0,
          "algorithm": "time2-auto",
          "byte_inserted": 16568299520,
          "byte_miss": 16568299520,
          "byte_read": 33070596096,
          "byte_reinserted": 1868419072,
          "hit": 2217803,
          "inserted": 1367202,
          "layer": 0,
          "miss_ratio": 0.3813668321243624,
          "reinserted": 195629,
          "req": 3585005
        }
      ],
      "miss_ratio": 0.3813668321243624,
      "req": 3585005
    }
  ],
  "trace": "tencentBlock.ns11885.oracleGeneral.zst"
}