{
  "dram_cache_size": 36,
  "flash_cache_size": 3653,
  "results": [
    {
      "hit": 2502242,
      "iteration": 0,
      "metrics": [
        {
          "admission_treshold": 0,
          "algorithm": "gclock",
          "byte_inserted": 1093998,
          "byte_miss": 1093998,
          "byte_read": 2502242,
          "byte_reinserted": 725832,
          "hit": 2502242,
          "inserted": 1093998,
          "layer": 0,
          "miss_ratio": 0.30420605966231395,
          "reinserted": 725832,
          "req": 3596240
        }
      ],
      "miss_ratio": 0.30420605966231395,
      "req": 3596240
    }
  ],
  "trace": "tencentBlock.ns12358.oracleGeneral.zst"
}