{
  "dram_cache_size": 27,
  "flash_cache_size": 2780,
  "results": [
    {
      "hit": 15863826,
      "iteration": 0,
      "metrics": [
        {
          "admission_treshold": 0,
          "algorithm": "g2clock",
          "byte_inserted": 3791603,
          "byte_miss": 3791603,
          "byte_read": 15863826,
          "byte_reinserted": 3127748,
          "hit": 15863826,
          "inserted": 3791603,
          "layer": 0,
          "miss_ratio": 0.19290359930582024,
          "reinserted": 3127748,
          "req": 19655429
        }
      ],
      "miss_ratio": 0.19290359930582024,
      "req": 19655429
    }
  ],
  "trace": "tencentBlock.ns7802.oracleGeneral.zst"
}