{
  "dram_cache_size": 16,
  "flash_cache_size": 1685,
  "results": [
    {
      "hit": 781179,
      "iteration": 0,
      "metrics": [
        {
          "admission_treshold": 0,
          "algorithm": "clock",
          "byte_inserted": 653298,
          "byte_miss": 653298,
          "byte_read": 781179,
          "byte_reinserted": 173729,
          "hit": 781179,
          "inserted": 653298,
          "layer": 0,
          "miss_ratio": 0.4554259148107638,
          "reinserted": 173729,
          "req": 1434477
        }
      ],
      "miss_ratio": 0.4554259148107638,
      "req": 1434477
    }
  ],
  "trace": "tencentBlock.ns12919.oracleGeneral.zst"
}