{
  "dram_cache_size": 12,
  "flash_cache_size": 1231,
  "results": [
    {
      "hit": 4150086,
      "iteration": 0,
      "metrics": [
        {
          "admission_treshold": 0,
          "algorithm": "d3clock",
          "byte_inserted": 667295,
          "byte_miss": 667295,
          "byte_read": 4150086,
          "byte_reinserted": 683937,
          "hit": 4150086,
          "inserted": 667295,
          "layer": 0,
          "miss_ratio": 0.13851821145140897,
          "reinserted": 683937,
          "req": 4817381
        }
      ],
      "miss_ratio": 0.13851821145140897,
      "req": 4817381
    }
  ],
  "trace": "tencentBlock.ns6795.oracleGeneral.zst"
}