{
  "dram_cache_size": 147,
  "flash_cache_size": 14775,
  "results": [
    {
      "hit": 3675095,
      "iteration": 0,
      "metrics": [
        {
          "admission_treshold": 0,
          "algorithm": "qor-clock",
          "byte_inserted": 3516224,
          "byte_miss": 3516224,
          "byte_read": 3675095,
          "byte_reinserted": 577080,
          "hit": 3675095,
          "inserted": 3516224,
          "layer": 0,
          "miss_ratio": 0.48895397353392334,
          "reinserted": 577080,
          "req": 7191319
        }
      ],
      "miss_ratio": 0.48895397353392334,
      "req": 7191319
    }
  ],
  "trace": "tencentBlock.ns11509.oracleGeneral.zst"
}