{
  "dram_cache_size": 16,
  "flash_cache_size": 1684,
  "results": [
    {
      "hit": 1999260,
      "iteration": 0,
      "metrics": [
        {
          "admission_treshold": 0,
          "algorithm": "d3clock",
          "byte_inserted": 927094,
          "byte_miss": 927094,
          "byte_read": 1999260,
          "byte_reinserted": 93574,
          "hit": 1999260,
          "inserted": 927094,
          "layer": 0,
          "miss_ratio": 0.3168085610968461,
          "reinserted": 93574,
          "req": 2926354
        }
      ],
      "miss_ratio": 0.3168085610968461,
      "req": 2926354
    }
  ],
  "trace": "tencentBlock.ns8202.oracleGeneral.zst"
}