{
  "dram_cache_size": 1,
  "flash_cache_size": 124,
  "results": [
    {
      "hit": 5918747,
      "iteration": 0,
      "metrics": [
        {
          "admission_treshold": 0,
          "algorithm": "dclock",
          "byte_inserted": 243005,
          "byte_miss": 243005,
          "byte_read": 5918747,
          "byte_reinserted": 257555,
          "hit": 5918747,
          "inserted": 243005,
          "layer": 0,
          "miss_ratio": 0.039437646954956995,
          "reinserted": 257555,
          "req": 6161752
        }
      ],
      "miss_ratio": 0.039437646954956995,
      "req": 6161752
    }
  ],
  "trace": "cf_allcolo.ns1833.oracleGeneral.zst"
}