{
  "dram_cache_size": 0,
  "flash_cache_size": 16,
  "results": [
    {
      "hit": 445199,
      "iteration": 0,
      "metrics": [
        {
          "admission_treshold": 0,
          "algorithm": "time2-auto",
          "byte_inserted": 1322918,
          "byte_miss": 1322918,
          "byte_read": 445199,
          "byte_reinserted": 134801,
          "hit": 445199,
          "inserted": 1322918,
          "layer": 0,
          "miss_ratio": 0.7482072736136806,
          "reinserted": 134801,
          "req": 1768117
        }
      ],
      "miss_ratio": 0.7482072736136806,
      "req": 1768117
    }
  ],
  "trace": "cf_allcolo.ns1923.oracleGeneral.zst"
}