{
  "dram_cache_size": 1,
  "flash_cache_size": 124,
  "results": [
    {
      "hit": 2396678,
      "iteration": 0,
      "metrics": [
        {
          "admission_treshold": 0,
          "algorithm": "gclock",
          "byte_inserted": 472541,
          "byte_miss": 472541,
          "byte_read": 2396678,
          "byte_reinserted": 262190,
          "hit": 2396678,
          "inserted": 472541,
          "layer": 0,
          "miss_ratio": 0.16469324927793938,
          "reinserted": 262190,
          "req": 2869219
        }
      ],
      "miss_ratio": 0.16469324927793938,
      "req": 2869219
    }
  ],
  "trace": "cf_allcolo.ns5338.oracleGeneral.zst"
}