{
  "dram_cache_size": 207336,
  "flash_cache_size": 20733608,
  "results": [
    {
      "hit": 8127408698,
      "iteration": 0,
      "metrics": [
        {
          "admission_treshold": 0,
          "algorithm": "g2clock",
          "byte_inserted": 2331037650,
          "byte_miss": 2331037650,
          "byte_read": 8127408698,
          "byte_reinserted": 559748096,
          "hit": 8127408698,
          "inserted": 2331037650,
          "layer": 0,
          "miss_ratio": 0.22288565360817392,
          "reinserted": 559748096,
          "req": 10458446348
        }
      ],
      "miss_ratio": 0.22288565360817392,
      "req": 10458446348
    }
  ],
  "trace": "cluster5.oracleGeneral.zst"
}