{
  "dram_cache_size": 113,
  "flash_cache_size": 11391,
  "results": [
    {
      "hit": 6292656,
      "iteration": 0,
      "metrics": [
        {
          "admission_treshold": 0,
          "algorithm": "s3fclock",
          "byte_inserted": 4442241,
          "byte_miss": 4442241,
          "byte_read": 6292656,
          "byte_reinserted": 193970,
          "hit": 6292656,
          "inserted": 4442241,
          "layer": 0,
          "miss_ratio": 0.41381309946429856,
          "reinserted": 193970,
          "req": 10734897
        }
      ],
      "miss_ratio": 0.41381309946429856,
      "req": 10734897
    }
  ],
  "trace": "tencentBlock.ns15481.oracleGeneral.zst"
}