{
  "dram_cache_size": 15,
  "flash_cache_size": 1537,
  "results": [
    {
      "hit": 3439039,
      "iteration": 0,
      "metrics": [
        {
          "admission_treshold": 0,
          "algorithm": "d3clock",
          "byte_inserted": 639595,
          "byte_miss": 639595,
          "byte_read": 3439039,
          "byte_reinserted": 124547,
          "hit": 3439039,
          "inserted": 639595,
          "layer": 0,
          "miss_ratio": 0.1568159829982293,
          "reinserted": 124547,
          "req": 4078634
        }
      ],
      "miss_ratio": 0.1568159829982293,
      "req": 4078634
    }
  ],
  "trace": "tencentBlock.ns4739.oracleGeneral.zst"
}