{
  "dram_cache_size": 3,
  "flash_cache_size": 374,
  "results": [
    {
      "hit": 1031017,
      "iteration": 0,
      "metrics": [
        {
          "admission_treshold": 0,
          "algorithm": "dclock",
          "byte_inserted": 39380,
          "byte_miss": 39380,
          "byte_read": 1031017,
          "byte_reinserted": 13294,
          "hit": 1031017,
          "inserted": 39380,
          "layer": 0,
          "miss_ratio": 0.03679008816355056,
          "reinserted": 13294,
          "req": 1070397
        }
      ],
      "miss_ratio": 0.03679008816355056,
      "req": 1070397
    }
  ],
  "trace": "cf_colo28.ns525.oracleGeneral.zst"
}