{
  "dram_cache_size": 70,
  "flash_cache_size": 7058,
  "results": [
    {
      "hit": 140206895,
      "iteration": 0,
      "metrics": [
        {
          "admission_treshold": 0,
          "algorithm": "gclock",
          "byte_inserted": 26583473,
          "byte_miss": 26583473,
          "byte_read": 140206895,
          "byte_reinserted": 28126154,
          "hit": 140206895,
          "inserted": 26583473,
          "layer": 0,
          "miss_ratio": 0.15938254300152388,
          "reinserted": 28126154,
          "req": 166790368
        }
      ],
      "miss_ratio": 0.15938254300152388,
      "req": 166790368
    }
  ],
  "trace": "cf_colo28.ns97.oracleGeneral.zst"
}