{
  "dram_cache_size": 926,
  "flash_cache_size": 92614,
  "results": [
    {
      "hit": 37229542,
      "iteration": 0,
      "metrics": [
        {
          "admission_treshold": 0,
          "algorithm": "s3fclock",
          "byte_inserted": 31667317,
          "byte_miss": 31667317,
          "byte_read": 37229542,
          "byte_reinserted": 31705448,
          "hit": 37229542,
          "inserted": 31667317,
          "layer": 0,
          "miss_ratio": 0.45963368228441304,
          "reinserted": 31705448,
          "req": 68896859
        }
      ],
      "miss_ratio": 0.45963368228441304,
      "req": 68896859
    }
  ],
  "trace": "email_engagement_count_prod_cache.0.oracleGeneral.sample10.zst"
}