{
  "dram_cache_size": 625,
  "flash_cache_size": 62582,
  "results": [
    {
      "hit": 584783,
      "iteration": 0,
      "metrics": [
        {
          "admission_treshold": 0,
          "algorithm": "g2clock",
          "byte_inserted": 13615217,
          "byte_miss": 13615217,
          "byte_read": 584783,
          "byte_reinserted": 62800,
          "hit": 584783,
          "inserted": 13615217,
          "layer": 0,
          "miss_ratio": 0.9588180985915493,
          "reinserted": 62800,
          "req": 14200000
        }
      ],
      "miss_ratio": 0.9588180985915493,
      "req": 14200000
    }
  ],
  "trace": "io_traces.ns736.oracleGeneral.zst"
}