{
  "dram_cache_size": 15,
  "flash_cache_size": 1507,
  "results": [
    {
      "hit": 595364,
      "iteration": 0,
      "metrics": [
        {
          "admission_treshold": 0,
          "algorithm": "sxfifo",
          "byte_inserted": 596954,
          "byte_miss": 596954,
          "byte_read": 595364,
          "byte_reinserted": 93075,
          "hit": 595364,
          "inserted": 596954,
          "layer": 0,
          "miss_ratio": 0.5006667684292277,
          "reinserted": 93075,
          "req": 1192318
        }
      ],
      "miss_ratio": 0.5006667684292277,
      "req": 1192318
    }
  ],
  "trace": "tencentBlock.ns20203.oracleGeneral.zst"
}