{
  "dram_cache_size": 24,
  "flash_cache_size": 2473,
  "results": [
    {
      "hit": 764255,
      "iteration": 0,
      "metrics": [
        {
          "admission_treshold": 0,
          "algorithm": "gclock",
          "byte_inserted": 725520,
          "byte_miss": 725520,
          "byte_read": 764255,
          "byte_reinserted": 20628,
          "hit": 764255,
          "inserted": 725520,
          "layer": 0,
          "miss_ratio": 0.48699971472202175,
          "reinserted": 20628,
          "req": 1489775
        }
      ],
      "miss_ratio": 0.48699971472202175,
      "req": 1489775
    }
  ],
  "trace": "tencentBlock.ns14769.oracleGeneral.zst"
}