{
  "dram_cache_size": 51,
  "flash_cache_size": 5197,
  "results": [
    {
      "hit": 2698551,
      "iteration": 0,
      "metrics": [
        {
          "admission_treshold": 0,
          "algorithm": "gclock",
          "byte_inserted": 3612743,
          "byte_miss": 3612743,
          "byte_read": 2698551,
          "byte_reinserted": 239669,
          "hit": 2698551,
          "inserted": 3612743,
          "layer": 0,
          "miss_ratio": 0.5724250843012542,
          "reinserted": 239669,
          "req": 6311294
        }
      ],
      "miss_ratio": 0.5724250843012542,
      "req": 6311294
    }
  ],
  "trace": "tencentBlock.ns12412.oracleGeneral.zst"
}