{
  "dram_cache_size": 83,
  "flash_cache_size": 8345,
  "results": [
    {
      "hit": 4111952,
      "iteration": 0,
      "metrics": [
        {
          "admission_treshold": 0,
          "algorithm": "dclock",
          "byte_inserted": 20275398,
          "byte_miss": 20275398,
          "byte_read": 4111952,
          "byte_reinserted": 1964977,
          "hit": 4111952,
          "inserted": 20275398,
          "layer": 0,
          "miss_ratio": 0.8313899624190411,
          "reinserted": 1964977,
          "req": 24387350
        }
      ],
      "miss_ratio": 0.8313899624190411,
      "req": 24387350
    }
  ],
  "trace": "tencentBlock.ns1108.oracleGeneral.zst"
}