{
  "dram_cache_size": 20041,
  "flash_cache_size": 2004100,
  "results": [
    {
      "hit": 799171893,
      "iteration": 0,
      "metrics": [
        {
          "admission_treshold": 0,
          "algorithm": "q2auto",
          "byte_inserted": 236878285,
          "byte_miss": 236878285,
          "byte_read": 799171893,
          "byte_reinserted": 200531461,
          "hit": 799171893,
          "inserted": 236878285,
          "layer": 0,
          "miss_ratio": 0.22863591940814276,
          "reinserted": 200531461,
          "req": 1036050178
        }
      ],
      "miss_ratio": 0.22863591940814276,
      "req": 1036050178
    }
  ],
  "trace": "botmaker_2_cache.0.oracleGeneral.sample10.zst"
}