{
  "dram_cache_size": 19,
  "flash_cache_size": 1934,
  "results": [
    {
      "hit": 1971701,
      "iteration": 0,
      "metrics": [
        {
          "admission_treshold": 0,
          "algorithm": "g2clock",
          "byte_inserted": 2434973,
          "byte_miss": 2434973,
          "byte_read": 1971701,
          "byte_reinserted": 1074033,
          "hit": 1971701,
          "inserted": 2434973,
          "layer": 0,
          "miss_ratio": 0.5525648141886602,
          "reinserted": 1074033,
          "req": 4406674
        }
      ],
      "miss_ratio": 0.5525648141886602,
      "req": 4406674
    }
  ],
  "trace": "cf_allcolo.ns2654.oracleGeneral.zst"
}