{
  "dram_cache_size": 60,
  "flash_cache_size": 6027,
  "results": [
    {
      "hit": 2955188,
      "iteration": 0,
      "metrics": [
        {
          "admission_treshold": 0,
          "algorithm": "q2auto",
          "byte_inserted": 2075934,
          "byte_miss": 2075934,
          "byte_read": 2955188,
          "byte_reinserted": 499443,
          "hit": 2955188,
          "inserted": 2075934,
          "layer": 0,
          "miss_ratio": 0.4126184974246301,
          "reinserted": 499443,
          "req": 5031122
        }
      ],
      "miss_ratio": 0.4126184974246301,
      "req": 5031122
    }
  ],
  "trace": "cf_allcolo.ns1076.oracleGeneral.zst"
}