{
  "dram_cache_size": 23,
  "flash_cache_size": 2348,
  "results": [
    {
      "hit": 747021,
      "iteration": 0,
      "metrics": [
        {
          "admission_treshold": 0,
          "algorithm": "q2auto",
          "byte_inserted": 2607603,
          "byte_miss": 2607603,
          "byte_read": 747021,
          "byte_reinserted": 52038,
          "hit": 747021,
          "inserted": 2607603,
          "layer": 0,
          "miss_ratio": 0.7773160270718864,
          "reinserted": 52038,
          "req": 3354624
        }
      ],
      "miss_ratio": 0.7773160270718864,
      "req": 3354624
    }
  ],
  "trace": "tencentBlock.ns22313.oracleGeneral.zst"
}