{
  "dram_cache_size": 81,
  "flash_cache_size": 8186,
  "results": [
    {
      "hit": 1139832,
      "iteration": 0,
      "metrics": [
        {
          "admission_treshold": 0,
          "algorithm": "s3fclock",
          "byte_inserted": 1861377,
          "byte_miss": 1861377,
          "byte_read": 1139832,
          "byte_reinserted": 176587,
          "hit": 1139832,
          "inserted": 1861377,
          "layer": 0,
          "miss_ratio": 0.6202090557505325,
          "reinserted": 176587,
          "req": 3001209
        }
      ],
      "miss_ratio": 0.6202090557505325,
      "req": 3001209
    }
  ],
  "trace": "tencentBlock.ns20519.oracleGeneral.zst"
}