{
  "dram_cache_size": 83,
  "flash_cache_size": 8329,
  "results": [
    {
      "hit": 2255342,
      "iteration": 0,
      "metrics": [
        {
          "admission_treshold": 0,
          "algorithm": "qtime-clock",
          "byte_inserted": 2331719,
          "byte_miss": 2331719,
          "byte_read": 2255342,
          "byte_reinserted": 97905,
          "hit": 2255342,
          "inserted": 2331719,
          "layer": 0,
          "miss_ratio": 0.5083252653496433,
          "reinserted": 97905,
          "req": 4587061
        }
      ],
      "miss_ratio": 0.5083252653496433,
      "req": 4587061
    }
  ],
  "trace": "tencentBlock.ns15208.oracleGeneral.zst"
}