{
  "dram_cache_size": 11,
  "flash_cache_size": 1139,
  "results": [
    {
      "hit": 2262126,
      "iteration": 0,
      "metrics": [
        {
          "admission_treshold": 0,
          "algorithm": "time3-auto",
          "byte_inserted": 887631,
          "byte_miss": 887631,
          "byte_read": 2262126,
          "byte_reinserted": 68414,
          "hit": 2262126,
          "inserted": 887631,
          "layer": 0,
          "miss_ratio": 0.2818093586267131,
          "reinserted": 68414,
          "req": 3149757
        }
      ],
      "miss_ratio": 0.2818093586267131,
      "req": 3149757
    }
  ],
  "trace": "tencentBlock.ns12568.oracleGeneral.zst"
}