{
  "dram_cache_size": 30,
  "flash_cache_size": 3029,
  "results": [
    {
      "hit": 3090166,
      "iteration": 0,
      "metrics": [
        {
          "admission_treshold": 0,
          "algorithm": "q3auto",
          "byte_inserted": 435684,
          "byte_miss": 435684,
          "byte_read": 3090166,
          "byte_reinserted": 464839,
          "hit": 3090166,
          "inserted": 435684,
          "layer": 0,
          "miss_ratio": 0.12356850121247354,
          "reinserted": 464839,
          "req": 3525850
        }
      ],
      "miss_ratio": 0.12356850121247354,
      "req": 3525850
    }
  ],
  "trace": "tencentBlock.ns15512.oracleGeneral.zst"
}