{
  "dram_cache_size": 6,
  "flash_cache_size": 646,
  "results": [
    {
      "hit": 2265460,
      "iteration": 0,
      "metrics": [
        {
          "admission_treshold": 0,
          "algorithm": "dclock",
          "byte_inserted": 280798,
          "byte_miss": 280798,
          "byte_read": 2265460,
          "byte_reinserted": 227937,
          "hit": 2265460,
          "inserted": 280798,
          "layer": 0,
          "miss_ratio": 0.1102786913187902,
          "reinserted": 227937,
          "req": 2546258
        }
      ],
      "miss_ratio": 0.1102786913187902,
      "req": 2546258
    }
  ],
  "trace": "tencentBlock.ns19490.oracleGeneral.zst"
}