{
  "dram_cache_size": 0,
  "flash_cache_size": 22,
  "results": [
    {
      "hit": 10408476,
      "iteration": 0,
      "metrics": [
        {
          "admission_treshold": 0,
          "algorithm": "dclock",
          "byte_inserted": 4260309,
          "byte_miss": 4260309,
          "byte_read": 10408476,
          "byte_reinserted": 2344050,
          "hit": 10408476,
          "inserted": 4260309,
          "layer": 0,
          "miss_ratio": 0.2904336657739547,
          "reinserted": 2344050,
          "req": 14668785
        }
      ],
      "miss_ratio": 0.2904336657739547,
      "req": 14668785
    }
  ],
  "trace": "akamai_sjc.ns278.oracleGeneral.bin.zst"
}