{
  "dram_cache_size": 30,
  "flash_cache_size": 3040,
  "results": [
    {
      "hit": 3558133,
      "iteration": 0,
      "metrics": [
        {
          "admission_treshold": 0,
          "algorithm": "dclock",
          "byte_inserted": 366544,
          "byte_miss": 366544,
          "byte_read": 3558133,
          "byte_reinserted": 65248,
          "hit": 3558133,
          "inserted": 366544,
          "layer": 0,
          "miss_ratio": 0.0933946920982287,
          "reinserted": 65248,
          "req": 3924677
        }
      ],
      "miss_ratio": 0.0933946920982287,
      "req": 3924677
    }
  ],
  "trace": "cf_colo28.ns53.oracleGeneral.zst"
}