{
  "dram_cache_size": 63,
  "flash_cache_size": 6367,
  "results": [
    {
      "hit": 25514555,
      "iteration": 0,
      "metrics": [
        {
          "admission_treshold": 0,
          "algorithm": "gclock",
          "byte_inserted": 747940,
          "byte_miss": 747940,
          "byte_read": 25514555,
          "byte_reinserted": 1589140,
          "hit": 25514555,
          "inserted": 747940,
          "layer": 0,
          "miss_ratio": 0.0284793961883667,
          "reinserted": 1589140,
          "req": 26262495
        }
      ],
      "miss_ratio": 0.0284793961883667,
      "req": 26262495
    }
  ],
  "trace": "cf_colo28.ns9.oracleGeneral.zst"
}