{
  "dram_cache_size": 128,
  "flash_cache_size": 12875,
  "results": [
    {
      "hit": 893888697,
      "iteration": 0,
      "metrics": [
        {
          "admission_treshold": 0,
          "algorithm": "d3clock",
          "byte_inserted": 20421478,
          "byte_miss": 20421478,
          "byte_read": 893888697,
          "byte_reinserted": 23161513,
          "hit": 893888697,
          "inserted": 20421478,
          "layer": 0,
          "miss_ratio": 0.02233539400346274,
          "reinserted": 23161513,
          "req": 914310175
        }
      ],
      "miss_ratio": 0.02233539400346274,
      "req": 914310175
    }
  ],
  "trace": "conversation_timeline_metadata_cache.1.oracleGeneral.sample10.zst"
}