{
  "dram_cache_size": 876,
  "flash_cache_size": 87605,
  "results": [
    {
      "hit": 2836938,
      "iteration": 0,
      "metrics": [
        {
          "admission_treshold": 0,
          "algorithm": "g2clock",
          "byte_inserted": 11763062,
          "byte_miss": 11763062,
          "byte_read": 2836938,
          "byte_reinserted": 336324,
          "hit": 2836938,
          "inserted": 11763062,
          "layer": 0,
          "miss_ratio": 0.8056891780821918,
          "reinserted": 336324,
          "req": 14600000
        }
      ],
      "miss_ratio": 0.8056891780821918,
      "req": 14600000
    }
  ],
  "trace": "io_traces.ns67.oracleGeneral.zst"
}