{
  "dram_cache_size": 27,
  "flash_cache_size": 2752,
  "results": [
    {
      "hit": 2649311,
      "iteration": 0,
      "metrics": [
        {
          "admission_treshold": 0,
          "algorithm": "d3clock",
          "byte_inserted": 857668,
          "byte_miss": 857668,
          "byte_read": 2649311,
          "byte_reinserted": 527580,
          "hit": 2649311,
          "inserted": 857668,
          "layer": 0,
          "miss_ratio": 0.2445603466687425,
          "reinserted": 527580,
          "req": 3506979
        }
      ],
      "miss_ratio": 0.2445603466687425,
      "req": 3506979
    }
  ],
  "trace": "tencentBlock.ns19968.oracleGeneral.zst"
}