{
  "dram_cache_size": 7,
  "flash_cache_size": 772,
  "results": [
    {
      "hit": 10343652,
      "iteration": 0,
      "metrics": [
        {
          "admission_treshold": 0,
          "algorithm": "s3fclock",
          "byte_inserted": 232116,
          "byte_miss": 232116,
          "byte_read": 10343652,
          "byte_reinserted": 160,
          "hit": 10343652,
          "inserted": 232116,
          "layer": 0,
          "miss_ratio": 0.02194790959862203,
          "reinserted": 160,
          "req": 10575768
        }
      ],
      "miss_ratio": 0.02194790959862203,
      "req": 10575768
    }
  ],
  "trace": "tencentBlock.ns23638.oracleGeneral.zst"
}