{
  "dram_cache_size": 90,
  "flash_cache_size": 9074,
  "results": [
    {
      "hit": 811755,
      "iteration": 0,
      "metrics": [
        {
          "admission_treshold": 0,
          "algorithm": "s3fclock-sequential",
          "byte_inserted": 1581637,
          "byte_miss": 1581637,
          "byte_read": 811755,
          "byte_reinserted": 17700,
          "hit": 811755,
          "inserted": 1581637,
          "layer": 0,
          "miss_ratio": 0.6608349154672531,
          "reinserted": 17700,
          "req": 2393392
        }
      ],
      "miss_ratio": 0.6608349154672531,
      "req": 2393392
    }
  ],
  "trace": "tencentBlock.ns12623.oracleGeneral.zst"
}