{
  "dram_cache_size": 13,
  "flash_cache_size": 1378,
  "results": [
    {
      "hit": 2712476,
      "iteration": 0,
      "metrics": [
        {
          "admission_treshold": 0,
          "algorithm": "q2auto",
          "byte_inserted": 151738,
          "byte_miss": 151738,
          "byte_read": 2712476,
          "byte_reinserted": 11910,
          "hit": 2712476,
          "inserted": 151738,
          "layer": 0,
          "miss_ratio": 0.05297718676048646,
          "reinserted": 11910,
          "req": 2864214
        }
      ],
      "miss_ratio": 0.05297718676048646,
      "req": 2864214
    }
  ],
  "trace": "cf_allcolo.ns206.oracleGeneral.zst"
}