{
  "dram_cache_size": 88,
  "flash_cache_size": 8896,
  "results": [
    {
      "hit": 1322593,
      "iteration": 0,
      "metrics": [
        {
          "admission_treshold": 0,
          "algorithm": "t6auto",
          "byte_inserted": 1092426,
          "byte_miss": 1092426,
          "byte_read": 1322593,
          "byte_reinserted": 228789,
          "hit": 1322593,
          "inserted": 1092426,
          "layer": 0,
          "miss_ratio": 0.4523467517232783,
          "reinserted": 228789,
          "req": 2415019
        }
      ],
      "miss_ratio": 0.4523467517232783,
      "req": 2415019
    }
  ],
  "trace": "cf_colo28.ns556.oracleGeneral.zst"
}