{
  "dram_cache_size": 20,
  "flash_cache_size": 2026,
  "results": [
    {
      "hit": 1241491,
      "iteration": 0,
      "metrics": [
        {
          "admission_treshold": 0,
          "algorithm": "g2clock",
          "byte_inserted": 1158509,
          "byte_miss": 1158509,
          "byte_read": 1241491,
          "byte_reinserted": 40437,
          "hit": 1241491,
          "inserted": 1158509,
          "layer": 0,
          "miss_ratio": 0.4827120833333334,
          "reinserted": 40437,
          "req": 2400000
        }
      ],
      "miss_ratio": 0.4827120833333334,
      "req": 2400000
    }
  ],
  "trace": "io_traces.ns591.oracleGeneral.zst"
}