{
  "dram_cache_size": 46,
  "flash_cache_size": 4672,
  "results": [
    {
      "hit": 2274471,
      "iteration": 0,
      "metrics": [
        {
          "admission_treshold": 0,
          "algorithm": "t4auto",
          "byte_inserted": 1316273,
          "byte_miss": 1316273,
          "byte_read": 2274471,
          "byte_reinserted": 354856,
          "hit": 2274471,
          "inserted": 1316273,
          "layer": 0,
          "miss_ratio": 0.36657389109332217,
          "reinserted": 354856,
          "req": 3590744
        }
      ],
      "miss_ratio": 0.36657389109332217,
      "req": 3590744
    }
  ],
  "trace": "tencentBlock.ns16594.oracleGeneral.zst"
}