{
  "dram_cache_size": 47,
  "flash_cache_size": 4753,
  "results": [
    {
      "hit": 2864133,
      "iteration": 0,
      "metrics": [
        {
          "admission_treshold": 0,
          "algorithm": "g2clock",
          "byte_inserted": 2113293,
          "byte_miss": 2113293,
          "byte_read": 2864133,
          "byte_reinserted": 786859,
          "hit": 2864133,
          "inserted": 2113293,
          "layer": 0,
          "miss_ratio": 0.42457547334706736,
          "reinserted": 786859,
          "req": 4977426
        }
      ],
      "miss_ratio": 0.42457547334706736,
      "req": 4977426
    }
  ],
  "trace": "tencentBlock.ns8338.oracleGeneral.zst"
}