{
  "dram_cache_size": 10,
  "flash_cache_size": 1047,
  "results": [
    {
      "hit": 1901661,
      "iteration": 0,
      "metrics": [
        {
          "admission_treshold": 0,
          "algorithm": "dclock",
          "byte_inserted": 528168,
          "byte_miss": 528168,
          "byte_read": 1901661,
          "byte_reinserted": 413488,
          "hit": 1901661,
          "inserted": 528168,
          "layer": 0,
          "miss_ratio": 0.21736838271335146,
          "reinserted": 413488,
          "req": 2429829
        }
      ],
      "miss_ratio": 0.21736838271335146,
      "req": 2429829
    }
  ],
  "trace": "tencentBlock.ns17940.oracleGeneral.zst"
}