{
  "dram_cache_size": 262,
  "flash_cache_size": 26277,
  "results": [
    {
      "hit": 15365237,
      "iteration": 0,
      "metrics": [
        {
          "admission_treshold": 0,
          "algorithm": "qtime-clock",
          "byte_inserted": 8879069,
          "byte_miss": 8879069,
          "byte_read": 15365237,
          "byte_reinserted": 2698768,
          "hit": 15365237,
          "inserted": 8879069,
          "layer": 0,
          "miss_ratio": 0.36623316831589237,
          "reinserted": 2698768,
          "req": 24244306
        }
      ],
      "miss_ratio": 0.36623316831589237,
      "req": 24244306
    }
  ],
  "trace": "akamai_lax.ns440.oracleGeneral.bin.zst"
}