{
  "dram_cache_size": 1,
  "flash_cache_size": 140,
  "results": [
    {
      "hit": 8229504,
      "iteration": 0,
      "metrics": [
        {
          "admission_treshold": 0,
          "algorithm": "gclock",
          "byte_inserted": 6526207,
          "byte_miss": 6526207,
          "byte_read": 8229504,
          "byte_reinserted": 3561228,
          "hit": 8229504,
          "inserted": 6526207,
          "layer": 0,
          "miss_ratio": 0.44228346570355026,
          "reinserted": 3561228,
          "req": 14755711
        }
      ],
      "miss_ratio": 0.44228346570355026,
      "req": 14755711
    }
  ],
  "trace": "cf_allcolo.ns354.oracleGeneral.zst"
}