{
  "dram_cache_size": 0,
  "flash_cache_size": 22,
  "results": [
    {
      "hit": 1512955,
      "iteration": 0,
      "metrics": [
        {
          "admission_treshold": 0,
          "algorithm": "qauto",
          "byte_inserted": 685847,
          "byte_miss": 685847,
          "byte_read": 1512955,
          "byte_reinserted": 224270,
          "hit": 1512955,
          "inserted": 685847,
          "layer": 0,
          "miss_ratio": 0.31191849015964146,
          "reinserted": 224270,
          "req": 2198802
        }
      ],
      "miss_ratio": 0.31191849015964146,
      "req": 2198802
    }
  ],
  "trace": "cf_colo28.ns1453.oracleGeneral.zst"
}