{
  "dram_cache_size": 220,
  "flash_cache_size": 22027,
  "results": [
    {
      "hit": 103853253,
      "iteration": 0,
      "metrics": [
        {
          "admission_treshold": 0,
          "algorithm": "t2auto",
          "byte_inserted": 10409243,
          "byte_miss": 10409243,
          "byte_read": 103853253,
          "byte_reinserted": 3125100,
          "hit": 103853253,
          "inserted": 10409243,
          "layer": 0,
          "miss_ratio": 0.0910993840008536,
          "reinserted": 3125100,
          "req": 114262496
        }
      ],
      "miss_ratio": 0.0910993840008536,
      "req": 114262496
    }
  ],
  "trace": "tencentBlock.ns4927.oracleGeneral.zst"
}