{
  "dram_cache_size": 16,
  "flash_cache_size": 1651,
  "results": [
    {
      "hit": 1149868,
      "iteration": 0,
      "metrics": [
        {
          "admission_treshold": 0,
          "algorithm": "t6auto",
          "byte_inserted": 565761,
          "byte_miss": 565761,
          "byte_read": 1149868,
          "byte_reinserted": 56858,
          "hit": 1149868,
          "inserted": 565761,
          "layer": 0,
          "miss_ratio": 0.3297688486263639,
          "reinserted": 56858,
          "req": 1715629
        }
      ],
      "miss_ratio": 0.3297688486263639,
      "req": 1715629
    }
  ],
  "trace": "tencentBlock.ns2871.oracleGeneral.zst"
}