{
  "dram_cache_size": 0,
  "flash_cache_size": 19,
  "results": [
    {
      "hit": 1334090,
      "iteration": 0,
      "metrics": [
        {
          "admission_treshold": 0,
          "algorithm": "q3auto",
          "byte_inserted": 10325389,
          "byte_miss": 10325389,
          "byte_read": 1334090,
          "byte_reinserted": 903038,
          "hit": 1334090,
          "inserted": 10325389,
          "layer": 0,
          "miss_ratio": 0.8855789353881078,
          "reinserted": 903038,
          "req": 11659479
        }
      ],
      "miss_ratio": 0.8855789353881078,
      "req": 11659479
    }
  ],
  "trace": "akamai_lax.ns314.oracleGeneral.bin.zst"
}