{
  "dram_cache_size": 101,
  "flash_cache_size": 10102,
  "results": [
    {
      "hit": 429157,
      "iteration": 0,
      "metrics": [
        {
          "admission_treshold": 0,
          "algorithm": "gclock",
          "byte_inserted": 1212203,
          "byte_miss": 1212203,
          "byte_read": 429157,
          "byte_reinserted": 154622,
          "hit": 429157,
          "inserted": 1212203,
          "layer": 0,
          "miss_ratio": 0.7385357264707315,
          "reinserted": 154622,
          "req": 1641360
        }
      ],
      "miss_ratio": 0.7385357264707315,
      "req": 1641360
    }
  ],
  "trace": "akamai_sjc.ns941.oracleGeneral.bin.zst"
}