{
  "dram_cache_size": 3,
  "flash_cache_size": 312,
  "results": [
    {
      "hit": 10786718,
      "iteration": 0,
      "metrics": [
        {
          "admission_treshold": 0,
          "algorithm": "s3fclock",
          "byte_inserted": 315648,
          "byte_miss": 315648,
          "byte_read": 10786718,
          "byte_reinserted": 248425,
          "hit": 10786718,
          "inserted": 315648,
          "layer": 0,
          "miss_ratio": 0.02843069666411646,
          "reinserted": 248425,
          "req": 11102366
        }
      ],
      "miss_ratio": 0.02843069666411646,
      "req": 11102366
    }
  ],
  "trace": "cf_allcolo.ns1102.oracleGeneral.zst"
}