{
  "dram_cache_size": 122,
  "flash_cache_size": 12237,
  "results": [
    {
      "hit": 14289376,
      "iteration": 0,
      "metrics": [
        {
          "admission_treshold": 0,
          "algorithm": "dclock",
          "byte_inserted": 1229721,
          "byte_miss": 1229721,
          "byte_read": 14289376,
          "byte_reinserted": 105311,
          "hit": 14289376,
          "inserted": 1229721,
          "layer": 0,
          "miss_ratio": 0.07923921088965424,
          "reinserted": 105311,
          "req": 15519097
        }
      ],
      "miss_ratio": 0.07923921088965424,
      "req": 15519097
    }
  ],
  "trace": "cluster26.oracleGeneral.sample10.zst"
}