{
  "dram_cache_size": 12,
  "flash_cache_size": 1286,
  "results": [
    {
      "hit": 2545167,
      "iteration": 0,
      "metrics": [
        {
          "admission_treshold": 0,
          "algorithm": "sxfifo",
          "byte_inserted": 885178,
          "byte_miss": 885178,
          "byte_read": 2545167,
          "byte_reinserted": 115300,
          "hit": 2545167,
          "inserted": 885178,
          "layer": 0,
          "miss_ratio": 0.258043432949164,
          "reinserted": 115300,
          "req": 3430345
        }
      ],
      "miss_ratio": 0.258043432949164,
      "req": 3430345
    }
  ],
  "trace": "tencentBlock.ns5274.oracleGeneral.zst"
}