{
  "dram_cache_size": 67,
  "flash_cache_size": 6788,
  "results": [
    {
      "hit": 2959548,
      "iteration": 0,
      "metrics": [
        {
          "admission_treshold": 0,
          "algorithm": "cm-clock",
          "byte_inserted": 2911492,
          "byte_miss": 2911492,
          "byte_read": 2959548,
          "byte_reinserted": 278333,
          "hit": 2959548,
          "inserted": 2911492,
          "layer": 0,
          "miss_ratio": 0.49590736905216115,
          "reinserted": 278333,
          "req": 5871040
        }
      ],
      "miss_ratio": 0.49590736905216115,
      "req": 5871040
    }
  ],
  "trace": "tencentBlock.ns2568.oracleGeneral.zst"
}