{
  "dram_cache_size": 24,
  "flash_cache_size": 2467,
  "results": [
    {
      "hit": 1603030,
      "iteration": 0,
      "metrics": [
        {
          "admission_treshold": 0,
          "algorithm": "gclock",
          "byte_inserted": 927516,
          "byte_miss": 927516,
          "byte_read": 1603030,
          "byte_reinserted": 296629,
          "hit": 1603030,
          "inserted": 927516,
          "layer": 0,
          "miss_ratio": 0.36652801411236946,
          "reinserted": 296629,
          "req": 2530546
        }
      ],
      "miss_ratio": 0.36652801411236946,
      "req": 2530546
    }
  ],
  "trace": "tencentBlock.ns3772.oracleGeneral.zst"
}