{
  "dram_cache_size": 35,
  "flash_cache_size": 3525,
  "results": [
    {
      "hit": 2550758,
      "iteration": 0,
      "metrics": [
        {
          "admission_treshold": 0,
          "algorithm": "dclock",
          "byte_inserted": 636341,
          "byte_miss": 636341,
          "byte_read": 2550758,
          "byte_reinserted": 128221,
          "hit": 2550758,
          "inserted": 636341,
          "layer": 0,
          "miss_ratio": 0.19966151035785207,
          "reinserted": 128221,
          "req": 3187099
        }
      ],
      "miss_ratio": 0.19966151035785207,
      "req": 3187099
    }
  ],
  "trace": "tencentBlock.ns21494.oracleGeneral.zst"
}