{
  "dram_cache_size": 35,
  "flash_cache_size": 3568,
  "results": [
    {
      "hit": 1477778,
      "iteration": 0,
      "metrics": [
        {
          "admission_treshold": 0,
          "algorithm": "cm-clock",
          "byte_inserted": 1354839,
          "byte_miss": 1354839,
          "byte_read": 1477778,
          "byte_reinserted": 29007,
          "hit": 1477778,
          "inserted": 1354839,
          "layer": 0,
          "miss_ratio": 0.4782993959296298,
          "reinserted": 29007,
          "req": 2832617
        }
      ],
      "miss_ratio": 0.4782993959296298,
      "req": 2832617
    }
  ],
  "trace": "tencentBlock.ns13139.oracleGeneral.zst"
}