{
  "dram_cache_size": 6,
  "flash_cache_size": 677,
  "results": [
    {
      "hit": 1670577,
      "iteration": 0,
      "metrics": [
        {
          "admission_treshold": 0,
          "algorithm": "clock",
          "byte_inserted": 318798,
          "byte_miss": 318798,
          "byte_read": 1670577,
          "byte_reinserted": 666792,
          "hit": 1670577,
          "inserted": 318798,
          "layer": 0,
          "miss_ratio": 0.16025032987747412,
          "reinserted": 666792,
          "req": 1989375
        }
      ],
      "miss_ratio": 0.16025032987747412,
      "req": 1989375
    }
  ],
  "trace": "tencentBlock.ns19048.oracleGeneral.zst"
}