{
  "dram_cache_size": 3,
  "flash_cache_size": 395,
  "results": [
    {
      "hit": 1314273,
      "iteration": 0,
      "metrics": [
        {
          "admission_treshold": 0,
          "algorithm": "s3fclock-sequential",
          "byte_inserted": 195102,
          "byte_miss": 195102,
          "byte_read": 1314273,
          "byte_reinserted": 87362,
          "hit": 1314273,
          "inserted": 195102,
          "layer": 0,
          "miss_ratio": 0.12926012422360245,
          "reinserted": 87362,
          "req": 1509375
        }
      ],
      "miss_ratio": 0.12926012422360245,
      "req": 1509375
    }
  ],
  "trace": "tencentBlock.ns10734.oracleGeneral.zst"
}