{
  "dram_cache_size": 367,
  "flash_cache_size": 36756,
  "results": [
    {
      "hit": 6237882,
      "iteration": 0,
      "metrics": [
        {
          "admission_treshold": 0,
          "algorithm": "t4auto",
          "byte_inserted": 16228401,
          "byte_miss": 16228401,
          "byte_read": 6237882,
          "byte_reinserted": 1201468,
          "hit": 6237882,
          "inserted": 16228401,
          "layer": 0,
          "miss_ratio": 0.7223447243142089,
          "reinserted": 1201468,
          "req": 22466283
        }
      ],
      "miss_ratio": 0.7223447243142089,
      "req": 22466283
    }
  ],
  "trace": "w18.oracleGeneral.bin.zst"
}