{
  "dram_cache_size": 19,
  "flash_cache_size": 1934,
  "results": [
    {
      "hit": 1240137,
      "iteration": 0,
      "metrics": [
        {
          "admission_treshold": 0,
          "algorithm": "dclock",
          "byte_inserted": 225875,
          "byte_miss": 225875,
          "byte_read": 1240137,
          "byte_reinserted": 17971,
          "hit": 1240137,
          "inserted": 225875,
          "layer": 0,
          "miss_ratio": 0.15407445505220962,
          "reinserted": 17971,
          "req": 1466012
        }
      ],
      "miss_ratio": 0.15407445505220962,
      "req": 1466012
    }
  ],
  "trace": "akamai_sjc.ns359.oracleGeneral.bin.zst"
}