{
  "dram_cache_size": 15,
  "flash_cache_size": 1506,
  "results": [
    {
      "hit": 1073574,
      "iteration": 0,
      "metrics": [
        {
          "admission_treshold": 0,
          "algorithm": "qtime-clock",
          "byte_inserted": 150990,
          "byte_miss": 150990,
          "byte_read": 1073574,
          "byte_reinserted": 6502,
          "hit": 1073574,
          "inserted": 150990,
          "layer": 0,
          "miss_ratio": 0.12330102795770581,
          "reinserted": 6502,
          "req": 1224564
        }
      ],
      "miss_ratio": 0.12330102795770581,
      "req": 1224564
    }
  ],
  "trace": "cf_allcolo.ns1957.oracleGeneral.zst"
}