{
  "dram_cache_size": 0,
  "flash_cache_size": 21,
  "results": [
    {
      "hit": 2719314,
      "iteration": 0,
      "metrics": [
        {
          "admission_treshold": 0,
          "algorithm": "dclock",
          "byte_inserted": 285299,
          "byte_miss": 285299,
          "byte_read": 2719314,
          "byte_reinserted": 546860,
          "hit": 2719314,
          "inserted": 285299,
          "layer": 0,
          "miss_ratio": 0.09495365958943802,
          "reinserted": 546860,
          "req": 3004613
        }
      ],
      "miss_ratio": 0.09495365958943802,
      "req": 3004613
    }
  ],
  "trace": "cf_allcolo.ns305.oracleGeneral.zst"
}