{
  "dram_cache_size": 2,
  "flash_cache_size": 248,
  "results": [
    {
      "hit": 1215949,
      "iteration": 0,
      "metrics": [
        {
          "admission_treshold": 0,
          "algorithm": "dclock",
          "byte_inserted": 77979,
          "byte_miss": 77979,
          "byte_read": 1215949,
          "byte_reinserted": 48314,
          "hit": 1215949,
          "inserted": 77979,
          "layer": 0,
          "miss_ratio": 0.06026533161041414,
          "reinserted": 48314,
          "req": 1293928
        }
      ],
      "miss_ratio": 0.06026533161041414,
      "req": 1293928
    }
  ],
  "trace": "cf_colo28.ns120.oracleGeneral.zst"
}