{
  "dram_cache_size": 2,
  "flash_cache_size": 268,
  "results": [
    {
      "hit": 48965570,
      "iteration": 0,
      "metrics": [
        {
          "admission_treshold": 0,
          "algorithm": "s3fclock",
          "byte_inserted": 47354692,
          "byte_miss": 47354692,
          "byte_read": 48965570,
          "byte_reinserted": 740924,
          "hit": 48965570,
          "inserted": 47354692,
          "layer": 0,
          "miss_ratio": 0.4916379068819393,
          "reinserted": 740924,
          "req": 96320262
        }
      ],
      "miss_ratio": 0.4916379068819393,
      "req": 96320262
    }
  ],
  "trace": "control_tower_probe_cache.1.oracleGeneral.sample10.zst"
}