{
  "dram_cache_size": 35,
  "flash_cache_size": 3552,
  "results": [
    {
      "hit": 2248212,
      "iteration": 0,
      "metrics": [
        {
          "admission_treshold": 0,
          "algorithm": "g2clock",
          "byte_inserted": 982533,
          "byte_miss": 982533,
          "byte_read": 2248212,
          "byte_reinserted": 748280,
          "hit": 2248212,
          "inserted": 982533,
          "layer": 0,
          "miss_ratio": 0.3041196380401424,
          "reinserted": 748280,
          "req": 3230745
        }
      ],
      "miss_ratio": 0.3041196380401424,
      "req": 3230745
    }
  ],
  "trace": "tencentBlock.ns3641.oracleGeneral.zst"
}