{
  "dram_cache_size": 26,
  "flash_cache_size": 2637,
  "results": [
    {
      "hit": 2879493,
      "iteration": 0,
      "metrics": [
        {
          "admission_treshold": 0,
          "algorithm": "g2clock",
          "byte_inserted": 3240061,
          "byte_miss": 3240061,
          "byte_read": 2879493,
          "byte_reinserted": 559653,
          "hit": 2879493,
          "inserted": 3240061,
          "layer": 0,
          "miss_ratio": 0.529460316879302,
          "reinserted": 559653,
          "req": 6119554
        }
      ],
      "miss_ratio": 0.529460316879302,
      "req": 6119554
    }
  ],
  "trace": "tencentBlock.ns2786.oracleGeneral.zst"
}