{
  "dram_cache_size": 8,
  "flash_cache_size": 878,
  "results": [
    {
      "hit": 1267791,
      "iteration": 0,
      "metrics": [
        {
          "admission_treshold": 0,
          "algorithm": "sxfifo",
          "byte_inserted": 518579,
          "byte_miss": 518579,
          "byte_read": 1267791,
          "byte_reinserted": 21665,
          "hit": 1267791,
          "inserted": 518579,
          "layer": 0,
          "miss_ratio": 0.29029764270559855,
          "reinserted": 21665,
          "req": 1786370
        }
      ],
      "miss_ratio": 0.29029764270559855,
      "req": 1786370
    }
  ],
  "trace": "tencentBlock.ns20597.oracleGeneral.zst"
}