{
  "dram_cache_size": 16,
  "flash_cache_size": 1689,
  "results": [
    {
      "hit": 720347,
      "iteration": 0,
      "metrics": [
        {
          "admission_treshold": 0,
          "algorithm": "gclock",
          "byte_inserted": 693003,
          "byte_miss": 693003,
          "byte_read": 720347,
          "byte_reinserted": 27145,
          "hit": 720347,
          "inserted": 693003,
          "layer": 0,
          "miss_ratio": 0.4903265291682881,
          "reinserted": 27145,
          "req": 1413350
        }
      ],
      "miss_ratio": 0.4903265291682881,
      "req": 1413350
    }
  ],
  "trace": "tencentBlock.ns16566.oracleGeneral.zst"
}