{
  "dram_cache_size": 11,
  "flash_cache_size": 1165,
  "results": [
    {
      "hit": 6091389,
      "iteration": 0,
      "metrics": [
        {
          "admission_treshold": 0,
          "algorithm": "gclock",
          "byte_inserted": 630724,
          "byte_miss": 630724,
          "byte_read": 6091389,
          "byte_reinserted": 1112171,
          "hit": 6091389,
          "inserted": 630724,
          "layer": 0,
          "miss_ratio": 0.0938282352587646,
          "reinserted": 1112171,
          "req": 6722113
        }
      ],
      "miss_ratio": 0.0938282352587646,
      "req": 6722113
    }
  ],
  "trace": "tencentBlock.ns9220.oracleGeneral.zst"
}