{
  "dram_cache_size": 0,
  "flash_cache_size": 22,
  "results": [
    {
      "hit": 1021383,
      "iteration": 0,
      "metrics": [
        {
          "admission_treshold": 0,
          "algorithm": "dclock",
          "byte_inserted": 983520,
          "byte_miss": 983520,
          "byte_read": 1021383,
          "byte_reinserted": 517369,
          "hit": 1021383,
          "inserted": 983520,
          "layer": 0,
          "miss_ratio": 0.49055739853748537,
          "reinserted": 517369,
          "req": 2004903
        }
      ],
      "miss_ratio": 0.49055739853748537,
      "req": 2004903
    }
  ],
  "trace": "cf_allcolo.ns4219.oracleGeneral.zst"
}