{
  "dram_cache_size": 6,
  "flash_cache_size": 645,
  "results": [
    {
      "hit": 3386382,
      "iteration": 0,
      "metrics": [
        {
          "admission_treshold": 0,
          "algorithm": "qand-clock-v2",
          "byte_inserted": 463598,
          "byte_miss": 463598,
          "byte_read": 3386382,
          "byte_reinserted": 50002,
          "hit": 3386382,
          "inserted": 463598,
          "layer": 0,
          "miss_ratio": 0.12041569047111933,
          "reinserted": 50002,
          "req": 3849980
        }
      ],
      "miss_ratio": 0.12041569047111933,
      "req": 3849980
    }
  ],
  "trace": "cf_allcolo.ns1980.oracleGeneral.zst"
}