{
  "dram_cache_size": 2,
  "flash_cache_size": 229,
  "results": [
    {
      "hit": 709147,
      "iteration": 0,
      "metrics": [
        {
          "admission_treshold": 0,
          "algorithm": "dclock",
          "byte_inserted": 532930,
          "byte_miss": 532930,
          "byte_read": 709147,
          "byte_reinserted": 215416,
          "hit": 709147,
          "inserted": 532930,
          "layer": 0,
          "miss_ratio": 0.42906357657375505,
          "reinserted": 215416,
          "req": 1242077
        }
      ],
      "miss_ratio": 0.42906357657375505,
      "req": 1242077
    }
  ],
  "trace": "cf_colo28.ns1388.oracleGeneral.zst"
}