{
  "dram_cache_size": 6,
  "flash_cache_size": 638,
  "results": [
    {
      "hit": 2466980,
      "iteration": 0,
      "metrics": [
        {
          "admission_treshold": 0,
          "algorithm": "dclock",
          "byte_inserted": 295676,
          "byte_miss": 295676,
          "byte_read": 2466980,
          "byte_reinserted": 187238,
          "hit": 2466980,
          "inserted": 295676,
          "layer": 0,
          "miss_ratio": 0.10702599237834898,
          "reinserted": 187238,
          "req": 2762656
        }
      ],
      "miss_ratio": 0.10702599237834898,
      "req": 2762656
    }
  ],
  "trace": "tencentBlock.ns9556.oracleGeneral.zst"
}