{
  "dram_cache_size": 53,
  "flash_cache_size": 5321,
  "results": [
    {
      "hit": 6979928,
      "iteration": 0,
      "metrics": [
        {
          "admission_treshold": 0,
          "algorithm": "q-clock",
          "byte_inserted": 28111305,
          "byte_miss": 28111305,
          "byte_read": 6979928,
          "byte_reinserted": 5380118,
          "hit": 6979928,
          "inserted": 28111305,
          "layer": 0,
          "miss_ratio": 0.8010919707495032,
          "reinserted": 5380118,
          "req": 35091233
        }
      ],
      "miss_ratio": 0.8010919707495032,
      "req": 35091233
    }
  ],
  "trace": "tencentBlock.ns17606.oracleGeneral.zst"
}