{
  "dram_cache_size": 56,
  "flash_cache_size": 5605,
  "results": [
    {
      "hit": 3934789,
      "iteration": 0,
      "metrics": [
        {
          "admission_treshold": 0,
          "algorithm": "t2auto",
          "byte_inserted": 1500553,
          "byte_miss": 1500553,
          "byte_read": 3934789,
          "byte_reinserted": 276492,
          "hit": 3934789,
          "inserted": 1500553,
          "layer": 0,
          "miss_ratio": 0.27607333632363884,
          "reinserted": 276492,
          "req": 5435342
        }
      ],
      "miss_ratio": 0.27607333632363884,
      "req": 5435342
    }
  ],
  "trace": "tencentBlock.ns22165.oracleGeneral.zst"
}