{
  "dram_cache_size": 49,
  "flash_cache_size": 4901,
  "results": [
    {
      "hit": 1780748,
      "iteration": 0,
      "metrics": [
        {
          "admission_treshold": 0,
          "algorithm": "g2clock",
          "byte_inserted": 1272886,
          "byte_miss": 1272886,
          "byte_read": 1780748,
          "byte_reinserted": 187641,
          "hit": 1780748,
          "inserted": 1272886,
          "layer": 0,
          "miss_ratio": 0.41684301393028766,
          "reinserted": 187641,
          "req": 3053634
        }
      ],
      "miss_ratio": 0.41684301393028766,
      "req": 3053634
    }
  ],
  "trace": "tencentBlock.ns20670.oracleGeneral.zst"
}