{
  "dram_cache_size": 8,
  "flash_cache_size": 810,
  "results": [
    {
      "hit": 2217406,
      "iteration": 0,
      "metrics": [
        {
          "admission_treshold": 0,
          "algorithm": "cm-clock",
          "byte_inserted": 449371,
          "byte_miss": 449371,
          "byte_read": 2217406,
          "byte_reinserted": 41547,
          "hit": 2217406,
          "inserted": 449371,
          "layer": 0,
          "miss_ratio": 0.16850715301654395,
          "reinserted": 41547,
          "req": 2666777
        }
      ],
      "miss_ratio": 0.16850715301654395,
      "req": 2666777
    }
  ],
  "trace": "tencentBlock.ns2855.oracleGeneral.zst"
}