{
  "dram_cache_size": 7,
  "flash_cache_size": 785,
  "results": [
    {
      "hit": 1649310,
      "iteration": 0,
      "metrics": [
        {
          "admission_treshold": 0,
          "algorithm": "time-auto",
          "byte_inserted": 482529,
          "byte_miss": 482529,
          "byte_read": 1649310,
          "byte_reinserted": 150567,
          "hit": 1649310,
          "inserted": 482529,
          "layer": 0,
          "miss_ratio": 0.22634401565971918,
          "reinserted": 150567,
          "req": 2131839
        }
      ],
      "miss_ratio": 0.22634401565971918,
      "req": 2131839
    }
  ],
  "trace": "tencentBlock.ns10463.oracleGeneral.zst"
}