{
  "dram_cache_size": 43,
  "flash_cache_size": 4390,
  "results": [
    {
      "hit": 7794126,
      "iteration": 0,
      "metrics": [
        {
          "admission_treshold": 0,
          "algorithm": "gclock",
          "byte_inserted": 3105503,
          "byte_miss": 3105503,
          "byte_read": 7794126,
          "byte_reinserted": 1651624,
          "hit": 7794126,
          "inserted": 3105503,
          "layer": 0,
          "miss_ratio": 0.2849182297856193,
          "reinserted": 1651624,
          "req": 10899629
        }
      ],
      "miss_ratio": 0.2849182297856193,
      "req": 10899629
    }
  ],
  "trace": "w56.oracleGeneral.bin.zst"
}