{
  "dram_cache_size": 106,
  "flash_cache_size": 10689,
  "results": [
    {
      "hit": 454306,
      "iteration": 0,
      "metrics": [
        {
          "admission_treshold": 0,
          "algorithm": "gclock",
          "byte_inserted": 2897051,
          "byte_miss": 2897051,
          "byte_read": 454306,
          "byte_reinserted": 19726,
          "hit": 454306,
          "inserted": 2897051,
          "layer": 0,
          "miss_ratio": 0.8644411800951077,
          "reinserted": 19726,
          "req": 3351357
        }
      ],
      "miss_ratio": 0.8644411800951077,
      "req": 3351357
    }
  ],
  "trace": "w93.oracleGeneral.bin.zst"
}