{
  "dram_cache_size": 5,
  "flash_cache_size": 579,
  "results": [
    {
      "hit": 483392,
      "iteration": 0,
      "metrics": [
        {
          "admission_treshold": 0,
          "algorithm": "t6auto",
          "byte_inserted": 554361,
          "byte_miss": 554361,
          "byte_read": 483392,
          "byte_reinserted": 132034,
          "hit": 483392,
          "inserted": 554361,
          "layer": 0,
          "miss_ratio": 0.5341935894186767,
          "reinserted": 132034,
          "req": 1037753
        }
      ],
      "miss_ratio": 0.5341935894186767,
      "req": 1037753
    }
  ],
  "trace": "cf_colo28.ns1227.oracleGeneral.zst"
}