{
  "dram_cache_size": 0,
  "flash_cache_size": 10,
  "results": [
    {
      "hit": 316922,
      "iteration": 0,
      "metrics": [
        {
          "admission_treshold": 0,
          "algorithm": "qand-clock-v2",
          "byte_inserted": 1408161,
          "byte_miss": 1408161,
          "byte_read": 316922,
          "byte_reinserted": 100839,
          "hit": 316922,
          "inserted": 1408161,
          "layer": 0,
          "miss_ratio": 0.816285941024287,
          "reinserted": 100839,
          "req": 1725083
        }
      ],
      "miss_ratio": 0.816285941024287,
      "req": 1725083
    }
  ],
  "trace": "cf_colo28.ns206.oracleGeneral.zst"
}