{
  "dram_cache_size": 147581,
  "flash_cache_size": 14758159,
  "results": [
    {
      "hit": 1273817,
      "iteration": 0,
      "metrics": [
        {
          "admission_treshold": 0,
          "algorithm": "qauto",
          "byte_inserted": 12305526784,
          "byte_miss": 12305526784,
          "byte_read": 7229402112,
          "byte_reinserted": 728315904,
          "hit": 1273817,
          "inserted": 251161,
          "layer": 0,
          "miss_ratio": 0.16469811367770548,
          "reinserted": 99445,
          "req": 1524978
        }
      ],
      "miss_ratio": 0.16469811367770548,
      "req": 1524978
    }
  ],
  "trace": "tencentBlock.ns4131.oracleGeneral.zst"
}