{
  "dram_cache_size": 41,
  "flash_cache_size": 4199,
  "results": [
    {
      "hit": 2260243,
      "iteration": 0,
      "metrics": [
        {
          "admission_treshold": 0,
          "algorithm": "q3auto",
          "byte_inserted": 1350904,
          "byte_miss": 1350904,
          "byte_read": 2260243,
          "byte_reinserted": 330972,
          "hit": 2260243,
          "inserted": 1350904,
          "layer": 0,
          "miss_ratio": 0.37409277440104216,
          "reinserted": 330972,
          "req": 3611147
        }
      ],
      "miss_ratio": 0.37409277440104216,
      "req": 3611147
    }
  ],
  "trace": "tencentBlock.ns14167.oracleGeneral.zst"
}