{
  "dram_cache_size": 9,
  "flash_cache_size": 945,
  "results": [
    {
      "hit": 893734,
      "iteration": 0,
      "metrics": [
        {
          "admission_treshold": 0,
          "algorithm": "d3clock",
          "byte_inserted": 639897,
          "byte_miss": 639897,
          "byte_read": 893734,
          "byte_reinserted": 178277,
          "hit": 893734,
          "inserted": 639897,
          "layer": 0,
          "miss_ratio": 0.4172431308443817,
          "reinserted": 178277,
          "req": 1533631
        }
      ],
      "miss_ratio": 0.4172431308443817,
      "req": 1533631
    }
  ],
  "trace": "tencentBlock.ns19050.oracleGeneral.zst"
}