{
  "dram_cache_size": 5,
  "flash_cache_size": 573,
  "results": [
    {
      "hit": 1016874,
      "iteration": 0,
      "metrics": [
        {
          "admission_treshold": 0,
          "algorithm": "q2auto",
          "byte_inserted": 192145,
          "byte_miss": 192145,
          "byte_read": 1016874,
          "byte_reinserted": 28091,
          "hit": 1016874,
          "inserted": 192145,
          "layer": 0,
          "miss_ratio": 0.15892636922992942,
          "reinserted": 28091,
          "req": 1209019
        }
      ],
      "miss_ratio": 0.15892636922992942,
      "req": 1209019
    }
  ],
  "trace": "tencentBlock.ns6321.oracleGeneral.zst"
}