{
  "dram_cache_size": 12,
  "flash_cache_size": 1278,
  "results": [
    {
      "hit": 749679,
      "iteration": 0,
      "metrics": [
        {
          "admission_treshold": 0,
          "algorithm": "clock",
          "byte_inserted": 592109,
          "byte_miss": 592109,
          "byte_read": 749679,
          "byte_reinserted": 237212,
          "hit": 749679,
          "inserted": 592109,
          "layer": 0,
          "miss_ratio": 0.4412835708770685,
          "reinserted": 237212,
          "req": 1341788
        }
      ],
      "miss_ratio": 0.4412835708770685,
      "req": 1341788
    }
  ],
  "trace": "tencentBlock.ns16608.oracleGeneral.zst"
}