{
  "dram_cache_size": 1,
  "flash_cache_size": 146,
  "results": [
    {
      "hit": 2418341,
      "iteration": 0,
      "metrics": [
        {
          "admission_treshold": 0,
          "algorithm": "clock",
          "byte_inserted": 1475382,
          "byte_miss": 1475382,
          "byte_read": 2418341,
          "byte_reinserted": 1755237,
          "hit": 2418341,
          "inserted": 1475382,
          "layer": 0,
          "miss_ratio": 0.3789129324299648,
          "reinserted": 1755237,
          "req": 3893723
        }
      ],
      "miss_ratio": 0.3789129324299648,
      "req": 3893723
    }
  ],
  "trace": "akamai_sjc.ns98.oracleGeneral.bin.zst"
}