{
  "dram_cache_size": 135,
  "flash_cache_size": 13563,
  "results": [
    {
      "hit": 57917468,
      "iteration": 0,
      "metrics": [
        {
          "admission_treshold": 0,
          "algorithm": "qauto",
          "byte_inserted": 37569614,
          "byte_miss": 37569614,
          "byte_read": 57917468,
          "byte_reinserted": 9939095,
          "hit": 57917468,
          "inserted": 37569614,
          "layer": 0,
          "miss_ratio": 0.39345232059767,
          "reinserted": 9939095,
          "req": 95487082
        }
      ],
      "miss_ratio": 0.39345232059767,
      "req": 95487082
    }
  ],
  "trace": "cf_allcolo.ns198.oracleGeneral.zst"
}