{
  "dram_cache_size": 29,
  "flash_cache_size": 2930,
  "results": [
    {
      "hit": 2512171,
      "iteration": 0,
      "metrics": [
        {
          "admission_treshold": 0,
          "algorithm": "gclock",
          "byte_inserted": 1235542,
          "byte_miss": 1235542,
          "byte_read": 2512171,
          "byte_reinserted": 163877,
          "hit": 2512171,
          "inserted": 1235542,
          "layer": 0,
          "miss_ratio": 0.3296789268548579,
          "reinserted": 163877,
          "req": 3747713
        }
      ],
      "miss_ratio": 0.3296789268548579,
      "req": 3747713
    }
  ],
  "trace": "tencentBlock.ns11159.oracleGeneral.zst"
}