{
  "dram_cache_size": 27,
  "flash_cache_size": 2755,
  "results": [
    {
      "hit": 6485812,
      "iteration": 0,
      "metrics": [
        {
          "admission_treshold": 0,
          "algorithm": "q3auto",
          "byte_inserted": 1210613,
          "byte_miss": 1210613,
          "byte_read": 6485812,
          "byte_reinserted": 354748,
          "hit": 6485812,
          "inserted": 1210613,
          "layer": 0,
          "miss_ratio": 0.15729549758491768,
          "reinserted": 354748,
          "req": 7696425
        }
      ],
      "miss_ratio": 0.15729549758491768,
      "req": 7696425
    }
  ],
  "trace": "tencentBlock.ns6459.oracleGeneral.zst"
}