{
  "dram_cache_size": 40,
  "flash_cache_size": 4024,
  "results": [
    {
      "hit": 2210819,
      "iteration": 0,
      "metrics": [
        {
          "admission_treshold": 0,
          "algorithm": "g2clock",
          "byte_inserted": 2386009,
          "byte_miss": 2386009,
          "byte_read": 2210819,
          "byte_reinserted": 1036062,
          "hit": 2210819,
          "inserted": 2386009,
          "layer": 0,
          "miss_ratio": 0.5190555313359559,
          "reinserted": 1036062,
          "req": 4596828
        }
      ],
      "miss_ratio": 0.5190555313359559,
      "req": 4596828
    }
  ],
  "trace": "tencentBlock.ns15627.oracleGeneral.zst"
}