{
  "dram_cache_size": 9,
  "flash_cache_size": 966,
  "results": [
    {
      "hit": 1776267,
      "iteration": 0,
      "metrics": [
        {
          "admission_treshold": 0,
          "algorithm": "dclock",
          "byte_inserted": 537261,
          "byte_miss": 537261,
          "byte_read": 1776267,
          "byte_reinserted": 465678,
          "hit": 1776267,
          "inserted": 537261,
          "layer": 0,
          "miss_ratio": 0.23222584727740492,
          "reinserted": 465678,
          "req": 2313528
        }
      ],
      "miss_ratio": 0.23222584727740492,
      "req": 2313528
    }
  ],
  "trace": "tencentBlock.ns1628.oracleGeneral.zst"
}