{
  "dram_cache_size": 20,
  "flash_cache_size": 2000,
  "results": [
    {
      "hit": 1395223,
      "iteration": 0,
      "metrics": [
        {
          "admission_treshold": 0,
          "algorithm": "dclock",
          "byte_inserted": 625478,
          "byte_miss": 625478,
          "byte_read": 1395223,
          "byte_reinserted": 408937,
          "hit": 1395223,
          "inserted": 625478,
          "layer": 0,
          "miss_ratio": 0.3095351563640538,
          "reinserted": 408937,
          "req": 2020701
        }
      ],
      "miss_ratio": 0.3095351563640538,
      "req": 2020701
    }
  ],
  "trace": "tencentBlock.ns11120.oracleGeneral.zst"
}