{
  "dram_cache_size": 12,
  "flash_cache_size": 1273,
  "results": [
    {
      "hit": 889946,
      "iteration": 0,
      "metrics": [
        {
          "admission_treshold": 0,
          "algorithm": "d3clock",
          "byte_inserted": 286321,
          "byte_miss": 286321,
          "byte_read": 889946,
          "byte_reinserted": 58533,
          "hit": 889946,
          "inserted": 286321,
          "layer": 0,
          "miss_ratio": 0.24341497296107095,
          "reinserted": 58533,
          "req": 1176267
        }
      ],
      "miss_ratio": 0.24341497296107095,
      "req": 1176267
    }
  ],
  "trace": "tencentBlock.ns25578.oracleGeneral.zst"
}