{
  "dram_cache_size": 18,
  "flash_cache_size": 1804,
  "results": [
    {
      "hit": 988510,
      "iteration": 0,
      "metrics": [
        {
          "admission_treshold": 0,
          "algorithm": "g2clock",
          "byte_inserted": 647926,
          "byte_miss": 647926,
          "byte_read": 988510,
          "byte_reinserted": 58570,
          "hit": 988510,
          "inserted": 647926,
          "layer": 0,
          "miss_ratio": 0.3959372685519018,
          "reinserted": 58570,
          "req": 1636436
        }
      ],
      "miss_ratio": 0.3959372685519018,
      "req": 1636436
    }
  ],
  "trace": "tencentBlock.ns18364.oracleGeneral.zst"
}