{
  "dram_cache_size": 12,
  "flash_cache_size": 1296,
  "results": [
    {
      "hit": 768229,
      "iteration": 0,
      "metrics": [
        {
          "admission_treshold": 0,
          "algorithm": "gclock",
          "byte_inserted": 391467,
          "byte_miss": 391467,
          "byte_read": 768229,
          "byte_reinserted": 188440,
          "hit": 768229,
          "inserted": 391467,
          "layer": 0,
          "miss_ratio": 0.3375600157282598,
          "reinserted": 188440,
          "req": 1159696
        }
      ],
      "miss_ratio": 0.3375600157282598,
      "req": 1159696
    }
  ],
  "trace": "tencentBlock.ns23007.oracleGeneral.zst"
}