{
  "dram_cache_size": 72,
  "flash_cache_size": 7201,
  "results": [
    {
      "hit": 2653853,
      "iteration": 0,
      "metrics": [
        {
          "admission_treshold": 0,
          "algorithm": "tauto",
          "byte_inserted": 2160381,
          "byte_miss": 2160381,
          "byte_read": 2653853,
          "byte_reinserted": 250710,
          "hit": 2653853,
          "inserted": 2160381,
          "layer": 0,
          "miss_ratio": 0.44874864827924854,
          "reinserted": 250710,
          "req": 4814234
        }
      ],
      "miss_ratio": 0.44874864827924854,
      "req": 4814234
    }
  ],
  "trace": "w84.oracleGeneral.bin.zst"
}