{
  "dram_cache_size": 63,
  "flash_cache_size": 6340,
  "results": [
    {
      "hit": 21172312,
      "iteration": 0,
      "metrics": [
        {
          "admission_treshold": 0,
          "algorithm": "qand-clock-v2",
          "byte_inserted": 729050,
          "byte_miss": 729050,
          "byte_read": 21172312,
          "byte_reinserted": 200925,
          "hit": 21172312,
          "inserted": 729050,
          "layer": 0,
          "miss_ratio": 0.0332878841051073,
          "reinserted": 200925,
          "req": 21901362
        }
      ],
      "miss_ratio": 0.0332878841051073,
      "req": 21901362
    }
  ],
  "trace": "cf_allcolo.ns431.oracleGeneral.zst"
}