{
  "dram_cache_size": 0,
  "flash_cache_size": 36,
  "results": [
    {
      "hit": 3821744,
      "iteration": 0,
      "metrics": [
        {
          "admission_treshold": 0,
          "algorithm": "q2auto",
          "byte_inserted": 42815,
          "byte_miss": 42815,
          "byte_read": 3821744,
          "byte_reinserted": 42430,
          "hit": 3821744,
          "inserted": 42815,
          "layer": 0,
          "miss_ratio": 0.011078883774319426,
          "reinserted": 42430,
          "req": 3864559
        }
      ],
      "miss_ratio": 0.011078883774319426,
      "req": 3864559
    }
  ],
  "trace": "cf_allcolo.ns3999.oracleGeneral.zst"
}