{
  "dram_cache_size": 17010,
  "flash_cache_size": 1701063,
  "results": [
    {
      "hit": 429026,
      "iteration": 0,
      "metrics": [
        {
          "admission_treshold": 0,
          "algorithm": "time2-auto",
          "byte_inserted": 52080836733,
          "byte_miss": 52080836733,
          "byte_read": 12931460483,
          "byte_reinserted": 3785324831,
          "hit": 429026,
          "inserted": 674857,
          "layer": 0,
          "miss_ratio": 0.61134830412281,
          "reinserted": 118759,
          "req": 1103883
        }
      ],
      "miss_ratio": 0.61134830412281,
      "req": 1103883
    }
  ],
  "trace": "cf_colo28.ns4744.oracleGeneral.zst"
}