{
  "dram_cache_size": 1,
  "flash_cache_size": 140,
  "results": [
    {
      "hit": 1810863,
      "iteration": 0,
      "metrics": [
        {
          "admission_treshold": 0,
          "algorithm": "q-clock",
          "byte_inserted": 556414,
          "byte_miss": 556414,
          "byte_read": 1810863,
          "byte_reinserted": 34706,
          "hit": 1810863,
          "inserted": 556414,
          "layer": 0,
          "miss_ratio": 0.23504389220188426,
          "reinserted": 34706,
          "req": 2367277
        }
      ],
      "miss_ratio": 0.23504389220188426,
      "req": 2367277
    }
  ],
  "trace": "cf_colo28.ns14.oracleGeneral.zst"
}