{
  "dram_cache_size": 79,
  "flash_cache_size": 7978,
  "results": [
    {
      "hit": 10135763,
      "iteration": 0,
      "metrics": [
        {
          "admission_treshold": 0,
          "algorithm": "sxfifo",
          "byte_inserted": 5864237,
          "byte_miss": 5864237,
          "byte_read": 10135763,
          "byte_reinserted": 942354,
          "hit": 10135763,
          "inserted": 5864237,
          "layer": 0,
          "miss_ratio": 0.36651481249999995,
          "reinserted": 942354,
          "req": 16000000
        }
      ],
      "miss_ratio": 0.36651481249999995,
      "req": 16000000
    }
  ],
  "trace": "io_traces.ns467.oracleGeneral.zst"
}