{
  "dram_cache_size": 32,
  "flash_cache_size": 3293,
  "results": [
    {
      "hit": 3389362,
      "iteration": 0,
      "metrics": [
        {
          "admission_treshold": 0,
          "algorithm": "cm-clock",
          "byte_inserted": 7089289,
          "byte_miss": 7089289,
          "byte_read": 3389362,
          "byte_reinserted": 408485,
          "hit": 3389362,
          "inserted": 7089289,
          "layer": 0,
          "miss_ratio": 0.6765459599713741,
          "reinserted": 408485,
          "req": 10478651
        }
      ],
      "miss_ratio": 0.6765459599713741,
      "req": 10478651
    }
  ],
  "trace": "tencentBlock.ns4693.oracleGeneral.zst"
}