{
  "dram_cache_size": 12,
  "flash_cache_size": 1286,
  "results": [
    {
      "hit": 863024,
      "iteration": 0,
      "metrics": [
        {
          "admission_treshold": 0,
          "algorithm": "gclock",
          "byte_inserted": 474188,
          "byte_miss": 474188,
          "byte_read": 863024,
          "byte_reinserted": 115413,
          "hit": 863024,
          "inserted": 474188,
          "layer": 0,
          "miss_ratio": 0.3546094411357361,
          "reinserted": 115413,
          "req": 1337212
        }
      ],
      "miss_ratio": 0.3546094411357361,
      "req": 1337212
    }
  ],
  "trace": "tencentBlock.ns18399.oracleGeneral.zst"
}