{
  "dram_cache_size": 51,
  "flash_cache_size": 5138,
  "results": [
    {
      "hit": 3194216,
      "iteration": 0,
      "metrics": [
        {
          "admission_treshold": 0,
          "algorithm": "clock",
          "byte_inserted": 1371055,
          "byte_miss": 1371055,
          "byte_read": 3194216,
          "byte_reinserted": 672191,
          "hit": 3194216,
          "inserted": 1371055,
          "layer": 0,
          "miss_ratio": 0.3003228066855177,
          "reinserted": 672191,
          "req": 4565271
        }
      ],
      "miss_ratio": 0.3003228066855177,
      "req": 4565271
    }
  ],
  "trace": "tencentBlock.ns12883.oracleGeneral.zst"
}