{
  "dram_cache_size": 5,
  "flash_cache_size": 554,
  "results": [
    {
      "hit": 1934625,
      "iteration": 0,
      "metrics": [
        {
          "admission_treshold": 0,
          "algorithm": "g2clock",
          "byte_inserted": 322385,
          "byte_miss": 322385,
          "byte_read": 1934625,
          "byte_reinserted": 152669,
          "hit": 1934625,
          "inserted": 322385,
          "layer": 0,
          "miss_ratio": 0.1428372049747232,
          "reinserted": 152669,
          "req": 2257010
        }
      ],
      "miss_ratio": 0.1428372049747232,
      "req": 2257010
    }
  ],
  "trace": "tencentBlock.ns9448.oracleGeneral.zst"
}