{
  "dram_cache_size": 20,
  "flash_cache_size": 2089,
  "results": [
    {
      "hit": 1437037,
      "iteration": 0,
      "metrics": [
        {
          "admission_treshold": 0,
          "algorithm": "gclock",
          "byte_inserted": 650098,
          "byte_miss": 650098,
          "byte_read": 1437037,
          "byte_reinserted": 194768,
          "hit": 1437037,
          "inserted": 650098,
          "layer": 0,
          "miss_ratio": 0.3114786537526322,
          "reinserted": 194768,
          "req": 2087135
        }
      ],
      "miss_ratio": 0.3114786537526322,
      "req": 2087135
    }
  ],
  "trace": "tencentBlock.ns15082.oracleGeneral.zst"
}