{
  "dram_cache_size": 45,
  "flash_cache_size": 4544,
  "results": [
    {
      "hit": 1079127,
      "iteration": 0,
      "metrics": [
        {
          "admission_treshold": 0,
          "algorithm": "gclock",
          "byte_inserted": 983434,
          "byte_miss": 983434,
          "byte_read": 1079127,
          "byte_reinserted": 150983,
          "hit": 1079127,
          "inserted": 983434,
          "layer": 0,
          "miss_ratio": 0.476802383056792,
          "reinserted": 150983,
          "req": 2062561
        }
      ],
      "miss_ratio": 0.476802383056792,
      "req": 2062561
    }
  ],
  "trace": "tencentBlock.ns13054.oracleGeneral.zst"
}