{
  "dram_cache_size": 41,
  "flash_cache_size": 4119,
  "results": [
    {
      "hit": 6867087,
      "iteration": 0,
      "metrics": [
        {
          "admission_treshold": 0,
          "algorithm": "cm-clock",
          "byte_inserted": 1071994,
          "byte_miss": 1071994,
          "byte_read": 6867087,
          "byte_reinserted": 281873,
          "hit": 6867087,
          "inserted": 1071994,
          "layer": 0,
          "miss_ratio": 0.13502746728494142,
          "reinserted": 281873,
          "req": 7939081
        }
      ],
      "miss_ratio": 0.13502746728494142,
      "req": 7939081
    }
  ],
  "trace": "tencentBlock.ns12771.oracleGeneral.zst"
}