{
  "dram_cache_size": 730,
  "flash_cache_size": 73086,
  "results": [
    {
      "hit": 18215959,
      "iteration": 0,
      "metrics": [
        {
          "admission_treshold": 0,
          "algorithm": "sxfifo",
          "byte_inserted": 7311499,
          "byte_miss": 7311499,
          "byte_read": 18215959,
          "byte_reinserted": 3787804,
          "hit": 18215959,
          "inserted": 7311499,
          "layer": 0,
          "miss_ratio": 0.28641704160281056,
          "reinserted": 3787804,
          "req": 25527458
        }
      ],
      "miss_ratio": 0.28641704160281056,
      "req": 25527458
    }
  ],
  "trace": "akamai_nyc.ns280.oracleGeneral.bin.zst"
}