{
  "dram_cache_size": 94,
  "flash_cache_size": 9409,
  "results": [
    {
      "hit": 625995,
      "iteration": 0,
      "metrics": [
        {
          "admission_treshold": 0,
          "algorithm": "clock",
          "byte_inserted": 1579905,
          "byte_miss": 1579905,
          "byte_read": 625995,
          "byte_reinserted": 275542,
          "hit": 625995,
          "inserted": 1579905,
          "layer": 0,
          "miss_ratio": 0.7162178702570379,
          "reinserted": 275542,
          "req": 2205900
        }
      ],
      "miss_ratio": 0.7162178702570379,
      "req": 2205900
    }
  ],
  "trace": "cf_colo28.ns698.oracleGeneral.zst"
}