{
  "dram_cache_size": 0,
  "flash_cache_size": 41,
  "results": [
    {
      "hit": 1018716,
      "iteration": 0,
      "metrics": [
        {
          "admission_treshold": 0,
          "algorithm": "g2clock",
          "byte_inserted": 256579,
          "byte_miss": 256579,
          "byte_read": 1018716,
          "byte_reinserted": 306361,
          "hit": 1018716,
          "inserted": 256579,
          "layer": 0,
          "miss_ratio": 0.20119188109417818,
          "reinserted": 306361,
          "req": 1275295
        }
      ],
      "miss_ratio": 0.20119188109417818,
      "req": 1275295
    }
  ],
  "trace": "cf_colo28.ns1508.oracleGeneral.zst"
}