{
  "dram_cache_size": 266,
  "flash_cache_size": 26644,
  "results": [
    {
      "hit": 167501197,
      "iteration": 0,
      "metrics": [
        {
          "admission_treshold": 0,
          "algorithm": "qtime-clock",
          "byte_inserted": 104547021,
          "byte_miss": 104547021,
          "byte_read": 167501197,
          "byte_reinserted": 19147798,
          "hit": 167501197,
          "inserted": 104547021,
          "layer": 0,
          "miss_ratio": 0.38429592286467396,
          "reinserted": 19147798,
          "req": 272048218
        }
      ],
      "miss_ratio": 0.38429592286467396,
      "req": 272048218
    }
  ],
  "trace": "cluster11.oracleGeneral.sample10.zst"
}