{
  "dram_cache_size": 24,
  "flash_cache_size": 2436,
  "results": [
    {
      "hit": 1637209,
      "iteration": 0,
      "metrics": [
        {
          "admission_treshold": 0,
          "algorithm": "gclock",
          "byte_inserted": 1149566,
          "byte_miss": 1149566,
          "byte_read": 1637209,
          "byte_reinserted": 77556,
          "hit": 1637209,
          "inserted": 1149566,
          "layer": 0,
          "miss_ratio": 0.4125076477290057,
          "reinserted": 77556,
          "req": 2786775
        }
      ],
      "miss_ratio": 0.4125076477290057,
      "req": 2786775
    }
  ],
  "trace": "tencentBlock.ns17722.oracleGeneral.zst"
}