{
  "dram_cache_size": 44,
  "flash_cache_size": 4452,
  "results": [
    {
      "hit": 2817543,
      "iteration": 0,
      "metrics": [
        {
          "admission_treshold": 0,
          "algorithm": "gclock",
          "byte_inserted": 1253904,
          "byte_miss": 1253904,
          "byte_read": 2817543,
          "byte_reinserted": 458619,
          "hit": 2817543,
          "inserted": 1253904,
          "layer": 0,
          "miss_ratio": 0.3079750270604038,
          "reinserted": 458619,
          "req": 4071447
        }
      ],
      "miss_ratio": 0.3079750270604038,
      "req": 4071447
    }
  ],
  "trace": "tencentBlock.ns16952.oracleGeneral.zst"
}