{
  "dram_cache_size": 10,
  "flash_cache_size": 1087,
  "results": [
    {
      "hit": 1028569,
      "iteration": 0,
      "metrics": [
        {
          "admission_treshold": 0,
          "algorithm": "time3-auto",
          "byte_inserted": 590136,
          "byte_miss": 590136,
          "byte_read": 1028569,
          "byte_reinserted": 46722,
          "hit": 1028569,
          "inserted": 590136,
          "layer": 0,
          "miss_ratio": 0.364572914768287,
          "reinserted": 46722,
          "req": 1618705
        }
      ],
      "miss_ratio": 0.364572914768287,
      "req": 1618705
    }
  ],
  "trace": "tencentBlock.ns18237.oracleGeneral.zst"
}