{
  "dram_cache_size": 55,
  "flash_cache_size": 5542,
  "results": [
    {
      "hit": 955564,
      "iteration": 0,
      "metrics": [
        {
          "admission_treshold": 0,
          "algorithm": "g2clock",
          "byte_inserted": 883187,
          "byte_miss": 883187,
          "byte_read": 955564,
          "byte_reinserted": 23460,
          "hit": 955564,
          "inserted": 883187,
          "layer": 0,
          "miss_ratio": 0.48031897739280627,
          "reinserted": 23460,
          "req": 1838751
        }
      ],
      "miss_ratio": 0.48031897739280627,
      "req": 1838751
    }
  ],
  "trace": "tencentBlock.ns2060.oracleGeneral.zst"
}