{
  "dram_cache_size": 23,
  "flash_cache_size": 2378,
  "results": [
    {
      "hit": 1371617,
      "iteration": 0,
      "metrics": [
        {
          "admission_treshold": 0,
          "algorithm": "t7auto",
          "byte_inserted": 1048199,
          "byte_miss": 1048199,
          "byte_read": 1371617,
          "byte_reinserted": 177319,
          "hit": 1371617,
          "inserted": 1048199,
          "layer": 0,
          "miss_ratio": 0.43317301811377396,
          "reinserted": 177319,
          "req": 2419816
        }
      ],
      "miss_ratio": 0.43317301811377396,
      "req": 2419816
    }
  ],
  "trace": "tencentBlock.ns4413.oracleGeneral.zst"
}