{
  "dram_cache_size": 0,
  "flash_cache_size": 13,
  "results": [
    {
      "hit": 1751601,
      "iteration": 0,
      "metrics": [
        {
          "admission_treshold": 0,
          "algorithm": "gclock",
          "byte_inserted": 1214834,
          "byte_miss": 1214834,
          "byte_read": 1751601,
          "byte_reinserted": 821837,
          "hit": 1751601,
          "inserted": 1214834,
          "layer": 0,
          "miss_ratio": 0.4095265866267085,
          "reinserted": 821837,
          "req": 2966435
        }
      ],
      "miss_ratio": 0.4095265866267085,
      "req": 2966435
    }
  ],
  "trace": "akamai_lax.ns728.oracleGeneral.bin.zst"
}