{
  "dram_cache_size": 0,
  "flash_cache_size": 18,
  "results": [
    {
      "hit": 1117283,
      "iteration": 0,
      "metrics": [
        {
          "admission_treshold": 0,
          "algorithm": "g2clock",
          "byte_inserted": 3143,
          "byte_miss": 3143,
          "byte_read": 1117283,
          "byte_reinserted": 89504,
          "hit": 1117283,
          "inserted": 3143,
          "layer": 0,
          "miss_ratio": 0.0028051830285980017,
          "reinserted": 89504,
          "req": 1120426
        }
      ],
      "miss_ratio": 0.0028051830285980017,
      "req": 1120426
    }
  ],
  "trace": "cf_allcolo.ns7778.oracleGeneral.zst"
}