{
  "dram_cache_size": 5,
  "flash_cache_size": 520,
  "results": [
    {
      "hit": 2185637,
      "iteration": 0,
      "metrics": [
        {
          "admission_treshold": 0,
          "algorithm": "qauto",
          "byte_inserted": 113644,
          "byte_miss": 113644,
          "byte_read": 2185637,
          "byte_reinserted": 79633,
          "hit": 2185637,
          "inserted": 113644,
          "layer": 0,
          "miss_ratio": 0.04942588574428264,
          "reinserted": 79633,
          "req": 2299281
        }
      ],
      "miss_ratio": 0.04942588574428264,
      "req": 2299281
    }
  ],
  "trace": "cf_allcolo.ns1644.oracleGeneral.zst"
}