{
  "dram_cache_size": 40,
  "flash_cache_size": 4024,
  "results": [
    {
      "hit": 76967493,
      "iteration": 0,
      "metrics": [
        {
          "admission_treshold": 0,
          "algorithm": "g2clock",
          "byte_inserted": 17216373,
          "byte_miss": 17216373,
          "byte_read": 76967493,
          "byte_reinserted": 3646501,
          "hit": 76967493,
          "inserted": 17216373,
          "layer": 0,
          "miss_ratio": 0.18279535265626068,
          "reinserted": 3646501,
          "req": 94183866
        }
      ],
      "miss_ratio": 0.18279535265626068,
      "req": 94183866
    }
  ],
  "trace": "content_recommender_core_svcs_cache.1.oracleGeneral.sample10.zst"
}