{
  "dram_cache_size": 6,
  "flash_cache_size": 665,
  "results": [
    {
      "hit": 1622631,
      "iteration": 0,
      "metrics": [
        {
          "admission_treshold": 0,
          "algorithm": "g2clock",
          "byte_inserted": 5785924,
          "byte_miss": 5785924,
          "byte_read": 1622631,
          "byte_reinserted": 809906,
          "hit": 1622631,
          "inserted": 5785924,
          "layer": 0,
          "miss_ratio": 0.7809787468676416,
          "reinserted": 809906,
          "req": 7408555
        }
      ],
      "miss_ratio": 0.7809787468676416,
      "req": 7408555
    }
  ],
  "trace": "tencentBlock.ns7262.oracleGeneral.zst"
}