{
  "dram_cache_size": 12,
  "flash_cache_size": 1253,
  "results": [
    {
      "hit": 946098,
      "iteration": 0,
      "metrics": [
        {
          "admission_treshold": 0,
          "algorithm": "t4auto",
          "byte_inserted": 488826,
          "byte_miss": 488826,
          "byte_read": 946098,
          "byte_reinserted": 70742,
          "hit": 946098,
          "inserted": 488826,
          "layer": 0,
          "miss_ratio": 0.3406633382673926,
          "reinserted": 70742,
          "req": 1434924
        }
      ],
      "miss_ratio": 0.3406633382673926,
      "req": 1434924
    }
  ],
  "trace": "tencentBlock.ns5606.oracleGeneral.zst"
}