{
  "dram_cache_size": 14,
  "flash_cache_size": 1426,
  "results": [
    {
      "hit": 731836,
      "iteration": 0,
      "metrics": [
        {
          "admission_treshold": 0,
          "algorithm": "q2auto",
          "byte_inserted": 670747,
          "byte_miss": 670747,
          "byte_read": 731836,
          "byte_reinserted": 73437,
          "hit": 731836,
          "inserted": 670747,
          "layer": 0,
          "miss_ratio": 0.4782226791569554,
          "reinserted": 73437,
          "req": 1402583
        }
      ],
      "miss_ratio": 0.4782226791569554,
      "req": 1402583
    }
  ],
  "trace": "tencentBlock.ns21523.oracleGeneral.zst"
}