{
  "dram_cache_size": 22,
  "flash_cache_size": 2225,
  "results": [
    {
      "hit": 872427,
      "iteration": 0,
      "metrics": [
        {
          "admission_treshold": 0,
          "algorithm": "d3clock",
          "byte_inserted": 675506,
          "byte_miss": 675506,
          "byte_read": 872427,
          "byte_reinserted": 195385,
          "hit": 872427,
          "inserted": 675506,
          "layer": 0,
          "miss_ratio": 0.43639227279216863,
          "reinserted": 195385,
          "req": 1547933
        }
      ],
      "miss_ratio": 0.43639227279216863,
      "req": 1547933
    }
  ],
  "trace": "tencentBlock.ns19759.oracleGeneral.zst"
}