{
  "dram_cache_size": 56,
  "flash_cache_size": 5635,
  "results": [
    {
      "hit": 1640564,
      "iteration": 0,
      "metrics": [
        {
          "admission_treshold": 0,
          "algorithm": "g2clock",
          "byte_inserted": 1727748,
          "byte_miss": 1727748,
          "byte_read": 1640564,
          "byte_reinserted": 53624,
          "hit": 1640564,
          "inserted": 1727748,
          "layer": 0,
          "miss_ratio": 0.5129417939905805,
          "reinserted": 53624,
          "req": 3368312
        }
      ],
      "miss_ratio": 0.5129417939905805,
      "req": 3368312
    }
  ],
  "trace": "tencentBlock.ns12343.oracleGeneral.zst"
}