{
  "dram_cache_size": 642509,
  "flash_cache_size": 64250920,
  "results": [
    {
      "hit": 981764,
      "iteration": 0,
      "metrics": [
        {
          "admission_treshold": 0,
          "algorithm": "time-auto",
          "byte_inserted": 20428423168,
          "byte_miss": 20428423168,
          "byte_read": 6927281152,
          "byte_reinserted": 17245694464,
          "hit": 981764,
          "inserted": 912629,
          "layer": 0,
          "miss_ratio": 0.4817527302940836,
          "reinserted": 840272,
          "req": 1894393
        }
      ],
      "miss_ratio": 0.4817527302940836,
      "req": 1894393
    }
  ],
  "trace": "tencentBlock.ns8807.oracleGeneral.zst"
}