{
  "dram_cache_size": 11,
  "flash_cache_size": 1162,
  "results": [
    {
      "hit": 1838486,
      "iteration": 0,
      "metrics": [
        {
          "admission_treshold": 0,
          "algorithm": "qauto",
          "byte_inserted": 780989,
          "byte_miss": 780989,
          "byte_read": 1838486,
          "byte_reinserted": 171986,
          "hit": 1838486,
          "inserted": 780989,
          "layer": 0,
          "miss_ratio": 0.2981471478063352,
          "reinserted": 171986,
          "req": 2619475
        }
      ],
      "miss_ratio": 0.2981471478063352,
      "req": 2619475
    }
  ],
  "trace": "tencentBlock.ns20326.oracleGeneral.zst"
}