{
  "dram_cache_size": 39,
  "flash_cache_size": 3956,
  "results": [
    {
      "hit": 1834790,
      "iteration": 0,
      "metrics": [
        {
          "admission_treshold": 0,
          "algorithm": "dclock",
          "byte_inserted": 926175,
          "byte_miss": 926175,
          "byte_read": 1834790,
          "byte_reinserted": 94442,
          "hit": 1834790,
          "inserted": 926175,
          "layer": 0,
          "miss_ratio": 0.33545336503722434,
          "reinserted": 94442,
          "req": 2760965
        }
      ],
      "miss_ratio": 0.33545336503722434,
      "req": 2760965
    }
  ],
  "trace": "tencentBlock.ns2990.oracleGeneral.zst"
}