{
  "dram_cache_size": 28,
  "flash_cache_size": 2823,
  "results": [
    {
      "hit": 1468171,
      "iteration": 0,
      "metrics": [
        {
          "admission_treshold": 0,
          "algorithm": "t4auto",
          "byte_inserted": 1098953,
          "byte_miss": 1098953,
          "byte_read": 1468171,
          "byte_reinserted": 282147,
          "hit": 1468171,
          "inserted": 1098953,
          "layer": 0,
          "miss_ratio": 0.42808722913267927,
          "reinserted": 282147,
          "req": 2567124
        }
      ],
      "miss_ratio": 0.42808722913267927,
      "req": 2567124
    }
  ],
  "trace": "tencentBlock.ns7509.oracleGeneral.zst"
}