{
  "dram_cache_size": 34,
  "flash_cache_size": 3407,
  "results": [
    {
      "hit": 1014724,
      "iteration": 0,
      "metrics": [
        {
          "admission_treshold": 0,
          "algorithm": "d3clock",
          "byte_inserted": 1082089,
          "byte_miss": 1082089,
          "byte_read": 1014724,
          "byte_reinserted": 185008,
          "hit": 1014724,
          "inserted": 1082089,
          "layer": 0,
          "miss_ratio": 0.5160636642371065,
          "reinserted": 185008,
          "req": 2096813
        }
      ],
      "miss_ratio": 0.5160636642371065,
      "req": 2096813
    }
  ],
  "trace": "tencentBlock.ns19129.oracleGeneral.zst"
}