{
  "dram_cache_size": 71,
  "flash_cache_size": 7128,
  "results": [
    {
      "hit": 248875616,
      "iteration": 0,
      "metrics": [
        {
          "admission_treshold": 0,
          "algorithm": "g2clock",
          "byte_inserted": 8238638,
          "byte_miss": 8238638,
          "byte_read": 248875616,
          "byte_reinserted": 22924638,
          "hit": 248875616,
          "inserted": 8238638,
          "layer": 0,
          "miss_ratio": 0.032042712031049025,
          "reinserted": 22924638,
          "req": 257114254
        }
      ],
      "miss_ratio": 0.032042712031049025,
      "req": 257114254
    }
  ],
  "trace": "blender_query_metadata_cache.1.oracleGeneral.sample10.zst"
}