{
  "dram_cache_size": 14,
  "flash_cache_size": 1462,
  "results": [
    {
      "hit": 1081671,
      "iteration": 0,
      "metrics": [
        {
          "admission_treshold": 0,
          "algorithm": "q-clock",
          "byte_inserted": 537441,
          "byte_miss": 537441,
          "byte_read": 1081671,
          "byte_reinserted": 58972,
          "hit": 1081671,
          "inserted": 537441,
          "layer": 0,
          "miss_ratio": 0.3319356536175385,
          "reinserted": 58972,
          "req": 1619112
        }
      ],
      "miss_ratio": 0.3319356536175385,
      "req": 1619112
    }
  ],
  "trace": "cf_allcolo.ns1359.oracleGeneral.zst"
}