{
  "dram_cache_size": 0,
  "flash_cache_size": 84,
  "results": [
    {
      "hit": 1099427,
      "iteration": 0,
      "metrics": [
        {
          "admission_treshold": 0,
          "algorithm": "t7auto",
          "byte_inserted": 279370,
          "byte_miss": 279370,
          "byte_read": 1099427,
          "byte_reinserted": 75938,
          "hit": 1099427,
          "inserted": 279370,
          "layer": 0,
          "miss_ratio": 0.20261865959963654,
          "reinserted": 75938,
          "req": 1378797
        }
      ],
      "miss_ratio": 0.20261865959963654,
      "req": 1378797
    }
  ],
  "trace": "cf_allcolo.ns5971.oracleGeneral.zst"
}