{
  "dram_cache_size": 28,
  "flash_cache_size": 2888,
  "results": [
    {
      "hit": 2531345,
      "iteration": 0,
      "metrics": [
        {
          "admission_treshold": 0,
          "algorithm": "dclock",
          "byte_inserted": 824460,
          "byte_miss": 824460,
          "byte_read": 2531345,
          "byte_reinserted": 1121087,
          "hit": 2531345,
          "inserted": 824460,
          "layer": 0,
          "miss_ratio": 0.24568173657289383,
          "reinserted": 1121087,
          "req": 3355805
        }
      ],
      "miss_ratio": 0.24568173657289383,
      "req": 3355805
    }
  ],
  "trace": "tencentBlock.ns15100.oracleGeneral.zst"
}