{
  "dram_cache_size": 8,
  "flash_cache_size": 892,
  "results": [
    {
      "hit": 2734058,
      "iteration": 0,
      "metrics": [
        {
          "admission_treshold": 0,
          "algorithm": "g2clock",
          "byte_inserted": 473480,
          "byte_miss": 473480,
          "byte_read": 2734058,
          "byte_reinserted": 494699,
          "hit": 2734058,
          "inserted": 473480,
          "layer": 0,
          "miss_ratio": 0.14761477494576836,
          "reinserted": 494699,
          "req": 3207538
        }
      ],
      "miss_ratio": 0.14761477494576836,
      "req": 3207538
    }
  ],
  "trace": "tencentBlock.ns12654.oracleGeneral.zst"
}