{
  "dram_cache_size": 6,
  "flash_cache_size": 687,
  "results": [
    {
      "hit": 1680794,
      "iteration": 0,
      "metrics": [
        {
          "admission_treshold": 0,
          "algorithm": "gclock",
          "byte_inserted": 439843,
          "byte_miss": 439843,
          "byte_read": 1680794,
          "byte_reinserted": 80186,
          "hit": 1680794,
          "inserted": 439843,
          "layer": 0,
          "miss_ratio": 0.20741079213462743,
          "reinserted": 80186,
          "req": 2120637
        }
      ],
      "miss_ratio": 0.20741079213462743,
      "req": 2120637
    }
  ],
  "trace": "tencentBlock.ns4285.oracleGeneral.zst"
}