{
  "dram_cache_size": 15,
  "flash_cache_size": 1589,
  "results": [
    {
      "hit": 928514,
      "iteration": 0,
      "metrics": [
        {
          "admission_treshold": 0,
          "algorithm": "qand-clock-v2",
          "byte_inserted": 589947,
          "byte_miss": 589947,
          "byte_read": 928514,
          "byte_reinserted": 23480,
          "hit": 928514,
          "inserted": 589947,
          "layer": 0,
          "miss_ratio": 0.38851639916994907,
          "reinserted": 23480,
          "req": 1518461
        }
      ],
      "miss_ratio": 0.38851639916994907,
      "req": 1518461
    }
  ],
  "trace": "tencentBlock.ns19452.oracleGeneral.zst"
}