{
  "dram_cache_size": 52,
  "flash_cache_size": 5267,
  "results": [
    {
      "hit": 2691928,
      "iteration": 0,
      "metrics": [
        {
          "admission_treshold": 0,
          "algorithm": "q2auto",
          "byte_inserted": 1384441,
          "byte_miss": 1384441,
          "byte_read": 2691928,
          "byte_reinserted": 408825,
          "hit": 2691928,
          "inserted": 1384441,
          "layer": 0,
          "miss_ratio": 0.3396260250237405,
          "reinserted": 408825,
          "req": 4076369
        }
      ],
      "miss_ratio": 0.3396260250237405,
      "req": 4076369
    }
  ],
  "trace": "tencentBlock.ns16477.oracleGeneral.zst"
}