{
  "dram_cache_size": 20,
  "flash_cache_size": 2018,
  "results": [
    {
      "hit": 1341944,
      "iteration": 0,
      "metrics": [
        {
          "admission_treshold": 0,
          "algorithm": "t3auto",
          "byte_inserted": 610482,
          "byte_miss": 610482,
          "byte_read": 1341944,
          "byte_reinserted": 198696,
          "hit": 1341944,
          "inserted": 610482,
          "layer": 0,
          "miss_ratio": 0.3126786879502731,
          "reinserted": 198696,
          "req": 1952426
        }
      ],
      "miss_ratio": 0.3126786879502731,
      "req": 1952426
    }
  ],
  "trace": "tencentBlock.ns16489.oracleGeneral.zst"
}