{
  "dram_cache_size": 8,
  "flash_cache_size": 868,
  "results": [
    {
      "hit": 1705892,
      "iteration": 0,
      "metrics": [
        {
          "admission_treshold": 0,
          "algorithm": "g2clock",
          "byte_inserted": 501084,
          "byte_miss": 501084,
          "byte_read": 1705892,
          "byte_reinserted": 512173,
          "hit": 1705892,
          "inserted": 501084,
          "layer": 0,
          "miss_ratio": 0.22704551386150096,
          "reinserted": 512173,
          "req": 2206976
        }
      ],
      "miss_ratio": 0.22704551386150096,
      "req": 2206976
    }
  ],
  "trace": "tencentBlock.ns13513.oracleGeneral.zst"
}