{
  "dram_cache_size": 5,
  "flash_cache_size": 578,
  "results": [
    {
      "hit": 18690148,
      "iteration": 0,
      "metrics": [
        {
          "admission_treshold": 0,
          "algorithm": "dclock",
          "byte_inserted": 581510,
          "byte_miss": 581510,
          "byte_read": 18690148,
          "byte_reinserted": 1198273,
          "hit": 18690148,
          "inserted": 581510,
          "layer": 0,
          "miss_ratio": 0.030174362787052322,
          "reinserted": 1198273,
          "req": 19271658
        }
      ],
      "miss_ratio": 0.030174362787052322,
      "req": 19271658
    }
  ],
  "trace": "url_info_cache.1.oracleGeneral.sample10.zst"
}