{
  "dram_cache_size": 6,
  "flash_cache_size": 624,
  "results": [
    {
      "hit": 732318,
      "iteration": 0,
      "metrics": [
        {
          "admission_treshold": 0,
          "algorithm": "q2auto",
          "byte_inserted": 329484,
          "byte_miss": 329484,
          "byte_read": 732318,
          "byte_reinserted": 167648,
          "hit": 732318,
          "inserted": 329484,
          "layer": 0,
          "miss_ratio": 0.31030644131391727,
          "reinserted": 167648,
          "req": 1061802
        }
      ],
      "miss_ratio": 0.31030644131391727,
      "req": 1061802
    }
  ],
  "trace": "akamai_lax.ns394.oracleGeneral.bin.zst"
}