{
  "dram_cache_size": 135,
  "flash_cache_size": 13563,
  "results": [
    {
      "hit": 60335529,
      "iteration": 0,
      "metrics": [
        {
          "admission_treshold": 0,
          "algorithm": "d3clock",
          "byte_inserted": 35151553,
          "byte_miss": 35151553,
          "byte_read": 60335529,
          "byte_reinserted": 18516964,
          "hit": 60335529,
          "inserted": 35151553,
          "layer": 0,
          "miss_ratio": 0.3681288847008646,
          "reinserted": 18516964,
          "req": 95487082
        }
      ],
      "miss_ratio": 0.3681288847008646,
      "req": 95487082
    }
  ],
  "trace": "cf_allcolo.ns198.oracleGeneral.zst"
}