{
  "dram_cache_size": 115,
  "flash_cache_size": 11567,
  "results": [
    {
      "hit": 90594356,
      "iteration": 0,
      "metrics": [
        {
          "admission_treshold": 0,
          "algorithm": "gclock",
          "byte_inserted": 270366156,
          "byte_miss": 270366156,
          "byte_read": 90594356,
          "byte_reinserted": 37283390,
          "hit": 90594356,
          "inserted": 270366156,
          "layer": 0,
          "miss_ratio": 0.7490186516579409,
          "reinserted": 37283390,
          "req": 360960512
        }
      ],
      "miss_ratio": 0.7490186516579409,
      "req": 360960512
    }
  ],
  "trace": "tencentBlock.ns1063.oracleGeneral.zst"
}