{
  "dram_cache_size": 94,
  "flash_cache_size": 9488,
  "results": [
    {
      "hit": 5522341,
      "iteration": 0,
      "metrics": [
        {
          "admission_treshold": 0,
          "algorithm": "d3clock",
          "byte_inserted": 1548808,
          "byte_miss": 1548808,
          "byte_read": 5522341,
          "byte_reinserted": 116490,
          "hit": 5522341,
          "inserted": 1548808,
          "layer": 0,
          "miss_ratio": 0.2190320130434248,
          "reinserted": 116490,
          "req": 7071149
        }
      ],
      "miss_ratio": 0.2190320130434248,
      "req": 7071149
    }
  ],
  "trace": "tencentBlock.ns2637.oracleGeneral.zst"
}