{
  "dram_cache_size": 55,
  "flash_cache_size": 5586,
  "results": [
    {
      "hit": 3561275,
      "iteration": 0,
      "metrics": [
        {
          "admission_treshold": 0,
          "algorithm": "gclock",
          "byte_inserted": 1460224,
          "byte_miss": 1460224,
          "byte_read": 3561275,
          "byte_reinserted": 661122,
          "hit": 3561275,
          "inserted": 1460224,
          "layer": 0,
          "miss_ratio": 0.29079444205803884,
          "reinserted": 661122,
          "req": 5021499
        }
      ],
      "miss_ratio": 0.29079444205803884,
      "req": 5021499
    }
  ],
  "trace": "tencentBlock.ns4191.oracleGeneral.zst"
}