{
  "dram_cache_size": 49,
  "flash_cache_size": 4901,
  "results": [
    {
      "hit": 1771856,
      "iteration": 0,
      "metrics": [
        {
          "admission_treshold": 0,
          "algorithm": "dclock",
          "byte_inserted": 1281778,
          "byte_miss": 1281778,
          "byte_read": 1771856,
          "byte_reinserted": 136164,
          "hit": 1771856,
          "inserted": 1281778,
          "layer": 0,
          "miss_ratio": 0.41975495426105425,
          "reinserted": 136164,
          "req": 3053634
        }
      ],
      "miss_ratio": 0.41975495426105425,
      "req": 3053634
    }
  ],
  "trace": "tencentBlock.ns20670.oracleGeneral.zst"
}