{
  "dram_cache_size": 26,
  "flash_cache_size": 2628,
  "results": [
    {
      "hit": 772465,
      "iteration": 0,
      "metrics": [
        {
          "admission_treshold": 0,
          "algorithm": "t4auto",
          "byte_inserted": 721151,
          "byte_miss": 721151,
          "byte_read": 772465,
          "byte_reinserted": 13605,
          "hit": 772465,
          "inserted": 721151,
          "layer": 0,
          "miss_ratio": 0.48282222472174907,
          "reinserted": 13605,
          "req": 1493616
        }
      ],
      "miss_ratio": 0.48282222472174907,
      "req": 1493616
    }
  ],
  "trace": "tencentBlock.ns14530.oracleGeneral.zst"
}