{
  "dram_cache_size": 18,
  "flash_cache_size": 1869,
  "results": [
    {
      "hit": 5136312,
      "iteration": 0,
      "metrics": [
        {
          "admission_treshold": 0,
          "algorithm": "g2clock",
          "byte_inserted": 469020,
          "byte_miss": 469020,
          "byte_read": 5136312,
          "byte_reinserted": 592352,
          "hit": 5136312,
          "inserted": 469020,
          "layer": 0,
          "miss_ratio": 0.08367390192052848,
          "reinserted": 592352,
          "req": 5605332
        }
      ],
      "miss_ratio": 0.08367390192052848,
      "req": 5605332
    }
  ],
  "trace": "tencentBlock.ns9883.oracleGeneral.zst"
}