{
  "dram_cache_size": 3,
  "flash_cache_size": 362,
  "results": [
    {
      "hit": 1757161,
      "iteration": 0,
      "metrics": [
        {
          "admission_treshold": 0,
          "algorithm": "tauto",
          "byte_inserted": 2013760,
          "byte_miss": 2013760,
          "byte_read": 1757161,
          "byte_reinserted": 457464,
          "hit": 1757161,
          "inserted": 2013760,
          "layer": 0,
          "miss_ratio": 0.5340233857988539,
          "reinserted": 457464,
          "req": 3770921
        }
      ],
      "miss_ratio": 0.5340233857988539,
      "req": 3770921
    }
  ],
  "trace": "cf_allcolo.ns3962.oracleGeneral.zst"
}