{
  "dram_cache_size": 9,
  "flash_cache_size": 925,
  "results": [
    {
      "hit": 1276384,
      "iteration": 0,
      "metrics": [
        {
          "admission_treshold": 0,
          "algorithm": "sxfifo",
          "byte_inserted": 923616,
          "byte_miss": 923616,
          "byte_read": 1276384,
          "byte_reinserted": 41530,
          "hit": 1276384,
          "inserted": 923616,
          "layer": 0,
          "miss_ratio": 0.4198254545454545,
          "reinserted": 41530,
          "req": 2200000
        }
      ],
      "miss_ratio": 0.4198254545454545,
      "req": 2200000
    }
  ],
  "trace": "io_traces.ns548.oracleGeneral.zst"
}