{
  "dram_cache_size": 895,
  "flash_cache_size": 89540,
  "results": [
    {
      "hit": 2798735,
      "iteration": 0,
      "metrics": [
        {
          "admission_treshold": 0,
          "algorithm": "dclock",
          "byte_inserted": 12001265,
          "byte_miss": 12001265,
          "byte_read": 2798735,
          "byte_reinserted": 230274,
          "hit": 2798735,
          "inserted": 12001265,
          "layer": 0,
          "miss_ratio": 0.8108962837837838,
          "reinserted": 230274,
          "req": 14800000
        }
      ],
      "miss_ratio": 0.8108962837837838,
      "req": 14800000
    }
  ],
  "trace": "io_traces.ns16.oracleGeneral.zst"
}