{
  "dram_cache_size": 167,
  "flash_cache_size": 16730,
  "results": [
    {
      "hit": 11605058,
      "iteration": 0,
      "metrics": [
        {
          "admission_treshold": 0,
          "algorithm": "sxfifo",
          "byte_inserted": 10794942,
          "byte_miss": 10794942,
          "byte_read": 11605058,
          "byte_reinserted": 568008,
          "hit": 11605058,
          "inserted": 10794942,
          "layer": 0,
          "miss_ratio": 0.48191705357142856,
          "reinserted": 568008,
          "req": 22400000
        }
      ],
      "miss_ratio": 0.48191705357142856,
      "req": 22400000
    }
  ],
  "trace": "io_traces.ns556.oracleGeneral.zst"
}