{
  "dram_cache_size": 60,
  "flash_cache_size": 6024,
  "results": [
    {
      "hit": 3835508,
      "iteration": 0,
      "metrics": [
        {
          "admission_treshold": 0,
          "algorithm": "dclock",
          "byte_inserted": 2070063,
          "byte_miss": 2070063,
          "byte_read": 3835508,
          "byte_reinserted": 708854,
          "hit": 3835508,
          "inserted": 2070063,
          "layer": 0,
          "miss_ratio": 0.35052715478317,
          "reinserted": 708854,
          "req": 5905571
        }
      ],
      "miss_ratio": 0.35052715478317,
      "req": 5905571
    }
  ],
  "trace": "tencentBlock.ns14665.oracleGeneral.zst"
}