{
  "dram_cache_size": 15,
  "flash_cache_size": 1597,
  "results": [
    {
      "hit": 512597,
      "iteration": 0,
      "metrics": [
        {
          "admission_treshold": 0,
          "algorithm": "t4auto",
          "byte_inserted": 643115,
          "byte_miss": 643115,
          "byte_read": 512597,
          "byte_reinserted": 16390,
          "hit": 512597,
          "inserted": 643115,
          "layer": 0,
          "miss_ratio": 0.5564664899213645,
          "reinserted": 16390,
          "req": 1155712
        }
      ],
      "miss_ratio": 0.5564664899213645,
      "req": 1155712
    }
  ],
  "trace": "tencentBlock.ns18695.oracleGeneral.zst"
}