{
  "dram_cache_size": 3,
  "flash_cache_size": 344,
  "results": [
    {
      "hit": 1353247,
      "iteration": 0,
      "metrics": [
        {
          "admission_treshold": 0,
          "algorithm": "g2clock",
          "byte_inserted": 274008,
          "byte_miss": 274008,
          "byte_read": 1353247,
          "byte_reinserted": 486516,
          "hit": 1353247,
          "inserted": 274008,
          "layer": 0,
          "miss_ratio": 0.16838663884885896,
          "reinserted": 486516,
          "req": 1627255
        }
      ],
      "miss_ratio": 0.16838663884885896,
      "req": 1627255
    }
  ],
  "trace": "tencentBlock.ns7979.oracleGeneral.zst"
}