{
  "dram_cache_size": 40,
  "flash_cache_size": 4029,
  "results": [
    {
      "hit": 2394604,
      "iteration": 0,
      "metrics": [
        {
          "admission_treshold": 0,
          "algorithm": "q2auto",
          "byte_inserted": 4004622,
          "byte_miss": 4004622,
          "byte_read": 2394604,
          "byte_reinserted": 280380,
          "hit": 2394604,
          "inserted": 4004622,
          "layer": 0,
          "miss_ratio": 0.6257978699298947,
          "reinserted": 280380,
          "req": 6399226
        }
      ],
      "miss_ratio": 0.6257978699298947,
      "req": 6399226
    }
  ],
  "trace": "tencentBlock.ns12823.oracleGeneral.zst"
}