{
  "dram_cache_size": 12,
  "flash_cache_size": 1278,
  "results": [
    {
      "hit": 886693,
      "iteration": 0,
      "metrics": [
        {
          "admission_treshold": 0,
          "algorithm": "gclock",
          "byte_inserted": 491820,
          "byte_miss": 491820,
          "byte_read": 886693,
          "byte_reinserted": 89615,
          "hit": 886693,
          "inserted": 491820,
          "layer": 0,
          "miss_ratio": 0.3567757431377143,
          "reinserted": 89615,
          "req": 1378513
        }
      ],
      "miss_ratio": 0.3567757431377143,
      "req": 1378513
    }
  ],
  "trace": "tencentBlock.ns16751.oracleGeneral.zst"
}