{
  "dram_cache_size": 18,
  "flash_cache_size": 1830,
  "results": [
    {
      "hit": 841284,
      "iteration": 0,
      "metrics": [
        {
          "admission_treshold": 0,
          "algorithm": "s3fclock",
          "byte_inserted": 523053,
          "byte_miss": 523053,
          "byte_read": 841284,
          "byte_reinserted": 14645,
          "hit": 841284,
          "inserted": 523053,
          "layer": 0,
          "miss_ratio": 0.38337522181103345,
          "reinserted": 14645,
          "req": 1364337
        }
      ],
      "miss_ratio": 0.38337522181103345,
      "req": 1364337
    }
  ],
  "trace": "tencentBlock.ns9968.oracleGeneral.zst"
}