{
  "dram_cache_size": 7,
  "flash_cache_size": 797,
  "results": [
    {
      "hit": 1116528,
      "iteration": 0,
      "metrics": [
        {
          "admission_treshold": 0,
          "algorithm": "d3clock",
          "byte_inserted": 412257,
          "byte_miss": 412257,
          "byte_read": 1116528,
          "byte_reinserted": 60756,
          "hit": 1116528,
          "inserted": 412257,
          "layer": 0,
          "miss_ratio": 0.26966316388504596,
          "reinserted": 60756,
          "req": 1528785
        }
      ],
      "miss_ratio": 0.26966316388504596,
      "req": 1528785
    }
  ],
  "trace": "tencentBlock.ns11257.oracleGeneral.zst"
}