{
  "dram_cache_size": 39,
  "flash_cache_size": 3955,
  "results": [
    {
      "hit": 13629427,
      "iteration": 0,
      "metrics": [
        {
          "admission_treshold": 0,
          "algorithm": "t2auto",
          "byte_inserted": 2950671,
          "byte_miss": 2950671,
          "byte_read": 13629427,
          "byte_reinserted": 718851,
          "hit": 13629427,
          "inserted": 2950671,
          "layer": 0,
          "miss_ratio": 0.17796462964211668,
          "reinserted": 718851,
          "req": 16580098
        }
      ],
      "miss_ratio": 0.17796462964211668,
      "req": 16580098
    }
  ],
  "trace": "tencentBlock.ns3367.oracleGeneral.zst"
}