{
  "dram_cache_size": 104,
  "flash_cache_size": 10464,
  "results": [
    {
      "hit": 1498833,
      "iteration": 0,
      "metrics": [
        {
          "admission_treshold": 0,
          "algorithm": "time3-auto",
          "byte_inserted": 8385858,
          "byte_miss": 8385858,
          "byte_read": 1498833,
          "byte_reinserted": 717915,
          "hit": 1498833,
          "inserted": 8385858,
          "layer": 0,
          "miss_ratio": 0.8483682494475548,
          "reinserted": 717915,
          "req": 9884691
        }
      ],
      "miss_ratio": 0.8483682494475548,
      "req": 9884691
    }
  ],
  "trace": "w61.oracleGeneral.bin.zst"
}