{
  "dram_cache_size": 3,
  "flash_cache_size": 357,
  "results": [
    {
      "hit": 3292060,
      "iteration": 0,
      "metrics": [
        {
          "admission_treshold": 0,
          "algorithm": "s3fclock-sequential",
          "byte_inserted": 564921,
          "byte_miss": 564921,
          "byte_read": 3292060,
          "byte_reinserted": 398122,
          "hit": 3292060,
          "inserted": 564921,
          "layer": 0,
          "miss_ratio": 0.1464671461954311,
          "reinserted": 398122,
          "req": 3856981
        }
      ],
      "miss_ratio": 0.1464671461954311,
      "req": 3856981
    }
  ],
  "trace": "cf_allcolo.ns1744.oracleGeneral.zst"
}