{
  "dram_cache_size": 102,
  "flash_cache_size": 10275,
  "results": [
    {
      "hit": 558028,
      "iteration": 0,
      "metrics": [
        {
          "admission_treshold": 0,
          "algorithm": "q2auto",
          "byte_inserted": 1777216,
          "byte_miss": 1777216,
          "byte_read": 558028,
          "byte_reinserted": 124059,
          "hit": 558028,
          "inserted": 1777216,
          "layer": 0,
          "miss_ratio": 0.7610408162915738,
          "reinserted": 124059,
          "req": 2335244
        }
      ],
      "miss_ratio": 0.7610408162915738,
      "req": 2335244
    }
  ],
  "trace": "cf_colo28.ns1315.oracleGeneral.zst"
}