{
  "dram_cache_size": 12,
  "flash_cache_size": 1278,
  "results": [
    {
      "hit": 2751739,
      "iteration": 0,
      "metrics": [
        {
          "admission_treshold": 0,
          "algorithm": "dclock",
          "byte_inserted": 1048261,
          "byte_miss": 1048261,
          "byte_read": 2751739,
          "byte_reinserted": 195295,
          "hit": 2751739,
          "inserted": 1048261,
          "layer": 0,
          "miss_ratio": 0.2758581578947369,
          "reinserted": 195295,
          "req": 3800000
        }
      ],
      "miss_ratio": 0.2758581578947369,
      "req": 3800000
    }
  ],
  "trace": "io_traces.ns500.oracleGeneral.zst"
}