{
  "dram_cache_size": 174,
  "flash_cache_size": 17423,
  "results": [
    {
      "hit": 52373812,
      "iteration": 0,
      "metrics": [
        {
          "admission_treshold": 0,
          "algorithm": "t3auto",
          "byte_inserted": 5226188,
          "byte_miss": 5226188,
          "byte_read": 52373812,
          "byte_reinserted": 1894167,
          "hit": 52373812,
          "inserted": 5226188,
          "layer": 0,
          "miss_ratio": 0.09073243055555558,
          "reinserted": 1894167,
          "req": 57600000
        }
      ],
      "miss_ratio": 0.09073243055555558,
      "req": 57600000
    }
  ],
  "trace": "io_traces.ns336.oracleGeneral.zst"
}