{
  "dram_cache_size": 18,
  "flash_cache_size": 1876,
  "results": [
    {
      "hit": 3090437,
      "iteration": 0,
      "metrics": [
        {
          "admission_treshold": 0,
          "algorithm": "d3clock",
          "byte_inserted": 1309563,
          "byte_miss": 1309563,
          "byte_read": 3090437,
          "byte_reinserted": 354485,
          "hit": 3090437,
          "inserted": 1309563,
          "layer": 0,
          "miss_ratio": 0.29762795454545454,
          "reinserted": 354485,
          "req": 4400000
        }
      ],
      "miss_ratio": 0.29762795454545454,
      "req": 4400000
    }
  ],
  "trace": "io_traces.ns182.oracleGeneral.zst"
}