{
  "dram_cache_size": 24,
  "flash_cache_size": 2465,
  "results": [
    {
      "hit": 2672549,
      "iteration": 0,
      "metrics": [
        {
          "admission_treshold": 0,
          "algorithm": "d3clock",
          "byte_inserted": 1389023,
          "byte_miss": 1389023,
          "byte_read": 2672549,
          "byte_reinserted": 634631,
          "hit": 2672549,
          "inserted": 1389023,
          "layer": 0,
          "miss_ratio": 0.3419914752219092,
          "reinserted": 634631,
          "req": 4061572
        }
      ],
      "miss_ratio": 0.3419914752219092,
      "req": 4061572
    }
  ],
  "trace": "tencentBlock.ns5075.oracleGeneral.zst"
}