{
  "dram_cache_size": 291,
  "flash_cache_size": 29115,
  "results": [
    {
      "hit": 22640430,
      "iteration": 0,
      "metrics": [
        {
          "admission_treshold": 0,
          "algorithm": "gclock",
          "byte_inserted": 27049786,
          "byte_miss": 27049786,
          "byte_read": 22640430,
          "byte_reinserted": 4332196,
          "hit": 22640430,
          "inserted": 27049786,
          "layer": 0,
          "miss_ratio": 0.5443684527352427,
          "reinserted": 4332196,
          "req": 49690216
        }
      ],
      "miss_ratio": 0.5443684527352427,
      "req": 49690216
    }
  ],
  "trace": "tencentBlock.ns12973.oracleGeneral.zst"
}