{
  "dram_cache_size": 15,
  "flash_cache_size": 1573,
  "results": [
    {
      "hit": 613853,
      "iteration": 0,
      "metrics": [
        {
          "admission_treshold": 0,
          "algorithm": "dclock",
          "byte_inserted": 490961,
          "byte_miss": 490961,
          "byte_read": 613853,
          "byte_reinserted": 237437,
          "hit": 613853,
          "inserted": 490961,
          "layer": 0,
          "miss_ratio": 0.4443833984725031,
          "reinserted": 237437,
          "req": 1104814
        }
      ],
      "miss_ratio": 0.4443833984725031,
      "req": 1104814
    }
  ],
  "trace": "tencentBlock.ns24855.oracleGeneral.zst"
}