{
  "dram_cache_size": 29,
  "flash_cache_size": 2936,
  "results": [
    {
      "hit": 2324760,
      "iteration": 0,
      "metrics": [
        {
          "admission_treshold": 0,
          "algorithm": "gclock",
          "byte_inserted": 782572,
          "byte_miss": 782572,
          "byte_read": 2324760,
          "byte_reinserted": 300297,
          "hit": 2324760,
          "inserted": 782572,
          "layer": 0,
          "miss_ratio": 0.25184692205403225,
          "reinserted": 300297,
          "req": 3107332
        }
      ],
      "miss_ratio": 0.25184692205403225,
      "req": 3107332
    }
  ],
  "trace": "tencentBlock.ns18646.oracleGeneral.zst"
}