{
  "dram_cache_size": 6,
  "flash_cache_size": 637,
  "results": [
    {
      "hit": 1528838,
      "iteration": 0,
      "metrics": [
        {
          "admission_treshold": 0,
          "algorithm": "sxfifo",
          "byte_inserted": 286575,
          "byte_miss": 286575,
          "byte_read": 1528838,
          "byte_reinserted": 57781,
          "hit": 1528838,
          "inserted": 286575,
          "layer": 0,
          "miss_ratio": 0.15785664198725025,
          "reinserted": 57781,
          "req": 1815413
        }
      ],
      "miss_ratio": 0.15785664198725025,
      "req": 1815413
    }
  ],
  "trace": "tencentBlock.ns1897.oracleGeneral.zst"
}