{
  "dram_cache_size": 47,
  "flash_cache_size": 4753,
  "results": [
    {
      "hit": 2856909,
      "iteration": 0,
      "metrics": [
        {
          "admission_treshold": 0,
          "algorithm": "gclock",
          "byte_inserted": 2120517,
          "byte_miss": 2120517,
          "byte_read": 2856909,
          "byte_reinserted": 276714,
          "hit": 2856909,
          "inserted": 2120517,
          "layer": 0,
          "miss_ratio": 0.42602682591363483,
          "reinserted": 276714,
          "req": 4977426
        }
      ],
      "miss_ratio": 0.42602682591363483,
      "req": 4977426
    }
  ],
  "trace": "tencentBlock.ns8338.oracleGeneral.zst"
}