{
  "dram_cache_size": 22,
  "flash_cache_size": 2273,
  "results": [
    {
      "hit": 847520,
      "iteration": 0,
      "metrics": [
        {
          "admission_treshold": 0,
          "algorithm": "dclock",
          "byte_inserted": 677645,
          "byte_miss": 677645,
          "byte_read": 847520,
          "byte_reinserted": 13072,
          "hit": 847520,
          "inserted": 677645,
          "layer": 0,
          "miss_ratio": 0.44430930423921344,
          "reinserted": 13072,
          "req": 1525165
        }
      ],
      "miss_ratio": 0.44430930423921344,
      "req": 1525165
    }
  ],
  "trace": "tencentBlock.ns17785.oracleGeneral.zst"
}