{
  "dram_cache_size": 45,
  "flash_cache_size": 4528,
  "results": [
    {
      "hit": 2611936,
      "iteration": 0,
      "metrics": [
        {
          "admission_treshold": 0,
          "algorithm": "gclock",
          "byte_inserted": 1265687,
          "byte_miss": 1265687,
          "byte_read": 2611936,
          "byte_reinserted": 449974,
          "hit": 2611936,
          "inserted": 1265687,
          "layer": 0,
          "miss_ratio": 0.3264079566270367,
          "reinserted": 449974,
          "req": 3877623
        }
      ],
      "miss_ratio": 0.3264079566270367,
      "req": 3877623
    }
  ],
  "trace": "tencentBlock.ns14511.oracleGeneral.zst"
}