{
  "dram_cache_size": 24,
  "flash_cache_size": 2455,
  "results": [
    {
      "hit": 2851592,
      "iteration": 0,
      "metrics": [
        {
          "admission_treshold": 0,
          "algorithm": "qand-clock",
          "byte_inserted": 1475491,
          "byte_miss": 1475491,
          "byte_read": 2851592,
          "byte_reinserted": 426402,
          "hit": 2851592,
          "inserted": 1475491,
          "layer": 0,
          "miss_ratio": 0.34098976146286075,
          "reinserted": 426402,
          "req": 4327083
        }
      ],
      "miss_ratio": 0.34098976146286075,
      "req": 4327083
    }
  ],
  "trace": "tencentBlock.ns16096.oracleGeneral.zst"
}