{
  "dram_cache_size": 29,
  "flash_cache_size": 2954,
  "results": [
    {
      "hit": 2349520,
      "iteration": 0,
      "metrics": [
        {
          "admission_treshold": 0,
          "algorithm": "dclock",
          "byte_inserted": 777635,
          "byte_miss": 777635,
          "byte_read": 2349520,
          "byte_reinserted": 530678,
          "hit": 2349520,
          "inserted": 777635,
          "layer": 0,
          "miss_ratio": 0.24867171598465698,
          "reinserted": 530678,
          "req": 3127155
        }
      ],
      "miss_ratio": 0.24867171598465698,
      "req": 3127155
    }
  ],
  "trace": "tencentBlock.ns21311.oracleGeneral.zst"
}