{
  "dram_cache_size": 13,
  "flash_cache_size": 1360,
  "results": [
    {
      "hit": 626853,
      "iteration": 0,
      "metrics": [
        {
          "admission_treshold": 0,
          "algorithm": "q2auto",
          "byte_inserted": 573147,
          "byte_miss": 573147,
          "byte_read": 626853,
          "byte_reinserted": 74636,
          "hit": 626853,
          "inserted": 573147,
          "layer": 0,
          "miss_ratio": 0.47762249999999995,
          "reinserted": 74636,
          "req": 1200000
        }
      ],
      "miss_ratio": 0.47762249999999995,
      "req": 1200000
    }
  ],
  "trace": "io_traces.ns562.oracleGeneral.zst"
}