{
  "dram_cache_size": 28,
  "flash_cache_size": 2841,
  "results": [
    {
      "hit": 1074014,
      "iteration": 0,
      "metrics": [
        {
          "admission_treshold": 0,
          "algorithm": "d3clock",
          "byte_inserted": 723139,
          "byte_miss": 723139,
          "byte_read": 1074014,
          "byte_reinserted": 152809,
          "hit": 1074014,
          "inserted": 723139,
          "layer": 0,
          "miss_ratio": 0.40238032042903416,
          "reinserted": 152809,
          "req": 1797153
        }
      ],
      "miss_ratio": 0.40238032042903416,
      "req": 1797153
    }
  ],
  "trace": "tencentBlock.ns2473.oracleGeneral.zst"
}