{
  "dram_cache_size": 49,
  "flash_cache_size": 4925,
  "results": [
    {
      "hit": 4124038,
      "iteration": 0,
      "metrics": [
        {
          "admission_treshold": 0,
          "algorithm": "t2auto",
          "byte_inserted": 2318377,
          "byte_miss": 2318377,
          "byte_read": 4124038,
          "byte_reinserted": 137300,
          "hit": 4124038,
          "inserted": 2318377,
          "layer": 0,
          "miss_ratio": 0.359861480516235,
          "reinserted": 137300,
          "req": 6442415
        }
      ],
      "miss_ratio": 0.359861480516235,
      "req": 6442415
    }
  ],
  "trace": "tencentBlock.ns2339.oracleGeneral.zst"
}