{
  "dram_cache_size": 58,
  "flash_cache_size": 5838,
  "results": [
    {
      "hit": 938745,
      "iteration": 0,
      "metrics": [
        {
          "admission_treshold": 0,
          "algorithm": "d3clock",
          "byte_inserted": 919988,
          "byte_miss": 919988,
          "byte_read": 938745,
          "byte_reinserted": 36896,
          "hit": 938745,
          "inserted": 919988,
          "layer": 0,
          "miss_ratio": 0.49495435869487436,
          "reinserted": 36896,
          "req": 1858733
        }
      ],
      "miss_ratio": 0.49495435869487436,
      "req": 1858733
    }
  ],
  "trace": "tencentBlock.ns13299.oracleGeneral.zst"
}