{
  "dram_cache_size": 30,
  "flash_cache_size": 3055,
  "results": [
    {
      "hit": 2012571,
      "iteration": 0,
      "metrics": [
        {
          "admission_treshold": 0,
          "algorithm": "g2clock",
          "byte_inserted": 973800,
          "byte_miss": 973800,
          "byte_read": 2012571,
          "byte_reinserted": 293117,
          "hit": 2012571,
          "inserted": 973800,
          "layer": 0,
          "miss_ratio": 0.32608138774452333,
          "reinserted": 293117,
          "req": 2986371
        }
      ],
      "miss_ratio": 0.32608138774452333,
      "req": 2986371
    }
  ],
  "trace": "tencentBlock.ns20489.oracleGeneral.zst"
}