{
  "dram_cache_size": 69,
  "flash_cache_size": 6979,
  "results": [
    {
      "hit": 5126468,
      "iteration": 0,
      "metrics": [
        {
          "admission_treshold": 0,
          "algorithm": "lru",
          "byte_inserted": 2380754,
          "byte_miss": 2380754,
          "byte_read": 5126468,
          "byte_reinserted": 5126468,
          "hit": 5126468,
          "inserted": 2380754,
          "layer": 0,
          "miss_ratio": 0.31712849306974,
          "reinserted": 5126468,
          "req": 7507222
        }
      ],
      "miss_ratio": 0.31712849306974,
      "req": 7507222
    }
  ],
  "trace": "tencentBlock.ns11733.oracleGeneral.zst"
}