{
  "dram_cache_size": 45,
  "flash_cache_size": 4518,
  "results": [
    {
      "hit": 2880732,
      "iteration": 0,
      "metrics": [
        {
          "admission_treshold": 0,
          "algorithm": "cm-clock",
          "byte_inserted": 1250149,
          "byte_miss": 1250149,
          "byte_read": 2880732,
          "byte_reinserted": 450396,
          "hit": 2880732,
          "inserted": 1250149,
          "layer": 0,
          "miss_ratio": 0.30263495849916766,
          "reinserted": 450396,
          "req": 4130881
        }
      ],
      "miss_ratio": 0.30263495849916766,
      "req": 4130881
    }
  ],
  "trace": "tencentBlock.ns15466.oracleGeneral.zst"
}