{
  "dram_cache_size": 7,
  "flash_cache_size": 708,
  "results": [
    {
      "hit": 1635942,
      "iteration": 0,
      "metrics": [
        {
          "admission_treshold": 0,
          "algorithm": "g2clock",
          "byte_inserted": 452968,
          "byte_miss": 452968,
          "byte_read": 1635942,
          "byte_reinserted": 292736,
          "hit": 1635942,
          "inserted": 452968,
          "layer": 0,
          "miss_ratio": 0.2168441914682777,
          "reinserted": 292736,
          "req": 2088910
        }
      ],
      "miss_ratio": 0.2168441914682777,
      "req": 2088910
    }
  ],
  "trace": "tencentBlock.ns6567.oracleGeneral.zst"
}