{
  "dram_cache_size": 74,
  "flash_cache_size": 7411,
  "results": [
    {
      "hit": 8181595,
      "iteration": 0,
      "metrics": [
        {
          "admission_treshold": 0,
          "algorithm": "dclock",
          "byte_inserted": 1780628,
          "byte_miss": 1780628,
          "byte_read": 8181595,
          "byte_reinserted": 546935,
          "hit": 8181595,
          "inserted": 1780628,
          "layer": 0,
          "miss_ratio": 0.17873801861291405,
          "reinserted": 546935,
          "req": 9962223
        }
      ],
      "miss_ratio": 0.17873801861291405,
      "req": 9962223
    }
  ],
  "trace": "cf_allcolo.ns878.oracleGeneral.zst"
}