{
  "dram_cache_size": 75,
  "flash_cache_size": 7547,
  "results": [
    {
      "hit": 9336145,
      "iteration": 0,
      "metrics": [
        {
          "admission_treshold": 0,
          "algorithm": "dclock",
          "byte_inserted": 44028557,
          "byte_miss": 44028557,
          "byte_read": 9336145,
          "byte_reinserted": 627044,
          "hit": 9336145,
          "inserted": 44028557,
          "layer": 0,
          "miss_ratio": 0.8250501801734038,
          "reinserted": 627044,
          "req": 53364702
        }
      ],
      "miss_ratio": 0.8250501801734038,
      "req": 53364702
    }
  ],
  "trace": "tencentBlock.ns1498.oracleGeneral.zst"
}