{
  "dram_cache_size": 15,
  "flash_cache_size": 1521,
  "results": [
    {
      "hit": 717468,
      "iteration": 0,
      "metrics": [
        {
          "admission_treshold": 0,
          "algorithm": "g2clock",
          "byte_inserted": 639468,
          "byte_miss": 639468,
          "byte_read": 717468,
          "byte_reinserted": 188193,
          "hit": 717468,
          "inserted": 639468,
          "layer": 0,
          "miss_ratio": 0.4712587771272927,
          "reinserted": 188193,
          "req": 1356936
        }
      ],
      "miss_ratio": 0.4712587771272927,
      "req": 1356936
    }
  ],
  "trace": "tencentBlock.ns17531.oracleGeneral.zst"
}