{
  "dram_cache_size": 9,
  "flash_cache_size": 974,
  "results": [
    {
      "hit": 2266829,
      "iteration": 0,
      "metrics": [
        {
          "admission_treshold": 0,
          "algorithm": "t5auto",
          "byte_inserted": 7382452,
          "byte_miss": 7382452,
          "byte_read": 2266829,
          "byte_reinserted": 189562,
          "hit": 2266829,
          "inserted": 7382452,
          "layer": 0,
          "miss_ratio": 0.7650779368949873,
          "reinserted": 189562,
          "req": 9649281
        }
      ],
      "miss_ratio": 0.7650779368949873,
      "req": 9649281
    }
  ],
  "trace": "tencentBlock.ns12132.oracleGeneral.zst"
}