{
  "dram_cache_size": 33,
  "flash_cache_size": 3372,
  "results": [
    {
      "hit": 3290148,
      "iteration": 0,
      "metrics": [
        {
          "admission_treshold": 0,
          "algorithm": "q2auto",
          "byte_inserted": 1186725,
          "byte_miss": 1186725,
          "byte_read": 3290148,
          "byte_reinserted": 243047,
          "hit": 3290148,
          "inserted": 1186725,
          "layer": 0,
          "miss_ratio": 0.2650789959867077,
          "reinserted": 243047,
          "req": 4476873
        }
      ],
      "miss_ratio": 0.2650789959867077,
      "req": 4476873
    }
  ],
  "trace": "tencentBlock.ns3360.oracleGeneral.zst"
}