{
  "dram_cache_size": 27,
  "flash_cache_size": 2708,
  "results": [
    {
      "hit": 1549000,
      "iteration": 0,
      "metrics": [
        {
          "admission_treshold": 0,
          "algorithm": "gclock",
          "byte_inserted": 1640781,
          "byte_miss": 1640781,
          "byte_read": 1549000,
          "byte_reinserted": 202503,
          "hit": 1549000,
          "inserted": 1640781,
          "layer": 0,
          "miss_ratio": 0.5143867243550576,
          "reinserted": 202503,
          "req": 3189781
        }
      ],
      "miss_ratio": 0.5143867243550576,
      "req": 3189781
    }
  ],
  "trace": "tencentBlock.ns9388.oracleGeneral.zst"
}