{
  "dram_cache_size": 47,
  "flash_cache_size": 4762,
  "results": [
    {
      "hit": 2733672,
      "iteration": 0,
      "metrics": [
        {
          "admission_treshold": 0,
          "algorithm": "qand-clock",
          "byte_inserted": 1271773,
          "byte_miss": 1271773,
          "byte_read": 2733672,
          "byte_reinserted": 598508,
          "hit": 2733672,
          "inserted": 1271773,
          "layer": 0,
          "miss_ratio": 0.3175110380993872,
          "reinserted": 598508,
          "req": 4005445
        }
      ],
      "miss_ratio": 0.3175110380993872,
      "req": 4005445
    }
  ],
  "trace": "tencentBlock.ns20106.oracleGeneral.zst"
}