{
  "dram_cache_size": 24,
  "flash_cache_size": 2418,
  "results": [
    {
      "hit": 764025,
      "iteration": 0,
      "metrics": [
        {
          "admission_treshold": 0,
          "algorithm": "qauto",
          "byte_inserted": 630233,
          "byte_miss": 630233,
          "byte_read": 764025,
          "byte_reinserted": 85676,
          "hit": 764025,
          "inserted": 630233,
          "layer": 0,
          "miss_ratio": 0.4520203577817018,
          "reinserted": 85676,
          "req": 1394258
        }
      ],
      "miss_ratio": 0.4520203577817018,
      "req": 1394258
    }
  ],
  "trace": "tencentBlock.ns18757.oracleGeneral.zst"
}