{
  "dram_cache_size": 15,
  "flash_cache_size": 1555,
  "results": [
    {
      "hit": 882526,
      "iteration": 0,
      "metrics": [
        {
          "admission_treshold": 0,
          "algorithm": "g2clock",
          "byte_inserted": 392887,
          "byte_miss": 392887,
          "byte_read": 882526,
          "byte_reinserted": 55529,
          "hit": 882526,
          "inserted": 392887,
          "layer": 0,
          "miss_ratio": 0.30804688363690824,
          "reinserted": 55529,
          "req": 1275413
        }
      ],
      "miss_ratio": 0.30804688363690824,
      "req": 1275413
    }
  ],
  "trace": "tencentBlock.ns23420.oracleGeneral.zst"
}