{
  "dram_cache_size": 101,
  "flash_cache_size": 10102,
  "results": [
    {
      "hit": 410901,
      "iteration": 0,
      "metrics": [
        {
          "admission_treshold": 0,
          "algorithm": "time2-auto",
          "byte_inserted": 1230459,
          "byte_miss": 1230459,
          "byte_read": 410901,
          "byte_reinserted": 82361,
          "hit": 410901,
          "inserted": 1230459,
          "layer": 0,
          "miss_ratio": 0.7496582102646585,
          "reinserted": 82361,
          "req": 1641360
        }
      ],
      "miss_ratio": 0.7496582102646585,
      "req": 1641360
    }
  ],
  "trace": "akamai_sjc.ns941.oracleGeneral.bin.zst"
}