{
  "dram_cache_size": 1,
  "flash_cache_size": 176,
  "results": [
    {
      "hit": 982887,
      "iteration": 0,
      "metrics": [
        {
          "admission_treshold": 0,
          "algorithm": "dclock",
          "byte_inserted": 184374,
          "byte_miss": 184374,
          "byte_read": 982887,
          "byte_reinserted": 482621,
          "hit": 982887,
          "inserted": 184374,
          "layer": 0,
          "miss_ratio": 0.15795439066327066,
          "reinserted": 482621,
          "req": 1167261
        }
      ],
      "miss_ratio": 0.15795439066327066,
      "req": 1167261
    }
  ],
  "trace": "cf_allcolo.ns5043.oracleGeneral.zst"
}