{
  "dram_cache_size": 11,
  "flash_cache_size": 1182,
  "results": [
    {
      "hit": 1320379,
      "iteration": 0,
      "metrics": [
        {
          "admission_treshold": 0,
          "algorithm": "t2auto",
          "byte_inserted": 1079621,
          "byte_miss": 1079621,
          "byte_read": 1320379,
          "byte_reinserted": 94263,
          "hit": 1320379,
          "inserted": 1079621,
          "layer": 0,
          "miss_ratio": 0.4498420833333333,
          "reinserted": 94263,
          "req": 2400000
        }
      ],
      "miss_ratio": 0.4498420833333333,
      "req": 2400000
    }
  ],
  "trace": "io_traces.ns456.oracleGeneral.zst"
}