{
  "dram_cache_size": 17,
  "flash_cache_size": 1770,
  "results": [
    {
      "hit": 1261375,
      "iteration": 0,
      "metrics": [
        {
          "admission_treshold": 0,
          "algorithm": "g2clock",
          "byte_inserted": 1138625,
          "byte_miss": 1138625,
          "byte_read": 1261375,
          "byte_reinserted": 22363,
          "hit": 1261375,
          "inserted": 1138625,
          "layer": 0,
          "miss_ratio": 0.4744270833333334,
          "reinserted": 22363,
          "req": 2400000
        }
      ],
      "miss_ratio": 0.4744270833333334,
      "req": 2400000
    }
  ],
  "trace": "io_traces.ns249.oracleGeneral.zst"
}