{
  "dram_cache_size": 198,
  "flash_cache_size": 19801,
  "results": [
    {
      "hit": 24737133,
      "iteration": 0,
      "metrics": [
        {
          "admission_treshold": 0,
          "algorithm": "d3clock",
          "byte_inserted": 32767412,
          "byte_miss": 32767412,
          "byte_read": 24737133,
          "byte_reinserted": 15235403,
          "hit": 24737133,
          "inserted": 32767412,
          "layer": 0,
          "miss_ratio": 0.5698229939911705,
          "reinserted": 15235403,
          "req": 57504545
        }
      ],
      "miss_ratio": 0.5698229939911705,
      "req": 57504545
    }
  ],
  "trace": "tencentBlock.ns5374.oracleGeneral.zst"
}