{
  "dram_cache_size": 16,
  "flash_cache_size": 1667,
  "results": [
    {
      "hit": 3071130,
      "iteration": 0,
      "metrics": [
        {
          "admission_treshold": 0,
          "algorithm": "t3auto",
          "byte_inserted": 898486,
          "byte_miss": 898486,
          "byte_read": 3071130,
          "byte_reinserted": 133834,
          "hit": 3071130,
          "inserted": 898486,
          "layer": 0,
          "miss_ratio": 0.2263407845998202,
          "reinserted": 133834,
          "req": 3969616
        }
      ],
      "miss_ratio": 0.2263407845998202,
      "req": 3969616
    }
  ],
  "trace": "tencentBlock.ns21256.oracleGeneral.zst"
}