{
  "dram_cache_size": 47,
  "flash_cache_size": 4762,
  "results": [
    {
      "hit": 2768350,
      "iteration": 0,
      "metrics": [
        {
          "admission_treshold": 0,
          "algorithm": "gclock",
          "byte_inserted": 1237095,
          "byte_miss": 1237095,
          "byte_read": 2768350,
          "byte_reinserted": 718129,
          "hit": 2768350,
          "inserted": 1237095,
          "layer": 0,
          "miss_ratio": 0.30885332341350336,
          "reinserted": 718129,
          "req": 4005445
        }
      ],
      "miss_ratio": 0.30885332341350336,
      "req": 4005445
    }
  ],
  "trace": "tencentBlock.ns20106.oracleGeneral.zst"
}