{
  "dram_cache_size": 40,
  "flash_cache_size": 4085,
  "results": [
    {
      "hit": 2932327,
      "iteration": 0,
      "metrics": [
        {
          "admission_treshold": 0,
          "algorithm": "t6auto",
          "byte_inserted": 3435814,
          "byte_miss": 3435814,
          "byte_read": 2932327,
          "byte_reinserted": 66755,
          "hit": 2932327,
          "inserted": 3435814,
          "layer": 0,
          "miss_ratio": 0.5395317094894727,
          "reinserted": 66755,
          "req": 6368141
        }
      ],
      "miss_ratio": 0.5395317094894727,
      "req": 6368141
    }
  ],
  "trace": "tencentBlock.ns13662.oracleGeneral.zst"
}