{
  "dram_cache_size": 102,
  "flash_cache_size": 10276,
  "results": [
    {
      "hit": 1811152,
      "iteration": 0,
      "metrics": [
        {
          "admission_treshold": 0,
          "algorithm": "sxfifo",
          "byte_inserted": 2969332,
          "byte_miss": 2969332,
          "byte_read": 1811152,
          "byte_reinserted": 177532,
          "hit": 1811152,
          "inserted": 2969332,
          "layer": 0,
          "miss_ratio": 0.62113626988397,
          "reinserted": 177532,
          "req": 4780484
        }
      ],
      "miss_ratio": 0.62113626988397,
      "req": 4780484
    }
  ],
  "trace": "tencentBlock.ns20042.oracleGeneral.zst"
}