{
  "dram_cache_size": 22,
  "flash_cache_size": 2294,
  "results": [
    {
      "hit": 791158,
      "iteration": 0,
      "metrics": [
        {
          "admission_treshold": 0,
          "algorithm": "g2clock",
          "byte_inserted": 676350,
          "byte_miss": 676350,
          "byte_read": 791158,
          "byte_reinserted": 21533,
          "hit": 791158,
          "inserted": 676350,
          "layer": 0,
          "miss_ratio": 0.4608833478250204,
          "reinserted": 21533,
          "req": 1467508
        }
      ],
      "miss_ratio": 0.4608833478250204,
      "req": 1467508
    }
  ],
  "trace": "tencentBlock.ns13095.oracleGeneral.zst"
}