{
  "dram_cache_size": 16,
  "flash_cache_size": 1673,
  "results": [
    {
      "hit": 538270,
      "iteration": 0,
      "metrics": [
        {
          "admission_treshold": 0,
          "algorithm": "d3clock",
          "byte_inserted": 654629,
          "byte_miss": 654629,
          "byte_read": 538270,
          "byte_reinserted": 40595,
          "hit": 538270,
          "inserted": 654629,
          "layer": 0,
          "miss_ratio": 0.5487715221489833,
          "reinserted": 40595,
          "req": 1192899
        }
      ],
      "miss_ratio": 0.5487715221489833,
      "req": 1192899
    }
  ],
  "trace": "tencentBlock.ns17860.oracleGeneral.zst"
}