{
  "dram_cache_size": 2,
  "flash_cache_size": 253,
  "results": [
    {
      "hit": 2002602,
      "iteration": 0,
      "metrics": [
        {
          "admission_treshold": 0,
          "algorithm": "cm-clock",
          "byte_inserted": 2129242,
          "byte_miss": 2129242,
          "byte_read": 2002602,
          "byte_reinserted": 207138,
          "hit": 2002602,
          "inserted": 2129242,
          "layer": 0,
          "miss_ratio": 0.515324876737844,
          "reinserted": 207138,
          "req": 4131844
        }
      ],
      "miss_ratio": 0.515324876737844,
      "req": 4131844
    }
  ],
  "trace": "cf_colo28.ns949.oracleGeneral.zst"
}