{
  "dram_cache_size": 194,
  "flash_cache_size": 19404,
  "results": [
    {
      "hit": 714141,
      "iteration": 0,
      "metrics": [
        {
          "admission_treshold": 0,
          "algorithm": "time-auto",
          "byte_inserted": 2085859,
          "byte_miss": 2085859,
          "byte_read": 714141,
          "byte_reinserted": 218001,
          "hit": 714141,
          "inserted": 2085859,
          "layer": 0,
          "miss_ratio": 0.7449496428571429,
          "reinserted": 218001,
          "req": 2800000
        }
      ],
      "miss_ratio": 0.7449496428571429,
      "req": 2800000
    }
  ],
  "trace": "io_traces.ns825.oracleGeneral.zst"
}