{
  "dram_cache_size": 146,
  "flash_cache_size": 14636,
  "results": [
    {
      "hit": 31882941,
      "iteration": 0,
      "metrics": [
        {
          "admission_treshold": 0,
          "algorithm": "qand-clock-v2",
          "byte_inserted": 7317059,
          "byte_miss": 7317059,
          "byte_read": 31882941,
          "byte_reinserted": 2759504,
          "hit": 31882941,
          "inserted": 7317059,
          "layer": 0,
          "miss_ratio": 0.18665966836734693,
          "reinserted": 2759504,
          "req": 39200000
        }
      ],
      "miss_ratio": 0.18665966836734693,
      "req": 39200000
    }
  ],
  "trace": "io_traces.ns66.oracleGeneral.zst"
}