{
  "dram_cache_size": 878,
  "flash_cache_size": 87842,
  "results": [
    {
      "hit": 2828486,
      "iteration": 0,
      "metrics": [
        {
          "admission_treshold": 0,
          "algorithm": "gclock",
          "byte_inserted": 11571514,
          "byte_miss": 11571514,
          "byte_read": 2828486,
          "byte_reinserted": 319081,
          "hit": 2828486,
          "inserted": 11571514,
          "layer": 0,
          "miss_ratio": 0.8035773611111111,
          "reinserted": 319081,
          "req": 14400000
        }
      ],
      "miss_ratio": 0.8035773611111111,
      "req": 14400000
    }
  ],
  "trace": "io_traces.ns61.oracleGeneral.zst"
}