{
  "dram_cache_size": 99,
  "flash_cache_size": 9923,
  "results": [
    {
      "hit": 23007173,
      "iteration": 0,
      "metrics": [
        {
          "admission_treshold": 0,
          "algorithm": "dclock",
          "byte_inserted": 4992827,
          "byte_miss": 4992827,
          "byte_read": 23007173,
          "byte_reinserted": 2668715,
          "hit": 23007173,
          "inserted": 4992827,
          "layer": 0,
          "miss_ratio": 0.17831525000000004,
          "reinserted": 2668715,
          "req": 28000000
        }
      ],
      "miss_ratio": 0.17831525000000004,
      "req": 28000000
    }
  ],
  "trace": "io_traces.ns332.oracleGeneral.zst"
}