{
  "dram_cache_size": 25,
  "flash_cache_size": 2590,
  "results": [
    {
      "hit": 1580114,
      "iteration": 0,
      "metrics": [
        {
          "admission_treshold": 0,
          "algorithm": "gclock",
          "byte_inserted": 586432,
          "byte_miss": 586432,
          "byte_read": 1580114,
          "byte_reinserted": 645125,
          "hit": 1580114,
          "inserted": 586432,
          "layer": 0,
          "miss_ratio": 0.270675997647869,
          "reinserted": 645125,
          "req": 2166546
        }
      ],
      "miss_ratio": 0.270675997647869,
      "req": 2166546
    }
  ],
  "trace": "tencentBlock.ns13132.oracleGeneral.zst"
}