{
  "dram_cache_size": 20,
  "flash_cache_size": 2066,
  "results": [
    {
      "hit": 3311756,
      "iteration": 0,
      "metrics": [
        {
          "admission_treshold": 0,
          "algorithm": "gclock",
          "byte_inserted": 1046773,
          "byte_miss": 1046773,
          "byte_read": 3311756,
          "byte_reinserted": 253007,
          "hit": 3311756,
          "inserted": 1046773,
          "layer": 0,
          "miss_ratio": 0.24016657913713546,
          "reinserted": 253007,
          "req": 4358529
        }
      ],
      "miss_ratio": 0.24016657913713546,
      "req": 4358529
    }
  ],
  "trace": "tencentBlock.ns8835.oracleGeneral.zst"
}