{
  "dram_cache_size": 14,
  "flash_cache_size": 1471,
  "results": [
    {
      "hit": 1279481,
      "iteration": 0,
      "metrics": [
        {
          "admission_treshold": 0,
          "algorithm": "q2auto",
          "byte_inserted": 943777,
          "byte_miss": 943777,
          "byte_read": 1279481,
          "byte_reinserted": 322605,
          "hit": 1279481,
          "inserted": 943777,
          "layer": 0,
          "miss_ratio": 0.4245017897158134,
          "reinserted": 322605,
          "req": 2223258
        }
      ],
      "miss_ratio": 0.4245017897158134,
      "req": 2223258
    }
  ],
  "trace": "tencentBlock.ns18063.oracleGeneral.zst"
}