{
  "dram_cache_size": 45,
  "flash_cache_size": 4523,
  "results": [
    {
      "hit": 8016320,
      "iteration": 0,
      "metrics": [
        {
          "admission_treshold": 0,
          "algorithm": "d3clock",
          "byte_inserted": 2555100,
          "byte_miss": 2555100,
          "byte_read": 8016320,
          "byte_reinserted": 667084,
          "hit": 8016320,
          "inserted": 2555100,
          "layer": 0,
          "miss_ratio": 0.2416988446206848,
          "reinserted": 667084,
          "req": 10571420
        }
      ],
      "miss_ratio": 0.2416988446206848,
      "req": 10571420
    }
  ],
  "trace": "tencentBlock.ns13429.oracleGeneral.zst"
}