{
  "dram_cache_size": 13,
  "flash_cache_size": 1377,
  "results": [
    {
      "hit": 853098,
      "iteration": 0,
      "metrics": [
        {
          "admission_treshold": 0,
          "algorithm": "g2clock",
          "byte_inserted": 659897,
          "byte_miss": 659897,
          "byte_read": 853098,
          "byte_reinserted": 176332,
          "hit": 853098,
          "inserted": 659897,
          "layer": 0,
          "miss_ratio": 0.4361527962749381,
          "reinserted": 176332,
          "req": 1512995
        }
      ],
      "miss_ratio": 0.4361527962749381,
      "req": 1512995
    }
  ],
  "trace": "tencentBlock.ns4521.oracleGeneral.zst"
}