{
  "dram_cache_size": 82,
  "flash_cache_size": 8288,
  "results": [
    {
      "hit": 3249433,
      "iteration": 0,
      "metrics": [
        {
          "admission_treshold": 0,
          "algorithm": "d3clock",
          "byte_inserted": 36003020,
          "byte_miss": 36003020,
          "byte_read": 3249433,
          "byte_reinserted": 2446528,
          "hit": 3249433,
          "inserted": 36003020,
          "layer": 0,
          "miss_ratio": 0.9172170717585472,
          "reinserted": 2446528,
          "req": 39252453
        }
      ],
      "miss_ratio": 0.9172170717585472,
      "req": 39252453
    }
  ],
  "trace": "tencentBlock.ns5513.oracleGeneral.zst"
}