{
  "dram_cache_size": 60,
  "flash_cache_size": 6063,
  "results": [
    {
      "hit": 674722,
      "iteration": 0,
      "metrics": [
        {
          "admission_treshold": 0,
          "algorithm": "gclock",
          "byte_inserted": 3609936,
          "byte_miss": 3609936,
          "byte_read": 674722,
          "byte_reinserted": 123086,
          "hit": 674722,
          "inserted": 3609936,
          "layer": 0,
          "miss_ratio": 0.8425260545882542,
          "reinserted": 123086,
          "req": 4284658
        }
      ],
      "miss_ratio": 0.8425260545882542,
      "req": 4284658
    }
  ],
  "trace": "w92.oracleGeneral.bin.zst"
}