{
  "dram_cache_size": 2,
  "flash_cache_size": 211,
  "results": [
    {
      "hit": 4558147,
      "iteration": 0,
      "metrics": [
        {
          "admission_treshold": 0,
          "algorithm": "qauto",
          "byte_inserted": 22344,
          "byte_miss": 22344,
          "byte_read": 4558147,
          "byte_reinserted": 21571,
          "hit": 4558147,
          "inserted": 22344,
          "layer": 0,
          "miss_ratio": 0.00487807966438536,
          "reinserted": 21571,
          "req": 4580491
        }
      ],
      "miss_ratio": 0.00487807966438536,
      "req": 4580491
    }
  ],
  "trace": "cf_allcolo.ns4918.oracleGeneral.zst"
}