{
  "dram_cache_size": 74,
  "flash_cache_size": 7422,
  "results": [
    {
      "hit": 28112927,
      "iteration": 0,
      "metrics": [
        {
          "admission_treshold": 0,
          "algorithm": "lru",
          "byte_inserted": 748152,
          "byte_miss": 748152,
          "byte_read": 28112927,
          "byte_reinserted": 28112927,
          "hit": 28112927,
          "inserted": 748152,
          "layer": 0,
          "miss_ratio": 0.025922523548062792,
          "reinserted": 28112927,
          "req": 28861079
        }
      ],
      "miss_ratio": 0.025922523548062792,
      "req": 28861079
    }
  ],
  "trace": "cf_allcolo.ns782.oracleGeneral.zst"
}