{
  "dram_cache_size": 870,
  "flash_cache_size": 87064,
  "results": [
    {
      "hit": 2799724,
      "iteration": 0,
      "metrics": [
        {
          "admission_treshold": 0,
          "algorithm": "g2clock",
          "byte_inserted": 11600276,
          "byte_miss": 11600276,
          "byte_read": 2799724,
          "byte_reinserted": 306561,
          "hit": 2799724,
          "inserted": 11600276,
          "layer": 0,
          "miss_ratio": 0.8055747222222223,
          "reinserted": 306561,
          "req": 14400000
        }
      ],
      "miss_ratio": 0.8055747222222223,
      "req": 14400000
    }
  ],
  "trace": "io_traces.ns20.oracleGeneral.zst"
}