{
  "dram_cache_size": 54,
  "flash_cache_size": 5451,
  "results": [
    {
      "hit": 3046500,
      "iteration": 0,
      "metrics": [
        {
          "admission_treshold": 0,
          "algorithm": "dclock",
          "byte_inserted": 1389867,
          "byte_miss": 1389867,
          "byte_read": 3046500,
          "byte_reinserted": 1319927,
          "hit": 3046500,
          "inserted": 1389867,
          "layer": 0,
          "miss_ratio": 0.31328945508791317,
          "reinserted": 1319927,
          "req": 4436367
        }
      ],
      "miss_ratio": 0.31328945508791317,
      "req": 4436367
    }
  ],
  "trace": "tencentBlock.ns7047.oracleGeneral.zst"
}