{
  "dram_cache_size": 10,
  "flash_cache_size": 1079,
  "results": [
    {
      "hit": 2444781,
      "iteration": 0,
      "metrics": [
        {
          "admission_treshold": 0,
          "algorithm": "tauto",
          "byte_inserted": 668127,
          "byte_miss": 668127,
          "byte_read": 2444781,
          "byte_reinserted": 58717,
          "hit": 2444781,
          "inserted": 668127,
          "layer": 0,
          "miss_ratio": 0.21463114232736724,
          "reinserted": 58717,
          "req": 3112908
        }
      ],
      "miss_ratio": 0.21463114232736724,
      "req": 3112908
    }
  ],
  "trace": "tencentBlock.ns3060.oracleGeneral.zst"
}