{
  "dram_cache_size": 19,
  "flash_cache_size": 1917,
  "results": [
    {
      "hit": 4614082,
      "iteration": 0,
      "metrics": [
        {
          "admission_treshold": 0,
          "algorithm": "d3clock",
          "byte_inserted": 573379,
          "byte_miss": 573379,
          "byte_read": 4614082,
          "byte_reinserted": 94894,
          "hit": 4614082,
          "inserted": 573379,
          "layer": 0,
          "miss_ratio": 0.11053172255174548,
          "reinserted": 94894,
          "req": 5187461
        }
      ],
      "miss_ratio": 0.11053172255174548,
      "req": 5187461
    }
  ],
  "trace": "tencentBlock.ns4845.oracleGeneral.zst"
}