{
  "dram_cache_size": 4711381,
  "flash_cache_size": 471138144,
  "results": [
    {
      "hit": 4474353,
      "iteration": 0,
      "metrics": [
        {
          "admission_treshold": 0,
          "algorithm": "qauto",
          "byte_inserted": 108626053632,
          "byte_miss": 108626053632,
          "byte_read": 56680349696,
          "byte_reinserted": 15194068480,
          "hit": 4474353,
          "inserted": 5345877,
          "layer": 0,
          "miss_ratio": 0.5443739097760439,
          "reinserted": 1070136,
          "req": 9820230
        }
      ],
      "miss_ratio": 0.5443739097760439,
      "req": 9820230
    }
  ],
  "trace": "tencentBlock.ns16639.oracleGeneral.zst"
}