{
  "dram_cache_size": 23,
  "flash_cache_size": 2378,
  "results": [
    {
      "hit": 22521725,
      "iteration": 0,
      "metrics": [
        {
          "admission_treshold": 0,
          "algorithm": "gclock",
          "byte_inserted": 1261759,
          "byte_miss": 1261759,
          "byte_read": 22521725,
          "byte_reinserted": 1928716,
          "hit": 22521725,
          "inserted": 1261759,
          "layer": 0,
          "miss_ratio": 0.05305189937689536,
          "reinserted": 1928716,
          "req": 23783484
        }
      ],
      "miss_ratio": 0.05305189937689536,
      "req": 23783484
    }
  ],
  "trace": "tencentBlock.ns5099.oracleGeneral.zst"
}