{
  "dram_cache_size": 11,
  "flash_cache_size": 1144,
  "results": [
    {
      "hit": 6596064,
      "iteration": 0,
      "metrics": [
        {
          "admission_treshold": 0,
          "algorithm": "s3fclock-sequential",
          "byte_inserted": 2168254,
          "byte_miss": 2168254,
          "byte_read": 6596064,
          "byte_reinserted": 542126,
          "hit": 6596064,
          "inserted": 2168254,
          "layer": 0,
          "miss_ratio": 0.2473956330658016,
          "reinserted": 542126,
          "req": 8764318
        }
      ],
      "miss_ratio": 0.2473956330658016,
      "req": 8764318
    }
  ],
  "trace": "tencentBlock.ns16072.oracleGeneral.zst"
}