{
  "dram_cache_size": 3,
  "flash_cache_size": 384,
  "results": [
    {
      "hit": 958534,
      "iteration": 0,
      "metrics": [
        {
          "admission_treshold": 0,
          "algorithm": "g2clock",
          "byte_inserted": 194049,
          "byte_miss": 194049,
          "byte_read": 958534,
          "byte_reinserted": 455937,
          "hit": 958534,
          "inserted": 194049,
          "layer": 0,
          "miss_ratio": 0.16836010942378987,
          "reinserted": 455937,
          "req": 1152583
        }
      ],
      "miss_ratio": 0.16836010942378987,
      "req": 1152583
    }
  ],
  "trace": "tencentBlock.ns10443.oracleGeneral.zst"
}