{
  "dram_cache_size": 6,
  "flash_cache_size": 644,
  "results": [
    {
      "hit": 1514023,
      "iteration": 0,
      "metrics": [
        {
          "admission_treshold": 0,
          "algorithm": "t6auto",
          "byte_inserted": 331244,
          "byte_miss": 331244,
          "byte_read": 1514023,
          "byte_reinserted": 91273,
          "hit": 1514023,
          "inserted": 331244,
          "layer": 0,
          "miss_ratio": 0.17951006548103876,
          "reinserted": 91273,
          "req": 1845267
        }
      ],
      "miss_ratio": 0.17951006548103876,
      "req": 1845267
    }
  ],
  "trace": "tencentBlock.ns17014.oracleGeneral.zst"
}