{
  "dram_cache_size": 47,
  "flash_cache_size": 4720,
  "results": [
    {
      "hit": 1860357,
      "iteration": 0,
      "metrics": [
        {
          "admission_treshold": 0,
          "algorithm": "dclock",
          "byte_inserted": 1275897,
          "byte_miss": 1275897,
          "byte_read": 1860357,
          "byte_reinserted": 363716,
          "hit": 1860357,
          "inserted": 1275897,
          "layer": 0,
          "miss_ratio": 0.4068219602111308,
          "reinserted": 363716,
          "req": 3136254
        }
      ],
      "miss_ratio": 0.4068219602111308,
      "req": 3136254
    }
  ],
  "trace": "tencentBlock.ns15754.oracleGeneral.zst"
}