{
  "dram_cache_size": 0,
  "flash_cache_size": 10,
  "results": [
    {
      "hit": 1212380,
      "iteration": 0,
      "metrics": [
        {
          "admission_treshold": 0,
          "algorithm": "q2auto",
          "byte_inserted": 19419,
          "byte_miss": 19419,
          "byte_read": 1212380,
          "byte_reinserted": 18830,
          "hit": 1212380,
          "inserted": 19419,
          "layer": 0,
          "miss_ratio": 0.015764747332965845,
          "reinserted": 18830,
          "req": 1231799
        }
      ],
      "miss_ratio": 0.015764747332965845,
      "req": 1231799
    }
  ],
  "trace": "cf_allcolo.ns2559.oracleGeneral.zst"
}