{
  "dram_cache_size": 1036,
  "flash_cache_size": 103661,
  "results": [
    {
      "hit": 1252246,
      "iteration": 0,
      "metrics": [
        {
          "admission_treshold": 0,
          "algorithm": "s3fclock-sequential",
          "byte_inserted": 10368696,
          "byte_miss": 10368696,
          "byte_read": 1252246,
          "byte_reinserted": 111650,
          "hit": 1252246,
          "inserted": 10368696,
          "layer": 0,
          "miss_ratio": 0.8922422984298519,
          "reinserted": 111650,
          "req": 11620942
        }
      ],
      "miss_ratio": 0.8922422984298519,
      "req": 11620942
    }
  ],
  "trace": "cf_allcolo.ns964.oracleGeneral.zst"
}