{
  "dram_cache_size": 2,
  "flash_cache_size": 264,
  "results": [
    {
      "hit": 2442989,
      "iteration": 0,
      "metrics": [
        {
          "admission_treshold": 0,
          "algorithm": "qor-clock",
          "byte_inserted": 27396,
          "byte_miss": 27396,
          "byte_read": 2442989,
          "byte_reinserted": 1167,
          "hit": 2442989,
          "inserted": 27396,
          "layer": 0,
          "miss_ratio": 0.011089769408411998,
          "reinserted": 1167,
          "req": 2470385
        }
      ],
      "miss_ratio": 0.011089769408411998,
      "req": 2470385
    }
  ],
  "trace": "cf_allcolo.ns17242.oracleGeneral.zst"
}