{
  "dram_cache_size": 1032,
  "flash_cache_size": 103201,
  "results": [
    {
      "hit": 209340403,
      "iteration": 0,
      "metrics": [
        {
          "admission_treshold": 0,
          "algorithm": "t4auto",
          "byte_inserted": 26103817,
          "byte_miss": 26103817,
          "byte_read": 209340403,
          "byte_reinserted": 21761018,
          "hit": 209340403,
          "inserted": 26103817,
          "layer": 0,
          "miss_ratio": 0.11087049408135818,
          "reinserted": 21761018,
          "req": 235444220
        }
      ],
      "miss_ratio": 0.11087049408135818,
      "req": 235444220
    }
  ],
  "trace": "index_server_rtt_cache.1.oracleGeneral.sample10.zst"
}