{
  "dram_cache_size": 6,
  "flash_cache_size": 635,
  "results": [
    {
      "hit": 1540317,
      "iteration": 0,
      "metrics": [
        {
          "admission_treshold": 0,
          "algorithm": "gclock",
          "byte_inserted": 259683,
          "byte_miss": 259683,
          "byte_read": 1540317,
          "byte_reinserted": 150672,
          "hit": 1540317,
          "inserted": 259683,
          "layer": 0,
          "miss_ratio": 0.14426833333333333,
          "reinserted": 150672,
          "req": 1800000
        }
      ],
      "miss_ratio": 0.14426833333333333,
      "req": 1800000
    }
  ],
  "trace": "io_traces.ns224.oracleGeneral.zst"
}