{
  "dram_cache_size": 19,
  "flash_cache_size": 1917,
  "results": [
    {
      "hit": 751146,
      "iteration": 0,
      "metrics": [
        {
          "admission_treshold": 0,
          "algorithm": "time2-auto",
          "byte_inserted": 1848854,
          "byte_miss": 1848854,
          "byte_read": 751146,
          "byte_reinserted": 101440,
          "hit": 751146,
          "inserted": 1848854,
          "layer": 0,
          "miss_ratio": 0.7110976923076924,
          "reinserted": 101440,
          "req": 2600000
        }
      ],
      "miss_ratio": 0.7110976923076924,
      "req": 2600000
    }
  ],
  "trace": "io_traces.ns641.oracleGeneral.zst"
}