{
  "dram_cache_size": 18,
  "flash_cache_size": 1878,
  "results": [
    {
      "hit": 3384425,
      "iteration": 0,
      "metrics": [
        {
          "admission_treshold": 0,
          "algorithm": "dclock",
          "byte_inserted": 398028,
          "byte_miss": 398028,
          "byte_read": 3384425,
          "byte_reinserted": 1759735,
          "hit": 3384425,
          "inserted": 398028,
          "layer": 0,
          "miss_ratio": 0.10523012447213487,
          "reinserted": 1759735,
          "req": 3782453
        }
      ],
      "miss_ratio": 0.10523012447213487,
      "req": 3782453
    }
  ],
  "trace": "tencentBlock.ns7867.oracleGeneral.zst"
}