{
  "dram_cache_size": 71,
  "flash_cache_size": 7103,
  "results": [
    {
      "hit": 712831,
      "iteration": 0,
      "metrics": [
        {
          "admission_treshold": 0,
          "algorithm": "dclock",
          "byte_inserted": 2782841,
          "byte_miss": 2782841,
          "byte_read": 712831,
          "byte_reinserted": 109368,
          "hit": 712831,
          "inserted": 2782841,
          "layer": 0,
          "miss_ratio": 0.7960818406303566,
          "reinserted": 109368,
          "req": 3495672
        }
      ],
      "miss_ratio": 0.7960818406303566,
      "req": 3495672
    }
  ],
  "trace": "tencentBlock.ns1784.oracleGeneral.zst"
}