{
  "dram_cache_size": 83,
  "flash_cache_size": 8392,
  "results": [
    {
      "hit": 12571794,
      "iteration": 0,
      "metrics": [
        {
          "admission_treshold": 0,
          "algorithm": "gclock",
          "byte_inserted": 1726481,
          "byte_miss": 1726481,
          "byte_read": 12571794,
          "byte_reinserted": 4825817,
          "hit": 12571794,
          "inserted": 1726481,
          "layer": 0,
          "miss_ratio": 0.1207475027581999,
          "reinserted": 4825817,
          "req": 14298275
        }
      ],
      "miss_ratio": 0.1207475027581999,
      "req": 14298275
    }
  ],
  "trace": "tencentBlock.ns13201.oracleGeneral.zst"
}