{
  "dram_cache_size": 47,
  "flash_cache_size": 4720,
  "results": [
    {
      "hit": 1859779,
      "iteration": 0,
      "metrics": [
        {
          "admission_treshold": 0,
          "algorithm": "g2clock",
          "byte_inserted": 1276475,
          "byte_miss": 1276475,
          "byte_read": 1859779,
          "byte_reinserted": 58273,
          "hit": 1859779,
          "inserted": 1276475,
          "layer": 0,
          "miss_ratio": 0.4070062565085608,
          "reinserted": 58273,
          "req": 3136254
        }
      ],
      "miss_ratio": 0.4070062565085608,
      "req": 3136254
    }
  ],
  "trace": "tencentBlock.ns15754.oracleGeneral.zst"
}