{
  "dram_cache_size": 0,
  "flash_cache_size": 43,
  "results": [
    {
      "hit": 1975873,
      "iteration": 0,
      "metrics": [
        {
          "admission_treshold": 0,
          "algorithm": "dclock",
          "byte_inserted": 331997,
          "byte_miss": 331997,
          "byte_read": 1975873,
          "byte_reinserted": 750620,
          "hit": 1975873,
          "inserted": 331997,
          "layer": 0,
          "miss_ratio": 0.1438542898863454,
          "reinserted": 750620,
          "req": 2307870
        }
      ],
      "miss_ratio": 0.1438542898863454,
      "req": 2307870
    }
  ],
  "trace": "cf_colo28.ns565.oracleGeneral.zst"
}