{
  "dram_cache_size": 65,
  "flash_cache_size": 6553,
  "results": [
    {
      "hit": 779956053,
      "iteration": 0,
      "metrics": [
        {
          "admission_treshold": 0,
          "algorithm": "dclock",
          "byte_inserted": 34106286,
          "byte_miss": 34106286,
          "byte_read": 779956053,
          "byte_reinserted": 103141491,
          "hit": 779956053,
          "inserted": 34106286,
          "layer": 0,
          "miss_ratio": 0.041896405675634574,
          "reinserted": 103141491,
          "req": 814062339
        }
      ],
      "miss_ratio": 0.041896405675634574,
      "req": 814062339
    }
  ],
  "trace": "gizmoduck_cache.0.oracleGeneral.sample10.zst"
}