{
  "dram_cache_size": 96,
  "flash_cache_size": 9638,
  "results": [
    {
      "hit": 2862912,
      "iteration": 0,
      "metrics": [
        {
          "admission_treshold": 0,
          "algorithm": "g2clock",
          "byte_inserted": 2882656,
          "byte_miss": 2882656,
          "byte_read": 2862912,
          "byte_reinserted": 368411,
          "hit": 2862912,
          "inserted": 2882656,
          "layer": 0,
          "miss_ratio": 0.5017181939192087,
          "reinserted": 368411,
          "req": 5745568
        }
      ],
      "miss_ratio": 0.5017181939192087,
      "req": 5745568
    }
  ],
  "trace": "tencentBlock.ns4870.oracleGeneral.zst"
}