{
  "dram_cache_size": 75,
  "flash_cache_size": 7507,
  "results": [
    {
      "hit": 3310703,
      "iteration": 0,
      "metrics": [
        {
          "admission_treshold": 0,
          "algorithm": "sxfifo",
          "byte_inserted": 5718964,
          "byte_miss": 5718964,
          "byte_read": 3310703,
          "byte_reinserted": 113206,
          "hit": 3310703,
          "inserted": 5718964,
          "layer": 0,
          "miss_ratio": 0.6333527028183874,
          "reinserted": 113206,
          "req": 9029667
        }
      ],
      "miss_ratio": 0.6333527028183874,
      "req": 9029667
    }
  ],
  "trace": "tencentBlock.ns1695.oracleGeneral.zst"
}