{
  "dram_cache_size": 15,
  "flash_cache_size": 1521,
  "results": [
    {
      "hit": 716456,
      "iteration": 0,
      "metrics": [
        {
          "admission_treshold": 0,
          "algorithm": "cm-clock",
          "byte_inserted": 640480,
          "byte_miss": 640480,
          "byte_read": 716456,
          "byte_reinserted": 132723,
          "hit": 716456,
          "inserted": 640480,
          "layer": 0,
          "miss_ratio": 0.47200457501311777,
          "reinserted": 132723,
          "req": 1356936
        }
      ],
      "miss_ratio": 0.47200457501311777,
      "req": 1356936
    }
  ],
  "trace": "tencentBlock.ns17531.oracleGeneral.zst"
}