{
  "dram_cache_size": 29,
  "flash_cache_size": 2961,
  "results": [
    {
      "hit": 1619098,
      "iteration": 0,
      "metrics": [
        {
          "admission_treshold": 0,
          "algorithm": "qtime-clock",
          "byte_inserted": 832920,
          "byte_miss": 832920,
          "byte_read": 1619098,
          "byte_reinserted": 260032,
          "hit": 1619098,
          "inserted": 832920,
          "layer": 0,
          "miss_ratio": 0.3396875553115841,
          "reinserted": 260032,
          "req": 2452018
        }
      ],
      "miss_ratio": 0.3396875553115841,
      "req": 2452018
    }
  ],
  "trace": "tencentBlock.ns19206.oracleGeneral.zst"
}