{
  "dram_cache_size": 57,
  "flash_cache_size": 5779,
  "results": [
    {
      "hit": 3637028,
      "iteration": 0,
      "metrics": [
        {
          "admission_treshold": 0,
          "algorithm": "d3clock",
          "byte_inserted": 1624889,
          "byte_miss": 1624889,
          "byte_read": 3637028,
          "byte_reinserted": 620576,
          "hit": 3637028,
          "inserted": 1624889,
          "layer": 0,
          "miss_ratio": 0.3088017161806239,
          "reinserted": 620576,
          "req": 5261917
        }
      ],
      "miss_ratio": 0.3088017161806239,
      "req": 5261917
    }
  ],
  "trace": "tencentBlock.ns21945.oracleGeneral.zst"
}