{
  "dram_cache_size": 5955702,
  "flash_cache_size": 595570240,
  "results": [
    {
      "hit": 59979779,
      "iteration": 0,
      "metrics": [
        {
          "admission_treshold": 0,
          "algorithm": "qauto",
          "byte_inserted": 207160122368,
          "byte_miss": 207160122368,
          "byte_read": 1237087695360,
          "byte_reinserted": 58971461120,
          "hit": 59979779,
          "inserted": 11359683,
          "layer": 0,
          "miss_ratio": 0.15923421177468366,
          "reinserted": 8072567,
          "req": 71339462
        }
      ],
      "miss_ratio": 0.15923421177468366,
      "req": 71339462
    }
  ],
  "trace": "tencentBlock.ns5048.oracleGeneral.zst"
}