{
  "dram_cache_size": 41,
  "flash_cache_size": 4176,
  "results": [
    {
      "hit": 2177340,
      "iteration": 0,
      "metrics": [
        {
          "admission_treshold": 0,
          "algorithm": "d3clock",
          "byte_inserted": 419869,
          "byte_miss": 419869,
          "byte_read": 2177340,
          "byte_reinserted": 2417,
          "hit": 2177340,
          "inserted": 419869,
          "layer": 0,
          "miss_ratio": 0.16166161444843297,
          "reinserted": 2417,
          "req": 2597209
        }
      ],
      "miss_ratio": 0.16166161444843297,
      "req": 2597209
    }
  ],
  "trace": "akamai_sjc.ns621.oracleGeneral.bin.zst"
}