{
  "dram_cache_size": 1,
  "flash_cache_size": 160,
  "results": [
    {
      "hit": 4806799,
      "iteration": 0,
      "metrics": [
        {
          "admission_treshold": 0,
          "algorithm": "d3clock",
          "byte_inserted": 28925,
          "byte_miss": 28925,
          "byte_read": 4806799,
          "byte_reinserted": 13708,
          "hit": 4806799,
          "inserted": 28925,
          "layer": 0,
          "miss_ratio": 0.005981524173009012,
          "reinserted": 13708,
          "req": 4835724
        }
      ],
      "miss_ratio": 0.005981524173009012,
      "req": 4835724
    }
  ],
  "trace": "cf_allcolo.ns6458.oracleGeneral.zst"
}