{
  "dram_cache_size": 1,
  "flash_cache_size": 102,
  "results": [
    {
      "hit": 729428,
      "iteration": 0,
      "metrics": [
        {
          "admission_treshold": 0,
          "algorithm": "d3clock",
          "byte_inserted": 574239,
          "byte_miss": 574239,
          "byte_read": 729428,
          "byte_reinserted": 158928,
          "hit": 729428,
          "inserted": 574239,
          "layer": 0,
          "miss_ratio": 0.44047981578117723,
          "reinserted": 158928,
          "req": 1303667
        }
      ],
      "miss_ratio": 0.44047981578117723,
      "req": 1303667
    }
  ],
  "trace": "cf_colo28.ns1287.oracleGeneral.zst"
}