{
  "dram_cache_size": 25186,
  "flash_cache_size": 2518665,
  "results": [
    {
      "hit": 2816073230,
      "iteration": 0,
      "metrics": [
        {
          "admission_treshold": 0,
          "algorithm": "g2clock",
          "byte_inserted": 398271634,
          "byte_miss": 398271634,
          "byte_read": 2816073230,
          "byte_reinserted": 418171899,
          "hit": 2816073230,
          "inserted": 398271634,
          "layer": 0,
          "miss_ratio": 0.12390445047155962,
          "reinserted": 418171899,
          "req": 3214344864
        }
      ],
      "miss_ratio": 0.12390445047155962,
      "req": 3214344864
    }
  ],
  "trace": "cluster41.oracleGeneral.zst"
}