{
  "dram_cache_size": 566,
  "flash_cache_size": 56688,
  "results": [
    {
      "hit": 23730542,
      "iteration": 0,
      "metrics": [
        {
          "admission_treshold": 0,
          "algorithm": "d3clock",
          "byte_inserted": 6620278,
          "byte_miss": 6620278,
          "byte_read": 23730542,
          "byte_reinserted": 740498,
          "hit": 23730542,
          "inserted": 6620278,
          "layer": 0,
          "miss_ratio": 0.2181251775075599,
          "reinserted": 740498,
          "req": 30350820
        }
      ],
      "miss_ratio": 0.2181251775075599,
      "req": 30350820
    }
  ],
  "trace": "tencentBlock.ns5046.oracleGeneral.zst"
}