{
  "dram_cache_size": 456,
  "flash_cache_size": 45648,
  "results": [
    {
      "hit": 15315043,
      "iteration": 0,
      "metrics": [
        {
          "admission_treshold": 0,
          "algorithm": "qauto",
          "byte_inserted": 7416404,
          "byte_miss": 7416404,
          "byte_read": 15315043,
          "byte_reinserted": 1311957,
          "hit": 15315043,
          "inserted": 7416404,
          "layer": 0,
          "miss_ratio": 0.3262618521381415,
          "reinserted": 1311957,
          "req": 22731447
        }
      ],
      "miss_ratio": 0.3262618521381415,
      "req": 22731447
    }
  ],
  "trace": "tencentBlock.ns9324.oracleGeneral.zst"
}