{
  "dram_cache_size": 685952512,
  "flash_cache_size": 68595253248,
  "results": [
    {
      "hit": 36956987,
      "iteration": 0,
      "metrics": [
        {
          "admission_treshold": 0,
          "algorithm": "offline-qtime-clock",
          "byte_inserted": 861101130240,
          "byte_miss": 861101130240,
          "byte_read": 279545902080,
          "byte_reinserted": 65170422272,
          "hit": 36956987,
          "inserted": 178839270,
          "layer": 0,
          "miss_ratio": 0.8287412973988701,
          "reinserted": 13060808,
          "req": 215796257
        }
      ],
      "miss_ratio": 0.8287412973988701,
      "req": 215796257
    },
    {
      "hit": 36831700,
      "iteration": 1,
      "metrics": [
        {
          "admission_treshold": 0,
          "algorithm": "offline-qtime-clock",
          "byte_inserted": 1723758850560,
          "byte_miss": 1723758850560,
          "byte_read": 557535214080,
          "byte_reinserted": 73500525056,
          "hit": 36831700,
          "inserted": 178964557,
          "layer": 0,
          "miss_ratio": 0.8293218774410902,
          "reinserted": 878160,
          "req": 215796257
        }
      ],
      "miss_ratio": 0.8293218774410902,
      "req": 215796257
    }
  ],
  "trace": "w01.oracleGeneral.bin.zst"
}