{
  "dram_cache_size": 904,
  "flash_cache_size": 90400,
  "results": [
    {
      "hit": 2528983,
      "iteration": 0,
      "metrics": [
        {
          "admission_treshold": 0,
          "algorithm": "offline-q-clock",
          "byte_inserted": 41935954,
          "byte_miss": 41935954,
          "byte_read": 2528983,
          "byte_reinserted": 1621810,
          "hit": 2528983,
          "inserted": 41935954,
          "layer": 0,
          "miss_ratio": 0.9431241069789439,
          "reinserted": 1621810,
          "req": 44464937
        }
      ],
      "miss_ratio": 0.9431241069789439,
      "req": 44464937
    },
    {
      "hit": 2453413,
      "iteration": 1,
      "metrics": [
        {
          "admission_treshold": 0,
          "algorithm": "offline-q-clock",
          "byte_inserted": 83947478,
          "byte_miss": 83947478,
          "byte_read": 4982396,
          "byte_reinserted": 2062813,
          "hit": 2453413,
          "inserted": 42011524,
          "layer": 0,
          "miss_ratio": 0.9448236483501596,
          "reinserted": 441003,
          "req": 44464937
        }
      ],
      "miss_ratio": 0.9448236483501596,
      "req": 44464937
    }
  ],
  "trace": "w08.oracleGeneral.bin.zst"
}