{
  "dram_cache_size": 50,
  "flash_cache_size": 5000,
  "results": [
    {
      "hit": 13409782,
      "iteration": 0,
      "metrics": [
        {
          "admission_treshold": 0,
          "algorithm": "qtime-clock",
          "byte_inserted": 86590218,
          "byte_miss": 86590218,
          "byte_read": 13409782,
          "byte_reinserted": 6481378,
          "hit": 13409782,
          "inserted": 86590218,
          "layer": 0,
          "miss_ratio": 0.86590218,
          "reinserted": 6481378,
          "req": 100000000
        }
      ],
      "miss_ratio": 0.86590218,
      "req": 100000000
    }
  ],
  "trace": "zipf0.75.oracleGeneral"
}