{
  "dram_cache_size": 1,
  "flash_cache_size": 167,
  "results": [
    {
      "hit": 1215515,
      "iteration": 0,
      "metrics": [
        {
          "admission_treshold": 0,
          "algorithm": "t7auto",
          "byte_inserted": 1830772,
          "byte_miss": 1830772,
          "byte_read": 1215515,
          "byte_reinserted": 146519,
          "hit": 1215515,
          "inserted": 1830772,
          "layer": 0,
          "miss_ratio": 0.600984739783218,
          "reinserted": 146519,
          "req": 3046287
        }
      ],
      "miss_ratio": 0.600984739783218,
      "req": 3046287
    }
  ],
  "trace": "cf_allcolo.ns1222.oracleGeneral.zst"
}