{
  "dram_cache_size": 7,
  "flash_cache_size": 722,
  "results": [
    {
      "hit": 1951089,
      "iteration": 0,
      "metrics": [
        {
          "admission_treshold": 0,
          "algorithm": "g2clock",
          "byte_inserted": 592842,
          "byte_miss": 592842,
          "byte_read": 1951089,
          "byte_reinserted": 687910,
          "hit": 1951089,
          "inserted": 592842,
          "layer": 0,
          "miss_ratio": 0.23304169806492392,
          "reinserted": 687910,
          "req": 2543931
        }
      ],
      "miss_ratio": 0.23304169806492392,
      "req": 2543931
    }
  ],
  "trace": "tencentBlock.ns11480.oracleGeneral.zst"
}