{
  "dram_cache_size": 17,
  "flash_cache_size": 1701,
  "results": [
    {
      "hit": 837872,
      "iteration": 0,
      "metrics": [
        {
          "admission_treshold": 0,
          "algorithm": "d3clock",
          "byte_inserted": 634934,
          "byte_miss": 634934,
          "byte_read": 837872,
          "byte_reinserted": 21619,
          "hit": 837872,
          "inserted": 634934,
          "layer": 0,
          "miss_ratio": 0.43110497920296365,
          "reinserted": 21619,
          "req": 1472806
        }
      ],
      "miss_ratio": 0.43110497920296365,
      "req": 1472806
    }
  ],
  "trace": "tencentBlock.ns18242.oracleGeneral.zst"
}