{
  "dram_cache_size": 259,
  "flash_cache_size": 25977,
  "results": [
    {
      "hit": 14740060,
      "iteration": 0,
      "metrics": [
        {
          "admission_treshold": 0,
          "algorithm": "time-auto",
          "byte_inserted": 16589994,
          "byte_miss": 16589994,
          "byte_read": 14740060,
          "byte_reinserted": 13829490,
          "hit": 14740060,
          "inserted": 16589994,
          "layer": 0,
          "miss_ratio": 0.5295233133016624,
          "reinserted": 13829490,
          "req": 31330054
        }
      ],
      "miss_ratio": 0.5295233133016624,
      "req": 31330054
    }
  ],
  "trace": "tencentBlock.ns17644.oracleGeneral.zst"
}