{
  "dram_cache_size": 10,
  "flash_cache_size": 1087,
  "results": [
    {
      "hit": 1040899,
      "iteration": 0,
      "metrics": [
        {
          "admission_treshold": 0,
          "algorithm": "gclock",
          "byte_inserted": 577806,
          "byte_miss": 577806,
          "byte_read": 1040899,
          "byte_reinserted": 76096,
          "hit": 1040899,
          "inserted": 577806,
          "layer": 0,
          "miss_ratio": 0.35695571459901587,
          "reinserted": 76096,
          "req": 1618705
        }
      ],
      "miss_ratio": 0.35695571459901587,
      "req": 1618705
    }
  ],
  "trace": "tencentBlock.ns18237.oracleGeneral.zst"
}