{
  "dram_cache_size": 9,
  "flash_cache_size": 946,
  "results": [
    {
      "hit": 1830792,
      "iteration": 0,
      "metrics": [
        {
          "admission_treshold": 0,
          "algorithm": "qand-clock-v2",
          "byte_inserted": 388546,
          "byte_miss": 388546,
          "byte_read": 1830792,
          "byte_reinserted": 183709,
          "hit": 1830792,
          "inserted": 388546,
          "layer": 0,
          "miss_ratio": 0.17507292715215073,
          "reinserted": 183709,
          "req": 2219338
        }
      ],
      "miss_ratio": 0.17507292715215073,
      "req": 2219338
    }
  ],
  "trace": "tencentBlock.ns7836.oracleGeneral.zst"
}