{
  "dram_cache_size": 56,
  "flash_cache_size": 5632,
  "results": [
    {
      "hit": 3758564,
      "iteration": 0,
      "metrics": [
        {
          "admission_treshold": 0,
          "algorithm": "q2auto",
          "byte_inserted": 2059494,
          "byte_miss": 2059494,
          "byte_read": 3758564,
          "byte_reinserted": 539338,
          "hit": 3758564,
          "inserted": 2059494,
          "layer": 0,
          "miss_ratio": 0.3539830644520904,
          "reinserted": 539338,
          "req": 5818058
        }
      ],
      "miss_ratio": 0.3539830644520904,
      "req": 5818058
    }
  ],
  "trace": "tencentBlock.ns7528.oracleGeneral.zst"
}