{
  "dram_cache_size": 3,
  "flash_cache_size": 351,
  "results": [
    {
      "hit": 1166823,
      "iteration": 0,
      "metrics": [
        {
          "admission_treshold": 0,
          "algorithm": "dclock",
          "byte_inserted": 209312,
          "byte_miss": 209312,
          "byte_read": 1166823,
          "byte_reinserted": 56105,
          "hit": 1166823,
          "inserted": 209312,
          "layer": 0,
          "miss_ratio": 0.1521013563349526,
          "reinserted": 56105,
          "req": 1376135
        }
      ],
      "miss_ratio": 0.1521013563349526,
      "req": 1376135
    }
  ],
  "trace": "tencentBlock.ns19582.oracleGeneral.zst"
}