{
  "dram_cache_size": 0,
  "flash_cache_size": 55,
  "results": [
    {
      "hit": 1502110,
      "iteration": 0,
      "metrics": [
        {
          "admission_treshold": 0,
          "algorithm": "t5auto",
          "byte_inserted": 102237,
          "byte_miss": 102237,
          "byte_read": 1502110,
          "byte_reinserted": 117566,
          "hit": 1502110,
          "inserted": 102237,
          "layer": 0,
          "miss_ratio": 0.06372499216192007,
          "reinserted": 117566,
          "req": 1604347
        }
      ],
      "miss_ratio": 0.06372499216192007,
      "req": 1604347
    }
  ],
  "trace": "cf_allcolo.ns1157.oracleGeneral.zst"
}