{
  "dram_cache_size": 6166,
  "flash_cache_size": 616630,
  "results": [
    {
      "hit": 194694198,
      "iteration": 0,
      "metrics": [
        {
          "admission_treshold": 0,
          "algorithm": "t5auto",
          "byte_inserted": 156305802,
          "byte_miss": 156305802,
          "byte_read": 194694198,
          "byte_reinserted": 72499028,
          "hit": 194694198,
          "inserted": 156305802,
          "layer": 0,
          "miss_ratio": 0.4453156752136752,
          "reinserted": 72499028,
          "req": 351000000
        }
      ],
      "miss_ratio": 0.4453156752136752,
      "req": 351000000
    }
  ],
  "trace": "io_traces.ns141.oracleGeneral.zst"
}