{
  "dram_cache_size": 22,
  "flash_cache_size": 2268,
  "results": [
    {
      "hit": 732488,
      "iteration": 0,
      "metrics": [
        {
          "admission_treshold": 0,
          "algorithm": "gclock",
          "byte_inserted": 634485,
          "byte_miss": 634485,
          "byte_read": 732488,
          "byte_reinserted": 14380,
          "hit": 732488,
          "inserted": 634485,
          "layer": 0,
          "miss_ratio": 0.4641532788138464,
          "reinserted": 14380,
          "req": 1366973
        }
      ],
      "miss_ratio": 0.4641532788138464,
      "req": 1366973
    }
  ],
  "trace": "tencentBlock.ns12872.oracleGeneral.zst"
}