{
  "dram_cache_size": 47,
  "flash_cache_size": 4708,
  "results": [
    {
      "hit": 4076790,
      "iteration": 0,
      "metrics": [
        {
          "admission_treshold": 0,
          "algorithm": "gclock",
          "byte_inserted": 1976258,
          "byte_miss": 1976258,
          "byte_read": 4076790,
          "byte_reinserted": 872607,
          "hit": 4076790,
          "inserted": 1976258,
          "layer": 0,
          "miss_ratio": 0.3264897288110056,
          "reinserted": 872607,
          "req": 6053048
        }
      ],
      "miss_ratio": 0.3264897288110056,
      "req": 6053048
    }
  ],
  "trace": "tencentBlock.ns11200.oracleGeneral.zst"
}