{
  "dram_cache_size": 4082,
  "flash_cache_size": 408262,
  "results": [
    {
      "hit": 355911883,
      "iteration": 0,
      "metrics": [
        {
          "admission_treshold": 0,
          "algorithm": "q3auto",
          "byte_inserted": 299399761,
          "byte_miss": 299399761,
          "byte_read": 355911883,
          "byte_reinserted": 83211254,
          "hit": 355911883,
          "inserted": 299399761,
          "layer": 0,
          "miss_ratio": 0.45688149102993814,
          "reinserted": 83211254,
          "req": 655311644
        }
      ],
      "miss_ratio": 0.45688149102993814,
      "req": 655311644
    }
  ],
  "trace": "cf_allcolo.ns3.oracleGeneral.zst"
}