{
  "dram_cache_size": 0,
  "flash_cache_size": 75,
  "results": [
    {
      "hit": 2890091,
      "iteration": 0,
      "metrics": [
        {
          "admission_treshold": 0,
          "algorithm": "s3fclock-sequential",
          "byte_inserted": 1235680,
          "byte_miss": 1235680,
          "byte_read": 2890091,
          "byte_reinserted": 989627,
          "hit": 2890091,
          "inserted": 1235680,
          "layer": 0,
          "miss_ratio": 0.29950280808120466,
          "reinserted": 989627,
          "req": 4125771
        }
      ],
      "miss_ratio": 0.29950280808120466,
      "req": 4125771
    }
  ],
  "trace": "cf_allcolo.ns2003.oracleGeneral.zst"
}