{
  "dram_cache_size": 83,
  "flash_cache_size": 8387,
  "results": [
    {
      "hit": 20811123,
      "iteration": 0,
      "metrics": [
        {
          "admission_treshold": 0,
          "algorithm": "sxfifo",
          "byte_inserted": 9059492,
          "byte_miss": 9059492,
          "byte_read": 20811123,
          "byte_reinserted": 9035295,
          "hit": 20811123,
          "inserted": 9059492,
          "layer": 0,
          "miss_ratio": 0.30329111067850456,
          "reinserted": 9035295,
          "req": 29870615
        }
      ],
      "miss_ratio": 0.30329111067850456,
      "req": 29870615
    }
  ],
  "trace": "cf_colo28.ns445.oracleGeneral.zst"
}