{
  "dram_cache_size": 15,
  "flash_cache_size": 1522,
  "results": [
    {
      "hit": 1860557,
      "iteration": 0,
      "metrics": [
        {
          "admission_treshold": 0,
          "algorithm": "qtime-clock",
          "byte_inserted": 372641,
          "byte_miss": 372641,
          "byte_read": 1860557,
          "byte_reinserted": 72601,
          "hit": 1860557,
          "inserted": 372641,
          "layer": 0,
          "miss_ratio": 0.1668642905823845,
          "reinserted": 72601,
          "req": 2233198
        }
      ],
      "miss_ratio": 0.1668642905823845,
      "req": 2233198
    }
  ],
  "trace": "cf_colo28.ns2513.oracleGeneral.zst"
}