{
  "dram_cache_size": 124,
  "flash_cache_size": 12473,
  "results": [
    {
      "hit": 5608538,
      "iteration": 0,
      "metrics": [
        {
          "admission_treshold": 0,
          "algorithm": "dclock",
          "byte_inserted": 2791462,
          "byte_miss": 2791462,
          "byte_read": 5608538,
          "byte_reinserted": 444502,
          "hit": 5608538,
          "inserted": 2791462,
          "layer": 0,
          "miss_ratio": 0.3323169047619048,
          "reinserted": 444502,
          "req": 8400000
        }
      ],
      "miss_ratio": 0.3323169047619048,
      "req": 8400000
    }
  ],
  "trace": "io_traces.ns278.oracleGeneral.zst"
}