{
  "dram_cache_size": 306,
  "flash_cache_size": 30610,
  "results": [
    {
      "hit": 28042219,
      "iteration": 0,
      "metrics": [
        {
          "admission_treshold": 0,
          "algorithm": "s3fclock",
          "byte_inserted": 5957781,
          "byte_miss": 5957781,
          "byte_read": 28042219,
          "byte_reinserted": 1150724,
          "hit": 28042219,
          "inserted": 5957781,
          "layer": 0,
          "miss_ratio": 0.17522885294117652,
          "reinserted": 1150724,
          "req": 34000000
        }
      ],
      "miss_ratio": 0.17522885294117652,
      "req": 34000000
    }
  ],
  "trace": "io_traces.ns435.oracleGeneral.zst"
}