{
  "dram_cache_size": 32,
  "flash_cache_size": 3215,
  "results": [
    {
      "hit": 1024968,
      "iteration": 0,
      "metrics": [
        {
          "admission_treshold": 0,
          "algorithm": "qauto",
          "byte_inserted": 847549,
          "byte_miss": 847549,
          "byte_read": 1024968,
          "byte_reinserted": 57073,
          "hit": 1024968,
          "inserted": 847549,
          "layer": 0,
          "miss_ratio": 0.45262553023550656,
          "reinserted": 57073,
          "req": 1872517
        }
      ],
      "miss_ratio": 0.45262553023550656,
      "req": 1872517
    }
  ],
  "trace": "tencentBlock.ns17676.oracleGeneral.zst"
}