{
  "dram_cache_size": 60,
  "flash_cache_size": 6008,
  "results": [
    {
      "hit": 994910,
      "iteration": 0,
      "metrics": [
        {
          "admission_treshold": 0,
          "algorithm": "cm-clock",
          "byte_inserted": 3183524,
          "byte_miss": 3183524,
          "byte_read": 994910,
          "byte_reinserted": 58055,
          "hit": 994910,
          "inserted": 3183524,
          "layer": 0,
          "miss_ratio": 0.7618940493017241,
          "reinserted": 58055,
          "req": 4178434
        }
      ],
      "miss_ratio": 0.7618940493017241,
      "req": 4178434
    }
  ],
  "trace": "tencentBlock.ns15783.oracleGeneral.zst"
}