{
  "dram_cache_size": 13,
  "flash_cache_size": 1372,
  "results": [
    {
      "hit": 481640,
      "iteration": 0,
      "metrics": [
        {
          "admission_treshold": 0,
          "algorithm": "g2clock",
          "byte_inserted": 552691,
          "byte_miss": 552691,
          "byte_read": 481640,
          "byte_reinserted": 17221,
          "hit": 481640,
          "inserted": 552691,
          "layer": 0,
          "miss_ratio": 0.5343463552769858,
          "reinserted": 17221,
          "req": 1034331
        }
      ],
      "miss_ratio": 0.5343463552769858,
      "req": 1034331
    }
  ],
  "trace": "tencentBlock.ns18476.oracleGeneral.zst"
}