{
  "dram_cache_size": 3,
  "flash_cache_size": 336,
  "results": [
    {
      "hit": 1780161,
      "iteration": 0,
      "metrics": [
        {
          "admission_treshold": 0,
          "algorithm": "g2clock",
          "byte_inserted": 235103,
          "byte_miss": 235103,
          "byte_read": 1780161,
          "byte_reinserted": 291897,
          "hit": 1780161,
          "inserted": 235103,
          "layer": 0,
          "miss_ratio": 0.11666114216301193,
          "reinserted": 291897,
          "req": 2015264
        }
      ],
      "miss_ratio": 0.11666114216301193,
      "req": 2015264
    }
  ],
  "trace": "tencentBlock.ns5301.oracleGeneral.zst"
}