{
  "dram_cache_size": 60,
  "flash_cache_size": 6094,
  "results": [
    {
      "hit": 5406217,
      "iteration": 0,
      "metrics": [
        {
          "admission_treshold": 0,
          "algorithm": "t4auto",
          "byte_inserted": 2034547,
          "byte_miss": 2034547,
          "byte_read": 5406217,
          "byte_reinserted": 406522,
          "hit": 5406217,
          "inserted": 2034547,
          "layer": 0,
          "miss_ratio": 0.273432539991861,
          "reinserted": 406522,
          "req": 7440764
        }
      ],
      "miss_ratio": 0.273432539991861,
      "req": 7440764
    }
  ],
  "trace": "tencentBlock.ns11097.oracleGeneral.zst"
}