{
  "dram_cache_size": 26,
  "flash_cache_size": 2628,
  "results": [
    {
      "hit": 3643059,
      "iteration": 0,
      "metrics": [
        {
          "admission_treshold": 0,
          "algorithm": "t5auto",
          "byte_inserted": 1314688,
          "byte_miss": 1314688,
          "byte_read": 3643059,
          "byte_reinserted": 221223,
          "hit": 3643059,
          "inserted": 1314688,
          "layer": 0,
          "miss_ratio": 0.26517851758066724,
          "reinserted": 221223,
          "req": 4957747
        }
      ],
      "miss_ratio": 0.26517851758066724,
      "req": 4957747
    }
  ],
  "trace": "tencentBlock.ns10995.oracleGeneral.zst"
}