{
  "dram_cache_size": 7,
  "flash_cache_size": 711,
  "results": [
    {
      "hit": 1707670,
      "iteration": 0,
      "metrics": [
        {
          "admission_treshold": 0,
          "algorithm": "qtime-clock",
          "byte_inserted": 519795,
          "byte_miss": 519795,
          "byte_read": 1707670,
          "byte_reinserted": 31173,
          "hit": 1707670,
          "inserted": 519795,
          "layer": 0,
          "miss_ratio": 0.23335720202113164,
          "reinserted": 31173,
          "req": 2227465
        }
      ],
      "miss_ratio": 0.23335720202113164,
      "req": 2227465
    }
  ],
  "trace": "tencentBlock.ns11561.oracleGeneral.zst"
}