{
  "dram_cache_size": 183,
  "flash_cache_size": 18387,
  "results": [
    {
      "hit": 10296700,
      "iteration": 0,
      "metrics": [
        {
          "admission_treshold": 0,
          "algorithm": "gclock",
          "byte_inserted": 10732571,
          "byte_miss": 10732571,
          "byte_read": 10296700,
          "byte_reinserted": 3389078,
          "hit": 10296700,
          "inserted": 10732571,
          "layer": 0,
          "miss_ratio": 0.510363435803362,
          "reinserted": 3389078,
          "req": 21029271
        }
      ],
      "miss_ratio": 0.510363435803362,
      "req": 21029271
    }
  ],
  "trace": "wiki_2019t.oracleGeneral.sample10.zst"
}