{
  "dram_cache_size": 4,
  "flash_cache_size": 465,
  "results": [
    {
      "hit": 6194823,
      "iteration": 0,
      "metrics": [
        {
          "admission_treshold": 0,
          "algorithm": "g2clock",
          "byte_inserted": 2620713,
          "byte_miss": 2620713,
          "byte_read": 6194823,
          "byte_reinserted": 632072,
          "hit": 6194823,
          "inserted": 2620713,
          "layer": 0,
          "miss_ratio": 0.2972834550275786,
          "reinserted": 632072,
          "req": 8815536
        }
      ],
      "miss_ratio": 0.2972834550275786,
      "req": 8815536
    }
  ],
  "trace": "akamai_nyc.ns34.oracleGeneral.bin.zst"
}