{
  "dram_cache_size": 0,
  "flash_cache_size": 30,
  "results": [
    {
      "hit": 3764135,
      "iteration": 0,
      "metrics": [
        {
          "admission_treshold": 0,
          "algorithm": "d3clock",
          "byte_inserted": 11264,
          "byte_miss": 11264,
          "byte_read": 3764135,
          "byte_reinserted": 7981,
          "hit": 3764135,
          "inserted": 11264,
          "layer": 0,
          "miss_ratio": 0.002983525714765567,
          "reinserted": 7981,
          "req": 3775399
        }
      ],
      "miss_ratio": 0.002983525714765567,
      "req": 3775399
    }
  ],
  "trace": "cf_allcolo.ns1274.oracleGeneral.zst"
}