{
  "dram_cache_size": 63,
  "flash_cache_size": 6353,
  "results": [
    {
      "hit": 2744947,
      "iteration": 0,
      "metrics": [
        {
          "admission_treshold": 0,
          "algorithm": "t2auto",
          "byte_inserted": 1353098,
          "byte_miss": 1353098,
          "byte_read": 2744947,
          "byte_reinserted": 69645,
          "hit": 2744947,
          "inserted": 1353098,
          "layer": 0,
          "miss_ratio": 0.3301813425670045,
          "reinserted": 69645,
          "req": 4098045
        }
      ],
      "miss_ratio": 0.3301813425670045,
      "req": 4098045
    }
  ],
  "trace": "cf_colo28.ns195.oracleGeneral.zst"
}