{
  "dram_cache_size": 7,
  "flash_cache_size": 733,
  "results": [
    {
      "hit": 1440091,
      "iteration": 0,
      "metrics": [
        {
          "admission_treshold": 0,
          "algorithm": "qand-clock-v2",
          "byte_inserted": 311966,
          "byte_miss": 311966,
          "byte_read": 1440091,
          "byte_reinserted": 113445,
          "hit": 1440091,
          "inserted": 311966,
          "layer": 0,
          "miss_ratio": 0.17805699243803141,
          "reinserted": 113445,
          "req": 1752057
        }
      ],
      "miss_ratio": 0.17805699243803141,
      "req": 1752057
    }
  ],
  "trace": "tencentBlock.ns12781.oracleGeneral.zst"
}