{
  "dram_cache_size": 58,
  "flash_cache_size": 5839,
  "results": [
    {
      "hit": 2383188,
      "iteration": 0,
      "metrics": [
        {
          "admission_treshold": 0,
          "algorithm": "q2auto",
          "byte_inserted": 2830725,
          "byte_miss": 2830725,
          "byte_read": 2383188,
          "byte_reinserted": 346735,
          "hit": 2383188,
          "inserted": 2830725,
          "layer": 0,
          "miss_ratio": 0.5429175745740291,
          "reinserted": 346735,
          "req": 5213913
        }
      ],
      "miss_ratio": 0.5429175745740291,
      "req": 5213913
    }
  ],
  "trace": "tencentBlock.ns20365.oracleGeneral.zst"
}