{
  "dram_cache_size": 27,
  "flash_cache_size": 2718,
  "results": [
    {
      "hit": 2091268,
      "iteration": 0,
      "metrics": [
        {
          "admission_treshold": 0,
          "algorithm": "time2-auto",
          "byte_inserted": 904585,
          "byte_miss": 904585,
          "byte_read": 2091268,
          "byte_reinserted": 163142,
          "hit": 2091268,
          "inserted": 904585,
          "layer": 0,
          "miss_ratio": 0.3019457229710536,
          "reinserted": 163142,
          "req": 2995853
        }
      ],
      "miss_ratio": 0.3019457229710536,
      "req": 2995853
    }
  ],
  "trace": "tencentBlock.ns20310.oracleGeneral.zst"
}