{
  "dram_cache_size": 95,
  "flash_cache_size": 9509,
  "results": [
    {
      "hit": 4456188,
      "iteration": 0,
      "metrics": [
        {
          "admission_treshold": 0,
          "algorithm": "g2clock",
          "byte_inserted": 2448573,
          "byte_miss": 2448573,
          "byte_read": 4456188,
          "byte_reinserted": 998315,
          "hit": 4456188,
          "inserted": 2448573,
          "layer": 0,
          "miss_ratio": 0.3546209637089539,
          "reinserted": 998315,
          "req": 6904761
        }
      ],
      "miss_ratio": 0.3546209637089539,
      "req": 6904761
    }
  ],
  "trace": "tencentBlock.ns1117.oracleGeneral.zst"
}