{
  "dram_cache_size": 95,
  "flash_cache_size": 9534,
  "results": [
    {
      "hit": 8640229,
      "iteration": 0,
      "metrics": [
        {
          "admission_treshold": 0,
          "algorithm": "d3clock",
          "byte_inserted": 7117692,
          "byte_miss": 7117692,
          "byte_read": 8640229,
          "byte_reinserted": 769707,
          "hit": 8640229,
          "inserted": 7117692,
          "layer": 0,
          "miss_ratio": 0.4516897882658506,
          "reinserted": 769707,
          "req": 15757921
        }
      ],
      "miss_ratio": 0.4516897882658506,
      "req": 15757921
    }
  ],
  "trace": "tencentBlock.ns9327.oracleGeneral.zst"
}