{
  "dram_cache_size": 128,
  "flash_cache_size": 12863,
  "results": [
    {
      "hit": 35130268,
      "iteration": 0,
      "metrics": [
        {
          "admission_treshold": 0,
          "algorithm": "fifo",
          "byte_inserted": 11727929,
          "byte_miss": 11727929,
          "byte_read": 35130268,
          "byte_reinserted": 0,
          "hit": 35130268,
          "inserted": 11727929,
          "layer": 0,
          "miss_ratio": 0.25028553702140954,
          "reinserted": 0,
          "req": 46858197
        }
      ],
      "miss_ratio": 0.25028553702140954,
      "req": 46858197
    }
  ],
  "trace": "tencentBlock.ns3994.oracleGeneral.zst"
}