{
  "dram_cache_size": 144,
  "flash_cache_size": 14478,
  "results": [
    {
      "hit": 5318645,
      "iteration": 0,
      "metrics": [
        {
          "admission_treshold": 0,
          "algorithm": "time2-auto",
          "byte_inserted": 4073055,
          "byte_miss": 4073055,
          "byte_read": 5318645,
          "byte_reinserted": 428996,
          "hit": 5318645,
          "inserted": 4073055,
          "layer": 0,
          "miss_ratio": 0.43368665949721563,
          "reinserted": 428996,
          "req": 9391700
        }
      ],
      "miss_ratio": 0.43368665949721563,
      "req": 9391700
    }
  ],
  "trace": "tencentBlock.ns1791.oracleGeneral.zst"
}