{
  "dram_cache_size": 61,
  "flash_cache_size": 6141,
  "results": [
    {
      "hit": 359983,
      "iteration": 0,
      "metrics": [
        {
          "admission_treshold": 0,
          "algorithm": "qand-clock-v2",
          "byte_inserted": 994114,
          "byte_miss": 994114,
          "byte_read": 359983,
          "byte_reinserted": 148320,
          "hit": 359983,
          "inserted": 994114,
          "layer": 0,
          "miss_ratio": 0.7341527231800972,
          "reinserted": 148320,
          "req": 1354097
        }
      ],
      "miss_ratio": 0.7341527231800972,
      "req": 1354097
    }
  ],
  "trace": "tencentBlock.ns21422.oracleGeneral.zst"
}