{
  "dram_cache_size": 61,
  "flash_cache_size": 6153,
  "results": [
    {
      "hit": 2601524,
      "iteration": 0,
      "metrics": [
        {
          "admission_treshold": 0,
          "algorithm": "sxfifo",
          "byte_inserted": 2008102,
          "byte_miss": 2008102,
          "byte_read": 2601524,
          "byte_reinserted": 385944,
          "hit": 2601524,
          "inserted": 2008102,
          "layer": 0,
          "miss_ratio": 0.4356323050937321,
          "reinserted": 385944,
          "req": 4609626
        }
      ],
      "miss_ratio": 0.4356323050937321,
      "req": 4609626
    }
  ],
  "trace": "tencentBlock.ns12799.oracleGeneral.zst"
}