{
  "dram_cache_size": 14,
  "flash_cache_size": 1482,
  "results": [
    {
      "hit": 1703036,
      "iteration": 0,
      "metrics": [
        {
          "admission_treshold": 0,
          "algorithm": "q2auto",
          "byte_inserted": 952818,
          "byte_miss": 952818,
          "byte_read": 1703036,
          "byte_reinserted": 77476,
          "hit": 1703036,
          "inserted": 952818,
          "layer": 0,
          "miss_ratio": 0.3587614379404892,
          "reinserted": 77476,
          "req": 2655854
        }
      ],
      "miss_ratio": 0.3587614379404892,
      "req": 2655854
    }
  ],
  "trace": "tencentBlock.ns7913.oracleGeneral.zst"
}