{
  "dram_cache_size": 20,
  "flash_cache_size": 2005,
  "results": [
    {
      "hit": 1142183,
      "iteration": 0,
      "metrics": [
        {
          "admission_treshold": 0,
          "algorithm": "time-auto",
          "byte_inserted": 971425,
          "byte_miss": 971425,
          "byte_read": 1142183,
          "byte_reinserted": 309045,
          "hit": 1142183,
          "inserted": 971425,
          "layer": 0,
          "miss_ratio": 0.45960509233500246,
          "reinserted": 309045,
          "req": 2113608
        }
      ],
      "miss_ratio": 0.45960509233500246,
      "req": 2113608
    }
  ],
  "trace": "tencentBlock.ns20481.oracleGeneral.zst"
}