{
  "dram_cache_size": 5,
  "flash_cache_size": 516,
  "results": [
    {
      "hit": 1754320,
      "iteration": 0,
      "metrics": [
        {
          "admission_treshold": 0,
          "algorithm": "q2auto",
          "byte_inserted": 770066,
          "byte_miss": 770066,
          "byte_read": 1754320,
          "byte_reinserted": 126109,
          "hit": 1754320,
          "inserted": 770066,
          "layer": 0,
          "miss_ratio": 0.3050508123559551,
          "reinserted": 126109,
          "req": 2524386
        }
      ],
      "miss_ratio": 0.3050508123559551,
      "req": 2524386
    }
  ],
  "trace": "cf_allcolo.ns910.oracleGeneral.zst"
}