{
  "dram_cache_size": 7129185,
  "flash_cache_size": 712918528,
  "results": [
    {
      "hit": 2573361,
      "iteration": 0,
      "metrics": [
        {
          "admission_treshold": 0,
          "algorithm": "time-auto",
          "byte_inserted": 625795261579,
          "byte_miss": 625795261579,
          "byte_read": 520141258627,
          "byte_reinserted": 633638575191,
          "hit": 2573361,
          "inserted": 2055024,
          "layer": 0,
          "miss_ratio": 0.44400455018327123,
          "reinserted": 2218579,
          "req": 4628385
        }
      ],
      "miss_ratio": 0.44400455018327123,
      "req": 4628385
    }
  ],
  "trace": "cf_colo28.ns98.oracleGeneral.zst"
}