{
  "dram_cache_size": 1519,
  "flash_cache_size": 151975,
  "results": [
    {
      "hit": 180632679,
      "iteration": 0,
      "metrics": [
        {
          "admission_treshold": 0,
          "algorithm": "dclock",
          "byte_inserted": 46333404,
          "byte_miss": 46333404,
          "byte_read": 180632679,
          "byte_reinserted": 19492158,
          "hit": 180632679,
          "inserted": 46333404,
          "layer": 0,
          "miss_ratio": 0.2041424136486507,
          "reinserted": 19492158,
          "req": 226966083
        }
      ],
      "miss_ratio": 0.2041424136486507,
      "req": 226966083
    }
  ],
  "trace": "cf_colo28.ns23.oracleGeneral.zst"
}