{
  "dram_cache_size": 24,
  "flash_cache_size": 2404,
  "results": [
    {
      "hit": 4533900,
      "iteration": 0,
      "metrics": [
        {
          "admission_treshold": 0,
          "algorithm": "s3fclock",
          "byte_inserted": 1281991,
          "byte_miss": 1281991,
          "byte_read": 4533900,
          "byte_reinserted": 64154,
          "hit": 4533900,
          "inserted": 1281991,
          "layer": 0,
          "miss_ratio": 0.22042899359702584,
          "reinserted": 64154,
          "req": 5815891
        }
      ],
      "miss_ratio": 0.22042899359702584,
      "req": 5815891
    }
  ],
  "trace": "tencentBlock.ns1604.oracleGeneral.zst"
}