{
  "dram_cache_size": 55,
  "flash_cache_size": 5548,
  "results": [
    {
      "hit": 4753076,
      "iteration": 0,
      "metrics": [
        {
          "admission_treshold": 0,
          "algorithm": "t2auto",
          "byte_inserted": 2522247,
          "byte_miss": 2522247,
          "byte_read": 4753076,
          "byte_reinserted": 131541,
          "hit": 4753076,
          "inserted": 2522247,
          "layer": 0,
          "miss_ratio": 0.3466852262092006,
          "reinserted": 131541,
          "req": 7275323
        }
      ],
      "miss_ratio": 0.3466852262092006,
      "req": 7275323
    }
  ],
  "trace": "tencentBlock.ns1994.oracleGeneral.zst"
}