{
  "dram_cache_size": 738229,
  "flash_cache_size": 73822984,
  "results": [
    {
      "hit": 1015576,
      "iteration": 0,
      "metrics": [
        {
          "admission_treshold": 0,
          "algorithm": "qauto",
          "byte_inserted": 21878022144,
          "byte_miss": 21878022144,
          "byte_read": 6464520192,
          "byte_reinserted": 1691054080,
          "hit": 1015576,
          "inserted": 911674,
          "layer": 0,
          "miss_ratio": 0.4730439745751719,
          "reinserted": 213291,
          "req": 1927250
        }
      ],
      "miss_ratio": 0.4730439745751719,
      "req": 1927250
    }
  ],
  "trace": "tencentBlock.ns8494.oracleGeneral.zst"
}