{
  "dram_cache_size": 39,
  "flash_cache_size": 3927,
  "results": [
    {
      "hit": 1880549,
      "iteration": 0,
      "metrics": [
        {
          "admission_treshold": 0,
          "algorithm": "q2auto",
          "byte_inserted": 1414482,
          "byte_miss": 1414482,
          "byte_read": 1880549,
          "byte_reinserted": 206564,
          "hit": 1880549,
          "inserted": 1414482,
          "layer": 0,
          "miss_ratio": 0.4292772966324141,
          "reinserted": 206564,
          "req": 3295031
        }
      ],
      "miss_ratio": 0.4292772966324141,
      "req": 3295031
    }
  ],
  "trace": "tencentBlock.ns22545.oracleGeneral.zst"
}