{
  "dram_cache_size": 13,
  "flash_cache_size": 1381,
  "results": [
    {
      "hit": 823960,
      "iteration": 0,
      "metrics": [
        {
          "admission_treshold": 0,
          "algorithm": "dclock",
          "byte_inserted": 708419,
          "byte_miss": 708419,
          "byte_read": 823960,
          "byte_reinserted": 64877,
          "hit": 823960,
          "inserted": 708419,
          "layer": 0,
          "miss_ratio": 0.4623001228808278,
          "reinserted": 64877,
          "req": 1532379
        }
      ],
      "miss_ratio": 0.4623001228808278,
      "req": 1532379
    }
  ],
  "trace": "tencentBlock.ns18940.oracleGeneral.zst"
}