{
  "dram_cache_size": 12,
  "flash_cache_size": 1209,
  "results": [
    {
      "hit": 1661736,
      "iteration": 0,
      "metrics": [
        {
          "admission_treshold": 0,
          "algorithm": "gclock",
          "byte_inserted": 923277,
          "byte_miss": 923277,
          "byte_read": 1661736,
          "byte_reinserted": 262166,
          "hit": 1661736,
          "inserted": 923277,
          "layer": 0,
          "miss_ratio": 0.3571653217991554,
          "reinserted": 262166,
          "req": 2585013
        }
      ],
      "miss_ratio": 0.3571653217991554,
      "req": 2585013
    }
  ],
  "trace": "tencentBlock.ns6269.oracleGeneral.zst"
}