{
  "dram_cache_size": 48,
  "flash_cache_size": 4874,
  "results": [
    {
      "hit": 3863089,
      "iteration": 0,
      "metrics": [
        {
          "admission_treshold": 0,
          "algorithm": "d3clock",
          "byte_inserted": 1449990,
          "byte_miss": 1449990,
          "byte_read": 3863089,
          "byte_reinserted": 1843740,
          "hit": 3863089,
          "inserted": 1449990,
          "layer": 0,
          "miss_ratio": 0.27290955018737717,
          "reinserted": 1843740,
          "req": 5313079
        }
      ],
      "miss_ratio": 0.27290955018737717,
      "req": 5313079
    }
  ],
  "trace": "tencentBlock.ns8402.oracleGeneral.zst"
}