{
  "dram_cache_size": 29,
  "flash_cache_size": 2930,
  "results": [
    {
      "hit": 2513139,
      "iteration": 0,
      "metrics": [
        {
          "admission_treshold": 0,
          "algorithm": "g2clock",
          "byte_inserted": 1234574,
          "byte_miss": 1234574,
          "byte_read": 2513139,
          "byte_reinserted": 278464,
          "hit": 2513139,
          "inserted": 1234574,
          "layer": 0,
          "miss_ratio": 0.329420635998541,
          "reinserted": 278464,
          "req": 3747713
        }
      ],
      "miss_ratio": 0.329420635998541,
      "req": 3747713
    }
  ],
  "trace": "tencentBlock.ns11159.oracleGeneral.zst"
}