{
  "dram_cache_size": 16,
  "flash_cache_size": 1602,
  "results": [
    {
      "hit": 1023105,
      "iteration": 0,
      "metrics": [
        {
          "admission_treshold": 0,
          "algorithm": "gclock",
          "byte_inserted": 798543,
          "byte_miss": 798543,
          "byte_read": 1023105,
          "byte_reinserted": 106990,
          "hit": 1023105,
          "inserted": 798543,
          "layer": 0,
          "miss_ratio": 0.4383629548628495,
          "reinserted": 106990,
          "req": 1821648
        }
      ],
      "miss_ratio": 0.4383629548628495,
      "req": 1821648
    }
  ],
  "trace": "tencentBlock.ns10086.oracleGeneral.zst"
}