{
  "dram_cache_size": 183,
  "flash_cache_size": 18387,
  "results": [
    {
      "hit": 10253315,
      "iteration": 0,
      "metrics": [
        {
          "admission_treshold": 0,
          "algorithm": "g2clock",
          "byte_inserted": 10775956,
          "byte_miss": 10775956,
          "byte_read": 10253315,
          "byte_reinserted": 3041851,
          "hit": 10253315,
          "inserted": 10775956,
          "layer": 0,
          "miss_ratio": 0.5124265125500547,
          "reinserted": 3041851,
          "req": 21029271
        }
      ],
      "miss_ratio": 0.5124265125500547,
      "req": 21029271
    }
  ],
  "trace": "wiki_2019t.oracleGeneral.sample10.zst"
}