{
  "dram_cache_size": 1,
  "flash_cache_size": 145,
  "results": [
    {
      "hit": 1630565,
      "iteration": 0,
      "metrics": [
        {
          "admission_treshold": 0,
          "algorithm": "gclock",
          "byte_inserted": 908980,
          "byte_miss": 908980,
          "byte_read": 1630565,
          "byte_reinserted": 117189,
          "hit": 1630565,
          "inserted": 908980,
          "layer": 0,
          "miss_ratio": 0.3579302591605976,
          "reinserted": 117189,
          "req": 2539545
        }
      ],
      "miss_ratio": 0.3579302591605976,
      "req": 2539545
    }
  ],
  "trace": "akamai_lax.ns368.oracleGeneral.bin.zst"
}