{
  "dram_cache_size": 2,
  "flash_cache_size": 236,
  "results": [
    {
      "hit": 5821032,
      "iteration": 0,
      "metrics": [
        {
          "admission_treshold": 0,
          "algorithm": "dclock",
          "byte_inserted": 113166,
          "byte_miss": 113166,
          "byte_read": 5821032,
          "byte_reinserted": 49189,
          "hit": 5821032,
          "inserted": 113166,
          "layer": 0,
          "miss_ratio": 0.01907014225005632,
          "reinserted": 49189,
          "req": 5934198
        }
      ],
      "miss_ratio": 0.01907014225005632,
      "req": 5934198
    }
  ],
  "trace": "cf_colo28.ns1246.oracleGeneral.zst"
}