{
  "dram_cache_size": 10,
  "flash_cache_size": 1083,
  "results": [
    {
      "hit": 1350778,
      "iteration": 0,
      "metrics": [
        {
          "admission_treshold": 0,
          "algorithm": "dclock",
          "byte_inserted": 849222,
          "byte_miss": 849222,
          "byte_read": 1350778,
          "byte_reinserted": 88158,
          "hit": 1350778,
          "inserted": 849222,
          "layer": 0,
          "miss_ratio": 0.38600999999999996,
          "reinserted": 88158,
          "req": 2200000
        }
      ],
      "miss_ratio": 0.38600999999999996,
      "req": 2200000
    }
  ],
  "trace": "io_traces.ns409.oracleGeneral.zst"
}