{
  "dram_cache_size": 53,
  "flash_cache_size": 5340,
  "results": [
    {
      "hit": 3178094,
      "iteration": 0,
      "metrics": [
        {
          "admission_treshold": 0,
          "algorithm": "g2clock",
          "byte_inserted": 1571791,
          "byte_miss": 1571791,
          "byte_read": 3178094,
          "byte_reinserted": 450399,
          "hit": 3178094,
          "inserted": 1571791,
          "layer": 0,
          "miss_ratio": 0.3309113799597253,
          "reinserted": 450399,
          "req": 4749885
        }
      ],
      "miss_ratio": 0.3309113799597253,
      "req": 4749885
    }
  ],
  "trace": "tencentBlock.ns7576.oracleGeneral.zst"
}