{
  "dram_cache_size": 4,
  "flash_cache_size": 418,
  "results": [
    {
      "hit": 3213609,
      "iteration": 0,
      "metrics": [
        {
          "admission_treshold": 0,
          "algorithm": "d3clock",
          "byte_inserted": 1154121,
          "byte_miss": 1154121,
          "byte_read": 3213609,
          "byte_reinserted": 959292,
          "hit": 3213609,
          "inserted": 1154121,
          "layer": 0,
          "miss_ratio": 0.26423817406295724,
          "reinserted": 959292,
          "req": 4367730
        }
      ],
      "miss_ratio": 0.26423817406295724,
      "req": 4367730
    }
  ],
  "trace": "tencentBlock.ns16041.oracleGeneral.zst"
}