{
  "dram_cache_size": 8,
  "flash_cache_size": 825,
  "results": [
    {
      "hit": 1762449,
      "iteration": 0,
      "metrics": [
        {
          "admission_treshold": 0,
          "algorithm": "gclock",
          "byte_inserted": 359405,
          "byte_miss": 359405,
          "byte_read": 1762449,
          "byte_reinserted": 94101,
          "hit": 1762449,
          "inserted": 359405,
          "layer": 0,
          "miss_ratio": 0.1693825305605381,
          "reinserted": 94101,
          "req": 2121854
        }
      ],
      "miss_ratio": 0.1693825305605381,
      "req": 2121854
    }
  ],
  "trace": "tencentBlock.ns11529.oracleGeneral.zst"
}