{
  "dram_cache_size": 31,
  "flash_cache_size": 3198,
  "results": [
    {
      "hit": 1930001,
      "iteration": 0,
      "metrics": [
        {
          "admission_treshold": 0,
          "algorithm": "d3clock",
          "byte_inserted": 1203873,
          "byte_miss": 1203873,
          "byte_read": 1930001,
          "byte_reinserted": 344409,
          "hit": 1930001,
          "inserted": 1203873,
          "layer": 0,
          "miss_ratio": 0.38414850118415733,
          "reinserted": 344409,
          "req": 3133874
        }
      ],
      "miss_ratio": 0.38414850118415733,
      "req": 3133874
    }
  ],
  "trace": "tencentBlock.ns7664.oracleGeneral.zst"
}