{
  "dram_cache_size": 11,
  "flash_cache_size": 1188,
  "results": [
    {
      "hit": 1817977,
      "iteration": 0,
      "metrics": [
        {
          "admission_treshold": 0,
          "algorithm": "g2clock",
          "byte_inserted": 650477,
          "byte_miss": 650477,
          "byte_read": 1817977,
          "byte_reinserted": 187808,
          "hit": 1817977,
          "inserted": 650477,
          "layer": 0,
          "miss_ratio": 0.26351594965917935,
          "reinserted": 187808,
          "req": 2468454
        }
      ],
      "miss_ratio": 0.26351594965917935,
      "req": 2468454
    }
  ],
  "trace": "tencentBlock.ns5823.oracleGeneral.zst"
}