{
  "dram_cache_size": 149,
  "flash_cache_size": 14934,
  "results": [
    {
      "hit": 7215906,
      "iteration": 0,
      "metrics": [
        {
          "admission_treshold": 0,
          "algorithm": "d3clock",
          "byte_inserted": 3541368,
          "byte_miss": 3541368,
          "byte_read": 7215906,
          "byte_reinserted": 952129,
          "hit": 7215906,
          "inserted": 3541368,
          "layer": 0,
          "miss_ratio": 0.32920682321562134,
          "reinserted": 952129,
          "req": 10757274
        }
      ],
      "miss_ratio": 0.32920682321562134,
      "req": 10757274
    }
  ],
  "trace": "tencentBlock.ns10799.oracleGeneral.zst"
}