{
  "dram_cache_size": 8,
  "flash_cache_size": 891,
  "results": [
    {
      "hit": 1499354,
      "iteration": 0,
      "metrics": [
        {
          "admission_treshold": 0,
          "algorithm": "dclock",
          "byte_inserted": 506996,
          "byte_miss": 506996,
          "byte_read": 1499354,
          "byte_reinserted": 130938,
          "hit": 1499354,
          "inserted": 506996,
          "layer": 0,
          "miss_ratio": 0.25269569118050195,
          "reinserted": 130938,
          "req": 2006350
        }
      ],
      "miss_ratio": 0.25269569118050195,
      "req": 2006350
    }
  ],
  "trace": "tencentBlock.ns1175.oracleGeneral.zst"
}