{
  "dram_cache_size": 9,
  "flash_cache_size": 966,
  "results": [
    {
      "hit": 735799,
      "iteration": 0,
      "metrics": [
        {
          "admission_treshold": 0,
          "algorithm": "dclock",
          "byte_inserted": 473025,
          "byte_miss": 473025,
          "byte_read": 735799,
          "byte_reinserted": 78270,
          "hit": 735799,
          "inserted": 473025,
          "layer": 0,
          "miss_ratio": 0.39131006664328305,
          "reinserted": 78270,
          "req": 1208824
        }
      ],
      "miss_ratio": 0.39131006664328305,
      "req": 1208824
    }
  ],
  "trace": "tencentBlock.ns15236.oracleGeneral.zst"
}