{
  "dram_cache_size": 16,
  "flash_cache_size": 1605,
  "results": [
    {
      "hit": 888798,
      "iteration": 0,
      "metrics": [
        {
          "admission_treshold": 0,
          "algorithm": "q3auto",
          "byte_inserted": 222178,
          "byte_miss": 222178,
          "byte_read": 888798,
          "byte_reinserted": 29726,
          "hit": 888798,
          "inserted": 222178,
          "layer": 0,
          "miss_ratio": 0.19998451811740303,
          "reinserted": 29726,
          "req": 1110976
        }
      ],
      "miss_ratio": 0.19998451811740303,
      "req": 1110976
    }
  ],
  "trace": "akamai_lax.ns1359.oracleGeneral.bin.zst"
}