{
  "dram_cache_size": 11,
  "flash_cache_size": 1124,
  "results": [
    {
      "hit": 14166865,
      "iteration": 0,
      "metrics": [
        {
          "admission_treshold": 0,
          "algorithm": "tauto",
          "byte_inserted": 126032,
          "byte_miss": 126032,
          "byte_read": 14166865,
          "byte_reinserted": 26285,
          "hit": 14166865,
          "inserted": 126032,
          "layer": 0,
          "miss_ratio": 0.008817806495072356,
          "reinserted": 26285,
          "req": 14292897
        }
      ],
      "miss_ratio": 0.008817806495072356,
      "req": 14292897
    }
  ],
  "trace": "cf_allcolo.ns523.oracleGeneral.zst"
}