{
  "dram_cache_size": 611,
  "flash_cache_size": 61161,
  "results": [
    {
      "hit": 577776,
      "iteration": 0,
      "metrics": [
        {
          "admission_treshold": 0,
          "algorithm": "g2clock",
          "byte_inserted": 13022224,
          "byte_miss": 13022224,
          "byte_read": 577776,
          "byte_reinserted": 78877,
          "hit": 577776,
          "inserted": 13022224,
          "layer": 0,
          "miss_ratio": 0.9575164705882353,
          "reinserted": 78877,
          "req": 13600000
        }
      ],
      "miss_ratio": 0.9575164705882353,
      "req": 13600000
    }
  ],
  "trace": "io_traces.ns725.oracleGeneral.zst"
}