{
  "dram_cache_size": 247,
  "flash_cache_size": 24719,
  "results": [
    {
      "hit": 2435770,
      "iteration": 0,
      "metrics": [
        {
          "admission_treshold": 0,
          "algorithm": "d3clock",
          "byte_inserted": 10564230,
          "byte_miss": 10564230,
          "byte_read": 2435770,
          "byte_reinserted": 932083,
          "hit": 2435770,
          "inserted": 10564230,
          "layer": 0,
          "miss_ratio": 0.812633076923077,
          "reinserted": 932083,
          "req": 13000000
        }
      ],
      "miss_ratio": 0.812633076923077,
      "req": 13000000
    }
  ],
  "trace": "io_traces.ns132.oracleGeneral.zst"
}