{
  "dram_cache_size": 73,
  "flash_cache_size": 7349,
  "results": [
    {
      "hit": 4656436,
      "iteration": 0,
      "metrics": [
        {
          "admission_treshold": 0,
          "algorithm": "s3fclock-sequential",
          "byte_inserted": 1788617,
          "byte_miss": 1788617,
          "byte_read": 4656436,
          "byte_reinserted": 681866,
          "hit": 4656436,
          "inserted": 1788617,
          "layer": 0,
          "miss_ratio": 0.27751781094740413,
          "reinserted": 681866,
          "req": 6445053
        }
      ],
      "miss_ratio": 0.27751781094740413,
      "req": 6445053
    }
  ],
  "trace": "tencentBlock.ns12242.oracleGeneral.zst"
}