{
  "dram_cache_size": 42,
  "flash_cache_size": 4258,
  "results": [
    {
      "hit": 2615084,
      "iteration": 0,
      "metrics": [
        {
          "admission_treshold": 0,
          "algorithm": "time2-auto",
          "byte_inserted": 1319891,
          "byte_miss": 1319891,
          "byte_read": 2615084,
          "byte_reinserted": 315475,
          "hit": 2615084,
          "inserted": 1319891,
          "layer": 0,
          "miss_ratio": 0.33542551096258555,
          "reinserted": 315475,
          "req": 3934975
        }
      ],
      "miss_ratio": 0.33542551096258555,
      "req": 3934975
    }
  ],
  "trace": "tencentBlock.ns11412.oracleGeneral.zst"
}