{
  "dram_cache_size": 44,
  "flash_cache_size": 4463,
  "results": [
    {
      "hit": 2757743,
      "iteration": 0,
      "metrics": [
        {
          "admission_treshold": 0,
          "algorithm": "d3clock",
          "byte_inserted": 3333482,
          "byte_miss": 3333482,
          "byte_read": 2757743,
          "byte_reinserted": 640027,
          "hit": 2757743,
          "inserted": 3333482,
          "layer": 0,
          "miss_ratio": 0.5472597055600474,
          "reinserted": 640027,
          "req": 6091225
        }
      ],
      "miss_ratio": 0.5472597055600474,
      "req": 6091225
    }
  ],
  "trace": "tencentBlock.ns17570.oracleGeneral.zst"
}