{
  "dram_cache_size": 34,
  "flash_cache_size": 3402,
  "results": [
    {
      "hit": 3599328,
      "iteration": 0,
      "metrics": [
        {
          "admission_treshold": 0,
          "algorithm": "g2clock",
          "byte_inserted": 900129,
          "byte_miss": 900129,
          "byte_read": 3599328,
          "byte_reinserted": 187563,
          "hit": 3599328,
          "inserted": 900129,
          "layer": 0,
          "miss_ratio": 0.20005280637196887,
          "reinserted": 187563,
          "req": 4499457
        }
      ],
      "miss_ratio": 0.20005280637196887,
      "req": 4499457
    }
  ],
  "trace": "tencentBlock.ns22319.oracleGeneral.zst"
}