{
  "dram_cache_size": 71,
  "flash_cache_size": 7103,
  "results": [
    {
      "hit": 706307,
      "iteration": 0,
      "metrics": [
        {
          "admission_treshold": 0,
          "algorithm": "qand-clock-v2",
          "byte_inserted": 2789365,
          "byte_miss": 2789365,
          "byte_read": 706307,
          "byte_reinserted": 133757,
          "hit": 706307,
          "inserted": 2789365,
          "layer": 0,
          "miss_ratio": 0.7979481484532873,
          "reinserted": 133757,
          "req": 3495672
        }
      ],
      "miss_ratio": 0.7979481484532873,
      "req": 3495672
    }
  ],
  "trace": "tencentBlock.ns1784.oracleGeneral.zst"
}