{
  "dram_cache_size": 30,
  "flash_cache_size": 3090,
  "results": [
    {
      "hit": 1239634,
      "iteration": 0,
      "metrics": [
        {
          "admission_treshold": 0,
          "algorithm": "s3fclock",
          "byte_inserted": 692360,
          "byte_miss": 692360,
          "byte_read": 1239634,
          "byte_reinserted": 204883,
          "hit": 1239634,
          "inserted": 692360,
          "layer": 0,
          "miss_ratio": 0.3583655021702966,
          "reinserted": 204883,
          "req": 1931994
        }
      ],
      "miss_ratio": 0.3583655021702966,
      "req": 1931994
    }
  ],
  "trace": "tencentBlock.ns16977.oracleGeneral.zst"
}