{
  "dram_cache_size": 13,
  "flash_cache_size": 1335,
  "results": [
    {
      "hit": 976926,
      "iteration": 0,
      "metrics": [
        {
          "admission_treshold": 0,
          "algorithm": "clock",
          "byte_inserted": 466179,
          "byte_miss": 466179,
          "byte_read": 976926,
          "byte_reinserted": 741382,
          "hit": 976926,
          "inserted": 466179,
          "layer": 0,
          "miss_ratio": 0.32303886411591676,
          "reinserted": 741382,
          "req": 1443105
        }
      ],
      "miss_ratio": 0.32303886411591676,
      "req": 1443105
    }
  ],
  "trace": "akamai_lax.ns77.oracleGeneral.bin.zst"
}