{
  "dram_cache_size": 0,
  "flash_cache_size": 70,
  "results": [
    {
      "hit": 1545536,
      "iteration": 0,
      "metrics": [
        {
          "admission_treshold": 0,
          "algorithm": "t3auto",
          "byte_inserted": 178835,
          "byte_miss": 178835,
          "byte_read": 1545536,
          "byte_reinserted": 48771,
          "hit": 1545536,
          "inserted": 178835,
          "layer": 0,
          "miss_ratio": 0.10371028044428954,
          "reinserted": 48771,
          "req": 1724371
        }
      ],
      "miss_ratio": 0.10371028044428954,
      "req": 1724371
    }
  ],
  "trace": "cf_allcolo.ns1605.oracleGeneral.zst"
}