{
  "dram_cache_size": 617,
  "flash_cache_size": 61779,
  "results": [
    {
      "hit": 531347442,
      "iteration": 0,
      "metrics": [
        {
          "admission_treshold": 0,
          "algorithm": "gclock",
          "byte_inserted": 16758878,
          "byte_miss": 16758878,
          "byte_read": 531347442,
          "byte_reinserted": 6243949,
          "hit": 531347442,
          "inserted": 16758878,
          "layer": 0,
          "miss_ratio": 0.030575961977595933,
          "reinserted": 6243949,
          "req": 548106320
        }
      ],
      "miss_ratio": 0.030575961977595933,
      "req": 548106320
    }
  ],
  "trace": "passbird_cache.0.oracleGeneral.sample10.zst"
}