{
  "dram_cache_size": 13,
  "flash_cache_size": 1381,
  "results": [
    {
      "hit": 1008545,
      "iteration": 0,
      "metrics": [
        {
          "admission_treshold": 0,
          "algorithm": "qauto",
          "byte_inserted": 528697,
          "byte_miss": 528697,
          "byte_read": 1008545,
          "byte_reinserted": 147788,
          "hit": 1008545,
          "inserted": 528697,
          "layer": 0,
          "miss_ratio": 0.34392567988644596,
          "reinserted": 147788,
          "req": 1537242
        }
      ],
      "miss_ratio": 0.34392567988644596,
      "req": 1537242
    }
  ],
  "trace": "tencentBlock.ns20529.oracleGeneral.zst"
}