{
  "dram_cache_size": 16,
  "flash_cache_size": 1685,
  "results": [
    {
      "hit": 3360253,
      "iteration": 0,
      "metrics": [
        {
          "admission_treshold": 0,
          "algorithm": "t3auto",
          "byte_inserted": 1507081,
          "byte_miss": 1507081,
          "byte_read": 3360253,
          "byte_reinserted": 316122,
          "hit": 3360253,
          "inserted": 1507081,
          "layer": 0,
          "miss_ratio": 0.30963172036272835,
          "reinserted": 316122,
          "req": 4867334
        }
      ],
      "miss_ratio": 0.30963172036272835,
      "req": 4867334
    }
  ],
  "trace": "tencentBlock.ns5268.oracleGeneral.zst"
}