{
  "dram_cache_size": 71,
  "flash_cache_size": 7125,
  "results": [
    {
      "hit": 4578337,
      "iteration": 0,
      "metrics": [
        {
          "admission_treshold": 0,
          "algorithm": "qand-clock-v2",
          "byte_inserted": 2144152,
          "byte_miss": 2144152,
          "byte_read": 4578337,
          "byte_reinserted": 571168,
          "hit": 4578337,
          "inserted": 2144152,
          "layer": 0,
          "miss_ratio": 0.318952102413258,
          "reinserted": 571168,
          "req": 6722489
        }
      ],
      "miss_ratio": 0.318952102413258,
      "req": 6722489
    }
  ],
  "trace": "tencentBlock.ns22752.oracleGeneral.zst"
}