{
  "dram_cache_size": 27,
  "flash_cache_size": 2715,
  "results": [
    {
      "hit": 5332599,
      "iteration": 0,
      "metrics": [
        {
          "admission_treshold": 0,
          "algorithm": "g2clock",
          "byte_inserted": 1521397,
          "byte_miss": 1521397,
          "byte_read": 5332599,
          "byte_reinserted": 543013,
          "hit": 5332599,
          "inserted": 1521397,
          "layer": 0,
          "miss_ratio": 0.22197226260418013,
          "reinserted": 543013,
          "req": 6853996
        }
      ],
      "miss_ratio": 0.22197226260418013,
      "req": 6853996
    }
  ],
  "trace": "tencentBlock.ns5085.oracleGeneral.zst"
}