{
  "dram_cache_size": 173,
  "flash_cache_size": 17344,
  "results": [
    {
      "hit": 346301,
      "iteration": 0,
      "metrics": [
        {
          "admission_treshold": 0,
          "algorithm": "t4auto",
          "byte_inserted": 1935664,
          "byte_miss": 1935664,
          "byte_read": 346301,
          "byte_reinserted": 3899,
          "hit": 346301,
          "inserted": 1935664,
          "layer": 0,
          "miss_ratio": 0.848244385869196,
          "reinserted": 3899,
          "req": 2281965
        }
      ],
      "miss_ratio": 0.848244385869196,
      "req": 2281965
    }
  ],
  "trace": "cf_allcolo.ns715.oracleGeneral.zst"
}