{
  "dram_cache_size": 33900,
  "flash_cache_size": 3390004,
  "results": [
    {
      "hit": 4801833,
      "iteration": 0,
      "metrics": [
        {
          "admission_treshold": 0,
          "algorithm": "time-auto",
          "byte_inserted": 562258645,
          "byte_miss": 562258645,
          "byte_read": 187234792846,
          "byte_reinserted": 822303437,
          "hit": 4801833,
          "inserted": 9505,
          "layer": 0,
          "miss_ratio": 0.0019755419386457973,
          "reinserted": 28030,
          "req": 4811338
        }
      ],
      "miss_ratio": 0.0019755419386457973,
      "req": 4811338
    }
  ],
  "trace": "cf_allcolo.ns517.oracleGeneral.zst"
}