{
  "dram_cache_size": 15,
  "flash_cache_size": 1532,
  "results": [
    {
      "hit": 406502,
      "iteration": 0,
      "metrics": [
        {
          "admission_treshold": 0,
          "algorithm": "sxfifo",
          "byte_inserted": 1993498,
          "byte_miss": 1993498,
          "byte_read": 406502,
          "byte_reinserted": 145698,
          "hit": 406502,
          "inserted": 1993498,
          "layer": 0,
          "miss_ratio": 0.8306241666666667,
          "reinserted": 145698,
          "req": 2400000
        }
      ],
      "miss_ratio": 0.8306241666666667,
      "req": 2400000
    }
  ],
  "trace": "io_traces.ns712.oracleGeneral.zst"
}