{
  "dram_cache_size": 53,
  "flash_cache_size": 5329,
  "results": [
    {
      "hit": 2976825,
      "iteration": 0,
      "metrics": [
        {
          "admission_treshold": 0,
          "algorithm": "gclock",
          "byte_inserted": 1461159,
          "byte_miss": 1461159,
          "byte_read": 2976825,
          "byte_reinserted": 321795,
          "hit": 2976825,
          "inserted": 1461159,
          "layer": 0,
          "miss_ratio": 0.3292393573298146,
          "reinserted": 321795,
          "req": 4437984
        }
      ],
      "miss_ratio": 0.3292393573298146,
      "req": 4437984
    }
  ],
  "trace": "tencentBlock.ns12956.oracleGeneral.zst"
}