{
  "dram_cache_size": 18,
  "flash_cache_size": 1897,
  "results": [
    {
      "hit": 665633,
      "iteration": 0,
      "metrics": [
        {
          "admission_treshold": 0,
          "algorithm": "g2clock",
          "byte_inserted": 586752,
          "byte_miss": 586752,
          "byte_read": 665633,
          "byte_reinserted": 27255,
          "hit": 665633,
          "inserted": 586752,
          "layer": 0,
          "miss_ratio": 0.4685076873325694,
          "reinserted": 27255,
          "req": 1252385
        }
      ],
      "miss_ratio": 0.4685076873325694,
      "req": 1252385
    }
  ],
  "trace": "tencentBlock.ns20505.oracleGeneral.zst"
}