{
  "dram_cache_size": 46,
  "flash_cache_size": 4672,
  "results": [
    {
      "hit": 2342371,
      "iteration": 0,
      "metrics": [
        {
          "admission_treshold": 0,
          "algorithm": "g2clock",
          "byte_inserted": 1248373,
          "byte_miss": 1248373,
          "byte_read": 2342371,
          "byte_reinserted": 328836,
          "hit": 2342371,
          "inserted": 1248373,
          "layer": 0,
          "miss_ratio": 0.3476641609649699,
          "reinserted": 328836,
          "req": 3590744
        }
      ],
      "miss_ratio": 0.3476641609649699,
      "req": 3590744
    }
  ],
  "trace": "tencentBlock.ns16594.oracleGeneral.zst"
}