{
  "dram_cache_size": 51,
  "flash_cache_size": 5108,
  "results": [
    {
      "hit": 2063012,
      "iteration": 0,
      "metrics": [
        {
          "admission_treshold": 0,
          "algorithm": "q-clock",
          "byte_inserted": 2653841,
          "byte_miss": 2653841,
          "byte_read": 2063012,
          "byte_reinserted": 99734,
          "hit": 2063012,
          "inserted": 2653841,
          "layer": 0,
          "miss_ratio": 0.5626295752697826,
          "reinserted": 99734,
          "req": 4716853
        }
      ],
      "miss_ratio": 0.5626295752697826,
      "req": 4716853
    }
  ],
  "trace": "tencentBlock.ns2333.oracleGeneral.zst"
}