{
  "dram_cache_size": 29,
  "flash_cache_size": 2999,
  "results": [
    {
      "hit": 6034895,
      "iteration": 0,
      "metrics": [
        {
          "admission_treshold": 0,
          "algorithm": "dclock",
          "byte_inserted": 1051026,
          "byte_miss": 1051026,
          "byte_read": 6034895,
          "byte_reinserted": 368855,
          "hit": 6034895,
          "inserted": 1051026,
          "layer": 0,
          "miss_ratio": 0.1483259550875603,
          "reinserted": 368855,
          "req": 7085921
        }
      ],
      "miss_ratio": 0.1483259550875603,
      "req": 7085921
    }
  ],
  "trace": "tencentBlock.ns21421.oracleGeneral.zst"
}