{
  "dram_cache_size": 61,
  "flash_cache_size": 6137,
  "results": [
    {
      "hit": 5128200,
      "iteration": 0,
      "metrics": [
        {
          "admission_treshold": 0,
          "algorithm": "s3fclock",
          "byte_inserted": 1981892,
          "byte_miss": 1981892,
          "byte_read": 5128200,
          "byte_reinserted": 158461,
          "hit": 5128200,
          "inserted": 1981892,
          "layer": 0,
          "miss_ratio": 0.2787435099292668,
          "reinserted": 158461,
          "req": 7110092
        }
      ],
      "miss_ratio": 0.2787435099292668,
      "req": 7110092
    }
  ],
  "trace": "tencentBlock.ns2666.oracleGeneral.zst"
}