{
  "dram_cache_size": 8,
  "flash_cache_size": 885,
  "results": [
    {
      "hit": 1599748,
      "iteration": 0,
      "metrics": [
        {
          "admission_treshold": 0,
          "algorithm": "d3clock",
          "byte_inserted": 494782,
          "byte_miss": 494782,
          "byte_read": 1599748,
          "byte_reinserted": 137073,
          "hit": 1599748,
          "inserted": 494782,
          "layer": 0,
          "miss_ratio": 0.23622578812430473,
          "reinserted": 137073,
          "req": 2094530
        }
      ],
      "miss_ratio": 0.23622578812430473,
      "req": 2094530
    }
  ],
  "trace": "tencentBlock.ns4151.oracleGeneral.zst"
}