{
  "dram_cache_size": 19,
  "flash_cache_size": 1921,
  "results": [
    {
      "hit": 1290624,
      "iteration": 0,
      "metrics": [
        {
          "admission_treshold": 0,
          "algorithm": "dclock",
          "byte_inserted": 1592546,
          "byte_miss": 1592546,
          "byte_read": 1290624,
          "byte_reinserted": 137133,
          "hit": 1290624,
          "inserted": 1592546,
          "layer": 0,
          "miss_ratio": 0.5523593822077782,
          "reinserted": 137133,
          "req": 2883170
        }
      ],
      "miss_ratio": 0.5523593822077782,
      "req": 2883170
    }
  ],
  "trace": "tencentBlock.ns9690.oracleGeneral.zst"
}