{
  "dram_cache_size": 7217,
  "flash_cache_size": 721712,
  "results": [
    {
      "hit": 145375629,
      "iteration": 0,
      "metrics": [
        {
          "admission_treshold": 0,
          "algorithm": "g2clock",
          "byte_inserted": 95749759,
          "byte_miss": 95749759,
          "byte_read": 145375629,
          "byte_reinserted": 6235903,
          "hit": 145375629,
          "inserted": 95749759,
          "layer": 0,
          "miss_ratio": 0.39709530296328643,
          "reinserted": 6235903,
          "req": 241125388
        }
      ],
      "miss_ratio": 0.39709530296328643,
      "req": 241125388
    }
  ],
  "trace": "cf_colo28.ns41.oracleGeneral.zst"
}