{
  "dram_cache_size": 40394,
  "flash_cache_size": 4039430,
  "results": [
    {
      "hit": 1386318062,
      "iteration": 0,
      "metrics": [
        {
          "admission_treshold": 0,
          "algorithm": "q2auto",
          "byte_inserted": 644373656,
          "byte_miss": 644373656,
          "byte_read": 1386318062,
          "byte_reinserted": 268331597,
          "hit": 1386318062,
          "inserted": 644373656,
          "layer": 0,
          "miss_ratio": 0.3173173211316559,
          "reinserted": 268331597,
          "req": 2030691718
        }
      ],
      "miss_ratio": 0.3173173211316559,
      "req": 2030691718
    }
  ],
  "trace": "cluster22.oracleGeneral.zst"
}