{
  "dram_cache_size": 7,
  "flash_cache_size": 731,
  "results": [
    {
      "hit": 686933,
      "iteration": 0,
      "metrics": [
        {
          "admission_treshold": 0,
          "algorithm": "q2auto",
          "byte_inserted": 1113067,
          "byte_miss": 1113067,
          "byte_read": 686933,
          "byte_reinserted": 144790,
          "hit": 686933,
          "inserted": 1113067,
          "layer": 0,
          "miss_ratio": 0.6183705555555555,
          "reinserted": 144790,
          "req": 1800000
        }
      ],
      "miss_ratio": 0.6183705555555555,
      "req": 1800000
    }
  ],
  "trace": "io_traces.ns519.oracleGeneral.zst"
}