{
  "dram_cache_size": 31,
  "flash_cache_size": 3101,
  "results": [
    {
      "hit": 2815206,
      "iteration": 0,
      "metrics": [
        {
          "admission_treshold": 0,
          "algorithm": "d3clock",
          "byte_inserted": 887979,
          "byte_miss": 887979,
          "byte_read": 2815206,
          "byte_reinserted": 709905,
          "hit": 2815206,
          "inserted": 887979,
          "layer": 0,
          "miss_ratio": 0.23978791229711716,
          "reinserted": 709905,
          "req": 3703185
        }
      ],
      "miss_ratio": 0.23978791229711716,
      "req": 3703185
    }
  ],
  "trace": "tencentBlock.ns18974.oracleGeneral.zst"
}