{
  "dram_cache_size": 5,
  "flash_cache_size": 587,
  "results": [
    {
      "hit": 2416667,
      "iteration": 0,
      "metrics": [
        {
          "admission_treshold": 0,
          "algorithm": "dclock",
          "byte_inserted": 761025,
          "byte_miss": 761025,
          "byte_read": 2416667,
          "byte_reinserted": 412547,
          "hit": 2416667,
          "inserted": 761025,
          "layer": 0,
          "miss_ratio": 0.2394898561597537,
          "reinserted": 412547,
          "req": 3177692
        }
      ],
      "miss_ratio": 0.2394898561597537,
      "req": 3177692
    }
  ],
  "trace": "tencentBlock.ns8618.oracleGeneral.zst"
}