{
  "dram_cache_size": 49,
  "flash_cache_size": 4998,
  "results": [
    {
      "hit": 2690855,
      "iteration": 0,
      "metrics": [
        {
          "admission_treshold": 0,
          "algorithm": "g2clock",
          "byte_inserted": 1718580,
          "byte_miss": 1718580,
          "byte_read": 2690855,
          "byte_reinserted": 292052,
          "hit": 2690855,
          "inserted": 1718580,
          "layer": 0,
          "miss_ratio": 0.3897506143077287,
          "reinserted": 292052,
          "req": 4409435
        }
      ],
      "miss_ratio": 0.3897506143077287,
      "req": 4409435
    }
  ],
  "trace": "tencentBlock.ns3091.oracleGeneral.zst"
}