{
  "dram_cache_size": 3,
  "flash_cache_size": 341,
  "results": [
    {
      "hit": 681442,
      "iteration": 0,
      "metrics": [
        {
          "admission_treshold": 0,
          "algorithm": "g2clock",
          "byte_inserted": 1093441,
          "byte_miss": 1093441,
          "byte_read": 681442,
          "byte_reinserted": 353669,
          "hit": 681442,
          "inserted": 1093441,
          "layer": 0,
          "miss_ratio": 0.6160637067344721,
          "reinserted": 353669,
          "req": 1774883
        }
      ],
      "miss_ratio": 0.6160637067344721,
      "req": 1774883
    }
  ],
  "trace": "akamai_sjc.ns754.oracleGeneral.bin.zst"
}