{
  "dram_cache_size": 0,
  "flash_cache_size": 15,
  "results": [
    {
      "hit": 1018752,
      "iteration": 0,
      "metrics": [
        {
          "admission_treshold": 0,
          "algorithm": "q2auto",
          "byte_inserted": 13671,
          "byte_miss": 13671,
          "byte_read": 1018752,
          "byte_reinserted": 10220,
          "hit": 1018752,
          "inserted": 13671,
          "layer": 0,
          "miss_ratio": 0.013241665480137499,
          "reinserted": 10220,
          "req": 1032423
        }
      ],
      "miss_ratio": 0.013241665480137499,
      "req": 1032423
    }
  ],
  "trace": "cf_allcolo.ns633.oracleGeneral.zst"
}