{
  "dram_cache_size": 202,
  "flash_cache_size": 20249,
  "results": [
    {
      "hit": 767458939,
      "iteration": 0,
      "metrics": [
        {
          "admission_treshold": 0,
          "algorithm": "dclock",
          "byte_inserted": 35728169,
          "byte_miss": 35728169,
          "byte_read": 767458939,
          "byte_reinserted": 139799766,
          "hit": 767458939,
          "inserted": 35728169,
          "layer": 0,
          "miss_ratio": 0.04448299610904616,
          "reinserted": 139799766,
          "req": 803187108
        }
      ],
      "miss_ratio": 0.04448299610904616,
      "req": 803187108
    }
  ],
  "trace": "content_recommender_cache.0.oracleGeneral.sample10.zst"
}