{
  "dram_cache_size": 24,
  "flash_cache_size": 2444,
  "results": [
    {
      "hit": 4791253,
      "iteration": 0,
      "metrics": [
        {
          "admission_treshold": 0,
          "algorithm": "qtime-clock",
          "byte_inserted": 1808747,
          "byte_miss": 1808747,
          "byte_read": 4791253,
          "byte_reinserted": 394016,
          "hit": 4791253,
          "inserted": 1808747,
          "layer": 0,
          "miss_ratio": 0.2740525757575758,
          "reinserted": 394016,
          "req": 6600000
        }
      ],
      "miss_ratio": 0.2740525757575758,
      "req": 6600000
    }
  ],
  "trace": "io_traces.ns666.oracleGeneral.zst"
}