{
  "dram_cache_size": 92,
  "flash_cache_size": 9229,
  "results": [
    {
      "hit": 147746244,
      "iteration": 0,
      "metrics": [
        {
          "admission_treshold": 0,
          "algorithm": "g2clock",
          "byte_inserted": 23559072,
          "byte_miss": 23559072,
          "byte_read": 147746244,
          "byte_reinserted": 27289027,
          "hit": 147746244,
          "inserted": 23559072,
          "layer": 0,
          "miss_ratio": 0.1375268003942154,
          "reinserted": 27289027,
          "req": 171305316
        }
      ],
      "miss_ratio": 0.1375268003942154,
      "req": 171305316
    }
  ],
  "trace": "notificationservice_api_prod1_cache.0.oracleGeneral.sample10.zst"
}