{
  "dram_cache_size": 20,
  "flash_cache_size": 2056,
  "results": [
    {
      "hit": 843880,
      "iteration": 0,
      "metrics": [
        {
          "admission_treshold": 0,
          "algorithm": "q3auto",
          "byte_inserted": 818386,
          "byte_miss": 818386,
          "byte_read": 843880,
          "byte_reinserted": 91136,
          "hit": 843880,
          "inserted": 818386,
          "layer": 0,
          "miss_ratio": 0.4923315522305094,
          "reinserted": 91136,
          "req": 1662266
        }
      ],
      "miss_ratio": 0.4923315522305094,
      "req": 1662266
    }
  ],
  "trace": "tencentBlock.ns22050.oracleGeneral.zst"
}