{
  "dram_cache_size": 8,
  "flash_cache_size": 875,
  "results": [
    {
      "hit": 3446304,
      "iteration": 0,
      "metrics": [
        {
          "admission_treshold": 0,
          "algorithm": "dclock",
          "byte_inserted": 638993,
          "byte_miss": 638993,
          "byte_read": 3446304,
          "byte_reinserted": 424207,
          "hit": 3446304,
          "inserted": 638993,
          "layer": 0,
          "miss_ratio": 0.1564128630060434,
          "reinserted": 424207,
          "req": 4085297
        }
      ],
      "miss_ratio": 0.1564128630060434,
      "req": 4085297
    }
  ],
  "trace": "tencentBlock.ns21984.oracleGeneral.zst"
}