{
  "dram_cache_size": 31,
  "flash_cache_size": 3104,
  "results": [
    {
      "hit": 2610716,
      "iteration": 0,
      "metrics": [
        {
          "admission_treshold": 0,
          "algorithm": "q3auto",
          "byte_inserted": 1437128,
          "byte_miss": 1437128,
          "byte_read": 2610716,
          "byte_reinserted": 211175,
          "hit": 2610716,
          "inserted": 1437128,
          "layer": 0,
          "miss_ratio": 0.35503542132552535,
          "reinserted": 211175,
          "req": 4047844
        }
      ],
      "miss_ratio": 0.35503542132552535,
      "req": 4047844
    }
  ],
  "trace": "tencentBlock.ns9462.oracleGeneral.zst"
}