{
  "dram_cache_size": 8,
  "flash_cache_size": 845,
  "results": [
    {
      "hit": 1860357,
      "iteration": 0,
      "metrics": [
        {
          "admission_treshold": 0,
          "algorithm": "g2clock",
          "byte_inserted": 493734,
          "byte_miss": 493734,
          "byte_read": 1860357,
          "byte_reinserted": 76087,
          "hit": 1860357,
          "inserted": 493734,
          "layer": 0,
          "miss_ratio": 0.20973445801373014,
          "reinserted": 76087,
          "req": 2354091
        }
      ],
      "miss_ratio": 0.20973445801373014,
      "req": 2354091
    }
  ],
  "trace": "tencentBlock.ns11882.oracleGeneral.zst"
}