{
  "dram_cache_size": 16,
  "flash_cache_size": 1616,
  "results": [
    {
      "hit": 966972,
      "iteration": 0,
      "metrics": [
        {
          "admission_treshold": 0,
          "algorithm": "gclock",
          "byte_inserted": 591823,
          "byte_miss": 591823,
          "byte_read": 966972,
          "byte_reinserted": 25615,
          "hit": 966972,
          "inserted": 591823,
          "layer": 0,
          "miss_ratio": 0.3796669863580522,
          "reinserted": 25615,
          "req": 1558795
        }
      ],
      "miss_ratio": 0.3796669863580522,
      "req": 1558795
    }
  ],
  "trace": "tencentBlock.ns19716.oracleGeneral.zst"
}