{
  "dram_cache_size": 14,
  "flash_cache_size": 1474,
  "results": [
    {
      "hit": 689402,
      "iteration": 0,
      "metrics": [
        {
          "admission_treshold": 0,
          "algorithm": "s3fclock",
          "byte_inserted": 729686,
          "byte_miss": 729686,
          "byte_read": 689402,
          "byte_reinserted": 100671,
          "hit": 689402,
          "inserted": 729686,
          "layer": 0,
          "miss_ratio": 0.5141936229465685,
          "reinserted": 100671,
          "req": 1419088
        }
      ],
      "miss_ratio": 0.5141936229465685,
      "req": 1419088
    }
  ],
  "trace": "tencentBlock.ns12851.oracleGeneral.zst"
}