{
  "dram_cache_size": 33,
  "flash_cache_size": 3375,
  "results": [
    {
      "hit": 2057989,
      "iteration": 0,
      "metrics": [
        {
          "admission_treshold": 0,
          "algorithm": "s3fclock",
          "byte_inserted": 1033410,
          "byte_miss": 1033410,
          "byte_read": 2057989,
          "byte_reinserted": 218453,
          "hit": 2057989,
          "inserted": 1033410,
          "layer": 0,
          "miss_ratio": 0.334285545152858,
          "reinserted": 218453,
          "req": 3091399
        }
      ],
      "miss_ratio": 0.334285545152858,
      "req": 3091399
    }
  ],
  "trace": "tencentBlock.ns13945.oracleGeneral.zst"
}