{
  "dram_cache_size": 488,
  "flash_cache_size": 48811,
  "results": [
    {
      "hit": 693100571,
      "iteration": 0,
      "metrics": [
        {
          "admission_treshold": 0,
          "algorithm": "clock",
          "byte_inserted": 317902641,
          "byte_miss": 317902641,
          "byte_read": 693100571,
          "byte_reinserted": 222093422,
          "hit": 693100571,
          "inserted": 317902641,
          "layer": 0,
          "miss_ratio": 0.3144427606427822,
          "reinserted": 222093422,
          "req": 1011003212
        }
      ],
      "miss_ratio": 0.3144427606427822,
      "req": 1011003212
    }
  ],
  "trace": "wtf_req_cache.1.oracleGeneral.sample10.zst"
}