{
  "dram_cache_size": 21,
  "flash_cache_size": 2110,
  "results": [
    {
      "hit": 16792914,
      "iteration": 0,
      "metrics": [
        {
          "admission_treshold": 0,
          "algorithm": "gclock",
          "byte_inserted": 1978626,
          "byte_miss": 1978626,
          "byte_read": 16792914,
          "byte_reinserted": 663588,
          "hit": 16792914,
          "inserted": 1978626,
          "layer": 0,
          "miss_ratio": 0.1054056300122419,
          "reinserted": 663588,
          "req": 18771540
        }
      ],
      "miss_ratio": 0.1054056300122419,
      "req": 18771540
    }
  ],
  "trace": "akamai_sjc.ns8.oracleGeneral.bin.zst"
}