{
  "dram_cache_size": 2,
  "flash_cache_size": 279,
  "results": [
    {
      "hit": 2750942,
      "iteration": 0,
      "metrics": [
        {
          "admission_treshold": 0,
          "algorithm": "q2auto",
          "byte_inserted": 31631,
          "byte_miss": 31631,
          "byte_read": 2750942,
          "byte_reinserted": 2827,
          "hit": 2750942,
          "inserted": 31631,
          "layer": 0,
          "miss_ratio": 0.011367536449178539,
          "reinserted": 2827,
          "req": 2782573
        }
      ],
      "miss_ratio": 0.011367536449178539,
      "req": 2782573
    }
  ],
  "trace": "cf_allcolo.ns1926.oracleGeneral.zst"
}