{
  "dram_cache_size": 29874,
  "flash_cache_size": 2987450,
  "results": [
    {
      "hit": 1587891,
      "iteration": 0,
      "metrics": [
        {
          "admission_treshold": 0,
          "algorithm": "qauto",
          "byte_inserted": 619550561,
          "byte_miss": 619550561,
          "byte_read": 5897826178,
          "byte_reinserted": 774689384,
          "hit": 1587891,
          "inserted": 69054,
          "layer": 0,
          "miss_ratio": 0.041675493151553056,
          "reinserted": 66605,
          "req": 1656945
        }
      ],
      "miss_ratio": 0.041675493151553056,
      "req": 1656945
    }
  ],
  "trace": "cf_allcolo.ns2025.oracleGeneral.zst"
}