{
  "dram_cache_size": 36,
  "flash_cache_size": 3622,
  "results": [
    {
      "hit": 2018720,
      "iteration": 0,
      "metrics": [
        {
          "admission_treshold": 0,
          "algorithm": "gclock",
          "byte_inserted": 1297305,
          "byte_miss": 1297305,
          "byte_read": 2018720,
          "byte_reinserted": 112509,
          "hit": 2018720,
          "inserted": 1297305,
          "layer": 0,
          "miss_ratio": 0.39122292503826117,
          "reinserted": 112509,
          "req": 3316025
        }
      ],
      "miss_ratio": 0.39122292503826117,
      "req": 3316025
    }
  ],
  "trace": "tencentBlock.ns23497.oracleGeneral.zst"
}