{
  "dram_cache_size": 27,
  "flash_cache_size": 2710,
  "results": [
    {
      "hit": 1059094,
      "iteration": 0,
      "metrics": [
        {
          "admission_treshold": 0,
          "algorithm": "sxfifo",
          "byte_inserted": 891323,
          "byte_miss": 891323,
          "byte_read": 1059094,
          "byte_reinserted": 156741,
          "hit": 1059094,
          "inserted": 891323,
          "layer": 0,
          "miss_ratio": 0.45699099218269734,
          "reinserted": 156741,
          "req": 1950417
        }
      ],
      "miss_ratio": 0.45699099218269734,
      "req": 1950417
    }
  ],
  "trace": "tencentBlock.ns22242.oracleGeneral.zst"
}