{
  "dram_cache_size": 50,
  "flash_cache_size": 5019,
  "results": [
    {
      "hit": 2543557,
      "iteration": 0,
      "metrics": [
        {
          "admission_treshold": 0,
          "algorithm": "gclock",
          "byte_inserted": 1421761,
          "byte_miss": 1421761,
          "byte_read": 2543557,
          "byte_reinserted": 403637,
          "hit": 2543557,
          "inserted": 1421761,
          "layer": 0,
          "miss_ratio": 0.35854904953398437,
          "reinserted": 403637,
          "req": 3965318
        }
      ],
      "miss_ratio": 0.35854904953398437,
      "req": 3965318
    }
  ],
  "trace": "tencentBlock.ns15091.oracleGeneral.zst"
}