{
  "dram_cache_size": 18,
  "flash_cache_size": 1832,
  "results": [
    {
      "hit": 2142381,
      "iteration": 0,
      "metrics": [
        {
          "admission_treshold": 0,
          "algorithm": "sxfifo",
          "byte_inserted": 3788614,
          "byte_miss": 3788614,
          "byte_read": 2142381,
          "byte_reinserted": 59263,
          "hit": 2142381,
          "inserted": 3788614,
          "layer": 0,
          "miss_ratio": 0.6387821942186767,
          "reinserted": 59263,
          "req": 5930995
        }
      ],
      "miss_ratio": 0.6387821942186767,
      "req": 5930995
    }
  ],
  "trace": "tencentBlock.ns7029.oracleGeneral.zst"
}