{
  "dram_cache_size": 126,
  "flash_cache_size": 12639,
  "results": [
    {
      "hit": 5990280,
      "iteration": 0,
      "metrics": [
        {
          "admission_treshold": 0,
          "algorithm": "t3auto",
          "byte_inserted": 8023801,
          "byte_miss": 8023801,
          "byte_read": 5990280,
          "byte_reinserted": 1550682,
          "hit": 5990280,
          "inserted": 8023801,
          "layer": 0,
          "miss_ratio": 0.5725527774529061,
          "reinserted": 1550682,
          "req": 14014081
        }
      ],
      "miss_ratio": 0.5725527774529061,
      "req": 14014081
    }
  ],
  "trace": "tencentBlock.ns8229.oracleGeneral.zst"
}