{
  "dram_cache_size": 33,
  "flash_cache_size": 3373,
  "results": [
    {
      "hit": 4639157,
      "iteration": 0,
      "metrics": [
        {
          "admission_treshold": 0,
          "algorithm": "dclock",
          "byte_inserted": 2441735,
          "byte_miss": 2441735,
          "byte_read": 4639157,
          "byte_reinserted": 453013,
          "hit": 4639157,
          "inserted": 2441735,
          "layer": 0,
          "miss_ratio": 0.34483437962335817,
          "reinserted": 453013,
          "req": 7080892
        }
      ],
      "miss_ratio": 0.34483437962335817,
      "req": 7080892
    }
  ],
  "trace": "tencentBlock.ns11383.oracleGeneral.zst"
}