{
  "dram_cache_size": 4,
  "flash_cache_size": 489,
  "results": [
    {
      "hit": 2666249,
      "iteration": 0,
      "metrics": [
        {
          "admission_treshold": 0,
          "algorithm": "t4auto",
          "byte_inserted": 487227,
          "byte_miss": 487227,
          "byte_read": 2666249,
          "byte_reinserted": 499671,
          "hit": 2666249,
          "inserted": 487227,
          "layer": 0,
          "miss_ratio": 0.15450474333719366,
          "reinserted": 499671,
          "req": 3153476
        }
      ],
      "miss_ratio": 0.15450474333719366,
      "req": 3153476
    }
  ],
  "trace": "tencentBlock.ns19184.oracleGeneral.zst"
}