{
  "dram_cache_size": 7,
  "flash_cache_size": 731,
  "results": [
    {
      "hit": 982422,
      "iteration": 0,
      "metrics": [
        {
          "admission_treshold": 0,
          "algorithm": "dclock",
          "byte_inserted": 160477,
          "byte_miss": 160477,
          "byte_read": 982422,
          "byte_reinserted": 121218,
          "hit": 982422,
          "inserted": 160477,
          "layer": 0,
          "miss_ratio": 0.1404122324019883,
          "reinserted": 121218,
          "req": 1142899
        }
      ],
      "miss_ratio": 0.1404122324019883,
      "req": 1142899
    }
  ],
  "trace": "cf_allcolo.ns2536.oracleGeneral.zst"
}