{
  "dram_cache_size": 783,
  "flash_cache_size": 78396,
  "results": [
    {
      "hit": 1058570,
      "iteration": 0,
      "metrics": [
        {
          "admission_treshold": 0,
          "algorithm": "time2-auto",
          "byte_inserted": 5596008412,
          "byte_miss": 5596008412,
          "byte_read": 15579296352,
          "byte_reinserted": 1128599723,
          "hit": 1058570,
          "inserted": 285759,
          "layer": 0,
          "miss_ratio": 0.21256626912013354,
          "reinserted": 72665,
          "req": 1344329
        }
      ],
      "miss_ratio": 0.21256626912013354,
      "req": 1344329
    }
  ],
  "trace": "cf_allcolo.ns3005.oracleGeneral.zst"
}