{
  "dram_cache_size": 852,
  "flash_cache_size": 85211,
  "results": [
    {
      "hit": 2799120,
      "iteration": 0,
      "metrics": [
        {
          "admission_treshold": 0,
          "algorithm": "d3clock",
          "byte_inserted": 11400880,
          "byte_miss": 11400880,
          "byte_read": 2799120,
          "byte_reinserted": 451822,
          "hit": 2799120,
          "inserted": 11400880,
          "layer": 0,
          "miss_ratio": 0.8028788732394366,
          "reinserted": 451822,
          "req": 14200000
        }
      ],
      "miss_ratio": 0.8028788732394366,
      "req": 14200000
    }
  ],
  "trace": "io_traces.ns248.oracleGeneral.zst"
}