{
  "dram_cache_size": 30,
  "flash_cache_size": 3039,
  "results": [
    {
      "hit": 4489678,
      "iteration": 0,
      "metrics": [
        {
          "admission_treshold": 0,
          "algorithm": "g2clock",
          "byte_inserted": 6510322,
          "byte_miss": 6510322,
          "byte_read": 4489678,
          "byte_reinserted": 919534,
          "hit": 4489678,
          "inserted": 6510322,
          "layer": 0,
          "miss_ratio": 0.5918474545454546,
          "reinserted": 919534,
          "req": 11000000
        }
      ],
      "miss_ratio": 0.5918474545454546,
      "req": 11000000
    }
  ],
  "trace": "io_traces.ns287.oracleGeneral.zst"
}