{
  "dram_cache_size": 26,
  "flash_cache_size": 2669,
  "results": [
    {
      "hit": 871809,
      "iteration": 0,
      "metrics": [
        {
          "admission_treshold": 0,
          "algorithm": "gclock",
          "byte_inserted": 697843,
          "byte_miss": 697843,
          "byte_read": 871809,
          "byte_reinserted": 33149,
          "hit": 871809,
          "inserted": 697843,
          "layer": 0,
          "miss_ratio": 0.44458453211285054,
          "reinserted": 33149,
          "req": 1569652
        }
      ],
      "miss_ratio": 0.44458453211285054,
      "req": 1569652
    }
  ],
  "trace": "tencentBlock.ns9599.oracleGeneral.zst"
}