{
  "dram_cache_size": 7,
  "flash_cache_size": 709,
  "results": [
    {
      "hit": 3493794,
      "iteration": 0,
      "metrics": [
        {
          "admission_treshold": 0,
          "algorithm": "gclock",
          "byte_inserted": 440914,
          "byte_miss": 440914,
          "byte_read": 3493794,
          "byte_reinserted": 98354,
          "hit": 3493794,
          "inserted": 440914,
          "layer": 0,
          "miss_ratio": 0.11205761647370016,
          "reinserted": 98354,
          "req": 3934708
        }
      ],
      "miss_ratio": 0.11205761647370016,
      "req": 3934708
    }
  ],
  "trace": "tencentBlock.ns4600.oracleGeneral.zst"
}