{
  "dram_cache_size": 0,
  "flash_cache_size": 34,
  "results": [
    {
      "hit": 3674074,
      "iteration": 0,
      "metrics": [
        {
          "admission_treshold": 0,
          "algorithm": "cm-clock",
          "byte_inserted": 10746116,
          "byte_miss": 10746116,
          "byte_read": 3674074,
          "byte_reinserted": 21976,
          "hit": 3674074,
          "inserted": 10746116,
          "layer": 0,
          "miss_ratio": 0.7452132045416877,
          "reinserted": 21976,
          "req": 14420190
        }
      ],
      "miss_ratio": 0.7452132045416877,
      "req": 14420190
    }
  ],
  "trace": "tencentBlock.ns18304.oracleGeneral.zst"
}