{
  "dram_cache_size": 16,
  "flash_cache_size": 1604,
  "results": [
    {
      "hit": 3215880,
      "iteration": 0,
      "metrics": [
        {
          "admission_treshold": 0,
          "algorithm": "gclock",
          "byte_inserted": 1095398,
          "byte_miss": 1095398,
          "byte_read": 3215880,
          "byte_reinserted": 201584,
          "hit": 3215880,
          "inserted": 1095398,
          "layer": 0,
          "miss_ratio": 0.2540773292745214,
          "reinserted": 201584,
          "req": 4311278
        }
      ],
      "miss_ratio": 0.2540773292745214,
      "req": 4311278
    }
  ],
  "trace": "tencentBlock.ns10156.oracleGeneral.zst"
}