{
  "dram_cache_size": 288,
  "flash_cache_size": 28827,
  "results": [
    {
      "hit": 23877323,
      "iteration": 0,
      "metrics": [
        {
          "admission_treshold": 0,
          "algorithm": "qand-clock-v2",
          "byte_inserted": 28924051,
          "byte_miss": 28924051,
          "byte_read": 23877323,
          "byte_reinserted": 11724116,
          "hit": 23877323,
          "inserted": 28924051,
          "layer": 0,
          "miss_ratio": 0.5477897412290824,
          "reinserted": 11724116,
          "req": 52801374
        }
      ],
      "miss_ratio": 0.5477897412290824,
      "req": 52801374
    }
  ],
  "trace": "tencentBlock.ns6063.oracleGeneral.zst"
}