{
  "dram_cache_size": 25,
  "flash_cache_size": 2573,
  "results": [
    {
      "hit": 925670,
      "iteration": 0,
      "metrics": [
        {
          "admission_treshold": 0,
          "algorithm": "d3clock",
          "byte_inserted": 532889,
          "byte_miss": 532889,
          "byte_read": 925670,
          "byte_reinserted": 116644,
          "hit": 925670,
          "inserted": 532889,
          "layer": 0,
          "miss_ratio": 0.3653530642229762,
          "reinserted": 116644,
          "req": 1458559
        }
      ],
      "miss_ratio": 0.3653530642229762,
      "req": 1458559
    }
  ],
  "trace": "tencentBlock.ns9642.oracleGeneral.zst"
}