{
  "dram_cache_size": 77,
  "flash_cache_size": 7707,
  "results": [
    {
      "hit": 2018895,
      "iteration": 0,
      "metrics": [
        {
          "admission_treshold": 0,
          "algorithm": "g2clock",
          "byte_inserted": 1607023,
          "byte_miss": 1607023,
          "byte_read": 2018895,
          "byte_reinserted": 263896,
          "hit": 2018895,
          "inserted": 1607023,
          "layer": 0,
          "miss_ratio": 0.4432044519484445,
          "reinserted": 263896,
          "req": 3625918
        }
      ],
      "miss_ratio": 0.4432044519484445,
      "req": 3625918
    }
  ],
  "trace": "w89.oracleGeneral.bin.zst"
}