{
  "dram_cache_size": 55,
  "flash_cache_size": 5572,
  "results": [
    {
      "hit": 7222480,
      "iteration": 0,
      "metrics": [
        {
          "admission_treshold": 0,
          "algorithm": "gclock",
          "byte_inserted": 5071231,
          "byte_miss": 5071231,
          "byte_read": 7222480,
          "byte_reinserted": 1825861,
          "hit": 7222480,
          "inserted": 5071231,
          "layer": 0,
          "miss_ratio": 0.41250611796551917,
          "reinserted": 1825861,
          "req": 12293711
        }
      ],
      "miss_ratio": 0.41250611796551917,
      "req": 12293711
    }
  ],
  "trace": "akamai_sjc.ns685.oracleGeneral.bin.zst"
}