{
  "dram_cache_size": 216,
  "flash_cache_size": 21690,
  "results": [
    {
      "hit": 20045945,
      "iteration": 0,
      "metrics": [
        {
          "admission_treshold": 0,
          "algorithm": "sxfifo",
          "byte_inserted": 5061565,
          "byte_miss": 5061565,
          "byte_read": 20045945,
          "byte_reinserted": 952330,
          "hit": 20045945,
          "inserted": 5061565,
          "layer": 0,
          "miss_ratio": 0.20159565803219837,
          "reinserted": 952330,
          "req": 25107510
        }
      ],
      "miss_ratio": 0.20159565803219837,
      "req": 25107510
    }
  ],
  "trace": "cf_allcolo.ns456.oracleGeneral.zst"
}