{
  "dram_cache_size": 13,
  "flash_cache_size": 1371,
  "results": [
    {
      "hit": 554064,
      "iteration": 0,
      "metrics": [
        {
          "admission_treshold": 0,
          "algorithm": "qauto",
          "byte_inserted": 572332,
          "byte_miss": 572332,
          "byte_read": 554064,
          "byte_reinserted": 102062,
          "hit": 554064,
          "inserted": 572332,
          "layer": 0,
          "miss_ratio": 0.5081090486827013,
          "reinserted": 102062,
          "req": 1126396
        }
      ],
      "miss_ratio": 0.5081090486827013,
      "req": 1126396
    }
  ],
  "trace": "tencentBlock.ns16541.oracleGeneral.zst"
}