{
  "dram_cache_size": 7,
  "flash_cache_size": 794,
  "results": [
    {
      "hit": 2223318,
      "iteration": 0,
      "metrics": [
        {
          "admission_treshold": 0,
          "algorithm": "s3fclock-sequential",
          "byte_inserted": 547558,
          "byte_miss": 547558,
          "byte_read": 2223318,
          "byte_reinserted": 105344,
          "hit": 2223318,
          "inserted": 547558,
          "layer": 0,
          "miss_ratio": 0.19761187436752858,
          "reinserted": 105344,
          "req": 2770876
        }
      ],
      "miss_ratio": 0.19761187436752858,
      "req": 2770876
    }
  ],
  "trace": "tencentBlock.ns9768.oracleGeneral.zst"
}