{
  "dram_cache_size": 22,
  "flash_cache_size": 2242,
  "results": [
    {
      "hit": 683002,
      "iteration": 0,
      "metrics": [
        {
          "admission_treshold": 0,
          "algorithm": "gclock",
          "byte_inserted": 618599,
          "byte_miss": 618599,
          "byte_read": 683002,
          "byte_reinserted": 12048,
          "hit": 683002,
          "inserted": 618599,
          "layer": 0,
          "miss_ratio": 0.4752600835432671,
          "reinserted": 12048,
          "req": 1301601
        }
      ],
      "miss_ratio": 0.4752600835432671,
      "req": 1301601
    }
  ],
  "trace": "tencentBlock.ns19396.oracleGeneral.zst"
}