{
  "dram_cache_size": 647,
  "flash_cache_size": 64751,
  "results": [
    {
      "hit": 28853711,
      "iteration": 0,
      "metrics": [
        {
          "admission_treshold": 0,
          "algorithm": "dclock",
          "byte_inserted": 7551888,
          "byte_miss": 7551888,
          "byte_read": 28853711,
          "byte_reinserted": 464401,
          "hit": 28853711,
          "inserted": 7551888,
          "layer": 0,
          "miss_ratio": 0.20743754278016413,
          "reinserted": 464401,
          "req": 36405599
        }
      ],
      "miss_ratio": 0.20743754278016413,
      "req": 36405599
    }
  ],
  "trace": "tencentBlock.ns7709.oracleGeneral.zst"
}