{
  "dram_cache_size": 58,
  "flash_cache_size": 5849,
  "results": [
    {
      "hit": 2786960,
      "iteration": 0,
      "metrics": [
        {
          "admission_treshold": 0,
          "algorithm": "q2auto",
          "byte_inserted": 8584388,
          "byte_miss": 8584388,
          "byte_read": 2786960,
          "byte_reinserted": 348534,
          "hit": 2786960,
          "inserted": 8584388,
          "layer": 0,
          "miss_ratio": 0.7549138413493282,
          "reinserted": 348534,
          "req": 11371348
        }
      ],
      "miss_ratio": 0.7549138413493282,
      "req": 11371348
    }
  ],
  "trace": "tencentBlock.ns5359.oracleGeneral.zst"
}