{
  "dram_cache_size": 0,
  "flash_cache_size": 12,
  "results": [
    {
      "hit": 4003253,
      "iteration": 0,
      "metrics": [
        {
          "admission_treshold": 0,
          "algorithm": "t4auto",
          "byte_inserted": 264217,
          "byte_miss": 264217,
          "byte_read": 4003253,
          "byte_reinserted": 269991,
          "hit": 4003253,
          "inserted": 264217,
          "layer": 0,
          "miss_ratio": 0.06191420209163745,
          "reinserted": 269991,
          "req": 4267470
        }
      ],
      "miss_ratio": 0.06191420209163745,
      "req": 4267470
    }
  ],
  "trace": "cf_allcolo.ns5849.oracleGeneral.zst"
}