{
  "dram_cache_size": 0,
  "flash_cache_size": 66,
  "results": [
    {
      "hit": 2783141,
      "iteration": 0,
      "metrics": [
        {
          "admission_treshold": 0,
          "algorithm": "time2-auto",
          "byte_inserted": 1284329,
          "byte_miss": 1284329,
          "byte_read": 2783141,
          "byte_reinserted": 391474,
          "hit": 2783141,
          "inserted": 1284329,
          "layer": 0,
          "miss_ratio": 0.31575623176077516,
          "reinserted": 391474,
          "req": 4067470
        }
      ],
      "miss_ratio": 0.31575623176077516,
      "req": 4067470
    }
  ],
  "trace": "cf_allcolo.ns2121.oracleGeneral.zst"
}