{
  "dram_cache_size": 7984,
  "flash_cache_size": 798410,
  "results": [
    {
      "hit": 1037883,
      "iteration": 0,
      "metrics": [
        {
          "admission_treshold": 0,
          "algorithm": "qauto",
          "byte_inserted": 1881944513,
          "byte_miss": 1881944513,
          "byte_read": 2313775018,
          "byte_reinserted": 378684980,
          "hit": 1037883,
          "inserted": 11171,
          "layer": 0,
          "miss_ratio": 0.010648641537995163,
          "reinserted": 15863,
          "req": 1049054
        }
      ],
      "miss_ratio": 0.010648641537995163,
      "req": 1049054
    }
  ],
  "trace": "cf_allcolo.ns1404.oracleGeneral.zst"
}