{
  "dram_cache_size": 15,
  "flash_cache_size": 1557,
  "results": [
    {
      "hit": 300736,
      "iteration": 0,
      "metrics": [
        {
          "admission_treshold": 0,
          "algorithm": "t3auto",
          "byte_inserted": 734514,
          "byte_miss": 734514,
          "byte_read": 300736,
          "byte_reinserted": 92772,
          "hit": 300736,
          "inserted": 734514,
          "layer": 0,
          "miss_ratio": 0.7095039845447959,
          "reinserted": 92772,
          "req": 1035250
        }
      ],
      "miss_ratio": 0.7095039845447959,
      "req": 1035250
    }
  ],
  "trace": "cf_allcolo.ns3046.oracleGeneral.zst"
}