{
  "dram_cache_size": 42,
  "flash_cache_size": 4259,
  "results": [
    {
      "hit": 886148,
      "iteration": 0,
      "metrics": [
        {
          "admission_treshold": 0,
          "algorithm": "t4auto",
          "byte_inserted": 1656576,
          "byte_miss": 1656576,
          "byte_read": 886148,
          "byte_reinserted": 72408,
          "hit": 886148,
          "inserted": 1656576,
          "layer": 0,
          "miss_ratio": 0.651496583978442,
          "reinserted": 72408,
          "req": 2542724
        }
      ],
      "miss_ratio": 0.651496583978442,
      "req": 2542724
    }
  ],
  "trace": "tencentBlock.ns20980.oracleGeneral.zst"
}