{
  "dram_cache_size": 100,
  "flash_cache_size": 10004,
  "results": [
    {
      "hit": 3961165,
      "iteration": 0,
      "metrics": [
        {
          "admission_treshold": 0,
          "algorithm": "qor-clock",
          "byte_inserted": 1632278,
          "byte_miss": 1632278,
          "byte_read": 3961165,
          "byte_reinserted": 181975,
          "hit": 3961165,
          "inserted": 1632278,
          "layer": 0,
          "miss_ratio": 0.29181990412702874,
          "reinserted": 181975,
          "req": 5593443
        }
      ],
      "miss_ratio": 0.29181990412702874,
      "req": 5593443
    }
  ],
  "trace": "tencentBlock.ns13155.oracleGeneral.zst"
}