{
  "dram_cache_size": 11,
  "flash_cache_size": 1139,
  "results": [
    {
      "hit": 2240293,
      "iteration": 0,
      "metrics": [
        {
          "admission_treshold": 0,
          "algorithm": "qtime-clock",
          "byte_inserted": 909464,
          "byte_miss": 909464,
          "byte_read": 2240293,
          "byte_reinserted": 32405,
          "hit": 2240293,
          "inserted": 909464,
          "layer": 0,
          "miss_ratio": 0.2887410044647889,
          "reinserted": 32405,
          "req": 3149757
        }
      ],
      "miss_ratio": 0.2887410044647889,
      "req": 3149757
    }
  ],
  "trace": "tencentBlock.ns12568.oracleGeneral.zst"
}