{
  "dram_cache_size": 35,
  "flash_cache_size": 3590,
  "results": [
    {
      "hit": 2815705,
      "iteration": 0,
      "metrics": [
        {
          "admission_treshold": 0,
          "algorithm": "s3fclock",
          "byte_inserted": 1209441,
          "byte_miss": 1209441,
          "byte_read": 2815705,
          "byte_reinserted": 415871,
          "hit": 2815705,
          "inserted": 1209441,
          "layer": 0,
          "miss_ratio": 0.3004713369403247,
          "reinserted": 415871,
          "req": 4025146
        }
      ],
      "miss_ratio": 0.3004713369403247,
      "req": 4025146
    }
  ],
  "trace": "tencentBlock.ns19980.oracleGeneral.zst"
}