{
  "dram_cache_size": 31,
  "flash_cache_size": 3171,
  "results": [
    {
      "hit": 1155457,
      "iteration": 0,
      "metrics": [
        {
          "admission_treshold": 0,
          "algorithm": "q3auto",
          "byte_inserted": 885541,
          "byte_miss": 885541,
          "byte_read": 1155457,
          "byte_reinserted": 134513,
          "hit": 1155457,
          "inserted": 885541,
          "layer": 0,
          "miss_ratio": 0.4338764663169684,
          "reinserted": 134513,
          "req": 2040998
        }
      ],
      "miss_ratio": 0.4338764663169684,
      "req": 2040998
    }
  ],
  "trace": "tencentBlock.ns6630.oracleGeneral.zst"
}