{
  "dram_cache_size": 13,
  "flash_cache_size": 1316,
  "results": [
    {
      "hit": 553898,
      "iteration": 0,
      "metrics": [
        {
          "admission_treshold": 0,
          "algorithm": "q2auto",
          "byte_inserted": 577009,
          "byte_miss": 577009,
          "byte_read": 553898,
          "byte_reinserted": 23835,
          "hit": 553898,
          "inserted": 577009,
          "layer": 0,
          "miss_ratio": 0.5102179047437145,
          "reinserted": 23835,
          "req": 1130907
        }
      ],
      "miss_ratio": 0.5102179047437145,
      "req": 1130907
    }
  ],
  "trace": "tencentBlock.ns13795.oracleGeneral.zst"
}