{
  "dram_cache_size": 13,
  "flash_cache_size": 1369,
  "results": [
    {
      "hit": 613547,
      "iteration": 0,
      "metrics": [
        {
          "admission_treshold": 0,
          "algorithm": "g2clock",
          "byte_inserted": 604368,
          "byte_miss": 604368,
          "byte_read": 613547,
          "byte_reinserted": 66578,
          "hit": 613547,
          "inserted": 604368,
          "layer": 0,
          "miss_ratio": 0.49623167462425544,
          "reinserted": 66578,
          "req": 1217915
        }
      ],
      "miss_ratio": 0.49623167462425544,
      "req": 1217915
    }
  ],
  "trace": "tencentBlock.ns15045.oracleGeneral.zst"
}