{
  "dram_cache_size": 20,
  "flash_cache_size": 2002,
  "results": [
    {
      "hit": 839341,
      "iteration": 0,
      "metrics": [
        {
          "admission_treshold": 0,
          "algorithm": "sxfifo",
          "byte_inserted": 1253383,
          "byte_miss": 1253383,
          "byte_read": 839341,
          "byte_reinserted": 180662,
          "hit": 839341,
          "inserted": 1253383,
          "layer": 0,
          "miss_ratio": 0.598924177292371,
          "reinserted": 180662,
          "req": 2092724
        }
      ],
      "miss_ratio": 0.598924177292371,
      "req": 2092724
    }
  ],
  "trace": "tencentBlock.ns15496.oracleGeneral.zst"
}