{
  "dram_cache_size": 5,
  "flash_cache_size": 548,
  "results": [
    {
      "hit": 3243830,
      "iteration": 0,
      "metrics": [
        {
          "admission_treshold": 0,
          "algorithm": "d3clock",
          "byte_inserted": 107952,
          "byte_miss": 107952,
          "byte_read": 3243830,
          "byte_reinserted": 76748,
          "hit": 3243830,
          "inserted": 107952,
          "layer": 0,
          "miss_ratio": 0.03220734522710611,
          "reinserted": 76748,
          "req": 3351782
        }
      ],
      "miss_ratio": 0.03220734522710611,
      "req": 3351782
    }
  ],
  "trace": "akamai_sjc.ns557.oracleGeneral.bin.zst"
}