{
  "dram_cache_size": 24,
  "flash_cache_size": 2480,
  "results": [
    {
      "hit": 483480,
      "iteration": 0,
      "metrics": [
        {
          "admission_treshold": 0,
          "algorithm": "d3clock",
          "byte_inserted": 715856,
          "byte_miss": 715856,
          "byte_read": 483480,
          "byte_reinserted": 23497,
          "hit": 483480,
          "inserted": 715856,
          "layer": 0,
          "miss_ratio": 0.5968769385726769,
          "reinserted": 23497,
          "req": 1199336
        }
      ],
      "miss_ratio": 0.5968769385726769,
      "req": 1199336
    }
  ],
  "trace": "tencentBlock.ns16038.oracleGeneral.zst"
}