{
  "dram_cache_size": 41,
  "flash_cache_size": 4150,
  "results": [
    {
      "hit": 2096992,
      "iteration": 0,
      "metrics": [
        {
          "admission_treshold": 0,
          "algorithm": "s3fclock-sequential",
          "byte_inserted": 1520541,
          "byte_miss": 1520541,
          "byte_read": 2096992,
          "byte_reinserted": 301068,
          "hit": 2096992,
          "inserted": 1520541,
          "layer": 0,
          "miss_ratio": 0.4203253985519966,
          "reinserted": 301068,
          "req": 3617533
        }
      ],
      "miss_ratio": 0.4203253985519966,
      "req": 3617533
    }
  ],
  "trace": "tencentBlock.ns20808.oracleGeneral.zst"
}