{
  "dram_cache_size": 21,
  "flash_cache_size": 2152,
  "results": [
    {
      "hit": 1411430,
      "iteration": 0,
      "metrics": [
        {
          "admission_treshold": 0,
          "algorithm": "d3clock",
          "byte_inserted": 520373,
          "byte_miss": 520373,
          "byte_read": 1411430,
          "byte_reinserted": 603915,
          "hit": 1411430,
          "inserted": 520373,
          "layer": 0,
          "miss_ratio": 0.2693716698855939,
          "reinserted": 603915,
          "req": 1931803
        }
      ],
      "miss_ratio": 0.2693716698855939,
      "req": 1931803
    }
  ],
  "trace": "tencentBlock.ns9648.oracleGeneral.zst"
}