{
  "dram_cache_size": 6,
  "flash_cache_size": 665,
  "results": [
    {
      "hit": 1432735,
      "iteration": 0,
      "metrics": [
        {
          "admission_treshold": 0,
          "algorithm": "dclock",
          "byte_inserted": 440285,
          "byte_miss": 440285,
          "byte_read": 1432735,
          "byte_reinserted": 354104,
          "hit": 1432735,
          "inserted": 440285,
          "layer": 0,
          "miss_ratio": 0.23506689731022623,
          "reinserted": 354104,
          "req": 1873020
        }
      ],
      "miss_ratio": 0.23506689731022623,
      "req": 1873020
    }
  ],
  "trace": "tencentBlock.ns11687.oracleGeneral.zst"
}