{
  "dram_cache_size": 16,
  "flash_cache_size": 1675,
  "results": [
    {
      "hit": 16215969,
      "iteration": 0,
      "metrics": [
        {
          "admission_treshold": 0,
          "algorithm": "qand-clock-v2",
          "byte_inserted": 186156,
          "byte_miss": 186156,
          "byte_read": 16215969,
          "byte_reinserted": 3912,
          "hit": 16215969,
          "inserted": 186156,
          "layer": 0,
          "miss_ratio": 0.011349505018404593,
          "reinserted": 3912,
          "req": 16402125
        }
      ],
      "miss_ratio": 0.011349505018404593,
      "req": 16402125
    }
  ],
  "trace": "cf_allcolo.ns824.oracleGeneral.zst"
}