{
  "dram_cache_size": 469,
  "flash_cache_size": 46984,
  "results": [
    {
      "hit": 7777563,
      "iteration": 0,
      "metrics": [
        {
          "admission_treshold": 0,
          "algorithm": "q3auto",
          "byte_inserted": 6022437,
          "byte_miss": 6022437,
          "byte_read": 7777563,
          "byte_reinserted": 652493,
          "hit": 7777563,
          "inserted": 6022437,
          "layer": 0,
          "miss_ratio": 0.4364084782608696,
          "reinserted": 652493,
          "req": 13800000
        }
      ],
      "miss_ratio": 0.4364084782608696,
      "req": 13800000
    }
  ],
  "trace": "io_traces.ns0.oracleGeneral.zst"
}