{
  "dram_cache_size": 5,
  "flash_cache_size": 501,
  "results": [
    {
      "hit": 1944013,
      "iteration": 0,
      "metrics": [
        {
          "admission_treshold": 0,
          "algorithm": "dclock",
          "byte_inserted": 191635,
          "byte_miss": 191635,
          "byte_read": 1944013,
          "byte_reinserted": 106876,
          "hit": 1944013,
          "inserted": 191635,
          "layer": 0,
          "miss_ratio": 0.08973154752093981,
          "reinserted": 106876,
          "req": 2135648
        }
      ],
      "miss_ratio": 0.08973154752093981,
      "req": 2135648
    }
  ],
  "trace": "tencentBlock.ns13164.oracleGeneral.zst"
}