{
  "dram_cache_size": 24,
  "flash_cache_size": 2498,
  "results": [
    {
      "hit": 7562670,
      "iteration": 0,
      "metrics": [
        {
          "admission_treshold": 0,
          "algorithm": "d3clock",
          "byte_inserted": 1421871,
          "byte_miss": 1421871,
          "byte_read": 7562670,
          "byte_reinserted": 573010,
          "hit": 7562670,
          "inserted": 1421871,
          "layer": 0,
          "miss_ratio": 0.15825750029968144,
          "reinserted": 573010,
          "req": 8984541
        }
      ],
      "miss_ratio": 0.15825750029968144,
      "req": 8984541
    }
  ],
  "trace": "tencentBlock.ns16239.oracleGeneral.zst"
}