{
  "dram_cache_size": 13,
  "flash_cache_size": 1369,
  "results": [
    {
      "hit": 787209,
      "iteration": 0,
      "metrics": [
        {
          "admission_treshold": 0,
          "algorithm": "g2clock",
          "byte_inserted": 510149,
          "byte_miss": 510149,
          "byte_read": 787209,
          "byte_reinserted": 33697,
          "hit": 787209,
          "inserted": 510149,
          "layer": 0,
          "miss_ratio": 0.39322145467943315,
          "reinserted": 33697,
          "req": 1297358
        }
      ],
      "miss_ratio": 0.39322145467943315,
      "req": 1297358
    }
  ],
  "trace": "tencentBlock.ns16444.oracleGeneral.zst"
}