{
  "dram_cache_size": 15,
  "flash_cache_size": 1544,
  "results": [
    {
      "hit": 1814373,
      "iteration": 0,
      "metrics": [
        {
          "admission_treshold": 0,
          "algorithm": "d3clock",
          "byte_inserted": 1115391,
          "byte_miss": 1115391,
          "byte_read": 1814373,
          "byte_reinserted": 253873,
          "hit": 1814373,
          "inserted": 1115391,
          "layer": 0,
          "miss_ratio": 0.38071018689559977,
          "reinserted": 253873,
          "req": 2929764
        }
      ],
      "miss_ratio": 0.38071018689559977,
      "req": 2929764
    }
  ],
  "trace": "tencentBlock.ns17604.oracleGeneral.zst"
}