{
  "dram_cache_size": 38,
  "flash_cache_size": 3889,
  "results": [
    {
      "hit": 3956711,
      "iteration": 0,
      "metrics": [
        {
          "admission_treshold": 0,
          "algorithm": "q2auto",
          "byte_inserted": 1301004,
          "byte_miss": 1301004,
          "byte_read": 3956711,
          "byte_reinserted": 218234,
          "hit": 3956711,
          "inserted": 1301004,
          "layer": 0,
          "miss_ratio": 0.24744665696029544,
          "reinserted": 218234,
          "req": 5257715
        }
      ],
      "miss_ratio": 0.24744665696029544,
      "req": 5257715
    }
  ],
  "trace": "tencentBlock.ns6980.oracleGeneral.zst"
}