{
  "dram_cache_size": 74,
  "flash_cache_size": 7464,
  "results": [
    {
      "hit": 5663985,
      "iteration": 0,
      "metrics": [
        {
          "admission_treshold": 0,
          "algorithm": "g2clock",
          "byte_inserted": 2213427,
          "byte_miss": 2213427,
          "byte_read": 5663985,
          "byte_reinserted": 1184339,
          "hit": 5663985,
          "inserted": 2213427,
          "layer": 0,
          "miss_ratio": 0.28098403384258686,
          "reinserted": 1184339,
          "req": 7877412
        }
      ],
      "miss_ratio": 0.28098403384258686,
      "req": 7877412
    }
  ],
  "trace": "tencentBlock.ns10286.oracleGeneral.zst"
}