{
  "dram_cache_size": 293,
  "flash_cache_size": 29307,
  "results": [
    {
      "hit": 32126549,
      "iteration": 0,
      "metrics": [
        {
          "admission_treshold": 0,
          "algorithm": "t3auto",
          "byte_inserted": 4673451,
          "byte_miss": 4673451,
          "byte_read": 32126549,
          "byte_reinserted": 1339549,
          "hit": 32126549,
          "inserted": 4673451,
          "layer": 0,
          "miss_ratio": 0.1269959510869565,
          "reinserted": 1339549,
          "req": 36800000
        }
      ],
      "miss_ratio": 0.1269959510869565,
      "req": 36800000
    }
  ],
  "trace": "io_traces.ns23.oracleGeneral.zst"
}