{
  "dram_cache_size": 10,
  "flash_cache_size": 1078,
  "results": [
    {
      "hit": 1330860,
      "iteration": 0,
      "metrics": [
        {
          "admission_treshold": 0,
          "algorithm": "g2clock",
          "byte_inserted": 869140,
          "byte_miss": 869140,
          "byte_read": 1330860,
          "byte_reinserted": 140245,
          "hit": 1330860,
          "inserted": 869140,
          "layer": 0,
          "miss_ratio": 0.3950636363636364,
          "reinserted": 140245,
          "req": 2200000
        }
      ],
      "miss_ratio": 0.3950636363636364,
      "req": 2200000
    }
  ],
  "trace": "io_traces.ns606.oracleGeneral.zst"
}