{
  "dram_cache_size": 20,
  "flash_cache_size": 2023,
  "results": [
    {
      "hit": 747666,
      "iteration": 0,
      "metrics": [
        {
          "admission_treshold": 0,
          "algorithm": "sxfifo",
          "byte_inserted": 1043512,
          "byte_miss": 1043512,
          "byte_read": 747666,
          "byte_reinserted": 98951,
          "hit": 747666,
          "inserted": 1043512,
          "layer": 0,
          "miss_ratio": 0.5825841987786808,
          "reinserted": 98951,
          "req": 1791178
        }
      ],
      "miss_ratio": 0.5825841987786808,
      "req": 1791178
    }
  ],
  "trace": "tencentBlock.ns19594.oracleGeneral.zst"
}