{
  "dram_cache_size": 30,
  "flash_cache_size": 3023,
  "results": [
    {
      "hit": 2049270,
      "iteration": 0,
      "metrics": [
        {
          "admission_treshold": 0,
          "algorithm": "qauto",
          "byte_inserted": 733228,
          "byte_miss": 733228,
          "byte_read": 2049270,
          "byte_reinserted": 367575,
          "hit": 2049270,
          "inserted": 733228,
          "layer": 0,
          "miss_ratio": 0.26351429542806504,
          "reinserted": 367575,
          "req": 2782498
        }
      ],
      "miss_ratio": 0.26351429542806504,
      "req": 2782498
    }
  ],
  "trace": "tencentBlock.ns16957.oracleGeneral.zst"
}