{
  "dram_cache_size": 56,
  "flash_cache_size": 5693,
  "results": [
    {
      "hit": 6766471,
      "iteration": 0,
      "metrics": [
        {
          "admission_treshold": 0,
          "algorithm": "q3auto",
          "byte_inserted": 3550094,
          "byte_miss": 3550094,
          "byte_read": 6766471,
          "byte_reinserted": 623664,
          "hit": 6766471,
          "inserted": 3550094,
          "layer": 0,
          "miss_ratio": 0.3441158951647181,
          "reinserted": 623664,
          "req": 10316565
        }
      ],
      "miss_ratio": 0.3441158951647181,
      "req": 10316565
    }
  ],
  "trace": "tencentBlock.ns12603.oracleGeneral.zst"
}