{
  "dram_cache_size": 15,
  "flash_cache_size": 1539,
  "results": [
    {
      "hit": 1928287,
      "iteration": 0,
      "metrics": [
        {
          "admission_treshold": 0,
          "algorithm": "dclock",
          "byte_inserted": 654665,
          "byte_miss": 654665,
          "byte_read": 1928287,
          "byte_reinserted": 489681,
          "hit": 1928287,
          "inserted": 654665,
          "layer": 0,
          "miss_ratio": 0.25345612307158627,
          "reinserted": 489681,
          "req": 2582952
        }
      ],
      "miss_ratio": 0.25345612307158627,
      "req": 2582952
    }
  ],
  "trace": "tencentBlock.ns13487.oracleGeneral.zst"
}