{
  "dram_cache_size": 142,
  "flash_cache_size": 14270,
  "results": [
    {
      "hit": 12526050,
      "iteration": 0,
      "metrics": [
        {
          "admission_treshold": 0,
          "algorithm": "gclock",
          "byte_inserted": 6229734,
          "byte_miss": 6229734,
          "byte_read": 12526050,
          "byte_reinserted": 2866527,
          "hit": 12526050,
          "inserted": 6229734,
          "layer": 0,
          "miss_ratio": 0.3321500183623356,
          "reinserted": 2866527,
          "req": 18755784
        }
      ],
      "miss_ratio": 0.3321500183623356,
      "req": 18755784
    }
  ],
  "trace": "tencentBlock.ns6528.oracleGeneral.zst"
}