{
  "dram_cache_size": 34,
  "flash_cache_size": 3455,
  "results": [
    {
      "hit": 2645750,
      "iteration": 0,
      "metrics": [
        {
          "admission_treshold": 0,
          "algorithm": "dclock",
          "byte_inserted": 950592,
          "byte_miss": 950592,
          "byte_read": 2645750,
          "byte_reinserted": 1076440,
          "hit": 2645750,
          "inserted": 950592,
          "layer": 0,
          "miss_ratio": 0.2643219137668219,
          "reinserted": 1076440,
          "req": 3596342
        }
      ],
      "miss_ratio": 0.2643219137668219,
      "req": 3596342
    }
  ],
  "trace": "tencentBlock.ns12812.oracleGeneral.zst"
}