{
  "dram_cache_size": 2,
  "flash_cache_size": 284,
  "results": [
    {
      "hit": 207484816,
      "iteration": 0,
      "metrics": [
        {
          "admission_treshold": 0,
          "algorithm": "dclock",
          "byte_inserted": 15381244,
          "byte_miss": 15381244,
          "byte_read": 207484816,
          "byte_reinserted": 23916188,
          "hit": 207484816,
          "inserted": 15381244,
          "layer": 0,
          "miss_ratio": 0.06901564105364455,
          "reinserted": 23916188,
          "req": 222866060
        }
      ],
      "miss_ratio": 0.06901564105364455,
      "req": 222866060
    }
  ],
  "trace": "tencentBlock.ns1418.oracleGeneral.zst"
}