{
  "dram_cache_size": 26,
  "flash_cache_size": 2693,
  "results": [
    {
      "hit": 5459641,
      "iteration": 0,
      "metrics": [
        {
          "admission_treshold": 0,
          "algorithm": "d3clock",
          "byte_inserted": 1740359,
          "byte_miss": 1740359,
          "byte_read": 5459641,
          "byte_reinserted": 979107,
          "hit": 5459641,
          "inserted": 1740359,
          "layer": 0,
          "miss_ratio": 0.24171652777777775,
          "reinserted": 979107,
          "req": 7200000
        }
      ],
      "miss_ratio": 0.24171652777777775,
      "req": 7200000
    }
  ],
  "trace": "io_traces.ns603.oracleGeneral.zst"
}