{
  "dram_cache_size": 76,
  "flash_cache_size": 7624,
  "results": [
    {
      "hit": 209263477,
      "iteration": 0,
      "metrics": [
        {
          "admission_treshold": 0,
          "algorithm": "g2clock",
          "byte_inserted": 19862791,
          "byte_miss": 19862791,
          "byte_read": 209263477,
          "byte_reinserted": 18153103,
          "hit": 209263477,
          "inserted": 19862791,
          "layer": 0,
          "miss_ratio": 0.08668927911835933,
          "reinserted": 18153103,
          "req": 229126268
        }
      ],
      "miss_ratio": 0.08668927911835933,
      "req": 229126268
    }
  ],
  "trace": "magicrecs_real_time_aggregates_cache.1.oracleGeneral.sample10.zst"
}