{
  "dram_cache_size": 20,
  "flash_cache_size": 2061,
  "results": [
    {
      "hit": 1347562,
      "iteration": 0,
      "metrics": [
        {
          "admission_treshold": 0,
          "algorithm": "t4auto",
          "byte_inserted": 823245,
          "byte_miss": 823245,
          "byte_read": 1347562,
          "byte_reinserted": 33932,
          "hit": 1347562,
          "inserted": 823245,
          "layer": 0,
          "miss_ratio": 0.3792345427299617,
          "reinserted": 33932,
          "req": 2170807
        }
      ],
      "miss_ratio": 0.3792345427299617,
      "req": 2170807
    }
  ],
  "trace": "tencentBlock.ns13837.oracleGeneral.zst"
}