{
  "dram_cache_size": 58,
  "flash_cache_size": 5839,
  "results": [
    {
      "hit": 2491122,
      "iteration": 0,
      "metrics": [
        {
          "admission_treshold": 0,
          "algorithm": "clock",
          "byte_inserted": 2722791,
          "byte_miss": 2722791,
          "byte_read": 2491122,
          "byte_reinserted": 1600388,
          "hit": 2491122,
          "inserted": 2722791,
          "layer": 0,
          "miss_ratio": 0.5222164236342264,
          "reinserted": 1600388,
          "req": 5213913
        }
      ],
      "miss_ratio": 0.5222164236342264,
      "req": 5213913
    }
  ],
  "trace": "tencentBlock.ns20365.oracleGeneral.zst"
}