{
  "dram_cache_size": 48,
  "flash_cache_size": 4868,
  "results": [
    {
      "hit": 2503349,
      "iteration": 0,
      "metrics": [
        {
          "admission_treshold": 0,
          "algorithm": "gclock",
          "byte_inserted": 1337909,
          "byte_miss": 1337909,
          "byte_read": 2503349,
          "byte_reinserted": 472328,
          "hit": 2503349,
          "inserted": 1337909,
          "layer": 0,
          "miss_ratio": 0.3482996976511341,
          "reinserted": 472328,
          "req": 3841258
        }
      ],
      "miss_ratio": 0.3482996976511341,
      "req": 3841258
    }
  ],
  "trace": "tencentBlock.ns16337.oracleGeneral.zst"
}