{
  "dram_cache_size": 30,
  "flash_cache_size": 3029,
  "results": [
    {
      "hit": 7886949,
      "iteration": 0,
      "metrics": [
        {
          "admission_treshold": 0,
          "algorithm": "d3clock",
          "byte_inserted": 2104392,
          "byte_miss": 2104392,
          "byte_read": 7886949,
          "byte_reinserted": 520642,
          "hit": 7886949,
          "inserted": 2104392,
          "layer": 0,
          "miss_ratio": 0.210621577223718,
          "reinserted": 520642,
          "req": 9991341
        }
      ],
      "miss_ratio": 0.210621577223718,
      "req": 9991341
    }
  ],
  "trace": "tencentBlock.ns1666.oracleGeneral.zst"
}