{
  "dram_cache_size": 24,
  "flash_cache_size": 2452,
  "results": [
    {
      "hit": 1788360,
      "iteration": 0,
      "metrics": [
        {
          "admission_treshold": 0,
          "algorithm": "dclock",
          "byte_inserted": 680102,
          "byte_miss": 680102,
          "byte_read": 1788360,
          "byte_reinserted": 469372,
          "hit": 1788360,
          "inserted": 680102,
          "layer": 0,
          "miss_ratio": 0.2755164956965106,
          "reinserted": 469372,
          "req": 2468462
        }
      ],
      "miss_ratio": 0.2755164956965106,
      "req": 2468462
    }
  ],
  "trace": "tencentBlock.ns5083.oracleGeneral.zst"
}