{
  "dram_cache_size": 49,
  "flash_cache_size": 4978,
  "results": [
    {
      "hit": 7431675,
      "iteration": 0,
      "metrics": [
        {
          "admission_treshold": 0,
          "algorithm": "qand-clock-v2",
          "byte_inserted": 1076486,
          "byte_miss": 1076486,
          "byte_read": 7431675,
          "byte_reinserted": 195602,
          "hit": 7431675,
          "inserted": 1076486,
          "layer": 0,
          "miss_ratio": 0.12652393390299033,
          "reinserted": 195602,
          "req": 8508161
        }
      ],
      "miss_ratio": 0.12652393390299033,
      "req": 8508161
    }
  ],
  "trace": "cf_allcolo.ns959.oracleGeneral.zst"
}