{
  "dram_cache_size": 3,
  "flash_cache_size": 319,
  "results": [
    {
      "hit": 22503994,
      "iteration": 0,
      "metrics": [
        {
          "admission_treshold": 0,
          "algorithm": "g2clock",
          "byte_inserted": 5424198,
          "byte_miss": 5424198,
          "byte_read": 22503994,
          "byte_reinserted": 2546671,
          "hit": 22503994,
          "inserted": 5424198,
          "layer": 0,
          "miss_ratio": 0.1942194467869599,
          "reinserted": 2546671,
          "req": 27928192
        }
      ],
      "miss_ratio": 0.1942194467869599,
      "req": 27928192
    }
  ],
  "trace": "cf_allcolo.ns1454.oracleGeneral.zst"
}