{
  "dram_cache_size": 1519,
  "flash_cache_size": 151975,
  "results": [
    {
      "hit": 180329036,
      "iteration": 0,
      "metrics": [
        {
          "admission_treshold": 0,
          "algorithm": "g2clock",
          "byte_inserted": 46637047,
          "byte_miss": 46637047,
          "byte_read": 180329036,
          "byte_reinserted": 16396003,
          "hit": 180329036,
          "inserted": 46637047,
          "layer": 0,
          "miss_ratio": 0.2054802479011809,
          "reinserted": 16396003,
          "req": 226966083
        }
      ],
      "miss_ratio": 0.2054802479011809,
      "req": 226966083
    }
  ],
  "trace": "cf_colo28.ns23.oracleGeneral.zst"
}