{
  "dram_cache_size": 10,
  "flash_cache_size": 1067,
  "results": [
    {
      "hit": 48867370,
      "iteration": 0,
      "metrics": [
        {
          "admission_treshold": 0,
          "algorithm": "g2clock",
          "byte_inserted": 2890488,
          "byte_miss": 2890488,
          "byte_read": 48867370,
          "byte_reinserted": 994120,
          "hit": 48867370,
          "inserted": 2890488,
          "layer": 0,
          "miss_ratio": 0.05584636056615788,
          "reinserted": 994120,
          "req": 51757858
        }
      ],
      "miss_ratio": 0.05584636056615788,
      "req": 51757858
    }
  ],
  "trace": "events_recos_prod_cache.1.oracleGeneral.sample10.zst"
}