{
  "dram_cache_size": 27,
  "flash_cache_size": 2794,
  "results": [
    {
      "hit": 19256293,
      "iteration": 0,
      "metrics": [
        {
          "admission_treshold": 0,
          "algorithm": "gclock",
          "byte_inserted": 1498955,
          "byte_miss": 1498955,
          "byte_read": 19256293,
          "byte_reinserted": 623929,
          "hit": 19256293,
          "inserted": 1498955,
          "layer": 0,
          "miss_ratio": 0.07222052947765312,
          "reinserted": 623929,
          "req": 20755248
        }
      ],
      "miss_ratio": 0.07222052947765312,
      "req": 20755248
    }
  ],
  "trace": "tencentBlock.ns4284.oracleGeneral.zst"
}