{
  "dram_cache_size": 10,
  "flash_cache_size": 1009,
  "results": [
    {
      "hit": 1484175,
      "iteration": 0,
      "metrics": [
        {
          "admission_treshold": 0,
          "algorithm": "d3clock",
          "byte_inserted": 1372773,
          "byte_miss": 1372773,
          "byte_read": 1484175,
          "byte_reinserted": 406153,
          "hit": 1484175,
          "inserted": 1372773,
          "layer": 0,
          "miss_ratio": 0.48050332032644627,
          "reinserted": 406153,
          "req": 2856948
        }
      ],
      "miss_ratio": 0.48050332032644627,
      "req": 2856948
    }
  ],
  "trace": "tencentBlock.ns3493.oracleGeneral.zst"
}