{
  "dram_cache_size": 11,
  "flash_cache_size": 1139,
  "results": [
    {
      "hit": 1849946,
      "iteration": 0,
      "metrics": [
        {
          "admission_treshold": 0,
          "algorithm": "dclock",
          "byte_inserted": 12072231,
          "byte_miss": 12072231,
          "byte_read": 1849946,
          "byte_reinserted": 1195838,
          "hit": 1849946,
          "inserted": 12072231,
          "layer": 0,
          "miss_ratio": 0.867122361682372,
          "reinserted": 1195838,
          "req": 13922177
        }
      ],
      "miss_ratio": 0.867122361682372,
      "req": 13922177
    }
  ],
  "trace": "tencentBlock.ns1191.oracleGeneral.zst"
}