{
  "dram_cache_size": 453,
  "flash_cache_size": 45303,
  "results": [
    {
      "hit": 2212377,
      "iteration": 0,
      "metrics": [
        {
          "admission_treshold": 0,
          "algorithm": "s3fclock-sequential",
          "byte_inserted": 7368616,
          "byte_miss": 7368616,
          "byte_read": 2212377,
          "byte_reinserted": 235059,
          "hit": 2212377,
          "inserted": 7368616,
          "layer": 0,
          "miss_ratio": 0.7690868785730247,
          "reinserted": 235059,
          "req": 9580993
        }
      ],
      "miss_ratio": 0.7690868785730247,
      "req": 9580993
    }
  ],
  "trace": "tencentBlock.ns5178.oracleGeneral.zst"
}