{
  "dram_cache_size": 4,
  "flash_cache_size": 417,
  "results": [
    {
      "hit": 467999,
      "iteration": 0,
      "metrics": [
        {
          "admission_treshold": 0,
          "algorithm": "sxfifo",
          "byte_inserted": 1073994,
          "byte_miss": 1073994,
          "byte_read": 467999,
          "byte_reinserted": 19093,
          "hit": 467999,
          "inserted": 1073994,
          "layer": 0,
          "miss_ratio": 0.6964973252148356,
          "reinserted": 19093,
          "req": 1541993
        }
      ],
      "miss_ratio": 0.6964973252148356,
      "req": 1541993
    }
  ],
  "trace": "tencentBlock.ns10359.oracleGeneral.zst"
}