{
  "dram_cache_size": 98,
  "flash_cache_size": 9889,
  "results": [
    {
      "hit": 118102487,
      "iteration": 0,
      "metrics": [
        {
          "admission_treshold": 0,
          "algorithm": "g2clock",
          "byte_inserted": 2210470,
          "byte_miss": 2210470,
          "byte_read": 118102487,
          "byte_reinserted": 4644701,
          "hit": 118102487,
          "inserted": 2210470,
          "layer": 0,
          "miss_ratio": 0.018372667874832493,
          "reinserted": 4644701,
          "req": 120312957
        }
      ],
      "miss_ratio": 0.018372667874832493,
      "req": 120312957
    }
  ],
  "trace": "top_tweets_for_trends_cache.1.oracleGeneral.sample10.zst"
}