{
  "dram_cache_size": 262,
  "flash_cache_size": 26233,
  "results": [
    {
      "hit": 8418109,
      "iteration": 0,
      "metrics": [
        {
          "admission_treshold": 0,
          "algorithm": "sxfifo",
          "byte_inserted": 2841182,
          "byte_miss": 2841182,
          "byte_read": 8418109,
          "byte_reinserted": 940902,
          "hit": 8418109,
          "inserted": 2841182,
          "layer": 0,
          "miss_ratio": 0.25234111099890744,
          "reinserted": 940902,
          "req": 11259291
        }
      ],
      "miss_ratio": 0.25234111099890744,
      "req": 11259291
    }
  ],
  "trace": "akamai_sjc.ns71.oracleGeneral.bin.zst"
}