{
  "dram_cache_size": 80,
  "flash_cache_size": 8098,
  "results": [
    {
      "hit": 5870808,
      "iteration": 0,
      "metrics": [
        {
          "admission_treshold": 0,
          "algorithm": "dclock",
          "byte_inserted": 1284578,
          "byte_miss": 1284578,
          "byte_read": 5870808,
          "byte_reinserted": 352727,
          "hit": 5870808,
          "inserted": 1284578,
          "layer": 0,
          "miss_ratio": 0.17952602417256036,
          "reinserted": 352727,
          "req": 7155386
        }
      ],
      "miss_ratio": 0.17952602417256036,
      "req": 7155386
    }
  ],
  "trace": "akamai_nyc.ns356.oracleGeneral.bin.zst"
}