{
  "dram_cache_size": 0,
  "flash_cache_size": 31,
  "results": [
    {
      "hit": 1907062,
      "iteration": 0,
      "metrics": [
        {
          "admission_treshold": 0,
          "algorithm": "q-clock",
          "byte_inserted": 249406,
          "byte_miss": 249406,
          "byte_read": 1907062,
          "byte_reinserted": 526489,
          "hit": 1907062,
          "inserted": 249406,
          "layer": 0,
          "miss_ratio": 0.11565485785089324,
          "reinserted": 526489,
          "req": 2156468
        }
      ],
      "miss_ratio": 0.11565485785089324,
      "req": 2156468
    }
  ],
  "trace": "cf_colo28.ns322.oracleGeneral.zst"
}