{
  "dram_cache_size": 232,
  "flash_cache_size": 23287,
  "results": [
    {
      "hit": 71145526,
      "iteration": 0,
      "metrics": [
        {
          "admission_treshold": 0,
          "algorithm": "gclock",
          "byte_inserted": 6054474,
          "byte_miss": 6054474,
          "byte_read": 71145526,
          "byte_reinserted": 4843936,
          "hit": 71145526,
          "inserted": 6054474,
          "layer": 0,
          "miss_ratio": 0.07842582901554407,
          "reinserted": 4843936,
          "req": 77200000
        }
      ],
      "miss_ratio": 0.07842582901554407,
      "req": 77200000
    }
  ],
  "trace": "io_traces.ns181.oracleGeneral.zst"
}