{
  "dram_cache_size": 38,
  "flash_cache_size": 3848,
  "results": [
    {
      "hit": 2671566,
      "iteration": 0,
      "metrics": [
        {
          "admission_treshold": 0,
          "algorithm": "d3clock",
          "byte_inserted": 1036809,
          "byte_miss": 1036809,
          "byte_read": 2671566,
          "byte_reinserted": 593473,
          "hit": 2671566,
          "inserted": 1036809,
          "layer": 0,
          "miss_ratio": 0.2795858024067145,
          "reinserted": 593473,
          "req": 3708375
        }
      ],
      "miss_ratio": 0.2795858024067145,
      "req": 3708375
    }
  ],
  "trace": "tencentBlock.ns19088.oracleGeneral.zst"
}