{
  "dram_cache_size": 12,
  "flash_cache_size": 1232,
  "results": [
    {
      "hit": 1422713,
      "iteration": 0,
      "metrics": [
        {
          "admission_treshold": 0,
          "algorithm": "q2auto",
          "byte_inserted": 2439637,
          "byte_miss": 2439637,
          "byte_read": 1422713,
          "byte_reinserted": 86210,
          "hit": 1422713,
          "inserted": 2439637,
          "layer": 0,
          "miss_ratio": 0.6316457597058786,
          "reinserted": 86210,
          "req": 3862350
        }
      ],
      "miss_ratio": 0.6316457597058786,
      "req": 3862350
    }
  ],
  "trace": "tencentBlock.ns7082.oracleGeneral.zst"
}