{
  "dram_cache_size": 147,
  "flash_cache_size": 14704,
  "results": [
    {
      "hit": 1174872,
      "iteration": 0,
      "metrics": [
        {
          "admission_treshold": 0,
          "algorithm": "qor-clock",
          "byte_inserted": 3989778,
          "byte_miss": 3989778,
          "byte_read": 1174872,
          "byte_reinserted": 102277,
          "hit": 1174872,
          "inserted": 3989778,
          "layer": 0,
          "miss_ratio": 0.7725166274578141,
          "reinserted": 102277,
          "req": 5164650
        }
      ],
      "miss_ratio": 0.7725166274578141,
      "req": 5164650
    }
  ],
  "trace": "tencentBlock.ns6182.oracleGeneral.zst"
}