{
  "dram_cache_size": 5,
  "flash_cache_size": 537,
  "results": [
    {
      "hit": 896279,
      "iteration": 0,
      "metrics": [
        {
          "admission_treshold": 0,
          "algorithm": "d3clock",
          "byte_inserted": 143075,
          "byte_miss": 143075,
          "byte_read": 896279,
          "byte_reinserted": 10076,
          "hit": 896279,
          "inserted": 143075,
          "layer": 0,
          "miss_ratio": 0.13765762194593945,
          "reinserted": 10076,
          "req": 1039354
        }
      ],
      "miss_ratio": 0.13765762194593945,
      "req": 1039354
    }
  ],
  "trace": "tencentBlock.ns3161.oracleGeneral.zst"
}