{
  "dram_cache_size": 43,
  "flash_cache_size": 4376,
  "results": [
    {
      "hit": 2425574,
      "iteration": 0,
      "metrics": [
        {
          "admission_treshold": 0,
          "algorithm": "d3clock",
          "byte_inserted": 1232970,
          "byte_miss": 1232970,
          "byte_read": 2425574,
          "byte_reinserted": 344616,
          "hit": 2425574,
          "inserted": 1232970,
          "layer": 0,
          "miss_ratio": 0.3370111169908029,
          "reinserted": 344616,
          "req": 3658544
        }
      ],
      "miss_ratio": 0.3370111169908029,
      "req": 3658544
    }
  ],
  "trace": "tencentBlock.ns15478.oracleGeneral.zst"
}