{
  "dram_cache_size": 18,
  "flash_cache_size": 1816,
  "results": [
    {
      "hit": 655262,
      "iteration": 0,
      "metrics": [
        {
          "admission_treshold": 0,
          "algorithm": "clock",
          "byte_inserted": 629694,
          "byte_miss": 629694,
          "byte_read": 655262,
          "byte_reinserted": 302060,
          "hit": 655262,
          "inserted": 629694,
          "layer": 0,
          "miss_ratio": 0.4900510212022824,
          "reinserted": 302060,
          "req": 1284956
        }
      ],
      "miss_ratio": 0.4900510212022824,
      "req": 1284956
    }
  ],
  "trace": "tencentBlock.ns22657.oracleGeneral.zst"
}