{
  "dram_cache_size": 45,
  "flash_cache_size": 4516,
  "results": [
    {
      "hit": 3421611,
      "iteration": 0,
      "metrics": [
        {
          "admission_treshold": 0,
          "algorithm": "dclock",
          "byte_inserted": 1311577,
          "byte_miss": 1311577,
          "byte_read": 3421611,
          "byte_reinserted": 1296182,
          "hit": 3421611,
          "inserted": 1311577,
          "layer": 0,
          "miss_ratio": 0.27710224060400723,
          "reinserted": 1296182,
          "req": 4733188
        }
      ],
      "miss_ratio": 0.27710224060400723,
      "req": 4733188
    }
  ],
  "trace": "tencentBlock.ns17094.oracleGeneral.zst"
}