{
  "dram_cache_size": 51801,
  "flash_cache_size": 5180187,
  "results": [
    {
      "hit": 307105665,
      "iteration": 0,
      "metrics": [
        {
          "admission_treshold": 0,
          "algorithm": "g2clock",
          "byte_inserted": 518276320,
          "byte_miss": 518276320,
          "byte_read": 307105665,
          "byte_reinserted": 82486,
          "hit": 307105665,
          "inserted": 518276320,
          "layer": 0,
          "miss_ratio": 0.6279229852587587,
          "reinserted": 82486,
          "req": 825381985
        }
      ],
      "miss_ratio": 0.6279229852587587,
      "req": 825381985
    }
  ],
  "trace": "cluster13.oracleGeneral.zst"
}