{
  "dram_cache_size": 368,
  "flash_cache_size": 36864,
  "results": [
    {
      "hit": 7281576,
      "iteration": 0,
      "metrics": [
        {
          "admission_treshold": 0,
          "algorithm": "gclock",
          "byte_inserted": 17848703,
          "byte_miss": 17848703,
          "byte_read": 7281576,
          "byte_reinserted": 3096688,
          "hit": 7281576,
          "inserted": 17848703,
          "layer": 0,
          "miss_ratio": 0.710246909713975,
          "reinserted": 3096688,
          "req": 25130279
        }
      ],
      "miss_ratio": 0.710246909713975,
      "req": 25130279
    }
  ],
  "trace": "tencentBlock.ns3806.oracleGeneral.zst"
}