{
  "dram_cache_size": 19,
  "flash_cache_size": 1917,
  "results": [
    {
      "hit": 305527,
      "iteration": 0,
      "metrics": [
        {
          "admission_treshold": 0,
          "algorithm": "sxfifo",
          "byte_inserted": 4881934,
          "byte_miss": 4881934,
          "byte_read": 305527,
          "byte_reinserted": 48276,
          "hit": 305527,
          "inserted": 4881934,
          "layer": 0,
          "miss_ratio": 0.941102786122151,
          "reinserted": 48276,
          "req": 5187461
        }
      ],
      "miss_ratio": 0.941102786122151,
      "req": 5187461
    }
  ],
  "trace": "tencentBlock.ns4845.oracleGeneral.zst"
}