{
  "dram_cache_size": 4,
  "flash_cache_size": 451,
  "results": [
    {
      "hit": 1105302,
      "iteration": 0,
      "metrics": [
        {
          "admission_treshold": 0,
          "algorithm": "qauto",
          "byte_inserted": 220429,
          "byte_miss": 220429,
          "byte_read": 1105302,
          "byte_reinserted": 43213,
          "hit": 1105302,
          "inserted": 220429,
          "layer": 0,
          "miss_ratio": 0.1662697787107641,
          "reinserted": 43213,
          "req": 1325731
        }
      ],
      "miss_ratio": 0.1662697787107641,
      "req": 1325731
    }
  ],
  "trace": "tencentBlock.ns7140.oracleGeneral.zst"
}