{
  "dram_cache_size": 3,
  "flash_cache_size": 368,
  "results": [
    {
      "hit": 3017814,
      "iteration": 0,
      "metrics": [
        {
          "admission_treshold": 0,
          "algorithm": "t5auto",
          "byte_inserted": 1072448,
          "byte_miss": 1072448,
          "byte_read": 3017814,
          "byte_reinserted": 305343,
          "hit": 3017814,
          "inserted": 1072448,
          "layer": 0,
          "miss_ratio": 0.26219542904586557,
          "reinserted": 305343,
          "req": 4090262
        }
      ],
      "miss_ratio": 0.26219542904586557,
      "req": 4090262
    }
  ],
  "trace": "tencentBlock.ns6651.oracleGeneral.zst"
}