{
  "dram_cache_size": 36,
  "flash_cache_size": 3615,
  "results": [
    {
      "hit": 2507970,
      "iteration": 0,
      "metrics": [
        {
          "admission_treshold": 0,
          "algorithm": "g2clock",
          "byte_inserted": 1226260,
          "byte_miss": 1226260,
          "byte_read": 2507970,
          "byte_reinserted": 428359,
          "hit": 2507970,
          "inserted": 1226260,
          "layer": 0,
          "miss_ratio": 0.32838362928903686,
          "reinserted": 428359,
          "req": 3734230
        }
      ],
      "miss_ratio": 0.32838362928903686,
      "req": 3734230
    }
  ],
  "trace": "tencentBlock.ns8192.oracleGeneral.zst"
}