{
  "dram_cache_size": 72,
  "flash_cache_size": 7238,
  "results": [
    {
      "hit": 7340296,
      "iteration": 0,
      "metrics": [
        {
          "admission_treshold": 0,
          "algorithm": "dclock",
          "byte_inserted": 1328305,
          "byte_miss": 1328305,
          "byte_read": 7340296,
          "byte_reinserted": 610326,
          "hit": 7340296,
          "inserted": 1328305,
          "layer": 0,
          "miss_ratio": 0.15323176138802563,
          "reinserted": 610326,
          "req": 8668601
        }
      ],
      "miss_ratio": 0.15323176138802563,
      "req": 8668601
    }
  ],
  "trace": "cf_allcolo.ns630.oracleGeneral.zst"
}