{
  "dram_cache_size": 0,
  "flash_cache_size": 75,
  "results": [
    {
      "hit": 1107572,
      "iteration": 0,
      "metrics": [
        {
          "admission_treshold": 0,
          "algorithm": "s3fclock",
          "byte_inserted": 1326085,
          "byte_miss": 1326085,
          "byte_read": 1107572,
          "byte_reinserted": 220821,
          "hit": 1107572,
          "inserted": 1326085,
          "layer": 0,
          "miss_ratio": 0.5448939599951842,
          "reinserted": 220821,
          "req": 2433657
        }
      ],
      "miss_ratio": 0.5448939599951842,
      "req": 2433657
    }
  ],
  "trace": "cf_allcolo.ns2364.oracleGeneral.zst"
}