{
  "dram_cache_size": 4,
  "flash_cache_size": 491,
  "results": [
    {
      "hit": 904450,
      "iteration": 0,
      "metrics": [
        {
          "admission_treshold": 0,
          "algorithm": "qand-clock-v2",
          "byte_inserted": 3181466,
          "byte_miss": 3181466,
          "byte_read": 904450,
          "byte_reinserted": 446890,
          "hit": 904450,
          "inserted": 3181466,
          "layer": 0,
          "miss_ratio": 0.7786420474625518,
          "reinserted": 446890,
          "req": 4085916
        }
      ],
      "miss_ratio": 0.7786420474625518,
      "req": 4085916
    }
  ],
  "trace": "cf_colo28.ns947.oracleGeneral.zst"
}