{
  "dram_cache_size": 10,
  "flash_cache_size": 1019,
  "results": [
    {
      "hit": 2162539,
      "iteration": 0,
      "metrics": [
        {
          "admission_treshold": 0,
          "algorithm": "d3clock",
          "byte_inserted": 913861,
          "byte_miss": 913861,
          "byte_read": 2162539,
          "byte_reinserted": 901443,
          "hit": 2162539,
          "inserted": 913861,
          "layer": 0,
          "miss_ratio": 0.2970553244051489,
          "reinserted": 901443,
          "req": 3076400
        }
      ],
      "miss_ratio": 0.2970553244051489,
      "req": 3076400
    }
  ],
  "trace": "tencentBlock.ns7943.oracleGeneral.zst"
}