{
  "dram_cache_size": 10,
  "flash_cache_size": 1074,
  "results": [
    {
      "hit": 1019867,
      "iteration": 0,
      "metrics": [
        {
          "admission_treshold": 0,
          "algorithm": "cm-clock",
          "byte_inserted": 804028,
          "byte_miss": 804028,
          "byte_read": 1019867,
          "byte_reinserted": 57187,
          "hit": 1019867,
          "inserted": 804028,
          "layer": 0,
          "miss_ratio": 0.4408302012999652,
          "reinserted": 57187,
          "req": 1823895
        }
      ],
      "miss_ratio": 0.4408302012999652,
      "req": 1823895
    }
  ],
  "trace": "tencentBlock.ns3015.oracleGeneral.zst"
}