{
  "dram_cache_size": 9,
  "flash_cache_size": 978,
  "results": [
    {
      "hit": 2008893,
      "iteration": 0,
      "metrics": [
        {
          "admission_treshold": 0,
          "algorithm": "g2clock",
          "byte_inserted": 576628,
          "byte_miss": 576628,
          "byte_read": 2008893,
          "byte_reinserted": 247258,
          "hit": 2008893,
          "inserted": 576628,
          "layer": 0,
          "miss_ratio": 0.22302197506808108,
          "reinserted": 247258,
          "req": 2585521
        }
      ],
      "miss_ratio": 0.22302197506808108,
      "req": 2585521
    }
  ],
  "trace": "tencentBlock.ns12416.oracleGeneral.zst"
}