{
  "dram_cache_size": 18,
  "flash_cache_size": 1824,
  "results": [
    {
      "hit": 596496,
      "iteration": 0,
      "metrics": [
        {
          "admission_treshold": 0,
          "algorithm": "time2-auto",
          "byte_inserted": 1213563,
          "byte_miss": 1213563,
          "byte_read": 596496,
          "byte_reinserted": 25773,
          "hit": 596496,
          "inserted": 1213563,
          "layer": 0,
          "miss_ratio": 0.6704549409715375,
          "reinserted": 25773,
          "req": 1810059
        }
      ],
      "miss_ratio": 0.6704549409715375,
      "req": 1810059
    }
  ],
  "trace": "tencentBlock.ns15505.oracleGeneral.zst"
}