{
  "dram_cache_size": 26,
  "flash_cache_size": 2622,
  "results": [
    {
      "hit": 1516088,
      "iteration": 0,
      "metrics": [
        {
          "admission_treshold": 0,
          "algorithm": "gclock",
          "byte_inserted": 791699,
          "byte_miss": 791699,
          "byte_read": 1516088,
          "byte_reinserted": 48964,
          "hit": 1516088,
          "inserted": 791699,
          "layer": 0,
          "miss_ratio": 0.34305548995639545,
          "reinserted": 48964,
          "req": 2307787
        }
      ],
      "miss_ratio": 0.34305548995639545,
      "req": 2307787
    }
  ],
  "trace": "tencentBlock.ns1727.oracleGeneral.zst"
}