{
  "dram_cache_size": 11,
  "flash_cache_size": 1102,
  "results": [
    {
      "hit": 1777330,
      "iteration": 0,
      "metrics": [
        {
          "admission_treshold": 0,
          "algorithm": "sxfifo",
          "byte_inserted": 2262949,
          "byte_miss": 2262949,
          "byte_read": 1777330,
          "byte_reinserted": 64772,
          "hit": 1777330,
          "inserted": 2262949,
          "layer": 0,
          "miss_ratio": 0.5600972111084408,
          "reinserted": 64772,
          "req": 4040279
        }
      ],
      "miss_ratio": 0.5600972111084408,
      "req": 4040279
    }
  ],
  "trace": "tencentBlock.ns11027.oracleGeneral.zst"
}