{
  "dram_cache_size": 12,
  "flash_cache_size": 1265,
  "results": [
    {
      "hit": 2312856,
      "iteration": 0,
      "metrics": [
        {
          "admission_treshold": 0,
          "algorithm": "q2auto",
          "byte_inserted": 7122973,
          "byte_miss": 7122973,
          "byte_read": 2312856,
          "byte_reinserted": 270014,
          "hit": 2312856,
          "inserted": 7122973,
          "layer": 0,
          "miss_ratio": 0.7548857657339911,
          "reinserted": 270014,
          "req": 9435829
        }
      ],
      "miss_ratio": 0.7548857657339911,
      "req": 9435829
    }
  ],
  "trace": "tencentBlock.ns12753.oracleGeneral.zst"
}