{
  "dram_cache_size": 9,
  "flash_cache_size": 977,
  "results": [
    {
      "hit": 831102,
      "iteration": 0,
      "metrics": [
        {
          "admission_treshold": 0,
          "algorithm": "dclock",
          "byte_inserted": 1968898,
          "byte_miss": 1968898,
          "byte_read": 831102,
          "byte_reinserted": 224975,
          "hit": 831102,
          "inserted": 1968898,
          "layer": 0,
          "miss_ratio": 0.7031778571428571,
          "reinserted": 224975,
          "req": 2800000
        }
      ],
      "miss_ratio": 0.7031778571428571,
      "req": 2800000
    }
  ],
  "trace": "io_traces.ns120.oracleGeneral.zst"
}