{
  "dram_cache_size": 18,
  "flash_cache_size": 1803,
  "results": [
    {
      "hit": 643472,
      "iteration": 0,
      "metrics": [
        {
          "admission_treshold": 0,
          "algorithm": "d3clock",
          "byte_inserted": 710150,
          "byte_miss": 710150,
          "byte_read": 643472,
          "byte_reinserted": 78830,
          "hit": 643472,
          "inserted": 710150,
          "layer": 0,
          "miss_ratio": 0.5246294755847645,
          "reinserted": 78830,
          "req": 1353622
        }
      ],
      "miss_ratio": 0.5246294755847645,
      "req": 1353622
    }
  ],
  "trace": "tencentBlock.ns17705.oracleGeneral.zst"
}