{
  "dram_cache_size": 55,
  "flash_cache_size": 5519,
  "results": [
    {
      "hit": 10403365,
      "iteration": 0,
      "metrics": [
        {
          "admission_treshold": 0,
          "algorithm": "dclock",
          "byte_inserted": 6183833,
          "byte_miss": 6183833,
          "byte_read": 10403365,
          "byte_reinserted": 5067566,
          "hit": 10403365,
          "inserted": 6183833,
          "layer": 0,
          "miss_ratio": 0.3728075712365645,
          "reinserted": 5067566,
          "req": 16587198
        }
      ],
      "miss_ratio": 0.3728075712365645,
      "req": 16587198
    }
  ],
  "trace": "tencentBlock.ns1632.oracleGeneral.zst"
}