{
  "dram_cache_size": 5,
  "flash_cache_size": 554,
  "results": [
    {
      "hit": 2125419,
      "iteration": 0,
      "metrics": [
        {
          "admission_treshold": 0,
          "algorithm": "sxfifo",
          "byte_inserted": 415357,
          "byte_miss": 415357,
          "byte_read": 2125419,
          "byte_reinserted": 177481,
          "hit": 2125419,
          "inserted": 415357,
          "layer": 0,
          "miss_ratio": 0.16347643397135359,
          "reinserted": 177481,
          "req": 2540776
        }
      ],
      "miss_ratio": 0.16347643397135359,
      "req": 2540776
    }
  ],
  "trace": "tencentBlock.ns10268.oracleGeneral.zst"
}