{
  "dram_cache_size": 4,
  "flash_cache_size": 440,
  "results": [
    {
      "hit": 1897359,
      "iteration": 0,
      "metrics": [
        {
          "admission_treshold": 0,
          "algorithm": "sxfifo",
          "byte_inserted": 47773,
          "byte_miss": 47773,
          "byte_read": 1897359,
          "byte_reinserted": 47701,
          "hit": 1897359,
          "inserted": 47773,
          "layer": 0,
          "miss_ratio": 0.024560286911119666,
          "reinserted": 47701,
          "req": 1945132
        }
      ],
      "miss_ratio": 0.024560286911119666,
      "req": 1945132
    }
  ],
  "trace": "cf_allcolo.ns6892.oracleGeneral.zst"
}