{
  "dram_cache_size": 9,
  "flash_cache_size": 930,
  "results": [
    {
      "hit": 13523029,
      "iteration": 0,
      "metrics": [
        {
          "admission_treshold": 0,
          "algorithm": "gclock",
          "byte_inserted": 1481376,
          "byte_miss": 1481376,
          "byte_read": 13523029,
          "byte_reinserted": 1224427,
          "hit": 13523029,
          "inserted": 1481376,
          "layer": 0,
          "miss_ratio": 0.09872940646430162,
          "reinserted": 1224427,
          "req": 15004405
        }
      ],
      "miss_ratio": 0.09872940646430162,
      "req": 15004405
    }
  ],
  "trace": "cf_colo28.ns92.oracleGeneral.zst"
}