{
  "dram_cache_size": 293,
  "flash_cache_size": 29303,
  "results": [
    {
      "hit": 12567952,
      "iteration": 0,
      "metrics": [
        {
          "admission_treshold": 0,
          "algorithm": "s3fclock",
          "byte_inserted": 9232048,
          "byte_miss": 9232048,
          "byte_read": 12567952,
          "byte_reinserted": 2713194,
          "hit": 12567952,
          "inserted": 9232048,
          "layer": 0,
          "miss_ratio": 0.42348844036697253,
          "reinserted": 2713194,
          "req": 21800000
        }
      ],
      "miss_ratio": 0.42348844036697253,
      "req": 21800000
    }
  ],
  "trace": "io_traces.ns126.oracleGeneral.zst"
}