{
  "dram_cache_size": 38,
  "flash_cache_size": 3899,
  "results": [
    {
      "hit": 2756427,
      "iteration": 0,
      "metrics": [
        {
          "admission_treshold": 0,
          "algorithm": "gclock",
          "byte_inserted": 1343069,
          "byte_miss": 1343069,
          "byte_read": 2756427,
          "byte_reinserted": 730305,
          "hit": 2756427,
          "inserted": 1343069,
          "layer": 0,
          "miss_ratio": 0.32761807792957964,
          "reinserted": 730305,
          "req": 4099496
        }
      ],
      "miss_ratio": 0.32761807792957964,
      "req": 4099496
    }
  ],
  "trace": "tencentBlock.ns6798.oracleGeneral.zst"
}