{
  "dram_cache_size": 9,
  "flash_cache_size": 929,
  "results": [
    {
      "hit": 4318679,
      "iteration": 0,
      "metrics": [
        {
          "admission_treshold": 0,
          "algorithm": "q2auto",
          "byte_inserted": 6460528,
          "byte_miss": 6460528,
          "byte_read": 4318679,
          "byte_reinserted": 280503,
          "hit": 4318679,
          "inserted": 6460528,
          "layer": 0,
          "miss_ratio": 0.599350954110075,
          "reinserted": 280503,
          "req": 10779207
        }
      ],
      "miss_ratio": 0.599350954110075,
      "req": 10779207
    }
  ],
  "trace": "tencentBlock.ns5735.oracleGeneral.zst"
}