{
  "dram_cache_size": 20,
  "flash_cache_size": 2010,
  "results": [
    {
      "hit": 765237,
      "iteration": 0,
      "metrics": [
        {
          "admission_treshold": 0,
          "algorithm": "dclock",
          "byte_inserted": 454063,
          "byte_miss": 454063,
          "byte_read": 765237,
          "byte_reinserted": 60331,
          "hit": 765237,
          "inserted": 454063,
          "layer": 0,
          "miss_ratio": 0.3723964569835151,
          "reinserted": 60331,
          "req": 1219300
        }
      ],
      "miss_ratio": 0.3723964569835151,
      "req": 1219300
    }
  ],
  "trace": "tencentBlock.ns17798.oracleGeneral.zst"
}