{
  "dram_cache_size": 27,
  "flash_cache_size": 2755,
  "results": [
    {
      "hit": 6506542,
      "iteration": 0,
      "metrics": [
        {
          "admission_treshold": 0,
          "algorithm": "gclock",
          "byte_inserted": 1189883,
          "byte_miss": 1189883,
          "byte_read": 6506542,
          "byte_reinserted": 466109,
          "hit": 6506542,
          "inserted": 1189883,
          "layer": 0,
          "miss_ratio": 0.15460203925848692,
          "reinserted": 466109,
          "req": 7696425
        }
      ],
      "miss_ratio": 0.15460203925848692,
      "req": 7696425
    }
  ],
  "trace": "tencentBlock.ns6459.oracleGeneral.zst"
}