{
  "dram_cache_size": 24,
  "flash_cache_size": 2436,
  "results": [
    {
      "hit": 1623802,
      "iteration": 0,
      "metrics": [
        {
          "admission_treshold": 0,
          "algorithm": "q2auto",
          "byte_inserted": 1162973,
          "byte_miss": 1162973,
          "byte_read": 1623802,
          "byte_reinserted": 115698,
          "hit": 1623802,
          "inserted": 1162973,
          "layer": 0,
          "miss_ratio": 0.4173185851028519,
          "reinserted": 115698,
          "req": 2786775
        }
      ],
      "miss_ratio": 0.4173185851028519,
      "req": 2786775
    }
  ],
  "trace": "tencentBlock.ns17722.oracleGeneral.zst"
}