{
  "dram_cache_size": 0,
  "flash_cache_size": 50,
  "results": [
    {
      "hit": 3006086,
      "iteration": 0,
      "metrics": [
        {
          "admission_treshold": 0,
          "algorithm": "offline-clock",
          "byte_inserted": 1207361,
          "byte_miss": 1207361,
          "byte_read": 3006086,
          "byte_reinserted": 1148628,
          "hit": 3006086,
          "inserted": 1207361,
          "layer": 0,
          "miss_ratio": 0.28654946887904365,
          "reinserted": 1148628,
          "req": 4213447
        }
      ],
      "miss_ratio": 0.28654946887904365,
      "req": 4213447
    },
    {
      "hit": 3040285,
      "iteration": 1,
      "metrics": [
        {
          "admission_treshold": 0,
          "algorithm": "offline-clock",
          "byte_inserted": 2380523,
          "byte_miss": 2380523,
          "byte_read": 6046371,
          "byte_reinserted": 1859961,
          "hit": 3040285,
          "inserted": 1173162,
          "layer": 0,
          "miss_ratio": 0.27843283658249407,
          "reinserted": 711333,
          "req": 4213447
        }
      ],
      "miss_ratio": 0.27843283658249407,
      "req": 4213447
    }
  ],
  "trace": "cf_allcolo.ns2579.oracleGeneral.zst"
}