{
  "dram_cache_size": 3691682,
  "flash_cache_size": 369168288,
  "results": [
    {
      "hit": 16647339,
      "iteration": 0,
      "metrics": [
        {
          "admission_treshold": 0,
          "algorithm": "qauto",
          "byte_inserted": 573061227008,
          "byte_miss": 573061227008,
          "byte_read": 393897205760,
          "byte_reinserted": 233567631360,
          "hit": 16647339,
          "inserted": 24199179,
          "layer": 0,
          "miss_ratio": 0.5924416617347897,
          "reinserted": 9305009,
          "req": 40846518
        }
      ],
      "miss_ratio": 0.5924416617347897,
      "req": 40846518
    }
  ],
  "trace": "tencentBlock.ns1505.oracleGeneral.zst"
}