{
  "dram_cache_size": 18,
  "flash_cache_size": 1814,
  "results": [
    {
      "hit": 2871639,
      "iteration": 0,
      "metrics": [
        {
          "admission_treshold": 0,
          "algorithm": "dclock",
          "byte_inserted": 1135660,
          "byte_miss": 1135660,
          "byte_read": 2871639,
          "byte_reinserted": 437703,
          "hit": 2871639,
          "inserted": 1135660,
          "layer": 0,
          "miss_ratio": 0.28339786973719705,
          "reinserted": 437703,
          "req": 4007299
        }
      ],
      "miss_ratio": 0.28339786973719705,
      "req": 4007299
    }
  ],
  "trace": "tencentBlock.ns4431.oracleGeneral.zst"
}