{
  "dram_cache_size": 8,
  "flash_cache_size": 845,
  "results": [
    {
      "hit": 1863592,
      "iteration": 0,
      "metrics": [
        {
          "admission_treshold": 0,
          "algorithm": "dclock",
          "byte_inserted": 490499,
          "byte_miss": 490499,
          "byte_read": 1863592,
          "byte_reinserted": 106779,
          "hit": 1863592,
          "inserted": 490499,
          "layer": 0,
          "miss_ratio": 0.20836025455260654,
          "reinserted": 106779,
          "req": 2354091
        }
      ],
      "miss_ratio": 0.20836025455260654,
      "req": 2354091
    }
  ],
  "trace": "tencentBlock.ns11882.oracleGeneral.zst"
}