{
  "dram_cache_size": 5,
  "flash_cache_size": 541,
  "results": [
    {
      "hit": 5828679,
      "iteration": 0,
      "metrics": [
        {
          "admission_treshold": 0,
          "algorithm": "g2clock",
          "byte_inserted": 936277,
          "byte_miss": 936277,
          "byte_read": 5828679,
          "byte_reinserted": 2726589,
          "hit": 5828679,
          "inserted": 936277,
          "layer": 0,
          "miss_ratio": 0.13840104798907782,
          "reinserted": 2726589,
          "req": 6764956
        }
      ],
      "miss_ratio": 0.13840104798907782,
      "req": 6764956
    }
  ],
  "trace": "tencentBlock.ns14701.oracleGeneral.zst"
}