{
  "dram_cache_size": 10,
  "flash_cache_size": 1046,
  "results": [
    {
      "hit": 4251840,
      "iteration": 0,
      "metrics": [
        {
          "admission_treshold": 0,
          "algorithm": "t7auto",
          "byte_inserted": 613706,
          "byte_miss": 613706,
          "byte_read": 4251840,
          "byte_reinserted": 295858,
          "hit": 4251840,
          "inserted": 613706,
          "layer": 0,
          "miss_ratio": 0.12613301775381425,
          "reinserted": 295858,
          "req": 4865546
        }
      ],
      "miss_ratio": 0.12613301775381425,
      "req": 4865546
    }
  ],
  "trace": "tencentBlock.ns11853.oracleGeneral.zst"
}