{
  "dram_cache_size": 12,
  "flash_cache_size": 1284,
  "results": [
    {
      "hit": 2442880,
      "iteration": 0,
      "metrics": [
        {
          "admission_treshold": 0,
          "algorithm": "d3clock",
          "byte_inserted": 2965737,
          "byte_miss": 2965737,
          "byte_read": 2442880,
          "byte_reinserted": 500271,
          "hit": 2442880,
          "inserted": 2965737,
          "layer": 0,
          "miss_ratio": 0.5483355541721664,
          "reinserted": 500271,
          "req": 5408617
        }
      ],
      "miss_ratio": 0.5483355541721664,
      "req": 5408617
    }
  ],
  "trace": "tencentBlock.ns10244.oracleGeneral.zst"
}