{
  "dram_cache_size": 78,
  "flash_cache_size": 7891,
  "results": [
    {
      "hit": 672700,
      "iteration": 0,
      "metrics": [
        {
          "admission_treshold": 0,
          "algorithm": "t5auto",
          "byte_inserted": 1251909,
          "byte_miss": 1251909,
          "byte_read": 672700,
          "byte_reinserted": 101130,
          "hit": 672700,
          "inserted": 1251909,
          "layer": 0,
          "miss_ratio": 0.6504744600072014,
          "reinserted": 101130,
          "req": 1924609
        }
      ],
      "miss_ratio": 0.6504744600072014,
      "req": 1924609
    }
  ],
  "trace": "tencentBlock.ns25621.oracleGeneral.zst"
}