{
  "dram_cache_size": 29,
  "flash_cache_size": 2966,
  "results": [
    {
      "hit": 2564398,
      "iteration": 0,
      "metrics": [
        {
          "admission_treshold": 0,
          "algorithm": "gclock",
          "byte_inserted": 917426,
          "byte_miss": 917426,
          "byte_read": 2564398,
          "byte_reinserted": 234871,
          "hit": 2564398,
          "inserted": 917426,
          "layer": 0,
          "miss_ratio": 0.2634900557868519,
          "reinserted": 234871,
          "req": 3481824
        }
      ],
      "miss_ratio": 0.2634900557868519,
      "req": 3481824
    }
  ],
  "trace": "tencentBlock.ns15162.oracleGeneral.zst"
}