{
  "dram_cache_size": 6,
  "flash_cache_size": 649,
  "results": [
    {
      "hit": 4011449,
      "iteration": 0,
      "metrics": [
        {
          "admission_treshold": 0,
          "algorithm": "q3auto",
          "byte_inserted": 1249730,
          "byte_miss": 1249730,
          "byte_read": 4011449,
          "byte_reinserted": 1615000,
          "hit": 4011449,
          "inserted": 1249730,
          "layer": 0,
          "miss_ratio": 0.23753801191710067,
          "reinserted": 1615000,
          "req": 5261179
        }
      ],
      "miss_ratio": 0.23753801191710067,
      "req": 5261179
    }
  ],
  "trace": "cf_allcolo.ns1904.oracleGeneral.zst"
}