{
  "dram_cache_size": 95,
  "flash_cache_size": 9560,
  "results": [
    {
      "hit": 13390374,
      "iteration": 0,
      "metrics": [
        {
          "admission_treshold": 0,
          "algorithm": "qauto",
          "byte_inserted": 8409626,
          "byte_miss": 8409626,
          "byte_read": 13390374,
          "byte_reinserted": 5770971,
          "hit": 13390374,
          "inserted": 8409626,
          "layer": 0,
          "miss_ratio": 0.3857626605504587,
          "reinserted": 5770971,
          "req": 21800000
        }
      ],
      "miss_ratio": 0.3857626605504587,
      "req": 21800000
    }
  ],
  "trace": "io_traces.ns64.oracleGeneral.zst"
}