{
  "dram_cache_size": 7,
  "flash_cache_size": 769,
  "results": [
    {
      "hit": 2292275,
      "iteration": 0,
      "metrics": [
        {
          "admission_treshold": 0,
          "algorithm": "d3clock",
          "byte_inserted": 385322,
          "byte_miss": 385322,
          "byte_read": 2292275,
          "byte_reinserted": 111258,
          "hit": 2292275,
          "inserted": 385322,
          "layer": 0,
          "miss_ratio": 0.1439058977135096,
          "reinserted": 111258,
          "req": 2677597
        }
      ],
      "miss_ratio": 0.1439058977135096,
      "req": 2677597
    }
  ],
  "trace": "tencentBlock.ns6127.oracleGeneral.zst"
}