{
  "dram_cache_size": 16,
  "flash_cache_size": 1649,
  "results": [
    {
      "hit": 3642231,
      "iteration": 0,
      "metrics": [
        {
          "admission_treshold": 0,
          "algorithm": "g2clock",
          "byte_inserted": 887001,
          "byte_miss": 887001,
          "byte_read": 3642231,
          "byte_reinserted": 906182,
          "hit": 3642231,
          "inserted": 887001,
          "layer": 0,
          "miss_ratio": 0.1958391621360972,
          "reinserted": 906182,
          "req": 4529232
        }
      ],
      "miss_ratio": 0.1958391621360972,
      "req": 4529232
    }
  ],
  "trace": "tencentBlock.ns5494.oracleGeneral.zst"
}