{
  "dram_cache_size": 3,
  "flash_cache_size": 384,
  "results": [
    {
      "hit": 958168,
      "iteration": 0,
      "metrics": [
        {
          "admission_treshold": 0,
          "algorithm": "q2auto",
          "byte_inserted": 194415,
          "byte_miss": 194415,
          "byte_read": 958168,
          "byte_reinserted": 175671,
          "hit": 958168,
          "inserted": 194415,
          "layer": 0,
          "miss_ratio": 0.16867765705376536,
          "reinserted": 175671,
          "req": 1152583
        }
      ],
      "miss_ratio": 0.16867765705376536,
      "req": 1152583
    }
  ],
  "trace": "tencentBlock.ns10443.oracleGeneral.zst"
}