{
  "dram_cache_size": 61,
  "flash_cache_size": 6135,
  "results": [
    {
      "hit": 4350935,
      "iteration": 0,
      "metrics": [
        {
          "admission_treshold": 0,
          "algorithm": "q3auto",
          "byte_inserted": 2021351,
          "byte_miss": 2021351,
          "byte_read": 4350935,
          "byte_reinserted": 685035,
          "hit": 4350935,
          "inserted": 2021351,
          "layer": 0,
          "miss_ratio": 0.31720971092634576,
          "reinserted": 685035,
          "req": 6372286
        }
      ],
      "miss_ratio": 0.31720971092634576,
      "req": 6372286
    }
  ],
  "trace": "tencentBlock.ns19562.oracleGeneral.zst"
}