{
  "dram_cache_size": 142,
  "flash_cache_size": 14270,
  "results": [
    {
      "hit": 12616974,
      "iteration": 0,
      "metrics": [
        {
          "admission_treshold": 0,
          "algorithm": "gclock",
          "byte_inserted": 6138810,
          "byte_miss": 6138810,
          "byte_read": 12616974,
          "byte_reinserted": 3792282,
          "hit": 12616974,
          "inserted": 6138810,
          "layer": 0,
          "miss_ratio": 0.32730223380691525,
          "reinserted": 3792282,
          "req": 18755784
        }
      ],
      "miss_ratio": 0.32730223380691525,
      "req": 18755784
    }
  ],
  "trace": "tencentBlock.ns6528.oracleGeneral.zst"
}