{
  "dram_cache_size": 38,
  "flash_cache_size": 3894,
  "results": [
    {
      "hit": 2883523,
      "iteration": 0,
      "metrics": [
        {
          "admission_treshold": 0,
          "algorithm": "d3clock",
          "byte_inserted": 1133299,
          "byte_miss": 1133299,
          "byte_read": 2883523,
          "byte_reinserted": 690487,
          "hit": 2883523,
          "inserted": 1133299,
          "layer": 0,
          "miss_ratio": 0.28213821772535597,
          "reinserted": 690487,
          "req": 4016822
        }
      ],
      "miss_ratio": 0.28213821772535597,
      "req": 4016822
    }
  ],
  "trace": "tencentBlock.ns18172.oracleGeneral.zst"
}