{
  "dram_cache_size": 61,
  "flash_cache_size": 6189,
  "results": [
    {
      "hit": 3355356,
      "iteration": 0,
      "metrics": [
        {
          "admission_treshold": 0,
          "algorithm": "s3fclock",
          "byte_inserted": 1457789,
          "byte_miss": 1457789,
          "byte_read": 3355356,
          "byte_reinserted": 106219,
          "hit": 3355356,
          "inserted": 1457789,
          "layer": 0,
          "miss_ratio": 0.30287660147367257,
          "reinserted": 106219,
          "req": 4813145
        }
      ],
      "miss_ratio": 0.30287660147367257,
      "req": 4813145
    }
  ],
  "trace": "tencentBlock.ns18986.oracleGeneral.zst"
}