{
  "dram_cache_size": 13,
  "flash_cache_size": 1398,
  "results": [
    {
      "hit": 2491030,
      "iteration": 0,
      "metrics": [
        {
          "admission_treshold": 0,
          "algorithm": "d3clock",
          "byte_inserted": 675330,
          "byte_miss": 675330,
          "byte_read": 2491030,
          "byte_reinserted": 275783,
          "hit": 2491030,
          "inserted": 675330,
          "layer": 0,
          "miss_ratio": 0.21328276001465407,
          "reinserted": 275783,
          "req": 3166360
        }
      ],
      "miss_ratio": 0.21328276001465407,
      "req": 3166360
    }
  ],
  "trace": "tencentBlock.ns10409.oracleGeneral.zst"
}