{
  "dram_cache_size": 22,
  "flash_cache_size": 2219,
  "results": [
    {
      "hit": 2263137,
      "iteration": 0,
      "metrics": [
        {
          "admission_treshold": 0,
          "algorithm": "time3-auto",
          "byte_inserted": 1594388,
          "byte_miss": 1594388,
          "byte_read": 2263137,
          "byte_reinserted": 154621,
          "hit": 2263137,
          "inserted": 1594388,
          "layer": 0,
          "miss_ratio": 0.41331890266427307,
          "reinserted": 154621,
          "req": 3857525
        }
      ],
      "miss_ratio": 0.41331890266427307,
      "req": 3857525
    }
  ],
  "trace": "tencentBlock.ns2598.oracleGeneral.zst"
}