{
  "dram_cache_size": 24,
  "flash_cache_size": 2480,
  "results": [
    {
      "hit": 481570,
      "iteration": 0,
      "metrics": [
        {
          "admission_treshold": 0,
          "algorithm": "q3auto",
          "byte_inserted": 717766,
          "byte_miss": 717766,
          "byte_read": 481570,
          "byte_reinserted": 49092,
          "hit": 481570,
          "inserted": 717766,
          "layer": 0,
          "miss_ratio": 0.5984694864491685,
          "reinserted": 49092,
          "req": 1199336
        }
      ],
      "miss_ratio": 0.5984694864491685,
      "req": 1199336
    }
  ],
  "trace": "tencentBlock.ns16038.oracleGeneral.zst"
}