{
  "dram_cache_size": 124,
  "flash_cache_size": 12489,
  "results": [
    {
      "hit": 15388285,
      "iteration": 0,
      "metrics": [
        {
          "admission_treshold": 0,
          "algorithm": "gclock",
          "byte_inserted": 3527340,
          "byte_miss": 3527340,
          "byte_read": 15388285,
          "byte_reinserted": 511690,
          "hit": 15388285,
          "inserted": 3527340,
          "layer": 0,
          "miss_ratio": 0.18647758136461257,
          "reinserted": 511690,
          "req": 18915625
        }
      ],
      "miss_ratio": 0.18647758136461257,
      "req": 18915625
    }
  ],
  "trace": "w36.oracleGeneral.bin.zst"
}