{
  "dram_cache_size": 0,
  "flash_cache_size": 19,
  "results": [
    {
      "hit": 3250121,
      "iteration": 0,
      "metrics": [
        {
          "admission_treshold": 0,
          "algorithm": "t4auto",
          "byte_inserted": 18539,
          "byte_miss": 18539,
          "byte_read": 3250121,
          "byte_reinserted": 36288,
          "hit": 3250121,
          "inserted": 18539,
          "layer": 0,
          "miss_ratio": 0.0056717431608059865,
          "reinserted": 36288,
          "req": 3268660
        }
      ],
      "miss_ratio": 0.0056717431608059865,
      "req": 3268660
    }
  ],
  "trace": "cf_allcolo.ns3364.oracleGeneral.zst"
}