{
  "dram_cache_size": 876,
  "flash_cache_size": 87605,
  "results": [
    {
      "hit": 2839268,
      "iteration": 0,
      "metrics": [
        {
          "admission_treshold": 0,
          "algorithm": "d3clock",
          "byte_inserted": 11760732,
          "byte_miss": 11760732,
          "byte_read": 2839268,
          "byte_reinserted": 357989,
          "hit": 2839268,
          "inserted": 11760732,
          "layer": 0,
          "miss_ratio": 0.8055295890410958,
          "reinserted": 357989,
          "req": 14600000
        }
      ],
      "miss_ratio": 0.8055295890410958,
      "req": 14600000
    }
  ],
  "trace": "io_traces.ns67.oracleGeneral.zst"
}