{
  "dram_cache_size": 15,
  "flash_cache_size": 1507,
  "results": [
    {
      "hit": 600398,
      "iteration": 0,
      "metrics": [
        {
          "admission_treshold": 0,
          "algorithm": "d3clock",
          "byte_inserted": 591920,
          "byte_miss": 591920,
          "byte_read": 600398,
          "byte_reinserted": 27815,
          "hit": 600398,
          "inserted": 591920,
          "layer": 0,
          "miss_ratio": 0.49644474041321196,
          "reinserted": 27815,
          "req": 1192318
        }
      ],
      "miss_ratio": 0.49644474041321196,
      "req": 1192318
    }
  ],
  "trace": "tencentBlock.ns20203.oracleGeneral.zst"
}