{
  "dram_cache_size": 59,
  "flash_cache_size": 5992,
  "results": [
    {
      "hit": 933067,
      "iteration": 0,
      "metrics": [
        {
          "admission_treshold": 0,
          "algorithm": "q2auto",
          "byte_inserted": 932867,
          "byte_miss": 932867,
          "byte_read": 933067,
          "byte_reinserted": 21672,
          "hit": 933067,
          "inserted": 932867,
          "layer": 0,
          "miss_ratio": 0.49994640753638664,
          "reinserted": 21672,
          "req": 1865934
        }
      ],
      "miss_ratio": 0.49994640753638664,
      "req": 1865934
    }
  ],
  "trace": "tencentBlock.ns9046.oracleGeneral.zst"
}