{
  "dram_cache_size": 172,
  "flash_cache_size": 17256,
  "results": [
    {
      "hit": 890788,
      "iteration": 0,
      "metrics": [
        {
          "admission_treshold": 0,
          "algorithm": "cm-clock",
          "byte_inserted": 2344217,
          "byte_miss": 2344217,
          "byte_read": 890788,
          "byte_reinserted": 21315,
          "hit": 890788,
          "inserted": 2344217,
          "layer": 0,
          "miss_ratio": 0.7246409201840491,
          "reinserted": 21315,
          "req": 3235005
        }
      ],
      "miss_ratio": 0.7246409201840491,
      "req": 3235005
    }
  ],
  "trace": "tencentBlock.ns5150.oracleGeneral.zst"
}