{
  "dram_cache_size": 17,
  "flash_cache_size": 1740,
  "results": [
    {
      "hit": 1130984,
      "iteration": 0,
      "metrics": [
        {
          "admission_treshold": 0,
          "algorithm": "qtime-clock",
          "byte_inserted": 183564,
          "byte_miss": 183564,
          "byte_read": 1130984,
          "byte_reinserted": 63831,
          "hit": 1130984,
          "inserted": 183564,
          "layer": 0,
          "miss_ratio": 0.13964039350407897,
          "reinserted": 63831,
          "req": 1314548
        }
      ],
      "miss_ratio": 0.13964039350407897,
      "req": 1314548
    }
  ],
  "trace": "cf_allcolo.ns1333.oracleGeneral.zst"
}