{
  "dram_cache_size": 153,
  "flash_cache_size": 15347,
  "results": [
    {
      "hit": 27766410,
      "iteration": 0,
      "metrics": [
        {
          "admission_treshold": 0,
          "algorithm": "sxfifo",
          "byte_inserted": 10633590,
          "byte_miss": 10633590,
          "byte_read": 27766410,
          "byte_reinserted": 1697320,
          "hit": 27766410,
          "inserted": 10633590,
          "layer": 0,
          "miss_ratio": 0.27691640625,
          "reinserted": 1697320,
          "req": 38400000
        }
      ],
      "miss_ratio": 0.27691640625,
      "req": 38400000
    }
  ],
  "trace": "io_traces.ns91.oracleGeneral.zst"
}