{
  "dram_cache_size": 4,
  "flash_cache_size": 422,
  "results": [
    {
      "hit": 972830,
      "iteration": 0,
      "metrics": [
        {
          "admission_treshold": 0,
          "algorithm": "g2clock",
          "byte_inserted": 227170,
          "byte_miss": 227170,
          "byte_read": 972830,
          "byte_reinserted": 210782,
          "hit": 972830,
          "inserted": 227170,
          "layer": 0,
          "miss_ratio": 0.1893083333333333,
          "reinserted": 210782,
          "req": 1200000
        }
      ],
      "miss_ratio": 0.1893083333333333,
      "req": 1200000
    }
  ],
  "trace": "io_traces.ns432.oracleGeneral.zst"
}