{
  "dram_cache_size": 46,
  "flash_cache_size": 4662,
  "results": [
    {
      "hit": 2329497,
      "iteration": 0,
      "metrics": [
        {
          "admission_treshold": 0,
          "algorithm": "qand-clock-v2",
          "byte_inserted": 2070503,
          "byte_miss": 2070503,
          "byte_read": 2329497,
          "byte_reinserted": 97090,
          "hit": 2329497,
          "inserted": 2070503,
          "layer": 0,
          "miss_ratio": 0.47056886363636363,
          "reinserted": 97090,
          "req": 4400000
        }
      ],
      "miss_ratio": 0.47056886363636363,
      "req": 4400000
    }
  ],
  "trace": "io_traces.ns55.oracleGeneral.zst"
}