{
  "dram_cache_size": 18,
  "flash_cache_size": 1841,
  "results": [
    {
      "hit": 3470538,
      "iteration": 0,
      "metrics": [
        {
          "admission_treshold": 0,
          "algorithm": "dclock",
          "byte_inserted": 594331,
          "byte_miss": 594331,
          "byte_read": 3470538,
          "byte_reinserted": 510397,
          "hit": 3470538,
          "inserted": 594331,
          "layer": 0,
          "miss_ratio": 0.14621159993101873,
          "reinserted": 510397,
          "req": 4064869
        }
      ],
      "miss_ratio": 0.14621159993101873,
      "req": 4064869
    }
  ],
  "trace": "tencentBlock.ns5213.oracleGeneral.zst"
}