{
  "dram_cache_size": 55,
  "flash_cache_size": 5522,
  "results": [
    {
      "hit": 4843592,
      "iteration": 0,
      "metrics": [
        {
          "admission_treshold": 0,
          "algorithm": "d3clock",
          "byte_inserted": 1528837,
          "byte_miss": 1528837,
          "byte_read": 4843592,
          "byte_reinserted": 1339668,
          "hit": 4843592,
          "inserted": 1528837,
          "layer": 0,
          "miss_ratio": 0.23991432466332696,
          "reinserted": 1339668,
          "req": 6372429
        }
      ],
      "miss_ratio": 0.23991432466332696,
      "req": 6372429
    }
  ],
  "trace": "tencentBlock.ns11665.oracleGeneral.zst"
}