{
  "dram_cache_size": 3010,
  "flash_cache_size": 301099,
  "results": [
    {
      "hit": 325237570,
      "iteration": 0,
      "metrics": [
        {
          "admission_treshold": 0,
          "algorithm": "t2auto",
          "byte_inserted": 53065519,
          "byte_miss": 53065519,
          "byte_read": 325237570,
          "byte_reinserted": 19299866,
          "hit": 325237570,
          "inserted": 53065519,
          "layer": 0,
          "miss_ratio": 0.14027249721981516,
          "reinserted": 19299866,
          "req": 378303089
        }
      ],
      "miss_ratio": 0.14027249721981516,
      "req": 378303089
    }
  ],
  "trace": "cluster40.oracleGeneral.sample10.zst"
}