{
  "dram_cache_size": 18,
  "flash_cache_size": 1862,
  "results": [
    {
      "hit": 1910580,
      "iteration": 0,
      "metrics": [
        {
          "admission_treshold": 0,
          "algorithm": "g2clock",
          "byte_inserted": 2289420,
          "byte_miss": 2289420,
          "byte_read": 1910580,
          "byte_reinserted": 271537,
          "hit": 1910580,
          "inserted": 2289420,
          "layer": 0,
          "miss_ratio": 0.5450999999999999,
          "reinserted": 271537,
          "req": 4200000
        }
      ],
      "miss_ratio": 0.5450999999999999,
      "req": 4200000
    }
  ],
  "trace": "io_traces.ns105.oracleGeneral.zst"
}