{
  "dram_cache_size": 16,
  "flash_cache_size": 1695,
  "results": [
    {
      "hit": 1234035,
      "iteration": 0,
      "metrics": [
        {
          "admission_treshold": 0,
          "algorithm": "d3clock",
          "byte_inserted": 1165965,
          "byte_miss": 1165965,
          "byte_read": 1234035,
          "byte_reinserted": 78624,
          "hit": 1234035,
          "inserted": 1165965,
          "layer": 0,
          "miss_ratio": 0.48581874999999997,
          "reinserted": 78624,
          "req": 2400000
        }
      ],
      "miss_ratio": 0.48581874999999997,
      "req": 2400000
    }
  ],
  "trace": "io_traces.ns568.oracleGeneral.zst"
}