{
  "dram_cache_size": 9,
  "flash_cache_size": 946,
  "results": [
    {
      "hit": 1832115,
      "iteration": 0,
      "metrics": [
        {
          "admission_treshold": 0,
          "algorithm": "gclock",
          "byte_inserted": 387223,
          "byte_miss": 387223,
          "byte_read": 1832115,
          "byte_reinserted": 180340,
          "hit": 1832115,
          "inserted": 387223,
          "layer": 0,
          "miss_ratio": 0.17447680344318894,
          "reinserted": 180340,
          "req": 2219338
        }
      ],
      "miss_ratio": 0.17447680344318894,
      "req": 2219338
    }
  ],
  "trace": "tencentBlock.ns7836.oracleGeneral.zst"
}