{
  "dram_cache_size": 14,
  "flash_cache_size": 1483,
  "results": [
    {
      "hit": 768896,
      "iteration": 0,
      "metrics": [
        {
          "admission_treshold": 0,
          "algorithm": "g2clock",
          "byte_inserted": 488835,
          "byte_miss": 488835,
          "byte_read": 768896,
          "byte_reinserted": 32121,
          "hit": 768896,
          "inserted": 488835,
          "layer": 0,
          "miss_ratio": 0.3886641897194233,
          "reinserted": 32121,
          "req": 1257731
        }
      ],
      "miss_ratio": 0.3886641897194233,
      "req": 1257731
    }
  ],
  "trace": "tencentBlock.ns23219.oracleGeneral.zst"
}