{
  "dram_cache_size": 10,
  "flash_cache_size": 1066,
  "results": [
    {
      "hit": 1003984,
      "iteration": 0,
      "metrics": [
        {
          "admission_treshold": 0,
          "algorithm": "lru",
          "byte_inserted": 379260,
          "byte_miss": 379260,
          "byte_read": 1003984,
          "byte_reinserted": 1003984,
          "hit": 1003984,
          "inserted": 379260,
          "layer": 0,
          "miss_ratio": 0.2741815616044603,
          "reinserted": 1003984,
          "req": 1383244
        }
      ],
      "miss_ratio": 0.2741815616044603,
      "req": 1383244
    }
  ],
  "trace": "tencentBlock.ns22855.oracleGeneral.zst"
}