{
  "dram_cache_size": 11,
  "flash_cache_size": 1119,
  "results": [
    {
      "hit": 763520,
      "iteration": 0,
      "metrics": [
        {
          "admission_treshold": 0,
          "algorithm": "q2auto",
          "byte_inserted": 581058,
          "byte_miss": 581058,
          "byte_read": 763520,
          "byte_reinserted": 46327,
          "hit": 763520,
          "inserted": 581058,
          "layer": 0,
          "miss_ratio": 0.4321489716476099,
          "reinserted": 46327,
          "req": 1344578
        }
      ],
      "miss_ratio": 0.4321489716476099,
      "req": 1344578
    }
  ],
  "trace": "tencentBlock.ns22280.oracleGeneral.zst"
}