{
  "dram_cache_size": 6,
  "flash_cache_size": 680,
  "results": [
    {
      "hit": 1512461,
      "iteration": 0,
      "metrics": [
        {
          "admission_treshold": 0,
          "algorithm": "sxfifo",
          "byte_inserted": 2560536,
          "byte_miss": 2560536,
          "byte_read": 1512461,
          "byte_reinserted": 82873,
          "hit": 1512461,
          "inserted": 2560536,
          "layer": 0,
          "miss_ratio": 0.6286614009290947,
          "reinserted": 82873,
          "req": 4072997
        }
      ],
      "miss_ratio": 0.6286614009290947,
      "req": 4072997
    }
  ],
  "trace": "tencentBlock.ns7367.oracleGeneral.zst"
}