{
  "dram_cache_size": 52,
  "flash_cache_size": 5290,
  "results": [
    {
      "hit": 2698461,
      "iteration": 0,
      "metrics": [
        {
          "admission_treshold": 0,
          "algorithm": "gclock",
          "byte_inserted": 1523829,
          "byte_miss": 1523829,
          "byte_read": 2698461,
          "byte_reinserted": 759124,
          "hit": 2698461,
          "inserted": 1523829,
          "layer": 0,
          "miss_ratio": 0.3609010750090591,
          "reinserted": 759124,
          "req": 4222290
        }
      ],
      "miss_ratio": 0.3609010750090591,
      "req": 4222290
    }
  ],
  "trace": "tencentBlock.ns22174.oracleGeneral.zst"
}