{
  "dram_cache_size": 1,
  "flash_cache_size": 127,
  "results": [
    {
      "hit": 1891162,
      "iteration": 0,
      "metrics": [
        {
          "admission_treshold": 0,
          "algorithm": "d3clock",
          "byte_inserted": 1145348,
          "byte_miss": 1145348,
          "byte_read": 1891162,
          "byte_reinserted": 952312,
          "hit": 1891162,
          "inserted": 1145348,
          "layer": 0,
          "miss_ratio": 0.37719223714066474,
          "reinserted": 952312,
          "req": 3036510
        }
      ],
      "miss_ratio": 0.37719223714066474,
      "req": 3036510
    }
  ],
  "trace": "akamai_lax.ns733.oracleGeneral.bin.zst"
}