{
  "dram_cache_size": 0,
  "flash_cache_size": 40,
  "results": [
    {
      "hit": 4109312,
      "iteration": 0,
      "metrics": [
        {
          "admission_treshold": 0,
          "algorithm": "t3auto",
          "byte_inserted": 6992145,
          "byte_miss": 6992145,
          "byte_read": 4109312,
          "byte_reinserted": 1921487,
          "hit": 4109312,
          "inserted": 6992145,
          "layer": 0,
          "miss_ratio": 0.6298402993408883,
          "reinserted": 1921487,
          "req": 11101457
        }
      ],
      "miss_ratio": 0.6298402993408883,
      "req": 11101457
    }
  ],
  "trace": "cf_allcolo.ns977.oracleGeneral.zst"
}