{
  "dram_cache_size": 16,
  "flash_cache_size": 1661,
  "results": [
    {
      "hit": 1222733,
      "iteration": 0,
      "metrics": [
        {
          "admission_treshold": 0,
          "algorithm": "q2auto",
          "byte_inserted": 1177267,
          "byte_miss": 1177267,
          "byte_read": 1222733,
          "byte_reinserted": 58164,
          "hit": 1222733,
          "inserted": 1177267,
          "layer": 0,
          "miss_ratio": 0.4905279166666666,
          "reinserted": 58164,
          "req": 2400000
        }
      ],
      "miss_ratio": 0.4905279166666666,
      "req": 2400000
    }
  ],
  "trace": "io_traces.ns233.oracleGeneral.zst"
}