{
  "dram_cache_size": 12,
  "flash_cache_size": 1209,
  "results": [
    {
      "hit": 1607515,
      "iteration": 0,
      "metrics": [
        {
          "admission_treshold": 0,
          "algorithm": "s3fclock-sequential",
          "byte_inserted": 624331,
          "byte_miss": 624331,
          "byte_read": 1607515,
          "byte_reinserted": 54747,
          "hit": 1607515,
          "inserted": 624331,
          "layer": 0,
          "miss_ratio": 0.27973749084838295,
          "reinserted": 54747,
          "req": 2231846
        }
      ],
      "miss_ratio": 0.27973749084838295,
      "req": 2231846
    }
  ],
  "trace": "tencentBlock.ns6930.oracleGeneral.zst"
}