{
  "dram_cache_size": 13,
  "flash_cache_size": 1366,
  "results": [
    {
      "hit": 2275147,
      "iteration": 0,
      "metrics": [
        {
          "admission_treshold": 0,
          "algorithm": "sxfifo",
          "byte_inserted": 141151,
          "byte_miss": 141151,
          "byte_read": 2275147,
          "byte_reinserted": 140122,
          "hit": 2275147,
          "inserted": 141151,
          "layer": 0,
          "miss_ratio": 0.05841622184018691,
          "reinserted": 140122,
          "req": 2416298
        }
      ],
      "miss_ratio": 0.05841622184018691,
      "req": 2416298
    }
  ],
  "trace": "cf_colo28.ns510.oracleGeneral.zst"
}