{
  "dram_cache_size": 15,
  "flash_cache_size": 1542,
  "results": [
    {
      "hit": 1574840,
      "iteration": 0,
      "metrics": [
        {
          "admission_treshold": 0,
          "algorithm": "g2clock",
          "byte_inserted": 2025160,
          "byte_miss": 2025160,
          "byte_read": 1574840,
          "byte_reinserted": 225622,
          "hit": 1574840,
          "inserted": 2025160,
          "layer": 0,
          "miss_ratio": 0.5625444444444445,
          "reinserted": 225622,
          "req": 3600000
        }
      ],
      "miss_ratio": 0.5625444444444445,
      "req": 3600000
    }
  ],
  "trace": "io_traces.ns539.oracleGeneral.zst"
}