{
  "dram_cache_size": 24,
  "flash_cache_size": 2424,
  "results": [
    {
      "hit": 1392028,
      "iteration": 0,
      "metrics": [
        {
          "admission_treshold": 0,
          "algorithm": "time2-auto",
          "byte_inserted": 561014,
          "byte_miss": 561014,
          "byte_read": 1392028,
          "byte_reinserted": 175259,
          "hit": 1392028,
          "inserted": 561014,
          "layer": 0,
          "miss_ratio": 0.28725137503443343,
          "reinserted": 175259,
          "req": 1953042
        }
      ],
      "miss_ratio": 0.28725137503443343,
      "req": 1953042
    }
  ],
  "trace": "tencentBlock.ns25639.oracleGeneral.zst"
}