{
  "dram_cache_size": 27,
  "flash_cache_size": 2771,
  "results": [
    {
      "hit": 2014164,
      "iteration": 0,
      "metrics": [
        {
          "admission_treshold": 0,
          "algorithm": "g2clock",
          "byte_inserted": 968435,
          "byte_miss": 968435,
          "byte_read": 2014164,
          "byte_reinserted": 1057252,
          "hit": 2014164,
          "inserted": 968435,
          "layer": 0,
          "miss_ratio": 0.32469500593274525,
          "reinserted": 1057252,
          "req": 2982599
        }
      ],
      "miss_ratio": 0.32469500593274525,
      "req": 2982599
    }
  ],
  "trace": "tencentBlock.ns13671.oracleGeneral.zst"
}