{
  "dram_cache_size": 94,
  "flash_cache_size": 9462,
  "results": [
    {
      "hit": 2308280,
      "iteration": 0,
      "metrics": [
        {
          "admission_treshold": 0,
          "algorithm": "d3clock",
          "byte_inserted": 1715052,
          "byte_miss": 1715052,
          "byte_read": 2308280,
          "byte_reinserted": 691343,
          "hit": 2308280,
          "inserted": 1715052,
          "layer": 0,
          "miss_ratio": 0.4262765290063062,
          "reinserted": 691343,
          "req": 4023332
        }
      ],
      "miss_ratio": 0.4262765290063062,
      "req": 4023332
    }
  ],
  "trace": "tencentBlock.ns9722.oracleGeneral.zst"
}