{
  "dram_cache_size": 278,
  "flash_cache_size": 27851,
  "results": [
    {
      "hit": 23153645,
      "iteration": 0,
      "metrics": [
        {
          "admission_treshold": 0,
          "algorithm": "dclock",
          "byte_inserted": 23554127,
          "byte_miss": 23554127,
          "byte_read": 23153645,
          "byte_reinserted": 8867687,
          "hit": 23153645,
          "inserted": 23554127,
          "layer": 0,
          "miss_ratio": 0.5042871023691732,
          "reinserted": 8867687,
          "req": 46707772
        }
      ],
      "miss_ratio": 0.5042871023691732,
      "req": 46707772
    }
  ],
  "trace": "tencentBlock.ns1586.oracleGeneral.zst"
}