{
  "dram_cache_size": 11,
  "flash_cache_size": 1139,
  "results": [
    {
      "hit": 12604164,
      "iteration": 0,
      "metrics": [
        {
          "admission_treshold": 0,
          "algorithm": "s3fclock",
          "byte_inserted": 7665497,
          "byte_miss": 7665497,
          "byte_read": 12604164,
          "byte_reinserted": 955900,
          "hit": 12604164,
          "inserted": 7665497,
          "layer": 0,
          "miss_ratio": 0.37817588562531956,
          "reinserted": 955900,
          "req": 20269661
        }
      ],
      "miss_ratio": 0.37817588562531956,
      "req": 20269661
    }
  ],
  "trace": "tencentBlock.ns8749.oracleGeneral.zst"
}