{
  "dram_cache_size": 43,
  "flash_cache_size": 4304,
  "results": [
    {
      "hit": 2997593,
      "iteration": 0,
      "metrics": [
        {
          "admission_treshold": 0,
          "algorithm": "s3fclock-sequential",
          "byte_inserted": 1789744,
          "byte_miss": 1789744,
          "byte_read": 2997593,
          "byte_reinserted": 143747,
          "hit": 2997593,
          "inserted": 1789744,
          "layer": 0,
          "miss_ratio": 0.3738495952969261,
          "reinserted": 143747,
          "req": 4787337
        }
      ],
      "miss_ratio": 0.3738495952969261,
      "req": 4787337
    }
  ],
  "trace": "tencentBlock.ns17882.oracleGeneral.zst"
}