{
  "dram_cache_size": 29,
  "flash_cache_size": 2967,
  "results": [
    {
      "hit": 4975298,
      "iteration": 0,
      "metrics": [
        {
          "admission_treshold": 0,
          "algorithm": "gclock",
          "byte_inserted": 1368464,
          "byte_miss": 1368464,
          "byte_read": 4975298,
          "byte_reinserted": 193781,
          "hit": 4975298,
          "inserted": 1368464,
          "layer": 0,
          "miss_ratio": 0.21571805499638863,
          "reinserted": 193781,
          "req": 6343762
        }
      ],
      "miss_ratio": 0.21571805499638863,
      "req": 6343762
    }
  ],
  "trace": "w74.oracleGeneral.bin.zst"
}