{
  "dram_cache_size": 9,
  "flash_cache_size": 955,
  "results": [
    {
      "hit": 2154544,
      "iteration": 0,
      "metrics": [
        {
          "admission_treshold": 0,
          "algorithm": "dclock",
          "byte_inserted": 6275823,
          "byte_miss": 6275823,
          "byte_read": 2154544,
          "byte_reinserted": 471299,
          "hit": 2154544,
          "inserted": 6275823,
          "layer": 0,
          "miss_ratio": 0.7444305805429349,
          "reinserted": 471299,
          "req": 8430367
        }
      ],
      "miss_ratio": 0.7444305805429349,
      "req": 8430367
    }
  ],
  "trace": "akamai_sjc.ns921.oracleGeneral.bin.zst"
}