{
  "dram_cache_size": 1,
  "flash_cache_size": 100,
  "results": [
    {
      "hit": 3163876,
      "iteration": 0,
      "metrics": [
        {
          "admission_treshold": 0,
          "algorithm": "qauto",
          "byte_inserted": 296426,
          "byte_miss": 296426,
          "byte_read": 3163876,
          "byte_reinserted": 238609,
          "hit": 3163876,
          "inserted": 296426,
          "layer": 0,
          "miss_ratio": 0.08566477723620658,
          "reinserted": 238609,
          "req": 3460302
        }
      ],
      "miss_ratio": 0.08566477723620658,
      "req": 3460302
    }
  ],
  "trace": "cf_allcolo.ns2864.oracleGeneral.zst"
}