{
  "dram_cache_size": 3,
  "flash_cache_size": 362,
  "results": [
    {
      "hit": 1950964,
      "iteration": 0,
      "metrics": [
        {
          "admission_treshold": 0,
          "algorithm": "d3clock",
          "byte_inserted": 1819957,
          "byte_miss": 1819957,
          "byte_read": 1950964,
          "byte_reinserted": 1266941,
          "hit": 1950964,
          "inserted": 1819957,
          "layer": 0,
          "miss_ratio": 0.4826293099218997,
          "reinserted": 1266941,
          "req": 3770921
        }
      ],
      "miss_ratio": 0.4826293099218997,
      "req": 3770921
    }
  ],
  "trace": "cf_allcolo.ns3962.oracleGeneral.zst"
}