{
  "dram_cache_size": 36,
  "flash_cache_size": 3678,
  "results": [
    {
      "hit": 22823368,
      "iteration": 0,
      "metrics": [
        {
          "admission_treshold": 0,
          "algorithm": "qand-clock-v2",
          "byte_inserted": 1921152,
          "byte_miss": 1921152,
          "byte_read": 22823368,
          "byte_reinserted": 371705,
          "hit": 22823368,
          "inserted": 1921152,
          "layer": 0,
          "miss_ratio": 0.07763949351209887,
          "reinserted": 371705,
          "req": 24744520
        }
      ],
      "miss_ratio": 0.07763949351209887,
      "req": 24744520
    }
  ],
  "trace": "cf_colo28.ns319.oracleGeneral.zst"
}