{
  "dram_cache_size": 142,
  "flash_cache_size": 14233,
  "results": [
    {
      "hit": 131925121,
      "iteration": 0,
      "metrics": [
        {
          "admission_treshold": 0,
          "algorithm": "qauto",
          "byte_inserted": 104152387,
          "byte_miss": 104152387,
          "byte_read": 131925121,
          "byte_reinserted": 23921243,
          "hit": 131925121,
          "inserted": 104152387,
          "layer": 0,
          "miss_ratio": 0.44117878014876366,
          "reinserted": 23921243,
          "req": 236077508
        }
      ],
      "miss_ratio": 0.44117878014876366,
      "req": 236077508
    }
  ],
  "trace": "cluster34.oracleGeneral.sample10.zst"
}