{
  "dram_cache_size": 31,
  "flash_cache_size": 3158,
  "results": [
    {
      "hit": 283968,
      "iteration": 0,
      "metrics": [
        {
          "admission_treshold": 0,
          "algorithm": "time2-auto",
          "byte_inserted": 1116032,
          "byte_miss": 1116032,
          "byte_read": 283968,
          "byte_reinserted": 2406,
          "hit": 283968,
          "inserted": 1116032,
          "layer": 0,
          "miss_ratio": 0.7971657142857143,
          "reinserted": 2406,
          "req": 1400000
        }
      ],
      "miss_ratio": 0.7971657142857143,
      "req": 1400000
    }
  ],
  "trace": "io_traces.ns184.oracleGeneral.zst"
}