{
  "dram_cache_size": 252,
  "flash_cache_size": 25201,
  "results": [
    {
      "hit": 16958714,
      "iteration": 0,
      "metrics": [
        {
          "admission_treshold": 0,
          "algorithm": "d3clock",
          "byte_inserted": 9025524,
          "byte_miss": 9025524,
          "byte_read": 16958714,
          "byte_reinserted": 5448142,
          "hit": 16958714,
          "inserted": 9025524,
          "layer": 0,
          "miss_ratio": 0.3473461103612121,
          "reinserted": 5448142,
          "req": 25984238
        }
      ],
      "miss_ratio": 0.3473461103612121,
      "req": 25984238
    }
  ],
  "trace": "tencentBlock.ns10171.oracleGeneral.zst"
}