{
  "dram_cache_size": 25,
  "flash_cache_size": 2569,
  "results": [
    {
      "hit": 2308853,
      "iteration": 0,
      "metrics": [
        {
          "admission_treshold": 0,
          "algorithm": "g2clock",
          "byte_inserted": 741914,
          "byte_miss": 741914,
          "byte_read": 2308853,
          "byte_reinserted": 324334,
          "hit": 2308853,
          "inserted": 741914,
          "layer": 0,
          "miss_ratio": 0.24318933566542444,
          "reinserted": 324334,
          "req": 3050767
        }
      ],
      "miss_ratio": 0.24318933566542444,
      "req": 3050767
    }
  ],
  "trace": "tencentBlock.ns15279.oracleGeneral.zst"
}