{
  "dram_cache_size": 61,
  "flash_cache_size": 6153,
  "results": [
    {
      "hit": 2696014,
      "iteration": 0,
      "metrics": [
        {
          "admission_treshold": 0,
          "algorithm": "q3auto",
          "byte_inserted": 1913612,
          "byte_miss": 1913612,
          "byte_read": 2696014,
          "byte_reinserted": 427523,
          "hit": 2696014,
          "inserted": 1913612,
          "layer": 0,
          "miss_ratio": 0.41513389589524186,
          "reinserted": 427523,
          "req": 4609626
        }
      ],
      "miss_ratio": 0.41513389589524186,
      "req": 4609626
    }
  ],
  "trace": "tencentBlock.ns12799.oracleGeneral.zst"
}