{
  "dram_cache_size": 58,
  "flash_cache_size": 5888,
  "results": [
    {
      "hit": 2634210,
      "iteration": 0,
      "metrics": [
        {
          "admission_treshold": 0,
          "algorithm": "g2clock",
          "byte_inserted": 1250071,
          "byte_miss": 1250071,
          "byte_read": 2634210,
          "byte_reinserted": 178487,
          "hit": 2634210,
          "inserted": 1250071,
          "layer": 0,
          "miss_ratio": 0.3218281581584854,
          "reinserted": 178487,
          "req": 3884281
        }
      ],
      "miss_ratio": 0.3218281581584854,
      "req": 3884281
    }
  ],
  "trace": "tencentBlock.ns15888.oracleGeneral.zst"
}