{
  "dram_cache_size": 10,
  "flash_cache_size": 1088,
  "results": [
    {
      "hit": 2080748,
      "iteration": 0,
      "metrics": [
        {
          "admission_treshold": 0,
          "algorithm": "dclock",
          "byte_inserted": 568542,
          "byte_miss": 568542,
          "byte_read": 2080748,
          "byte_reinserted": 348004,
          "hit": 2080748,
          "inserted": 568542,
          "layer": 0,
          "miss_ratio": 0.2146016479887064,
          "reinserted": 348004,
          "req": 2649290
        }
      ],
      "miss_ratio": 0.2146016479887064,
      "req": 2649290
    }
  ],
  "trace": "tencentBlock.ns22271.oracleGeneral.zst"
}