{
  "dram_cache_size": 7,
  "flash_cache_size": 758,
  "results": [
    {
      "hit": 1692543,
      "iteration": 0,
      "metrics": [
        {
          "admission_treshold": 0,
          "algorithm": "q3auto",
          "byte_inserted": 473868,
          "byte_miss": 473868,
          "byte_read": 1692543,
          "byte_reinserted": 74619,
          "hit": 1692543,
          "inserted": 473868,
          "layer": 0,
          "miss_ratio": 0.21873411831826928,
          "reinserted": 74619,
          "req": 2166411
        }
      ],
      "miss_ratio": 0.21873411831826928,
      "req": 2166411
    }
  ],
  "trace": "tencentBlock.ns3077.oracleGeneral.zst"
}