{
  "dram_cache_size": 24,
  "flash_cache_size": 2473,
  "results": [
    {
      "hit": 764460,
      "iteration": 0,
      "metrics": [
        {
          "admission_treshold": 0,
          "algorithm": "gclock",
          "byte_inserted": 725315,
          "byte_miss": 725315,
          "byte_read": 764460,
          "byte_reinserted": 37383,
          "hit": 764460,
          "inserted": 725315,
          "layer": 0,
          "miss_ratio": 0.4868621100501753,
          "reinserted": 37383,
          "req": 1489775
        }
      ],
      "miss_ratio": 0.4868621100501753,
      "req": 1489775
    }
  ],
  "trace": "tencentBlock.ns14769.oracleGeneral.zst"
}