{
  "dram_cache_size": 44,
  "flash_cache_size": 4435,
  "results": [
    {
      "hit": 4535870,
      "iteration": 0,
      "metrics": [
        {
          "admission_treshold": 0,
          "algorithm": "dclock",
          "byte_inserted": 3042566,
          "byte_miss": 3042566,
          "byte_read": 4535870,
          "byte_reinserted": 1342450,
          "hit": 4535870,
          "inserted": 3042566,
          "layer": 0,
          "miss_ratio": 0.40147676908533636,
          "reinserted": 1342450,
          "req": 7578436
        }
      ],
      "miss_ratio": 0.40147676908533636,
      "req": 7578436
    }
  ],
  "trace": "tencentBlock.ns8308.oracleGeneral.zst"
}