{
  "dram_cache_size": 37,
  "flash_cache_size": 3783,
  "results": [
    {
      "hit": 2152708,
      "iteration": 0,
      "metrics": [
        {
          "admission_treshold": 0,
          "algorithm": "t3auto",
          "byte_inserted": 1141936,
          "byte_miss": 1141936,
          "byte_read": 2152708,
          "byte_reinserted": 320139,
          "hit": 2152708,
          "inserted": 1141936,
          "layer": 0,
          "miss_ratio": 0.3466037605276928,
          "reinserted": 320139,
          "req": 3294644
        }
      ],
      "miss_ratio": 0.3466037605276928,
      "req": 3294644
    }
  ],
  "trace": "tencentBlock.ns6394.oracleGeneral.zst"
}