{
  "dram_cache_size": 43,
  "flash_cache_size": 4368,
  "results": [
    {
      "hit": 2814927,
      "iteration": 0,
      "metrics": [
        {
          "admission_treshold": 0,
          "algorithm": "s3fclock-sequential",
          "byte_inserted": 1286740,
          "byte_miss": 1286740,
          "byte_read": 2814927,
          "byte_reinserted": 606357,
          "hit": 2814927,
          "inserted": 1286740,
          "layer": 0,
          "miss_ratio": 0.3137114738958575,
          "reinserted": 606357,
          "req": 4101667
        }
      ],
      "miss_ratio": 0.3137114738958575,
      "req": 4101667
    }
  ],
  "trace": "tencentBlock.ns8639.oracleGeneral.zst"
}