{
  "dram_cache_size": 556,
  "flash_cache_size": 55641,
  "results": [
    {
      "hit": 10905473,
      "iteration": 0,
      "metrics": [
        {
          "admission_treshold": 0,
          "algorithm": "dclock",
          "byte_inserted": 6237740,
          "byte_miss": 6237740,
          "byte_read": 10905473,
          "byte_reinserted": 3767834,
          "hit": 10905473,
          "inserted": 6237740,
          "layer": 0,
          "miss_ratio": 0.36386061352676424,
          "reinserted": 3767834,
          "req": 17143213
        }
      ],
      "miss_ratio": 0.36386061352676424,
      "req": 17143213
    }
  ],
  "trace": "akamai_sjc.ns6.oracleGeneral.bin.zst"
}