{
  "dram_cache_size": 8,
  "flash_cache_size": 836,
  "results": [
    {
      "hit": 25571638,
      "iteration": 0,
      "metrics": [
        {
          "admission_treshold": 0,
          "algorithm": "s3fclock",
          "byte_inserted": 601135,
          "byte_miss": 601135,
          "byte_read": 25571638,
          "byte_reinserted": 395368,
          "hit": 25571638,
          "inserted": 601135,
          "layer": 0,
          "miss_ratio": 0.022967952230357858,
          "reinserted": 395368,
          "req": 26172773
        }
      ],
      "miss_ratio": 0.022967952230357858,
      "req": 26172773
    }
  ],
  "trace": "cf_colo28.ns147.oracleGeneral.zst"
}