{
  "dram_cache_size": 706,
  "flash_cache_size": 70609,
  "results": [
    {
      "hit": 293859551,
      "iteration": 0,
      "metrics": [
        {
          "admission_treshold": 0,
          "algorithm": "cm-clock",
          "byte_inserted": 43310991,
          "byte_miss": 43310991,
          "byte_read": 293859551,
          "byte_reinserted": 30814015,
          "hit": 293859551,
          "inserted": 43310991,
          "layer": 0,
          "miss_ratio": 0.12845425565083912,
          "reinserted": 30814015,
          "req": 337170542
        }
      ],
      "miss_ratio": 0.12845425565083912,
      "req": 337170542
    }
  ],
  "trace": "expandodo_cache.1.oracleGeneral.sample10.zst"
}