{
  "dram_cache_size": 13,
  "flash_cache_size": 1364,
  "results": [
    {
      "hit": 2430842,
      "iteration": 0,
      "metrics": [
        {
          "admission_treshold": 0,
          "algorithm": "g2clock",
          "byte_inserted": 1649763,
          "byte_miss": 1649763,
          "byte_read": 2430842,
          "byte_reinserted": 789836,
          "hit": 2430842,
          "inserted": 1649763,
          "layer": 0,
          "miss_ratio": 0.40429372605287694,
          "reinserted": 789836,
          "req": 4080605
        }
      ],
      "miss_ratio": 0.40429372605287694,
      "req": 4080605
    }
  ],
  "trace": "sc_knownfors_cache.0.oracleGeneral.sample10.zst"
}