{
  "dram_cache_size": 44,
  "flash_cache_size": 4450,
  "results": [
    {
      "hit": 2721236,
      "iteration": 0,
      "metrics": [
        {
          "admission_treshold": 0,
          "algorithm": "s3fclock-sequential",
          "byte_inserted": 1220264,
          "byte_miss": 1220264,
          "byte_read": 2721236,
          "byte_reinserted": 342926,
          "hit": 2721236,
          "inserted": 1220264,
          "layer": 0,
          "miss_ratio": 0.3095938094634022,
          "reinserted": 342926,
          "req": 3941500
        }
      ],
      "miss_ratio": 0.3095938094634022,
      "req": 3941500
    }
  ],
  "trace": "tencentBlock.ns19718.oracleGeneral.zst"
}