{
  "dram_cache_size": 63,
  "flash_cache_size": 6354,
  "results": [
    {
      "hit": 3655421,
      "iteration": 0,
      "metrics": [
        {
          "admission_treshold": 0,
          "algorithm": "d3clock",
          "byte_inserted": 1702880,
          "byte_miss": 1702880,
          "byte_read": 3655421,
          "byte_reinserted": 1179535,
          "hit": 3655421,
          "inserted": 1702880,
          "layer": 0,
          "miss_ratio": 0.3178022287288452,
          "reinserted": 1179535,
          "req": 5358301
        }
      ],
      "miss_ratio": 0.3178022287288452,
      "req": 5358301
    }
  ],
  "trace": "tencentBlock.ns14195.oracleGeneral.zst"
}