{
  "dram_cache_size": 8,
  "flash_cache_size": 888,
  "results": [
    {
      "hit": 2678354,
      "iteration": 0,
      "metrics": [
        {
          "admission_treshold": 0,
          "algorithm": "q2auto",
          "byte_inserted": 552872,
          "byte_miss": 552872,
          "byte_read": 2678354,
          "byte_reinserted": 279373,
          "hit": 2678354,
          "inserted": 552872,
          "layer": 0,
          "miss_ratio": 0.17110285693417915,
          "reinserted": 279373,
          "req": 3231226
        }
      ],
      "miss_ratio": 0.17110285693417915,
      "req": 3231226
    }
  ],
  "trace": "tencentBlock.ns4269.oracleGeneral.zst"
}