{
  "dram_cache_size": 408,
  "flash_cache_size": 40862,
  "results": [
    {
      "hit": 993624,
      "iteration": 0,
      "metrics": [
        {
          "admission_treshold": 0,
          "algorithm": "gclock",
          "byte_inserted": 5830700,
          "byte_miss": 5830700,
          "byte_read": 993624,
          "byte_reinserted": 134854,
          "hit": 993624,
          "inserted": 5830700,
          "layer": 0,
          "miss_ratio": 0.8543996445655276,
          "reinserted": 134854,
          "req": 6824324
        }
      ],
      "miss_ratio": 0.8543996445655276,
      "req": 6824324
    }
  ],
  "trace": "tencentBlock.ns11156.oracleGeneral.zst"
}