{
  "dram_cache_size": 5,
  "flash_cache_size": 543,
  "results": [
    {
      "hit": 3447203,
      "iteration": 0,
      "metrics": [
        {
          "admission_treshold": 0,
          "algorithm": "t7auto",
          "byte_inserted": 629340,
          "byte_miss": 629340,
          "byte_read": 3447203,
          "byte_reinserted": 532043,
          "hit": 3447203,
          "inserted": 629340,
          "layer": 0,
          "miss_ratio": 0.15438080746357885,
          "reinserted": 532043,
          "req": 4076543
        }
      ],
      "miss_ratio": 0.15438080746357885,
      "req": 4076543
    }
  ],
  "trace": "tencentBlock.ns9661.oracleGeneral.zst"
}