{
  "dram_cache_size": 167,
  "flash_cache_size": 16764,
  "results": [
    {
      "hit": 2069036,
      "iteration": 0,
      "metrics": [
        {
          "admission_treshold": 0,
          "algorithm": "g2clock",
          "byte_inserted": 5531337,
          "byte_miss": 5531337,
          "byte_read": 2069036,
          "byte_reinserted": 601197,
          "hit": 2069036,
          "inserted": 5531337,
          "layer": 0,
          "miss_ratio": 0.7277717817270284,
          "reinserted": 601197,
          "req": 7600373
        }
      ],
      "miss_ratio": 0.7277717817270284,
      "req": 7600373
    }
  ],
  "trace": "tencentBlock.ns16742.oracleGeneral.zst"
}