{
  "dram_cache_size": 17,
  "flash_cache_size": 1735,
  "results": [
    {
      "hit": 1959999,
      "iteration": 0,
      "metrics": [
        {
          "admission_treshold": 0,
          "algorithm": "gclock",
          "byte_inserted": 564766,
          "byte_miss": 564766,
          "byte_read": 1959999,
          "byte_reinserted": 355354,
          "hit": 1959999,
          "inserted": 564766,
          "layer": 0,
          "miss_ratio": 0.2236905216921179,
          "reinserted": 355354,
          "req": 2524765
        }
      ],
      "miss_ratio": 0.2236905216921179,
      "req": 2524765
    }
  ],
  "trace": "tencentBlock.ns14659.oracleGeneral.zst"
}