{
  "dram_cache_size": 48,
  "flash_cache_size": 4840,
  "results": [
    {
      "hit": 466381,
      "iteration": 0,
      "metrics": [
        {
          "admission_treshold": 0,
          "algorithm": "sxfifo",
          "byte_inserted": 1285714,
          "byte_miss": 1285714,
          "byte_read": 466381,
          "byte_reinserted": 230114,
          "hit": 466381,
          "inserted": 1285714,
          "layer": 0,
          "miss_ratio": 0.7338152326215188,
          "reinserted": 230114,
          "req": 1752095
        }
      ],
      "miss_ratio": 0.7338152326215188,
      "req": 1752095
    }
  ],
  "trace": "tencentBlock.ns1465.oracleGeneral.zst"
}