{
  "dram_cache_size": 76,
  "flash_cache_size": 7613,
  "results": [
    {
      "hit": 6529116,
      "iteration": 0,
      "metrics": [
        {
          "admission_treshold": 0,
          "algorithm": "g2clock",
          "byte_inserted": 2648502,
          "byte_miss": 2648502,
          "byte_read": 6529116,
          "byte_reinserted": 632035,
          "hit": 6529116,
          "inserted": 2648502,
          "layer": 0,
          "miss_ratio": 0.28858272375250305,
          "reinserted": 632035,
          "req": 9177618
        }
      ],
      "miss_ratio": 0.28858272375250305,
      "req": 9177618
    }
  ],
  "trace": "tencentBlock.ns22428.oracleGeneral.zst"
}