{
  "dram_cache_size": 1,
  "flash_cache_size": 145,
  "results": [
    {
      "hit": 1637634,
      "iteration": 0,
      "metrics": [
        {
          "admission_treshold": 0,
          "algorithm": "gclock",
          "byte_inserted": 901911,
          "byte_miss": 901911,
          "byte_read": 1637634,
          "byte_reinserted": 216323,
          "hit": 1637634,
          "inserted": 901911,
          "layer": 0,
          "miss_ratio": 0.3551466896629121,
          "reinserted": 216323,
          "req": 2539545
        }
      ],
      "miss_ratio": 0.3551466896629121,
      "req": 2539545
    }
  ],
  "trace": "akamai_lax.ns368.oracleGeneral.bin.zst"
}