{
  "dram_cache_size": 6,
  "flash_cache_size": 682,
  "results": [
    {
      "hit": 1461702,
      "iteration": 0,
      "metrics": [
        {
          "admission_treshold": 0,
          "algorithm": "d3clock",
          "byte_inserted": 1095743,
          "byte_miss": 1095743,
          "byte_read": 1461702,
          "byte_reinserted": 95806,
          "hit": 1461702,
          "inserted": 1095743,
          "layer": 0,
          "miss_ratio": 0.42845222477902756,
          "reinserted": 95806,
          "req": 2557445
        }
      ],
      "miss_ratio": 0.42845222477902756,
      "req": 2557445
    }
  ],
  "trace": "cf_colo28.ns2038.oracleGeneral.zst"
}