{
  "dram_cache_size": 4,
  "flash_cache_size": 465,
  "results": [
    {
      "hit": 3455259,
      "iteration": 0,
      "metrics": [
        {
          "admission_treshold": 0,
          "algorithm": "q3auto",
          "byte_inserted": 388508,
          "byte_miss": 388508,
          "byte_read": 3455259,
          "byte_reinserted": 402637,
          "hit": 3455259,
          "inserted": 388508,
          "layer": 0,
          "miss_ratio": 0.10107480500248844,
          "reinserted": 402637,
          "req": 3843767
        }
      ],
      "miss_ratio": 0.10107480500248844,
      "req": 3843767
    }
  ],
  "trace": "cf_colo28.ns2346.oracleGeneral.zst"
}