{
  "dram_cache_size": 446,
  "flash_cache_size": 44621,
  "results": [
    {
      "hit": 844843512,
      "iteration": 0,
      "metrics": [
        {
          "admission_treshold": 0,
          "algorithm": "gclock",
          "byte_inserted": 199669563,
          "byte_miss": 199669563,
          "byte_read": 844843512,
          "byte_reinserted": 27023702,
          "hit": 844843512,
          "inserted": 199669563,
          "layer": 0,
          "miss_ratio": 0.1911604246792219,
          "reinserted": 27023702,
          "req": 1044513075
        }
      ],
      "miss_ratio": 0.1911604246792219,
      "req": 1044513075
    }
  ],
  "trace": "cluster7.oracleGeneral.zst"
}