{
  "dram_cache_size": 220,
  "flash_cache_size": 22057,
  "results": [
    {
      "hit": 5702184,
      "iteration": 0,
      "metrics": [
        {
          "admission_treshold": 0,
          "algorithm": "gclock",
          "byte_inserted": 4973147,
          "byte_miss": 4973147,
          "byte_read": 5702184,
          "byte_reinserted": 3331605,
          "hit": 5702184,
          "inserted": 4973147,
          "layer": 0,
          "miss_ratio": 0.46585412667766457,
          "reinserted": 3331605,
          "req": 10675331
        }
      ],
      "miss_ratio": 0.46585412667766457,
      "req": 10675331
    }
  ],
  "trace": "tencentBlock.ns7116.oracleGeneral.zst"
}