{
  "dram_cache_size": 11,
  "flash_cache_size": 1159,
  "results": [
    {
      "hit": 1637637,
      "iteration": 0,
      "metrics": [
        {
          "admission_treshold": 0,
          "algorithm": "qand-clock",
          "byte_inserted": 699709,
          "byte_miss": 699709,
          "byte_read": 1637637,
          "byte_reinserted": 124804,
          "hit": 1637637,
          "inserted": 699709,
          "layer": 0,
          "miss_ratio": 0.29936047123532417,
          "reinserted": 124804,
          "req": 2337346
        }
      ],
      "miss_ratio": 0.29936047123532417,
      "req": 2337346
    }
  ],
  "trace": "tencentBlock.ns16295.oracleGeneral.zst"
}