{
  "dram_cache_size": 12,
  "flash_cache_size": 1204,
  "results": [
    {
      "hit": 787607,
      "iteration": 0,
      "metrics": [
        {
          "admission_treshold": 0,
          "algorithm": "d3clock",
          "byte_inserted": 456757,
          "byte_miss": 456757,
          "byte_read": 787607,
          "byte_reinserted": 411856,
          "hit": 787607,
          "inserted": 456757,
          "layer": 0,
          "miss_ratio": 0.3670606028461125,
          "reinserted": 411856,
          "req": 1244364
        }
      ],
      "miss_ratio": 0.3670606028461125,
      "req": 1244364
    }
  ],
  "trace": "tencentBlock.ns15626.oracleGeneral.zst"
}