{
  "dram_cache_size": 261,
  "flash_cache_size": 26142,
  "results": [
    {
      "hit": 27629267,
      "iteration": 0,
      "metrics": [
        {
          "admission_treshold": 0,
          "algorithm": "s3fclock-sequential",
          "byte_inserted": 34119815,
          "byte_miss": 34119815,
          "byte_read": 27629267,
          "byte_reinserted": 9037466,
          "hit": 27629267,
          "inserted": 34119815,
          "layer": 0,
          "miss_ratio": 0.5525558258501722,
          "reinserted": 9037466,
          "req": 61749082
        }
      ],
      "miss_ratio": 0.5525558258501722,
      "req": 61749082
    }
  ],
  "trace": "tencentBlock.ns5002.oracleGeneral.zst"
}