{
  "dram_cache_size": 6204,
  "flash_cache_size": 620450,
  "results": [
    {
      "hit": 5104006864,
      "iteration": 0,
      "metrics": [
        {
          "admission_treshold": 0,
          "algorithm": "gclock",
          "byte_inserted": 163925173,
          "byte_miss": 163925173,
          "byte_read": 5104006864,
          "byte_reinserted": 239214788,
          "hit": 5104006864,
          "inserted": 163925173,
          "layer": 0,
          "miss_ratio": 0.031117556538059032,
          "reinserted": 239214788,
          "req": 5267932037
        }
      ],
      "miss_ratio": 0.031117556538059032,
      "req": 5267932037
    }
  ],
  "trace": "cluster28.oracleGeneral.zst"
}