{
  "dram_cache_size": 9,
  "flash_cache_size": 982,
  "results": [
    {
      "hit": 1594329,
      "iteration": 0,
      "metrics": [
        {
          "admission_treshold": 0,
          "algorithm": "g2clock",
          "byte_inserted": 518917,
          "byte_miss": 518917,
          "byte_read": 1594329,
          "byte_reinserted": 157928,
          "hit": 1594329,
          "inserted": 518917,
          "layer": 0,
          "miss_ratio": 0.2455544692856393,
          "reinserted": 157928,
          "req": 2113246
        }
      ],
      "miss_ratio": 0.2455544692856393,
      "req": 2113246
    }
  ],
  "trace": "tencentBlock.ns4139.oracleGeneral.zst"
}