{
  "dram_cache_size": 9,
  "flash_cache_size": 950,
  "results": [
    {
      "hit": 695508,
      "iteration": 0,
      "metrics": [
        {
          "admission_treshold": 0,
          "algorithm": "t4auto",
          "byte_inserted": 437037,
          "byte_miss": 437037,
          "byte_read": 695508,
          "byte_reinserted": 154833,
          "hit": 695508,
          "inserted": 437037,
          "layer": 0,
          "miss_ratio": 0.38588930241182473,
          "reinserted": 154833,
          "req": 1132545
        }
      ],
      "miss_ratio": 0.38588930241182473,
      "req": 1132545
    }
  ],
  "trace": "akamai_sjc.ns883.oracleGeneral.bin.zst"
}