{
  "dram_cache_size": 7,
  "flash_cache_size": 735,
  "results": [
    {
      "hit": 9093110,
      "iteration": 0,
      "metrics": [
        {
          "admission_treshold": 0,
          "algorithm": "t7auto",
          "byte_inserted": 80703,
          "byte_miss": 80703,
          "byte_read": 9093110,
          "byte_reinserted": 16046,
          "hit": 9093110,
          "inserted": 80703,
          "layer": 0,
          "miss_ratio": 0.008797105412983619,
          "reinserted": 16046,
          "req": 9173813
        }
      ],
      "miss_ratio": 0.008797105412983619,
      "req": 9173813
    }
  ],
  "trace": "cf_allcolo.ns610.oracleGeneral.zst"
}