{
  "dram_cache_size": 1,
  "flash_cache_size": 101,
  "results": [
    {
      "hit": 11432119,
      "iteration": 0,
      "metrics": [
        {
          "admission_treshold": 0,
          "algorithm": "dclock",
          "byte_inserted": 1234076,
          "byte_miss": 1234076,
          "byte_read": 11432119,
          "byte_reinserted": 2894386,
          "hit": 11432119,
          "inserted": 1234076,
          "layer": 0,
          "miss_ratio": 0.0974306806424502,
          "reinserted": 2894386,
          "req": 12666195
        }
      ],
      "miss_ratio": 0.0974306806424502,
      "req": 12666195
    }
  ],
  "trace": "cf_allcolo.ns143.oracleGeneral.zst"
}