{
  "dram_cache_size": 59,
  "flash_cache_size": 5953,
  "results": [
    {
      "hit": 3713893,
      "iteration": 0,
      "metrics": [
        {
          "admission_treshold": 0,
          "algorithm": "qand-clock",
          "byte_inserted": 3286107,
          "byte_miss": 3286107,
          "byte_read": 3713893,
          "byte_reinserted": 478816,
          "hit": 3713893,
          "inserted": 3286107,
          "layer": 0,
          "miss_ratio": 0.4694438571428572,
          "reinserted": 478816,
          "req": 7000000
        }
      ],
      "miss_ratio": 0.4694438571428572,
      "req": 7000000
    }
  ],
  "trace": "io_traces.ns179.oracleGeneral.zst"
}