{
  "dram_cache_size": 116,
  "flash_cache_size": 11663,
  "results": [
    {
      "hit": 1933980,
      "iteration": 0,
      "metrics": [
        {
          "admission_treshold": 0,
          "algorithm": "dclock",
          "byte_inserted": 2466020,
          "byte_miss": 2466020,
          "byte_read": 1933980,
          "byte_reinserted": 80130,
          "hit": 1933980,
          "inserted": 2466020,
          "layer": 0,
          "miss_ratio": 0.560459090909091,
          "reinserted": 80130,
          "req": 4400000
        }
      ],
      "miss_ratio": 0.560459090909091,
      "req": 4400000
    }
  ],
  "trace": "io_traces.ns150.oracleGeneral.zst"
}