{
  "dram_cache_size": 5,
  "flash_cache_size": 510,
  "results": [
    {
      "hit": 2382865,
      "iteration": 0,
      "metrics": [
        {
          "admission_treshold": 0,
          "algorithm": "d3clock",
          "byte_inserted": 234245,
          "byte_miss": 234245,
          "byte_read": 2382865,
          "byte_reinserted": 195659,
          "hit": 2382865,
          "inserted": 234245,
          "layer": 0,
          "miss_ratio": 0.08950521758733876,
          "reinserted": 195659,
          "req": 2617110
        }
      ],
      "miss_ratio": 0.08950521758733876,
      "req": 2617110
    }
  ],
  "trace": "tencentBlock.ns5883.oracleGeneral.zst"
}