{
  "dram_cache_size": 8,
  "flash_cache_size": 871,
  "results": [
    {
      "hit": 1960629,
      "iteration": 0,
      "metrics": [
        {
          "admission_treshold": 0,
          "algorithm": "q-clock",
          "byte_inserted": 532041,
          "byte_miss": 532041,
          "byte_read": 1960629,
          "byte_reinserted": 11354,
          "hit": 1960629,
          "inserted": 532041,
          "layer": 0,
          "miss_ratio": 0.21344221256724716,
          "reinserted": 11354,
          "req": 2492670
        }
      ],
      "miss_ratio": 0.21344221256724716,
      "req": 2492670
    }
  ],
  "trace": "tencentBlock.ns12015.oracleGeneral.zst"
}