{
  "dram_cache_size": 44,
  "flash_cache_size": 4469,
  "results": [
    {
      "hit": 2175565,
      "iteration": 0,
      "metrics": [
        {
          "admission_treshold": 0,
          "algorithm": "dclock",
          "byte_inserted": 1968282,
          "byte_miss": 1968282,
          "byte_read": 2175565,
          "byte_reinserted": 169163,
          "hit": 2175565,
          "inserted": 1968282,
          "layer": 0,
          "miss_ratio": 0.4749890620961633,
          "reinserted": 169163,
          "req": 4143847
        }
      ],
      "miss_ratio": 0.4749890620961633,
      "req": 4143847
    }
  ],
  "trace": "tencentBlock.ns2303.oracleGeneral.zst"
}