{
  "dram_cache_size": 256,
  "flash_cache_size": 25612,
  "results": [
    {
      "hit": 1671707,
      "iteration": 0,
      "metrics": [
        {
          "admission_treshold": 0,
          "algorithm": "q3auto",
          "byte_inserted": 6731038,
          "byte_miss": 6731038,
          "byte_read": 1671707,
          "byte_reinserted": 604087,
          "hit": 1671707,
          "inserted": 6731038,
          "layer": 0,
          "miss_ratio": 0.801052275179123,
          "reinserted": 604087,
          "req": 8402745
        }
      ],
      "miss_ratio": 0.801052275179123,
      "req": 8402745
    }
  ],
  "trace": "akamai_sjc.ns796.oracleGeneral.bin.zst"
}