{
  "dram_cache_size": 226,
  "flash_cache_size": 22610,
  "results": [
    {
      "hit": 178626792,
      "iteration": 0,
      "metrics": [
        {
          "admission_treshold": 0,
          "algorithm": "q3auto",
          "byte_inserted": 23680427,
          "byte_miss": 23680427,
          "byte_read": 178626792,
          "byte_reinserted": 27572025,
          "hit": 178626792,
          "inserted": 23680427,
          "layer": 0,
          "miss_ratio": 0.11705181415201993,
          "reinserted": 27572025,
          "req": 202307219
        }
      ],
      "miss_ratio": 0.11705181415201993,
      "req": 202307219
    }
  ],
  "trace": "blender_typeahead_cache.1.oracleGeneral.sample10.zst"
}