{
  "dram_cache_size": 65,
  "flash_cache_size": 6553,
  "results": [
    {
      "hit": 779093410,
      "iteration": 0,
      "metrics": [
        {
          "admission_treshold": 0,
          "algorithm": "dclock",
          "byte_inserted": 34968929,
          "byte_miss": 34968929,
          "byte_read": 779093410,
          "byte_reinserted": 47558365,
          "hit": 779093410,
          "inserted": 34968929,
          "layer": 0,
          "miss_ratio": 0.0429560825070916,
          "reinserted": 47558365,
          "req": 814062339
        }
      ],
      "miss_ratio": 0.0429560825070916,
      "req": 814062339
    }
  ],
  "trace": "gizmoduck_cache.0.oracleGeneral.sample10.zst"
}