{
  "dram_cache_size": 369,
  "flash_cache_size": 36999,
  "results": [
    {
      "hit": 17942896,
      "iteration": 0,
      "metrics": [
        {
          "admission_treshold": 0,
          "algorithm": "dclock",
          "byte_inserted": 4959744,
          "byte_miss": 4959744,
          "byte_read": 17942896,
          "byte_reinserted": 5567347,
          "hit": 17942896,
          "inserted": 4959744,
          "layer": 0,
          "miss_ratio": 0.21655774181491738,
          "reinserted": 5567347,
          "req": 22902640
        }
      ],
      "miss_ratio": 0.21655774181491738,
      "req": 22902640
    }
  ],
  "trace": "tencentBlock.ns2771.oracleGeneral.zst"
}