{
  "dram_cache_size": 6,
  "flash_cache_size": 677,
  "results": [
    {
      "hit": 896969,
      "iteration": 0,
      "metrics": [
        {
          "admission_treshold": 0,
          "algorithm": "d3clock",
          "byte_inserted": 456884,
          "byte_miss": 456884,
          "byte_read": 896969,
          "byte_reinserted": 143207,
          "hit": 896969,
          "inserted": 456884,
          "layer": 0,
          "miss_ratio": 0.3374694298420877,
          "reinserted": 143207,
          "req": 1353853
        }
      ],
      "miss_ratio": 0.3374694298420877,
      "req": 1353853
    }
  ],
  "trace": "tencentBlock.ns1952.oracleGeneral.zst"
}