{
  "dram_cache_size": 15,
  "flash_cache_size": 1521,
  "results": [
    {
      "hit": 1039088,
      "iteration": 0,
      "metrics": [
        {
          "admission_treshold": 0,
          "algorithm": "dclock",
          "byte_inserted": 522604,
          "byte_miss": 522604,
          "byte_read": 1039088,
          "byte_reinserted": 45833,
          "hit": 1039088,
          "inserted": 522604,
          "layer": 0,
          "miss_ratio": 0.3346396088345205,
          "reinserted": 45833,
          "req": 1561692
        }
      ],
      "miss_ratio": 0.3346396088345205,
      "req": 1561692
    }
  ],
  "trace": "tencentBlock.ns16421.oracleGeneral.zst"
}