{
  "dram_cache_size": 11,
  "flash_cache_size": 1197,
  "results": [
    {
      "hit": 872064,
      "iteration": 0,
      "metrics": [
        {
          "admission_treshold": 0,
          "algorithm": "s3fclock",
          "byte_inserted": 605328,
          "byte_miss": 605328,
          "byte_read": 872064,
          "byte_reinserted": 146997,
          "hit": 872064,
          "inserted": 605328,
          "layer": 0,
          "miss_ratio": 0.4097274115468339,
          "reinserted": 146997,
          "req": 1477392
        }
      ],
      "miss_ratio": 0.4097274115468339,
      "req": 1477392
    }
  ],
  "trace": "tencentBlock.ns17601.oracleGeneral.zst"
}