{
  "dram_cache_size": 32,
  "flash_cache_size": 3285,
  "results": [
    {
      "hit": 1380298,
      "iteration": 0,
      "metrics": [
        {
          "admission_treshold": 0,
          "algorithm": "sxfifo",
          "byte_inserted": 1017270,
          "byte_miss": 1017270,
          "byte_read": 1380298,
          "byte_reinserted": 198458,
          "hit": 1380298,
          "inserted": 1017270,
          "layer": 0,
          "miss_ratio": 0.4242924496823448,
          "reinserted": 198458,
          "req": 2397568
        }
      ],
      "miss_ratio": 0.4242924496823448,
      "req": 2397568
    }
  ],
  "trace": "tencentBlock.ns22822.oracleGeneral.zst"
}