{
  "dram_cache_size": 19,
  "flash_cache_size": 1946,
  "results": [
    {
      "hit": 825819,
      "iteration": 0,
      "metrics": [
        {
          "admission_treshold": 0,
          "algorithm": "d3clock",
          "byte_inserted": 690047,
          "byte_miss": 690047,
          "byte_read": 825819,
          "byte_reinserted": 268575,
          "hit": 825819,
          "inserted": 690047,
          "layer": 0,
          "miss_ratio": 0.4552163581741394,
          "reinserted": 268575,
          "req": 1515866
        }
      ],
      "miss_ratio": 0.4552163581741394,
      "req": 1515866
    }
  ],
  "trace": "tencentBlock.ns5800.oracleGeneral.zst"
}