{
  "dram_cache_size": 18,
  "flash_cache_size": 1897,
  "results": [
    {
      "hit": 1310587,
      "iteration": 0,
      "metrics": [
        {
          "admission_treshold": 0,
          "algorithm": "q3auto",
          "byte_inserted": 540030,
          "byte_miss": 540030,
          "byte_read": 1310587,
          "byte_reinserted": 63559,
          "hit": 1310587,
          "inserted": 540030,
          "layer": 0,
          "miss_ratio": 0.29181078526783233,
          "reinserted": 63559,
          "req": 1850617
        }
      ],
      "miss_ratio": 0.29181078526783233,
      "req": 1850617
    }
  ],
  "trace": "tencentBlock.ns23650.oracleGeneral.zst"
}