{
  "dram_cache_size": 271,
  "flash_cache_size": 27161,
  "results": [
    {
      "hit": 18714870,
      "iteration": 0,
      "metrics": [
        {
          "admission_treshold": 0,
          "algorithm": "q3auto",
          "byte_inserted": 24371976,
          "byte_miss": 24371976,
          "byte_read": 18714870,
          "byte_reinserted": 5644306,
          "hit": 18714870,
          "inserted": 24371976,
          "layer": 0,
          "miss_ratio": 0.5656477153143212,
          "reinserted": 5644306,
          "req": 43086846
        }
      ],
      "miss_ratio": 0.5656477153143212,
      "req": 43086846
    }
  ],
  "trace": "tencentBlock.ns11615.oracleGeneral.zst"
}