{
  "dram_cache_size": 105,
  "flash_cache_size": 10563,
  "results": [
    {
      "hit": 8097867,
      "iteration": 0,
      "metrics": [
        {
          "admission_treshold": 0,
          "algorithm": "q-clock",
          "byte_inserted": 7553294,
          "byte_miss": 7553294,
          "byte_read": 8097867,
          "byte_reinserted": 41469,
          "hit": 8097867,
          "inserted": 7553294,
          "layer": 0,
          "miss_ratio": 0.4826027922145839,
          "reinserted": 41469,
          "req": 15651161
        }
      ],
      "miss_ratio": 0.4826027922145839,
      "req": 15651161
    }
  ],
  "trace": "tencentBlock.ns4323.oracleGeneral.zst"
}