{
  "dram_cache_size": 0,
  "flash_cache_size": 29,
  "results": [
    {
      "hit": 1010946,
      "iteration": 0,
      "metrics": [
        {
          "admission_treshold": 0,
          "algorithm": "s3fclock",
          "byte_inserted": 170056,
          "byte_miss": 170056,
          "byte_read": 1010946,
          "byte_reinserted": 10548,
          "hit": 1010946,
          "inserted": 170056,
          "layer": 0,
          "miss_ratio": 0.1439929822303434,
          "reinserted": 10548,
          "req": 1181002
        }
      ],
      "miss_ratio": 0.1439929822303434,
      "req": 1181002
    }
  ],
  "trace": "cf_allcolo.ns1576.oracleGeneral.zst"
}