{
  "dram_cache_size": 13,
  "flash_cache_size": 1373,
  "results": [
    {
      "hit": 24993712,
      "iteration": 0,
      "metrics": [
        {
          "admission_treshold": 0,
          "algorithm": "d3clock",
          "byte_inserted": 9807484,
          "byte_miss": 9807484,
          "byte_read": 24993712,
          "byte_reinserted": 4474840,
          "hit": 24993712,
          "inserted": 9807484,
          "layer": 0,
          "miss_ratio": 0.2818145675223346,
          "reinserted": 4474840,
          "req": 34801196
        }
      ],
      "miss_ratio": 0.2818145675223346,
      "req": 34801196
    }
  ],
  "trace": "cf_allcolo.ns420.oracleGeneral.zst"
}