{
  "dram_cache_size": 7,
  "flash_cache_size": 741,
  "results": [
    {
      "hit": 15424714,
      "iteration": 0,
      "metrics": [
        {
          "admission_treshold": 0,
          "algorithm": "dclock",
          "byte_inserted": 6775077,
          "byte_miss": 6775077,
          "byte_read": 15424714,
          "byte_reinserted": 4530118,
          "hit": 15424714,
          "inserted": 6775077,
          "layer": 0,
          "miss_ratio": 0.30518652180103856,
          "reinserted": 4530118,
          "req": 22199791
        }
      ],
      "miss_ratio": 0.30518652180103856,
      "req": 22199791
    }
  ],
  "trace": "cf_colo28.ns34.oracleGeneral.zst"
}