{
  "dram_cache_size": 732,
  "flash_cache_size": 73291,
  "results": [
    {
      "hit": 72710877,
      "iteration": 0,
      "metrics": [
        {
          "admission_treshold": 0,
          "algorithm": "g2clock",
          "byte_inserted": 19889123,
          "byte_miss": 19889123,
          "byte_read": 72710877,
          "byte_reinserted": 48630964,
          "hit": 72710877,
          "inserted": 19889123,
          "layer": 0,
          "miss_ratio": 0.21478534557235418,
          "reinserted": 48630964,
          "req": 92600000
        }
      ],
      "miss_ratio": 0.21478534557235418,
      "req": 92600000
    }
  ],
  "trace": "io_traces.ns148.oracleGeneral.zst"
}