{
  "dram_cache_size": 43,
  "flash_cache_size": 4391,
  "results": [
    {
      "hit": 1743673,
      "iteration": 0,
      "metrics": [
        {
          "admission_treshold": 0,
          "algorithm": "sxfifo",
          "byte_inserted": 2249643,
          "byte_miss": 2249643,
          "byte_read": 1743673,
          "byte_reinserted": 22599,
          "hit": 1743673,
          "inserted": 2249643,
          "layer": 0,
          "miss_ratio": 0.5633521113781128,
          "reinserted": 22599,
          "req": 3993316
        }
      ],
      "miss_ratio": 0.5633521113781128,
      "req": 3993316
    }
  ],
  "trace": "msr_hm_0.oracleGeneral.zst"
}