{
  "dram_cache_size": 23,
  "flash_cache_size": 2304,
  "results": [
    {
      "hit": 336991,
      "iteration": 0,
      "metrics": [
        {
          "admission_treshold": 0,
          "algorithm": "sxfifo",
          "byte_inserted": 1972400,
          "byte_miss": 1972400,
          "byte_read": 336991,
          "byte_reinserted": 82163,
          "hit": 336991,
          "inserted": 1972400,
          "layer": 0,
          "miss_ratio": 0.8540779798656876,
          "reinserted": 82163,
          "req": 2309391
        }
      ],
      "miss_ratio": 0.8540779798656876,
      "req": 2309391
    }
  ],
  "trace": "tencentBlock.ns19309.oracleGeneral.zst"
}