{
  "dram_cache_size": 33,
  "flash_cache_size": 3376,
  "results": [
    {
      "hit": 1714989,
      "iteration": 0,
      "metrics": [
        {
          "admission_treshold": 0,
          "algorithm": "dclock",
          "byte_inserted": 3952690,
          "byte_miss": 3952690,
          "byte_read": 1714989,
          "byte_reinserted": 280494,
          "hit": 1714989,
          "inserted": 3952690,
          "layer": 0,
          "miss_ratio": 0.6974089393559515,
          "reinserted": 280494,
          "req": 5667679
        }
      ],
      "miss_ratio": 0.6974089393559515,
      "req": 5667679
    }
  ],
  "trace": "tencentBlock.ns8155.oracleGeneral.zst"
}