{
  "dram_cache_size": 122,
  "flash_cache_size": 12268,
  "results": [
    {
      "hit": 19123564,
      "iteration": 0,
      "metrics": [
        {
          "admission_treshold": 0,
          "algorithm": "sxfifo",
          "byte_inserted": 97377924,
          "byte_miss": 97377924,
          "byte_read": 19123564,
          "byte_reinserted": 2779105,
          "hit": 19123564,
          "inserted": 97377924,
          "layer": 0,
          "miss_ratio": 0.8358513326456397,
          "reinserted": 2779105,
          "req": 116501488
        }
      ],
      "miss_ratio": 0.8358513326456397,
      "req": 116501488
    }
  ],
  "trace": "tencentBlock.ns2583.oracleGeneral.zst"
}