{
  "dram_cache_size": 267,
  "flash_cache_size": 26711,
  "results": [
    {
      "hit": 19583428,
      "iteration": 0,
      "metrics": [
        {
          "admission_treshold": 0,
          "algorithm": "q2auto",
          "byte_inserted": 24501402,
          "byte_miss": 24501402,
          "byte_read": 19583428,
          "byte_reinserted": 6074704,
          "hit": 19583428,
          "inserted": 24501402,
          "layer": 0,
          "miss_ratio": 0.5557785297119213,
          "reinserted": 6074704,
          "req": 44084830
        }
      ],
      "miss_ratio": 0.5557785297119213,
      "req": 44084830
    }
  ],
  "trace": "tencentBlock.ns3699.oracleGeneral.zst"
}