{
  "dram_cache_size": 18,
  "flash_cache_size": 1800,
  "results": [
    {
      "hit": 767783,
      "iteration": 0,
      "metrics": [
        {
          "admission_treshold": 0,
          "algorithm": "g2clock",
          "byte_inserted": 693405,
          "byte_miss": 693405,
          "byte_read": 767783,
          "byte_reinserted": 180671,
          "hit": 767783,
          "inserted": 693405,
          "layer": 0,
          "miss_ratio": 0.4745487918050244,
          "reinserted": 180671,
          "req": 1461188
        }
      ],
      "miss_ratio": 0.4745487918050244,
      "req": 1461188
    }
  ],
  "trace": "tencentBlock.ns23087.oracleGeneral.zst"
}