{
  "dram_cache_size": 972,
  "flash_cache_size": 97234,
  "results": [
    {
      "hit": 3232487,
      "iteration": 0,
      "metrics": [
        {
          "admission_treshold": 0,
          "algorithm": "dclock",
          "byte_inserted": 20241461,
          "byte_miss": 20241461,
          "byte_read": 3232487,
          "byte_reinserted": 563423,
          "hit": 3232487,
          "inserted": 20241461,
          "layer": 0,
          "miss_ratio": 0.862294702194961,
          "reinserted": 563423,
          "req": 23473948
        }
      ],
      "miss_ratio": 0.862294702194961,
      "req": 23473948
    }
  ],
  "trace": "tencentBlock.ns25669.oracleGeneral.zst"
}