{
  "dram_cache_size": 656517,
  "flash_cache_size": 65651712,
  "results": [
    {
      "hit": 2396047,
      "iteration": 0,
      "metrics": [
        {
          "admission_treshold": 0,
          "algorithm": "tauto",
          "byte_inserted": 38123556352,
          "byte_miss": 38123556352,
          "byte_read": 21898988544,
          "byte_reinserted": 2604269568,
          "hit": 2396047,
          "inserted": 1556913,
          "layer": 0,
          "miss_ratio": 0.39386004411883757,
          "reinserted": 239908,
          "req": 3952960
        }
      ],
      "miss_ratio": 0.39386004411883757,
      "req": 3952960
    }
  ],
  "trace": "tencentBlock.ns2536.oracleGeneral.zst"
}