{
  "dram_cache_size": 7,
  "flash_cache_size": 712,
  "results": [
    {
      "hit": 5178943,
      "iteration": 0,
      "metrics": [
        {
          "admission_treshold": 0,
          "algorithm": "t3auto",
          "byte_inserted": 480907,
          "byte_miss": 480907,
          "byte_read": 5178943,
          "byte_reinserted": 92058,
          "hit": 5178943,
          "inserted": 480907,
          "layer": 0,
          "miss_ratio": 0.08496815286624204,
          "reinserted": 92058,
          "req": 5659850
        }
      ],
      "miss_ratio": 0.08496815286624204,
      "req": 5659850
    }
  ],
  "trace": "tencentBlock.ns5600.oracleGeneral.zst"
}