{
  "dram_cache_size": 1,
  "flash_cache_size": 160,
  "results": [
    {
      "hit": 2923018,
      "iteration": 0,
      "metrics": [
        {
          "admission_treshold": 0,
          "algorithm": "t5auto",
          "byte_inserted": 2826942,
          "byte_miss": 2826942,
          "byte_read": 2923018,
          "byte_reinserted": 442146,
          "hit": 2923018,
          "inserted": 2826942,
          "layer": 0,
          "miss_ratio": 0.49164550709917987,
          "reinserted": 442146,
          "req": 5749960
        }
      ],
      "miss_ratio": 0.49164550709917987,
      "req": 5749960
    }
  ],
  "trace": "akamai_sjc.ns349.oracleGeneral.bin.zst"
}