{
  "dram_cache_size": 19206,
  "flash_cache_size": 1920610,
  "results": [
    {
      "hit": 744459180,
      "iteration": 0,
      "metrics": [
        {
          "admission_treshold": 0,
          "algorithm": "d3clock",
          "byte_inserted": 214164866,
          "byte_miss": 214164866,
          "byte_read": 744459180,
          "byte_reinserted": 72315170,
          "hit": 744459180,
          "inserted": 214164866,
          "layer": 0,
          "miss_ratio": 0.22340861038655813,
          "reinserted": 72315170,
          "req": 958624046
        }
      ],
      "miss_ratio": 0.22340861038655813,
      "req": 958624046
    }
  ],
  "trace": "botmaker_2_cache.1.oracleGeneral.sample10.zst"
}