{
  "dram_cache_size": 19,
  "flash_cache_size": 1920,
  "results": [
    {
      "hit": 1110663,
      "iteration": 0,
      "metrics": [
        {
          "admission_treshold": 0,
          "algorithm": "q2auto",
          "byte_inserted": 557979,
          "byte_miss": 557979,
          "byte_read": 1110663,
          "byte_reinserted": 176445,
          "hit": 1110663,
          "inserted": 557979,
          "layer": 0,
          "miss_ratio": 0.3343910796923486,
          "reinserted": 176445,
          "req": 1668642
        }
      ],
      "miss_ratio": 0.3343910796923486,
      "req": 1668642
    }
  ],
  "trace": "tencentBlock.ns23464.oracleGeneral.zst"
}