{
  "dram_cache_size": 295,
  "flash_cache_size": 29513,
  "results": [
    {
      "hit": 25992434,
      "iteration": 0,
      "metrics": [
        {
          "admission_treshold": 0,
          "algorithm": "g2clock",
          "byte_inserted": 30217464,
          "byte_miss": 30217464,
          "byte_read": 25992434,
          "byte_reinserted": 9228197,
          "hit": 25992434,
          "inserted": 30217464,
          "layer": 0,
          "miss_ratio": 0.5375826157877035,
          "reinserted": 9228197,
          "req": 56209898
        }
      ],
      "miss_ratio": 0.5375826157877035,
      "req": 56209898
    }
  ],
  "trace": "tencentBlock.ns13198.oracleGeneral.zst"
}