{
  "dram_cache_size": 50,
  "flash_cache_size": 5001,
  "results": [
    {
      "hit": 5262449,
      "iteration": 0,
      "metrics": [
        {
          "admission_treshold": 0,
          "algorithm": "t6auto",
          "byte_inserted": 2077121,
          "byte_miss": 2077121,
          "byte_read": 5262449,
          "byte_reinserted": 511201,
          "hit": 5262449,
          "inserted": 2077121,
          "layer": 0,
          "miss_ratio": 0.2830030914617614,
          "reinserted": 511201,
          "req": 7339570
        }
      ],
      "miss_ratio": 0.2830030914617614,
      "req": 7339570
    }
  ],
  "trace": "tencentBlock.ns14931.oracleGeneral.zst"
}