{
  "dram_cache_size": 6,
  "flash_cache_size": 627,
  "results": [
    {
      "hit": 2272331,
      "iteration": 0,
      "metrics": [
        {
          "admission_treshold": 0,
          "algorithm": "gclock",
          "byte_inserted": 273318,
          "byte_miss": 273318,
          "byte_read": 2272331,
          "byte_reinserted": 219578,
          "hit": 2272331,
          "inserted": 273318,
          "layer": 0,
          "miss_ratio": 0.10736672652042756,
          "reinserted": 219578,
          "req": 2545649
        }
      ],
      "miss_ratio": 0.10736672652042756,
      "req": 2545649
    }
  ],
  "trace": "tencentBlock.ns14030.oracleGeneral.zst"
}