{
  "dram_cache_size": 19,
  "flash_cache_size": 1911,
  "results": [
    {
      "hit": 1699193,
      "iteration": 0,
      "metrics": [
        {
          "admission_treshold": 0,
          "algorithm": "t3auto",
          "byte_inserted": 2560906,
          "byte_miss": 2560906,
          "byte_read": 1699193,
          "byte_reinserted": 533686,
          "hit": 1699193,
          "inserted": 2560906,
          "layer": 0,
          "miss_ratio": 0.6011376730916347,
          "reinserted": 533686,
          "req": 4260099
        }
      ],
      "miss_ratio": 0.6011376730916347,
      "req": 4260099
    }
  ],
  "trace": "cf_allcolo.ns359.oracleGeneral.zst"
}