{
  "dram_cache_size": 19,
  "flash_cache_size": 1911,
  "results": [
    {
      "hit": 1834762,
      "iteration": 0,
      "metrics": [
        {
          "admission_treshold": 0,
          "algorithm": "gclock",
          "byte_inserted": 2482526,
          "byte_miss": 2482526,
          "byte_read": 1834762,
          "byte_reinserted": 594713,
          "hit": 1834762,
          "inserted": 2482526,
          "layer": 0,
          "miss_ratio": 0.5750197809365509,
          "reinserted": 594713,
          "req": 4317288
        }
      ],
      "miss_ratio": 0.5750197809365509,
      "req": 4317288
    }
  ],
  "trace": "cf_allcolo.ns2871.oracleGeneral.zst"
}