{
  "dram_cache_size": 97,
  "flash_cache_size": 9739,
  "results": [
    {
      "hit": 722907,
      "iteration": 0,
      "metrics": [
        {
          "admission_treshold": 0,
          "algorithm": "t2auto",
          "byte_inserted": 1061067,
          "byte_miss": 1061067,
          "byte_read": 722907,
          "byte_reinserted": 7478,
          "hit": 722907,
          "inserted": 1061067,
          "layer": 0,
          "miss_ratio": 0.594777166034931,
          "reinserted": 7478,
          "req": 1783974
        }
      ],
      "miss_ratio": 0.594777166034931,
      "req": 1783974
    }
  ],
  "trace": "cf_allcolo.ns1846.oracleGeneral.zst"
}