{
  "dram_cache_size": 32,
  "flash_cache_size": 3289,
  "results": [
    {
      "hit": 1774156,
      "iteration": 0,
      "metrics": [
        {
          "admission_treshold": 0,
          "algorithm": "gclock",
          "byte_inserted": 765213,
          "byte_miss": 765213,
          "byte_read": 1774156,
          "byte_reinserted": 172342,
          "hit": 1774156,
          "inserted": 765213,
          "layer": 0,
          "miss_ratio": 0.3013398210342806,
          "reinserted": 172342,
          "req": 2539369
        }
      ],
      "miss_ratio": 0.3013398210342806,
      "req": 2539369
    }
  ],
  "trace": "tencentBlock.ns21964.oracleGeneral.zst"
}