{
  "dram_cache_size": 4,
  "flash_cache_size": 403,
  "results": [
    {
      "hit": 1244129,
      "iteration": 0,
      "metrics": [
        {
          "admission_treshold": 0,
          "algorithm": "s3fclock",
          "byte_inserted": 166799,
          "byte_miss": 166799,
          "byte_read": 1244129,
          "byte_reinserted": 18627,
          "hit": 1244129,
          "inserted": 166799,
          "layer": 0,
          "miss_ratio": 0.11821935633852332,
          "reinserted": 18627,
          "req": 1410928
        }
      ],
      "miss_ratio": 0.11821935633852332,
      "req": 1410928
    }
  ],
  "trace": "tencentBlock.ns15126.oracleGeneral.zst"
}