{
  "dram_cache_size": 78,
  "flash_cache_size": 7896,
  "results": [
    {
      "hit": 27689351,
      "iteration": 0,
      "metrics": [
        {
          "admission_treshold": 0,
          "algorithm": "gclock",
          "byte_inserted": 4140645,
          "byte_miss": 4140645,
          "byte_read": 27689351,
          "byte_reinserted": 2556231,
          "hit": 27689351,
          "inserted": 4140645,
          "layer": 0,
          "miss_ratio": 0.13008625574442423,
          "reinserted": 2556231,
          "req": 31829996
        }
      ],
      "miss_ratio": 0.13008625574442423,
      "req": 31829996
    }
  ],
  "trace": "tencentBlock.ns14762.oracleGeneral.zst"
}