{
  "dram_cache_size": 33,
  "flash_cache_size": 3391,
  "results": [
    {
      "hit": 681346,
      "iteration": 0,
      "metrics": [
        {
          "admission_treshold": 0,
          "algorithm": "dclock",
          "byte_inserted": 665876,
          "byte_miss": 665876,
          "byte_read": 681346,
          "byte_reinserted": 180182,
          "hit": 681346,
          "inserted": 665876,
          "layer": 0,
          "miss_ratio": 0.4942585557539886,
          "reinserted": 180182,
          "req": 1347222
        }
      ],
      "miss_ratio": 0.4942585557539886,
      "req": 1347222
    }
  ],
  "trace": "tencentBlock.ns22649.oracleGeneral.zst"
}