{
  "dram_cache_size": 14,
  "flash_cache_size": 1421,
  "results": [
    {
      "hit": 688945,
      "iteration": 0,
      "metrics": [
        {
          "admission_treshold": 0,
          "algorithm": "g2clock",
          "byte_inserted": 676657,
          "byte_miss": 676657,
          "byte_read": 688945,
          "byte_reinserted": 47642,
          "hit": 688945,
          "inserted": 676657,
          "layer": 0,
          "miss_ratio": 0.4955008853238352,
          "reinserted": 47642,
          "req": 1365602
        }
      ],
      "miss_ratio": 0.4955008853238352,
      "req": 1365602
    }
  ],
  "trace": "tencentBlock.ns22008.oracleGeneral.zst"
}