{
  "dram_cache_size": 19,
  "flash_cache_size": 1949,
  "results": [
    {
      "hit": 593762,
      "iteration": 0,
      "metrics": [
        {
          "admission_treshold": 0,
          "algorithm": "d3clock",
          "byte_inserted": 577313,
          "byte_miss": 577313,
          "byte_read": 593762,
          "byte_reinserted": 95801,
          "hit": 593762,
          "inserted": 577313,
          "layer": 0,
          "miss_ratio": 0.4929769656085221,
          "reinserted": 95801,
          "req": 1171075
        }
      ],
      "miss_ratio": 0.4929769656085221,
      "req": 1171075
    }
  ],
  "trace": "tencentBlock.ns2467.oracleGeneral.zst"
}