{
  "dram_cache_size": 153,
  "flash_cache_size": 15398,
  "results": [
    {
      "hit": 2407444,
      "iteration": 0,
      "metrics": [
        {
          "admission_treshold": 0,
          "algorithm": "g2clock",
          "byte_inserted": 5313226,
          "byte_miss": 5313226,
          "byte_read": 2407444,
          "byte_reinserted": 402472,
          "hit": 2407444,
          "inserted": 5313226,
          "layer": 0,
          "miss_ratio": 0.6881819842060339,
          "reinserted": 402472,
          "req": 7720670
        }
      ],
      "miss_ratio": 0.6881819842060339,
      "req": 7720670
    }
  ],
  "trace": "tencentBlock.ns9214.oracleGeneral.zst"
}