{
  "dram_cache_size": 16,
  "flash_cache_size": 1694,
  "results": [
    {
      "hit": 2103768,
      "iteration": 0,
      "metrics": [
        {
          "admission_treshold": 0,
          "algorithm": "d3clock",
          "byte_inserted": 399914,
          "byte_miss": 399914,
          "byte_read": 2103768,
          "byte_reinserted": 159879,
          "hit": 2103768,
          "inserted": 399914,
          "layer": 0,
          "miss_ratio": 0.15973034914178397,
          "reinserted": 159879,
          "req": 2503682
        }
      ],
      "miss_ratio": 0.15973034914178397,
      "req": 2503682
    }
  ],
  "trace": "cf_allcolo.ns3965.oracleGeneral.zst"
}