{
  "dram_cache_size": 1,
  "flash_cache_size": 152,
  "results": [
    {
      "hit": 574294,
      "iteration": 0,
      "metrics": [
        {
          "admission_treshold": 0,
          "algorithm": "dclock",
          "byte_inserted": 1514005,
          "byte_miss": 1514005,
          "byte_read": 574294,
          "byte_reinserted": 365095,
          "hit": 574294,
          "inserted": 1514005,
          "layer": 0,
          "miss_ratio": 0.7249943614396215,
          "reinserted": 365095,
          "req": 2088299
        }
      ],
      "miss_ratio": 0.7249943614396215,
      "req": 2088299
    }
  ],
  "trace": "cf_colo28.ns571.oracleGeneral.zst"
}