{
  "dram_cache_size": 926,
  "flash_cache_size": 92614,
  "results": [
    {
      "hit": 37218626,
      "iteration": 0,
      "metrics": [
        {
          "admission_treshold": 0,
          "algorithm": "t3auto",
          "byte_inserted": 31678233,
          "byte_miss": 31678233,
          "byte_read": 37218626,
          "byte_reinserted": 27719863,
          "hit": 37218626,
          "inserted": 31678233,
          "layer": 0,
          "miss_ratio": 0.4597921220182186,
          "reinserted": 27719863,
          "req": 68896859
        }
      ],
      "miss_ratio": 0.4597921220182186,
      "req": 68896859
    }
  ],
  "trace": "email_engagement_count_prod_cache.0.oracleGeneral.sample10.zst"
}