{
  "dram_cache_size": 138,
  "flash_cache_size": 13843,
  "results": [
    {
      "hit": 89151897,
      "iteration": 0,
      "metrics": [
        {
          "admission_treshold": 0,
          "algorithm": "gclock",
          "byte_inserted": 24347127,
          "byte_miss": 24347127,
          "byte_read": 89151897,
          "byte_reinserted": 12665990,
          "hit": 89151897,
          "inserted": 24347127,
          "layer": 0,
          "miss_ratio": 0.21451397678979156,
          "reinserted": 12665990,
          "req": 113499024
        }
      ],
      "miss_ratio": 0.21451397678979156,
      "req": 113499024
    }
  ],
  "trace": "geo_ipinfo_cache.0.oracleGeneral.sample10.zst"
}