{
  "dram_cache_size": 32,
  "flash_cache_size": 3214,
  "results": [
    {
      "hit": 1803992,
      "iteration": 0,
      "metrics": [
        {
          "admission_treshold": 0,
          "algorithm": "t7auto",
          "byte_inserted": 1111675,
          "byte_miss": 1111675,
          "byte_read": 1803992,
          "byte_reinserted": 155629,
          "hit": 1803992,
          "inserted": 1111675,
          "layer": 0,
          "miss_ratio": 0.3812763940463708,
          "reinserted": 155629,
          "req": 2915667
        }
      ],
      "miss_ratio": 0.3812763940463708,
      "req": 2915667
    }
  ],
  "trace": "tencentBlock.ns22486.oracleGeneral.zst"
}