{
  "dram_cache_size": 13,
  "flash_cache_size": 1343,
  "results": [
    {
      "hit": 1282229,
      "iteration": 0,
      "metrics": [
        {
          "admission_treshold": 0,
          "algorithm": "g2clock",
          "byte_inserted": 727339,
          "byte_miss": 727339,
          "byte_read": 1282229,
          "byte_reinserted": 158291,
          "hit": 1282229,
          "inserted": 727339,
          "layer": 0,
          "miss_ratio": 0.3619379886622398,
          "reinserted": 158291,
          "req": 2009568
        }
      ],
      "miss_ratio": 0.3619379886622398,
      "req": 2009568
    }
  ],
  "trace": "tencentBlock.ns20951.oracleGeneral.zst"
}