{
  "dram_cache_size": 586,
  "flash_cache_size": 58600,
  "results": [
    {
      "hit": 177385722,
      "iteration": 0,
      "metrics": [
        {
          "admission_treshold": 0,
          "algorithm": "d3clock",
          "byte_inserted": 9997348,
          "byte_miss": 9997348,
          "byte_read": 177385722,
          "byte_reinserted": 9011099,
          "hit": 177385722,
          "inserted": 9997348,
          "layer": 0,
          "miss_ratio": 0.05335246135096405,
          "reinserted": 9011099,
          "req": 187383070
        }
      ],
      "miss_ratio": 0.05335246135096405,
      "req": 187383070
    }
  ],
  "trace": "tencentBlock.ns1458.oracleGeneral.zst"
}