{
  "dram_cache_size": 0,
  "flash_cache_size": 25,
  "results": [
    {
      "hit": 949262,
      "iteration": 0,
      "metrics": [
        {
          "admission_treshold": 0,
          "algorithm": "gclock",
          "byte_inserted": 428745,
          "byte_miss": 428745,
          "byte_read": 949262,
          "byte_reinserted": 207269,
          "hit": 949262,
          "inserted": 428745,
          "layer": 0,
          "miss_ratio": 0.31113412341156466,
          "reinserted": 207269,
          "req": 1378007
        }
      ],
      "miss_ratio": 0.31113412341156466,
      "req": 1378007
    }
  ],
  "trace": "cf_colo28.ns5437.oracleGeneral.zst"
}