{
  "dram_cache_size": 3,
  "flash_cache_size": 364,
  "results": [
    {
      "hit": 1387361,
      "iteration": 0,
      "metrics": [
        {
          "admission_treshold": 0,
          "algorithm": "time2-auto",
          "byte_inserted": 468949,
          "byte_miss": 468949,
          "byte_read": 1387361,
          "byte_reinserted": 275919,
          "hit": 1387361,
          "inserted": 468949,
          "layer": 0,
          "miss_ratio": 0.25262429227876815,
          "reinserted": 275919,
          "req": 1856310
        }
      ],
      "miss_ratio": 0.25262429227876815,
      "req": 1856310
    }
  ],
  "trace": "cf_colo28.ns4212.oracleGeneral.zst"
}