{
  "dram_cache_size": 27,
  "flash_cache_size": 2776,
  "results": [
    {
      "hit": 1963149,
      "iteration": 0,
      "metrics": [
        {
          "admission_treshold": 0,
          "algorithm": "dclock",
          "byte_inserted": 1338827,
          "byte_miss": 1338827,
          "byte_read": 1963149,
          "byte_reinserted": 417481,
          "hit": 1963149,
          "inserted": 1338827,
          "layer": 0,
          "miss_ratio": 0.4054623655653463,
          "reinserted": 417481,
          "req": 3301976
        }
      ],
      "miss_ratio": 0.4054623655653463,
      "req": 3301976
    }
  ],
  "trace": "tencentBlock.ns14087.oracleGeneral.zst"
}