{
  "dram_cache_size": 22,
  "flash_cache_size": 2207,
  "results": [
    {
      "hit": 2176899,
      "iteration": 0,
      "metrics": [
        {
          "admission_treshold": 0,
          "algorithm": "s3fclock",
          "byte_inserted": 617604,
          "byte_miss": 617604,
          "byte_read": 2176899,
          "byte_reinserted": 20668,
          "hit": 2176899,
          "inserted": 617604,
          "layer": 0,
          "miss_ratio": 0.22100674073350435,
          "reinserted": 20668,
          "req": 2794503
        }
      ],
      "miss_ratio": 0.22100674073350435,
      "req": 2794503
    }
  ],
  "trace": "tencentBlock.ns11524.oracleGeneral.zst"
}