{
  "dram_cache_size": 16,
  "flash_cache_size": 1687,
  "results": [
    {
      "hit": 3453184,
      "iteration": 0,
      "metrics": [
        {
          "admission_treshold": 0,
          "algorithm": "g2clock",
          "byte_inserted": 356640,
          "byte_miss": 356640,
          "byte_read": 3453184,
          "byte_reinserted": 229752,
          "hit": 3453184,
          "inserted": 356640,
          "layer": 0,
          "miss_ratio": 0.09361062348286953,
          "reinserted": 229752,
          "req": 3809824
        }
      ],
      "miss_ratio": 0.09361062348286953,
      "req": 3809824
    }
  ],
  "trace": "tencentBlock.ns10921.oracleGeneral.zst"
}