{
  "dram_cache_size": 100,
  "flash_cache_size": 10025,
  "results": [
    {
      "hit": 2891303,
      "iteration": 0,
      "metrics": [
        {
          "admission_treshold": 0,
          "algorithm": "qand-clock",
          "byte_inserted": 2790396,
          "byte_miss": 2790396,
          "byte_read": 2891303,
          "byte_reinserted": 453584,
          "hit": 2891303,
          "inserted": 2790396,
          "layer": 0,
          "miss_ratio": 0.49111999773307247,
          "reinserted": 453584,
          "req": 5681699
        }
      ],
      "miss_ratio": 0.49111999773307247,
      "req": 5681699
    }
  ],
  "trace": "tencentBlock.ns15701.oracleGeneral.zst"
}