{
  "dram_cache_size": 14,
  "flash_cache_size": 1410,
  "results": [
    {
      "hit": 1295021,
      "iteration": 0,
      "metrics": [
        {
          "admission_treshold": 0,
          "algorithm": "d3clock",
          "byte_inserted": 768459,
          "byte_miss": 768459,
          "byte_read": 1295021,
          "byte_reinserted": 326114,
          "hit": 1295021,
          "inserted": 768459,
          "layer": 0,
          "miss_ratio": 0.3724092310078121,
          "reinserted": 326114,
          "req": 2063480
        }
      ],
      "miss_ratio": 0.3724092310078121,
      "req": 2063480
    }
  ],
  "trace": "tencentBlock.ns3571.oracleGeneral.zst"
}