{
  "dram_cache_size": 40,
  "flash_cache_size": 4020,
  "results": [
    {
      "hit": 2290197,
      "iteration": 0,
      "metrics": [
        {
          "admission_treshold": 0,
          "algorithm": "g2clock",
          "byte_inserted": 1128587,
          "byte_miss": 1128587,
          "byte_read": 2290197,
          "byte_reinserted": 955289,
          "hit": 2290197,
          "inserted": 1128587,
          "layer": 0,
          "miss_ratio": 0.3301135725450921,
          "reinserted": 955289,
          "req": 3418784
        }
      ],
      "miss_ratio": 0.3301135725450921,
      "req": 3418784
    }
  ],
  "trace": "tencentBlock.ns19211.oracleGeneral.zst"
}