{
  "dram_cache_size": 14,
  "flash_cache_size": 1437,
  "results": [
    {
      "hit": 1153843,
      "iteration": 0,
      "metrics": [
        {
          "admission_treshold": 0,
          "algorithm": "g2clock",
          "byte_inserted": 827301,
          "byte_miss": 827301,
          "byte_read": 1153843,
          "byte_reinserted": 78960,
          "hit": 1153843,
          "inserted": 827301,
          "layer": 0,
          "miss_ratio": 0.4175875150922901,
          "reinserted": 78960,
          "req": 1981144
        }
      ],
      "miss_ratio": 0.4175875150922901,
      "req": 1981144
    }
  ],
  "trace": "tencentBlock.ns19544.oracleGeneral.zst"
}