{
  "dram_cache_size": 18,
  "flash_cache_size": 1802,
  "results": [
    {
      "hit": 924942,
      "iteration": 0,
      "metrics": [
        {
          "admission_treshold": 0,
          "algorithm": "qauto",
          "byte_inserted": 852747,
          "byte_miss": 852747,
          "byte_read": 924942,
          "byte_reinserted": 89050,
          "hit": 924942,
          "inserted": 852747,
          "layer": 0,
          "miss_ratio": 0.4796941422262274,
          "reinserted": 89050,
          "req": 1777689
        }
      ],
      "miss_ratio": 0.4796941422262274,
      "req": 1777689
    }
  ],
  "trace": "tencentBlock.ns10996.oracleGeneral.zst"
}