{
  "dram_cache_size": 139,
  "flash_cache_size": 13906,
  "results": [
    {
      "hit": 3699594,
      "iteration": 0,
      "metrics": [
        {
          "admission_treshold": 0,
          "algorithm": "s3fclock",
          "byte_inserted": 3479379,
          "byte_miss": 3479379,
          "byte_read": 3699594,
          "byte_reinserted": 205240,
          "hit": 3699594,
          "inserted": 3479379,
          "layer": 0,
          "miss_ratio": 0.48466249977538567,
          "reinserted": 205240,
          "req": 7178973
        }
      ],
      "miss_ratio": 0.48466249977538567,
      "req": 7178973
    }
  ],
  "trace": "akamai_lax.ns87.oracleGeneral.bin.zst"
}