{
  "dram_cache_size": 0,
  "flash_cache_size": 76,
  "results": [
    {
      "hit": 364600,
      "iteration": 0,
      "metrics": [
        {
          "admission_treshold": 0,
          "algorithm": "g2clock",
          "byte_inserted": 1002409,
          "byte_miss": 1002409,
          "byte_read": 364600,
          "byte_reinserted": 300321,
          "hit": 364600,
          "inserted": 1002409,
          "layer": 0,
          "miss_ratio": 0.733286320719176,
          "reinserted": 300321,
          "req": 1367009
        }
      ],
      "miss_ratio": 0.733286320719176,
      "req": 1367009
    }
  ],
  "trace": "cf_allcolo.ns2299.oracleGeneral.zst"
}