{
  "dram_cache_size": 31,
  "flash_cache_size": 3116,
  "results": [
    {
      "hit": 2648689,
      "iteration": 0,
      "metrics": [
        {
          "admission_treshold": 0,
          "algorithm": "g2clock",
          "byte_inserted": 951311,
          "byte_miss": 951311,
          "byte_read": 2648689,
          "byte_reinserted": 189444,
          "hit": 2648689,
          "inserted": 951311,
          "layer": 0,
          "miss_ratio": 0.26425305555555556,
          "reinserted": 189444,
          "req": 3600000
        }
      ],
      "miss_ratio": 0.26425305555555556,
      "req": 3600000
    }
  ],
  "trace": "io_traces.ns770.oracleGeneral.zst"
}