{
  "dram_cache_size": 9,
  "flash_cache_size": 919,
  "results": [
    {
      "hit": 756092,
      "iteration": 0,
      "metrics": [
        {
          "admission_treshold": 0,
          "algorithm": "g2clock",
          "byte_inserted": 643908,
          "byte_miss": 643908,
          "byte_read": 756092,
          "byte_reinserted": 70005,
          "hit": 756092,
          "inserted": 643908,
          "layer": 0,
          "miss_ratio": 0.45993428571428574,
          "reinserted": 70005,
          "req": 1400000
        }
      ],
      "miss_ratio": 0.45993428571428574,
      "req": 1400000
    }
  ],
  "trace": "io_traces.ns367.oracleGeneral.zst"
}