{
  "dram_cache_size": 16,
  "flash_cache_size": 1633,
  "results": [
    {
      "hit": 1268001,
      "iteration": 0,
      "metrics": [
        {
          "admission_treshold": 0,
          "algorithm": "d3clock",
          "byte_inserted": 1131999,
          "byte_miss": 1131999,
          "byte_read": 1268001,
          "byte_reinserted": 44923,
          "hit": 1268001,
          "inserted": 1131999,
          "layer": 0,
          "miss_ratio": 0.47166624999999995,
          "reinserted": 44923,
          "req": 2400000
        }
      ],
      "miss_ratio": 0.47166624999999995,
      "req": 2400000
    }
  ],
  "trace": "io_traces.ns616.oracleGeneral.zst"
}