{
  "dram_cache_size": 19,
  "flash_cache_size": 1973,
  "results": [
    {
      "hit": 941284,
      "iteration": 0,
      "metrics": [
        {
          "admission_treshold": 0,
          "algorithm": "t5auto",
          "byte_inserted": 735755,
          "byte_miss": 735755,
          "byte_read": 941284,
          "byte_reinserted": 90101,
          "hit": 941284,
          "inserted": 735755,
          "layer": 0,
          "miss_ratio": 0.4387226534385903,
          "reinserted": 90101,
          "req": 1677039
        }
      ],
      "miss_ratio": 0.4387226534385903,
      "req": 1677039
    }
  ],
  "trace": "tencentBlock.ns15352.oracleGeneral.zst"
}