{
  "dram_cache_size": 22,
  "flash_cache_size": 2262,
  "results": [
    {
      "hit": 953275,
      "iteration": 0,
      "metrics": [
        {
          "admission_treshold": 0,
          "algorithm": "gclock",
          "byte_inserted": 838241,
          "byte_miss": 838241,
          "byte_read": 953275,
          "byte_reinserted": 162908,
          "hit": 953275,
          "inserted": 838241,
          "layer": 0,
          "miss_ratio": 0.46789478854779976,
          "reinserted": 162908,
          "req": 1791516
        }
      ],
      "miss_ratio": 0.46789478854779976,
      "req": 1791516
    }
  ],
  "trace": "tencentBlock.ns17806.oracleGeneral.zst"
}