{
  "dram_cache_size": 73,
  "flash_cache_size": 7349,
  "results": [
    {
      "hit": 4677978,
      "iteration": 0,
      "metrics": [
        {
          "admission_treshold": 0,
          "algorithm": "clock",
          "byte_inserted": 1767075,
          "byte_miss": 1767075,
          "byte_read": 4677978,
          "byte_reinserted": 1388172,
          "hit": 4677978,
          "inserted": 1767075,
          "layer": 0,
          "miss_ratio": 0.27417540243656646,
          "reinserted": 1388172,
          "req": 6445053
        }
      ],
      "miss_ratio": 0.27417540243656646,
      "req": 6445053
    }
  ],
  "trace": "tencentBlock.ns12242.oracleGeneral.zst"
}