{
  "dram_cache_size": 31,
  "flash_cache_size": 3100,
  "results": [
    {
      "hit": 2373271,
      "iteration": 0,
      "metrics": [
        {
          "admission_treshold": 0,
          "algorithm": "t5auto",
          "byte_inserted": 1136427,
          "byte_miss": 1136427,
          "byte_read": 2373271,
          "byte_reinserted": 362459,
          "hit": 2373271,
          "inserted": 1136427,
          "layer": 0,
          "miss_ratio": 0.32379623545957514,
          "reinserted": 362459,
          "req": 3509698
        }
      ],
      "miss_ratio": 0.32379623545957514,
      "req": 3509698
    }
  ],
  "trace": "tencentBlock.ns13046.oracleGeneral.zst"
}