{
  "dram_cache_size": 488,
  "flash_cache_size": 48811,
  "results": [
    {
      "hit": 714736168,
      "iteration": 0,
      "metrics": [
        {
          "admission_treshold": 0,
          "algorithm": "g2clock",
          "byte_inserted": 296267044,
          "byte_miss": 296267044,
          "byte_read": 714736168,
          "byte_reinserted": 232827897,
          "hit": 714736168,
          "inserted": 296267044,
          "layer": 0,
          "miss_ratio": 0.2930426337755295,
          "reinserted": 232827897,
          "req": 1011003212
        }
      ],
      "miss_ratio": 0.2930426337755295,
      "req": 1011003212
    }
  ],
  "trace": "wtf_req_cache.1.oracleGeneral.sample10.zst"
}