{
  "dram_cache_size": 1659,
  "flash_cache_size": 165985,
  "results": [
    {
      "hit": 180343394,
      "iteration": 0,
      "metrics": [
        {
          "admission_treshold": 0,
          "algorithm": "qauto",
          "byte_inserted": 30115486,
          "byte_miss": 30115486,
          "byte_read": 180343394,
          "byte_reinserted": 7011764,
          "hit": 180343394,
          "inserted": 30115486,
          "layer": 0,
          "miss_ratio": 0.14309439449644512,
          "reinserted": 7011764,
          "req": 210458880
        }
      ],
      "miss_ratio": 0.14309439449644512,
      "req": 210458880
    }
  ],
  "trace": "akamai_sjc.oracleGeneral.sample10.zst"
}