{
  "dram_cache_size": 0,
  "flash_cache_size": 57,
  "results": [
    {
      "hit": 1023377,
      "iteration": 0,
      "metrics": [
        {
          "admission_treshold": 0,
          "algorithm": "gclock",
          "byte_inserted": 17398,
          "byte_miss": 17398,
          "byte_read": 1023377,
          "byte_reinserted": 13831,
          "hit": 1023377,
          "inserted": 17398,
          "layer": 0,
          "miss_ratio": 0.016716389229180173,
          "reinserted": 13831,
          "req": 1040775
        }
      ],
      "miss_ratio": 0.016716389229180173,
      "req": 1040775
    }
  ],
  "trace": "cf_allcolo.ns4859.oracleGeneral.zst"
}