{
  "dram_cache_size": 1,
  "flash_cache_size": 189,
  "results": [
    {
      "hit": 2693620,
      "iteration": 0,
      "metrics": [
        {
          "admission_treshold": 0,
          "algorithm": "qand-clock-v2",
          "byte_inserted": 206609,
          "byte_miss": 206609,
          "byte_read": 2693620,
          "byte_reinserted": 189045,
          "hit": 2693620,
          "inserted": 206609,
          "layer": 0,
          "miss_ratio": 0.0712388573454027,
          "reinserted": 189045,
          "req": 2900229
        }
      ],
      "miss_ratio": 0.0712388573454027,
      "req": 2900229
    }
  ],
  "trace": "cf_colo28.ns59.oracleGeneral.zst"
}