{
  "dram_cache_size": 19,
  "flash_cache_size": 1905,
  "results": [
    {
      "hit": 3252442,
      "iteration": 0,
      "metrics": [
        {
          "admission_treshold": 0,
          "algorithm": "gclock",
          "byte_inserted": 1510974,
          "byte_miss": 1510974,
          "byte_read": 3252442,
          "byte_reinserted": 174412,
          "hit": 3252442,
          "inserted": 1510974,
          "layer": 0,
          "miss_ratio": 0.31720387217912527,
          "reinserted": 174412,
          "req": 4763416
        }
      ],
      "miss_ratio": 0.31720387217912527,
      "req": 4763416
    }
  ],
  "trace": "tencentBlock.ns19189.oracleGeneral.zst"
}