{
  "dram_cache_size": 7,
  "flash_cache_size": 749,
  "results": [
    {
      "hit": 2595444,
      "iteration": 0,
      "metrics": [
        {
          "admission_treshold": 0,
          "algorithm": "q2auto",
          "byte_inserted": 560197,
          "byte_miss": 560197,
          "byte_read": 2595444,
          "byte_reinserted": 92098,
          "hit": 2595444,
          "inserted": 560197,
          "layer": 0,
          "miss_ratio": 0.17752241145301384,
          "reinserted": 92098,
          "req": 3155641
        }
      ],
      "miss_ratio": 0.17752241145301384,
      "req": 3155641
    }
  ],
  "trace": "tencentBlock.ns11192.oracleGeneral.zst"
}