{
  "dram_cache_size": 17,
  "flash_cache_size": 1778,
  "results": [
    {
      "hit": 1217738,
      "iteration": 0,
      "metrics": [
        {
          "admission_treshold": 0,
          "algorithm": "g2clock",
          "byte_inserted": 748087,
          "byte_miss": 748087,
          "byte_read": 1217738,
          "byte_reinserted": 48669,
          "hit": 1217738,
          "inserted": 748087,
          "layer": 0,
          "miss_ratio": 0.3805460811618532,
          "reinserted": 48669,
          "req": 1965825
        }
      ],
      "miss_ratio": 0.3805460811618532,
      "req": 1965825
    }
  ],
  "trace": "tencentBlock.ns21686.oracleGeneral.zst"
}