{
  "dram_cache_size": 46,
  "flash_cache_size": 4606,
  "results": [
    {
      "hit": 2995265,
      "iteration": 0,
      "metrics": [
        {
          "admission_treshold": 0,
          "algorithm": "time2-auto",
          "byte_inserted": 1371872,
          "byte_miss": 1371872,
          "byte_read": 2995265,
          "byte_reinserted": 308675,
          "hit": 2995265,
          "inserted": 1371872,
          "layer": 0,
          "miss_ratio": 0.3141353248134876,
          "reinserted": 308675,
          "req": 4367137
        }
      ],
      "miss_ratio": 0.3141353248134876,
      "req": 4367137
    }
  ],
  "trace": "tencentBlock.ns19286.oracleGeneral.zst"
}