{
  "dram_cache_size": 3,
  "flash_cache_size": 325,
  "results": [
    {
      "hit": 5003037,
      "iteration": 0,
      "metrics": [
        {
          "admission_treshold": 0,
          "algorithm": "gclock",
          "byte_inserted": 1492344,
          "byte_miss": 1492344,
          "byte_read": 5003037,
          "byte_reinserted": 2078327,
          "hit": 5003037,
          "inserted": 1492344,
          "layer": 0,
          "miss_ratio": 0.2297546518056447,
          "reinserted": 2078327,
          "req": 6495381
        }
      ],
      "miss_ratio": 0.2297546518056447,
      "req": 6495381
    }
  ],
  "trace": "cf_allcolo.ns1290.oracleGeneral.zst"
}