{
  "dram_cache_size": 47187,
  "flash_cache_size": 4718778,
  "results": [
    {
      "hit": 2052867,
      "iteration": 0,
      "metrics": [
        {
          "admission_treshold": 0,
          "algorithm": "qauto",
          "byte_inserted": 7727782857,
          "byte_miss": 7727782857,
          "byte_read": 56583723739,
          "byte_reinserted": 4151792703,
          "hit": 2052867,
          "inserted": 37366,
          "layer": 0,
          "miss_ratio": 0.017876475971817518,
          "reinserted": 26896,
          "req": 2090233
        }
      ],
      "miss_ratio": 0.017876475971817518,
      "req": 2090233
    }
  ],
  "trace": "cf_allcolo.ns916.oracleGeneral.zst"
}