{
  "dram_cache_size": 29,
  "flash_cache_size": 2946,
  "results": [
    {
      "hit": 4970723,
      "iteration": 0,
      "metrics": [
        {
          "admission_treshold": 0,
          "algorithm": "dclock",
          "byte_inserted": 1417430,
          "byte_miss": 1417430,
          "byte_read": 4970723,
          "byte_reinserted": 752147,
          "hit": 4970723,
          "inserted": 1417430,
          "layer": 0,
          "miss_ratio": 0.22188416589270799,
          "reinserted": 752147,
          "req": 6388153
        }
      ],
      "miss_ratio": 0.22188416589270799,
      "req": 6388153
    }
  ],
  "trace": "cf_colo28.ns414.oracleGeneral.zst"
}