{
  "dram_cache_size": 3,
  "flash_cache_size": 331,
  "results": [
    {
      "hit": 3248538,
      "iteration": 0,
      "metrics": [
        {
          "admission_treshold": 0,
          "algorithm": "qand-clock-v2",
          "byte_inserted": 48063,
          "byte_miss": 48063,
          "byte_read": 3248538,
          "byte_reinserted": 7381,
          "hit": 3248538,
          "inserted": 48063,
          "layer": 0,
          "miss_ratio": 0.014579562403821411,
          "reinserted": 7381,
          "req": 3296601
        }
      ],
      "miss_ratio": 0.014579562403821411,
      "req": 3296601
    }
  ],
  "trace": "cf_colo28.ns330.oracleGeneral.zst"
}