{
  "dram_cache_size": 18,
  "flash_cache_size": 1800,
  "results": [
    {
      "hit": 754536,
      "iteration": 0,
      "metrics": [
        {
          "admission_treshold": 0,
          "algorithm": "g2clock",
          "byte_inserted": 1845464,
          "byte_miss": 1845464,
          "byte_read": 754536,
          "byte_reinserted": 137007,
          "hit": 754536,
          "inserted": 1845464,
          "layer": 0,
          "miss_ratio": 0.7097938461538462,
          "reinserted": 137007,
          "req": 2600000
        }
      ],
      "miss_ratio": 0.7097938461538462,
      "req": 2600000
    }
  ],
  "trace": "io_traces.ns309.oracleGeneral.zst"
}