{
  "dram_cache_size": 14,
  "flash_cache_size": 1485,
  "results": [
    {
      "hit": 674088,
      "iteration": 0,
      "metrics": [
        {
          "admission_treshold": 0,
          "algorithm": "sxfifo",
          "byte_inserted": 428076,
          "byte_miss": 428076,
          "byte_read": 674088,
          "byte_reinserted": 91356,
          "hit": 674088,
          "inserted": 428076,
          "layer": 0,
          "miss_ratio": 0.38839591930057593,
          "reinserted": 91356,
          "req": 1102164
        }
      ],
      "miss_ratio": 0.38839591930057593,
      "req": 1102164
    }
  ],
  "trace": "tencentBlock.ns17465.oracleGeneral.zst"
}