{
  "dram_cache_size": 65,
  "flash_cache_size": 6541,
  "results": [
    {
      "hit": 501773,
      "iteration": 0,
      "metrics": [
        {
          "admission_treshold": 0,
          "algorithm": "s3fclock-sequential",
          "byte_inserted": 2873571,
          "byte_miss": 2873571,
          "byte_read": 501773,
          "byte_reinserted": 49885,
          "hit": 501773,
          "inserted": 2873571,
          "layer": 0,
          "miss_ratio": 0.8513416706563834,
          "reinserted": 49885,
          "req": 3375344
        }
      ],
      "miss_ratio": 0.8513416706563834,
      "req": 3375344
    }
  ],
  "trace": "w105.oracleGeneral.bin.zst"
}