{
  "dram_cache_size": 72,
  "flash_cache_size": 7264,
  "results": [
    {
      "hit": 22496119,
      "iteration": 0,
      "metrics": [
        {
          "admission_treshold": 0,
          "algorithm": "d3clock",
          "byte_inserted": 3646070,
          "byte_miss": 3646070,
          "byte_read": 22496119,
          "byte_reinserted": 4907333,
          "hit": 22496119,
          "inserted": 3646070,
          "layer": 0,
          "miss_ratio": 0.13947072297579977,
          "reinserted": 4907333,
          "req": 26142189
        }
      ],
      "miss_ratio": 0.13947072297579977,
      "req": 26142189
    }
  ],
  "trace": "cluster53.oracleGeneral.sample10.zst"
}