{
  "dram_cache_size": 51,
  "flash_cache_size": 5168,
  "results": [
    {
      "hit": 4374934,
      "iteration": 0,
      "metrics": [
        {
          "admission_treshold": 0,
          "algorithm": "t7auto",
          "byte_inserted": 1825066,
          "byte_miss": 1825066,
          "byte_read": 4374934,
          "byte_reinserted": 271137,
          "hit": 4374934,
          "inserted": 1825066,
          "layer": 0,
          "miss_ratio": 0.2943654838709677,
          "reinserted": 271137,
          "req": 6200000
        }
      ],
      "miss_ratio": 0.2943654838709677,
      "req": 6200000
    }
  ],
  "trace": "io_traces.ns294.oracleGeneral.zst"
}