{
  "dram_cache_size": 51,
  "flash_cache_size": 5185,
  "results": [
    {
      "hit": 8548349,
      "iteration": 0,
      "metrics": [
        {
          "admission_treshold": 0,
          "algorithm": "gclock",
          "byte_inserted": 1622766,
          "byte_miss": 1622766,
          "byte_read": 8548349,
          "byte_reinserted": 166802,
          "hit": 8548349,
          "inserted": 1622766,
          "layer": 0,
          "miss_ratio": 0.15954651972767986,
          "reinserted": 166802,
          "req": 10171115
        }
      ],
      "miss_ratio": 0.15954651972767986,
      "req": 10171115
    }
  ],
  "trace": "tencentBlock.ns3304.oracleGeneral.zst"
}