{
  "dram_cache_size": 12,
  "flash_cache_size": 1288,
  "results": [
    {
      "hit": 792098,
      "iteration": 0,
      "metrics": [
        {
          "admission_treshold": 0,
          "algorithm": "gclock",
          "byte_inserted": 468643,
          "byte_miss": 468643,
          "byte_read": 792098,
          "byte_reinserted": 54007,
          "hit": 792098,
          "inserted": 468643,
          "layer": 0,
          "miss_ratio": 0.37172028196116413,
          "reinserted": 54007,
          "req": 1260741
        }
      ],
      "miss_ratio": 0.37172028196116413,
      "req": 1260741
    }
  ],
  "trace": "tencentBlock.ns14913.oracleGeneral.zst"
}