{
  "dram_cache_size": 37,
  "flash_cache_size": 3794,
  "results": [
    {
      "hit": 845911,
      "iteration": 0,
      "metrics": [
        {
          "admission_treshold": 0,
          "algorithm": "t2auto",
          "byte_inserted": 947609,
          "byte_miss": 947609,
          "byte_read": 845911,
          "byte_reinserted": 35804,
          "hit": 845911,
          "inserted": 947609,
          "layer": 0,
          "miss_ratio": 0.5283515098800124,
          "reinserted": 35804,
          "req": 1793520
        }
      ],
      "miss_ratio": 0.5283515098800124,
      "req": 1793520
    }
  ],
  "trace": "tencentBlock.ns14415.oracleGeneral.zst"
}