{
  "dram_cache_size": 17,
  "flash_cache_size": 1777,
  "results": [
    {
      "hit": 634814,
      "iteration": 0,
      "metrics": [
        {
          "admission_treshold": 0,
          "algorithm": "clock",
          "byte_inserted": 916078,
          "byte_miss": 916078,
          "byte_read": 634814,
          "byte_reinserted": 179798,
          "hit": 634814,
          "inserted": 916078,
          "layer": 0,
          "miss_ratio": 0.5906781387743312,
          "reinserted": 179798,
          "req": 1550892
        }
      ],
      "miss_ratio": 0.5906781387743312,
      "req": 1550892
    }
  ],
  "trace": "tencentBlock.ns22596.oracleGeneral.zst"
}