{
  "dram_cache_size": 18,
  "flash_cache_size": 1853,
  "results": [
    {
      "hit": 1783686,
      "iteration": 0,
      "metrics": [
        {
          "admission_treshold": 0,
          "algorithm": "s3fclock-sequential",
          "byte_inserted": 877339,
          "byte_miss": 877339,
          "byte_read": 1783686,
          "byte_reinserted": 139449,
          "hit": 1783686,
          "inserted": 877339,
          "layer": 0,
          "miss_ratio": 0.32969964581317346,
          "reinserted": 139449,
          "req": 2661025
        }
      ],
      "miss_ratio": 0.32969964581317346,
      "req": 2661025
    }
  ],
  "trace": "tencentBlock.ns10048.oracleGeneral.zst"
}