{
  "dram_cache_size": 87,
  "flash_cache_size": 8745,
  "results": [
    {
      "hit": 8791445,
      "iteration": 0,
      "metrics": [
        {
          "admission_treshold": 0,
          "algorithm": "gclock",
          "byte_inserted": 33406174,
          "byte_miss": 33406174,
          "byte_read": 8791445,
          "byte_reinserted": 5705097,
          "hit": 8791445,
          "inserted": 33406174,
          "layer": 0,
          "miss_ratio": 0.7916601645225528,
          "reinserted": 5705097,
          "req": 42197619
        }
      ],
      "miss_ratio": 0.7916601645225528,
      "req": 42197619
    }
  ],
  "trace": "tencentBlock.ns14895.oracleGeneral.zst"
}