{
  "dram_cache_size": 16,
  "flash_cache_size": 1678,
  "results": [
    {
      "hit": 630432,
      "iteration": 0,
      "metrics": [
        {
          "admission_treshold": 0,
          "algorithm": "sxfifo",
          "byte_inserted": 709540,
          "byte_miss": 709540,
          "byte_read": 630432,
          "byte_reinserted": 117761,
          "hit": 630432,
          "inserted": 709540,
          "layer": 0,
          "miss_ratio": 0.5295185272528082,
          "reinserted": 117761,
          "req": 1339972
        }
      ],
      "miss_ratio": 0.5295185272528082,
      "req": 1339972
    }
  ],
  "trace": "tencentBlock.ns2174.oracleGeneral.zst"
}