{
  "dram_cache_size": 22,
  "flash_cache_size": 2207,
  "results": [
    {
      "hit": 2165878,
      "iteration": 0,
      "metrics": [
        {
          "admission_treshold": 0,
          "algorithm": "tauto",
          "byte_inserted": 628625,
          "byte_miss": 628625,
          "byte_read": 2165878,
          "byte_reinserted": 27990,
          "hit": 2165878,
          "inserted": 628625,
          "layer": 0,
          "miss_ratio": 0.22495055471402248,
          "reinserted": 27990,
          "req": 2794503
        }
      ],
      "miss_ratio": 0.22495055471402248,
      "req": 2794503
    }
  ],
  "trace": "tencentBlock.ns11524.oracleGeneral.zst"
}