{
  "dram_cache_size": 17,
  "flash_cache_size": 1731,
  "results": [
    {
      "hit": 633037,
      "iteration": 0,
      "metrics": [
        {
          "admission_treshold": 0,
          "algorithm": "dclock",
          "byte_inserted": 399986,
          "byte_miss": 399986,
          "byte_read": 633037,
          "byte_reinserted": 19740,
          "hit": 633037,
          "inserted": 399986,
          "layer": 0,
          "miss_ratio": 0.3871995105626883,
          "reinserted": 19740,
          "req": 1033023
        }
      ],
      "miss_ratio": 0.3871995105626883,
      "req": 1033023
    }
  ],
  "trace": "tencentBlock.ns21427.oracleGeneral.zst"
}