{
  "dram_cache_size": 194,
  "flash_cache_size": 19498,
  "results": [
    {
      "hit": 9533554,
      "iteration": 0,
      "metrics": [
        {
          "admission_treshold": 0,
          "algorithm": "dclock",
          "byte_inserted": 9228249,
          "byte_miss": 9228249,
          "byte_read": 9533554,
          "byte_reinserted": 2612841,
          "hit": 9533554,
          "inserted": 9228249,
          "layer": 0,
          "miss_ratio": 0.4918636551082004,
          "reinserted": 2612841,
          "req": 18761803
        }
      ],
      "miss_ratio": 0.4918636551082004,
      "req": 18761803
    }
  ],
  "trace": "tencentBlock.ns15549.oracleGeneral.zst"
}