{
  "dram_cache_size": 3864503,
  "flash_cache_size": 386450336,
  "results": [
    {
      "hit": 2510417,
      "iteration": 0,
      "metrics": [
        {
          "admission_treshold": 0,
          "algorithm": "time-auto",
          "byte_inserted": 1676829153493,
          "byte_miss": 1676829153493,
          "byte_read": 5226452759989,
          "byte_reinserted": 3657261366530,
          "hit": 2510417,
          "inserted": 841365,
          "layer": 0,
          "miss_ratio": 0.2510202035812592,
          "reinserted": 1758732,
          "req": 3351782
        }
      ],
      "miss_ratio": 0.2510202035812592,
      "req": 3351782
    }
  ],
  "trace": "akamai_sjc.ns557.oracleGeneral.bin.zst"
}