{
  "dram_cache_size": 0,
  "flash_cache_size": 38,
  "results": [
    {
      "hit": 1486620,
      "iteration": 0,
      "metrics": [
        {
          "admission_treshold": 0,
          "algorithm": "q-clock",
          "byte_inserted": 57252,
          "byte_miss": 57252,
          "byte_read": 1486620,
          "byte_reinserted": 33673,
          "hit": 1486620,
          "inserted": 57252,
          "layer": 0,
          "miss_ratio": 0.037083385151100656,
          "reinserted": 33673,
          "req": 1543872
        }
      ],
      "miss_ratio": 0.037083385151100656,
      "req": 1543872
    }
  ],
  "trace": "cf_allcolo.ns3945.oracleGeneral.zst"
}