{
  "dram_cache_size": 2,
  "flash_cache_size": 223,
  "results": [
    {
      "hit": 4714307,
      "iteration": 0,
      "metrics": [
        {
          "admission_treshold": 0,
          "algorithm": "dclock",
          "byte_inserted": 176421,
          "byte_miss": 176421,
          "byte_read": 4714307,
          "byte_reinserted": 98678,
          "hit": 4714307,
          "inserted": 176421,
          "layer": 0,
          "miss_ratio": 0.03607254380125002,
          "reinserted": 98678,
          "req": 4890728
        }
      ],
      "miss_ratio": 0.03607254380125002,
      "req": 4890728
    }
  ],
  "trace": "cf_allcolo.ns686.oracleGeneral.zst"
}