{
  "dram_cache_size": 142,
  "flash_cache_size": 14233,
  "results": [
    {
      "hit": 131847240,
      "iteration": 0,
      "metrics": [
        {
          "admission_treshold": 0,
          "algorithm": "sxfifo",
          "byte_inserted": 104230268,
          "byte_miss": 104230268,
          "byte_read": 131847240,
          "byte_reinserted": 15874748,
          "hit": 131847240,
          "inserted": 104230268,
          "layer": 0,
          "miss_ratio": 0.441508676040413,
          "reinserted": 15874748,
          "req": 236077508
        }
      ],
      "miss_ratio": 0.441508676040413,
      "req": 236077508
    }
  ],
  "trace": "cluster34.oracleGeneral.sample10.zst"
}