{
  "dram_cache_size": 421,
  "flash_cache_size": 42125,
  "results": [
    {
      "hit": 11533068,
      "iteration": 0,
      "metrics": [
        {
          "admission_treshold": 0,
          "algorithm": "q2auto",
          "byte_inserted": 5066932,
          "byte_miss": 5066932,
          "byte_read": 11533068,
          "byte_reinserted": 1773807,
          "hit": 11533068,
          "inserted": 5066932,
          "layer": 0,
          "miss_ratio": 0.30523686746987955,
          "reinserted": 1773807,
          "req": 16600000
        }
      ],
      "miss_ratio": 0.30523686746987955,
      "req": 16600000
    }
  ],
  "trace": "io_traces.ns737.oracleGeneral.zst"
}