{
  "dram_cache_size": 19,
  "flash_cache_size": 1907,
  "results": [
    {
      "hit": 3059900,
      "iteration": 0,
      "metrics": [
        {
          "admission_treshold": 0,
          "algorithm": "gclock",
          "byte_inserted": 864760,
          "byte_miss": 864760,
          "byte_read": 3059900,
          "byte_reinserted": 159788,
          "hit": 3059900,
          "inserted": 864760,
          "layer": 0,
          "miss_ratio": 0.22034010589452335,
          "reinserted": 159788,
          "req": 3924660
        }
      ],
      "miss_ratio": 0.22034010589452335,
      "req": 3924660
    }
  ],
  "trace": "tencentBlock.ns3039.oracleGeneral.zst"
}