{
  "dram_cache_size": 51,
  "flash_cache_size": 5153,
  "results": [
    {
      "hit": 3219918,
      "iteration": 0,
      "metrics": [
        {
          "admission_treshold": 0,
          "algorithm": "clock",
          "byte_inserted": 2200418,
          "byte_miss": 2200418,
          "byte_read": 3219918,
          "byte_reinserted": 2310229,
          "hit": 3219918,
          "inserted": 2200418,
          "layer": 0,
          "miss_ratio": 0.4059560145348923,
          "reinserted": 2310229,
          "req": 5420336
        }
      ],
      "miss_ratio": 0.4059560145348923,
      "req": 5420336
    }
  ],
  "trace": "tencentBlock.ns22766.oracleGeneral.zst"
}