{
  "dram_cache_size": 38,
  "flash_cache_size": 3871,
  "results": [
    {
      "hit": 5372393,
      "iteration": 0,
      "metrics": [
        {
          "admission_treshold": 0,
          "algorithm": "s3fclock-sequential",
          "byte_inserted": 913723,
          "byte_miss": 913723,
          "byte_read": 5372393,
          "byte_reinserted": 157963,
          "hit": 5372393,
          "inserted": 913723,
          "layer": 0,
          "miss_ratio": 0.14535573317450712,
          "reinserted": 157963,
          "req": 6286116
        }
      ],
      "miss_ratio": 0.14535573317450712,
      "req": 6286116
    }
  ],
  "trace": "tencentBlock.ns11589.oracleGeneral.zst"
}