{
  "dram_cache_size": 0,
  "flash_cache_size": 78,
  "results": [
    {
      "hit": 42176723,
      "iteration": 0,
      "metrics": [
        {
          "admission_treshold": 0,
          "algorithm": "dclock",
          "byte_inserted": 15588,
          "byte_miss": 15588,
          "byte_read": 42176723,
          "byte_reinserted": 12878,
          "hit": 42176723,
          "inserted": 15588,
          "layer": 0,
          "miss_ratio": 0.00036945120166564926,
          "reinserted": 12878,
          "req": 42192311
        }
      ],
      "miss_ratio": 0.00036945120166564926,
      "req": 42192311
    }
  ],
  "trace": "akamai_lax.ns1014.oracleGeneral.bin.zst"
}