{
  "dram_cache_size": 43,
  "flash_cache_size": 4399,
  "results": [
    {
      "hit": 781111,
      "iteration": 0,
      "metrics": [
        {
          "admission_treshold": 0,
          "algorithm": "time-auto",
          "byte_inserted": 1918004,
          "byte_miss": 1918004,
          "byte_read": 781111,
          "byte_reinserted": 1357687,
          "hit": 781111,
          "inserted": 1918004,
          "layer": 0,
          "miss_ratio": 0.7106047723049962,
          "reinserted": 1357687,
          "req": 2699115
        }
      ],
      "miss_ratio": 0.7106047723049962,
      "req": 2699115
    }
  ],
  "trace": "akamai_sjc.ns32.oracleGeneral.bin.zst"
}