{
  "dram_cache_size": 3,
  "flash_cache_size": 374,
  "results": [
    {
      "hit": 1941044,
      "iteration": 0,
      "metrics": [
        {
          "admission_treshold": 0,
          "algorithm": "g2clock",
          "byte_inserted": 834135,
          "byte_miss": 834135,
          "byte_read": 1941044,
          "byte_reinserted": 366966,
          "hit": 1941044,
          "inserted": 834135,
          "layer": 0,
          "miss_ratio": 0.3005698010831013,
          "reinserted": 366966,
          "req": 2775179
        }
      ],
      "miss_ratio": 0.3005698010831013,
      "req": 2775179
    }
  ],
  "trace": "cf_allcolo.ns429.oracleGeneral.zst"
}