{
  "dram_cache_size": 24,
  "flash_cache_size": 2402,
  "results": [
    {
      "hit": 756619,
      "iteration": 0,
      "metrics": [
        {
          "admission_treshold": 0,
          "algorithm": "q3auto",
          "byte_inserted": 1409108,
          "byte_miss": 1409108,
          "byte_read": 756619,
          "byte_reinserted": 141955,
          "hit": 756619,
          "inserted": 1409108,
          "layer": 0,
          "miss_ratio": 0.650639715901404,
          "reinserted": 141955,
          "req": 2165727
        }
      ],
      "miss_ratio": 0.650639715901404,
      "req": 2165727
    }
  ],
  "trace": "cf_colo28.ns1085.oracleGeneral.zst"
}