{
  "dram_cache_size": 12,
  "flash_cache_size": 1210,
  "results": [
    {
      "hit": 3378416,
      "iteration": 0,
      "metrics": [
        {
          "admission_treshold": 0,
          "algorithm": "gclock",
          "byte_inserted": 1085696,
          "byte_miss": 1085696,
          "byte_read": 3378416,
          "byte_reinserted": 222007,
          "hit": 3378416,
          "inserted": 1085696,
          "layer": 0,
          "miss_ratio": 0.2432053676072643,
          "reinserted": 222007,
          "req": 4464112
        }
      ],
      "miss_ratio": 0.2432053676072643,
      "req": 4464112
    }
  ],
  "trace": "tencentBlock.ns5632.oracleGeneral.zst"
}