{
  "dram_cache_size": 35,
  "flash_cache_size": 3517,
  "results": [
    {
      "hit": 12318332,
      "iteration": 0,
      "metrics": [
        {
          "admission_treshold": 0,
          "algorithm": "gclock",
          "byte_inserted": 2464310,
          "byte_miss": 2464310,
          "byte_read": 12318332,
          "byte_reinserted": 4529927,
          "hit": 12318332,
          "inserted": 2464310,
          "layer": 0,
          "miss_ratio": 0.1667029479574761,
          "reinserted": 4529927,
          "req": 14782642
        }
      ],
      "miss_ratio": 0.1667029479574761,
      "req": 14782642
    }
  ],
  "trace": "tencentBlock.ns17114.oracleGeneral.zst"
}