{
  "dram_cache_size": 31,
  "flash_cache_size": 3159,
  "results": [
    {
      "hit": 2695277,
      "iteration": 0,
      "metrics": [
        {
          "admission_treshold": 0,
          "algorithm": "g2clock",
          "byte_inserted": 862704,
          "byte_miss": 862704,
          "byte_read": 2695277,
          "byte_reinserted": 551092,
          "hit": 2695277,
          "inserted": 862704,
          "layer": 0,
          "miss_ratio": 0.2424700975075471,
          "reinserted": 551092,
          "req": 3557981
        }
      ],
      "miss_ratio": 0.2424700975075471,
      "req": 3557981
    }
  ],
  "trace": "tencentBlock.ns15766.oracleGeneral.zst"
}