{
  "dram_cache_size": 32,
  "flash_cache_size": 3264,
  "results": [
    {
      "hit": 1103731,
      "iteration": 0,
      "metrics": [
        {
          "admission_treshold": 0,
          "algorithm": "qor-clock",
          "byte_inserted": 1793358,
          "byte_miss": 1793358,
          "byte_read": 1103731,
          "byte_reinserted": 131022,
          "hit": 1103731,
          "inserted": 1793358,
          "layer": 0,
          "miss_ratio": 0.6190206790333331,
          "reinserted": 131022,
          "req": 2897089
        }
      ],
      "miss_ratio": 0.6190206790333331,
      "req": 2897089
    }
  ],
  "trace": "tencentBlock.ns2430.oracleGeneral.zst"
}