{
  "dram_cache_size": 468,
  "flash_cache_size": 46830,
  "results": [
    {
      "hit": 711394,
      "iteration": 0,
      "metrics": [
        {
          "admission_treshold": 0,
          "algorithm": "sxfifo",
          "byte_inserted": 8786351,
          "byte_miss": 8786351,
          "byte_read": 711394,
          "byte_reinserted": 156331,
          "hit": 711394,
          "inserted": 8786351,
          "layer": 0,
          "miss_ratio": 0.9250986418355094,
          "reinserted": 156331,
          "req": 9497745
        }
      ],
      "miss_ratio": 0.9250986418355094,
      "req": 9497745
    }
  ],
  "trace": "w62.oracleGeneral.bin.zst"
}