{
  "dram_cache_size": 0,
  "flash_cache_size": 24,
  "results": [
    {
      "hit": 661774,
      "iteration": 0,
      "metrics": [
        {
          "admission_treshold": 0,
          "algorithm": "t6auto",
          "byte_inserted": 683740,
          "byte_miss": 683740,
          "byte_read": 661774,
          "byte_reinserted": 104420,
          "hit": 661774,
          "inserted": 683740,
          "layer": 0,
          "miss_ratio": 0.5081626798383369,
          "reinserted": 104420,
          "req": 1345514
        }
      ],
      "miss_ratio": 0.5081626798383369,
      "req": 1345514
    }
  ],
  "trace": "cf_allcolo.ns1089.oracleGeneral.zst"
}