{
  "dram_cache_size": 6548,
  "flash_cache_size": 654840,
  "results": [
    {
      "hit": 130462894,
      "iteration": 0,
      "metrics": [
        {
          "admission_treshold": 0,
          "algorithm": "gclock",
          "byte_inserted": 97310845,
          "byte_miss": 97310845,
          "byte_read": 130462894,
          "byte_reinserted": 9549536,
          "hit": 130462894,
          "inserted": 97310845,
          "layer": 0,
          "miss_ratio": 0.42722591913899255,
          "reinserted": 9549536,
          "req": 227773739
        }
      ],
      "miss_ratio": 0.42722591913899255,
      "req": 227773739
    }
  ],
  "trace": "cluster45.oracleGeneral.zst"
}