{
  "dram_cache_size": 19,
  "flash_cache_size": 1949,
  "results": [
    {
      "hit": 795573,
      "iteration": 0,
      "metrics": [
        {
          "admission_treshold": 0,
          "algorithm": "gclock",
          "byte_inserted": 620407,
          "byte_miss": 620407,
          "byte_read": 795573,
          "byte_reinserted": 57434,
          "hit": 795573,
          "inserted": 620407,
          "layer": 0,
          "miss_ratio": 0.4381467252362321,
          "reinserted": 57434,
          "req": 1415980
        }
      ],
      "miss_ratio": 0.4381467252362321,
      "req": 1415980
    }
  ],
  "trace": "tencentBlock.ns14429.oracleGeneral.zst"
}