{
  "dram_cache_size": 43,
  "flash_cache_size": 4326,
  "results": [
    {
      "hit": 2318881,
      "iteration": 0,
      "metrics": [
        {
          "admission_treshold": 0,
          "algorithm": "dclock",
          "byte_inserted": 2244926,
          "byte_miss": 2244926,
          "byte_read": 2318881,
          "byte_reinserted": 1163016,
          "hit": 2318881,
          "inserted": 2244926,
          "layer": 0,
          "miss_ratio": 0.49189766350768116,
          "reinserted": 1163016,
          "req": 4563807
        }
      ],
      "miss_ratio": 0.49189766350768116,
      "req": 4563807
    }
  ],
  "trace": "tencentBlock.ns16655.oracleGeneral.zst"
}