{
  "dram_cache_size": 781,
  "flash_cache_size": 78136,
  "results": [
    {
      "hit": 2406814,
      "iteration": 0,
      "metrics": [
        {
          "admission_treshold": 0,
          "algorithm": "fifo",
          "byte_inserted": 19841777,
          "byte_miss": 19841777,
          "byte_read": 2406814,
          "byte_reinserted": 0,
          "hit": 2406814,
          "inserted": 19841777,
          "layer": 0,
          "miss_ratio": 0.8918217337897937,
          "reinserted": 0,
          "req": 22248591
        }
      ],
      "miss_ratio": 0.8918217337897937,
      "req": 22248591
    }
  ],
  "trace": "w22.oracleGeneral.bin.zst"
}