{
  "dram_cache_size": 95,
  "flash_cache_size": 9504,
  "results": [
    {
      "hit": 75556879,
      "iteration": 0,
      "metrics": [
        {
          "admission_treshold": 0,
          "algorithm": "g2clock",
          "byte_inserted": 53923558,
          "byte_miss": 53923558,
          "byte_read": 75556879,
          "byte_reinserted": 10914808,
          "hit": 75556879,
          "inserted": 53923558,
          "layer": 0,
          "miss_ratio": 0.4164610442270905,
          "reinserted": 10914808,
          "req": 129480437
        }
      ],
      "miss_ratio": 0.4164610442270905,
      "req": 129480437
    }
  ],
  "trace": "ads_subscription_user_cache.1.oracleGeneral.sample10.zst"
}