{
  "dram_cache_size": 4,
  "flash_cache_size": 459,
  "results": [
    {
      "hit": 13851041,
      "iteration": 0,
      "metrics": [
        {
          "admission_treshold": 0,
          "algorithm": "dclock",
          "byte_inserted": 10402160,
          "byte_miss": 10402160,
          "byte_read": 13851041,
          "byte_reinserted": 2332068,
          "hit": 13851041,
          "inserted": 10402160,
          "layer": 0,
          "miss_ratio": 0.428898436952714,
          "reinserted": 2332068,
          "req": 24253201
        }
      ],
      "miss_ratio": 0.428898436952714,
      "req": 24253201
    }
  ],
  "trace": "akamai_lax.ns91.oracleGeneral.bin.zst"
}