{
  "dram_cache_size": 1,
  "flash_cache_size": 117,
  "results": [
    {
      "hit": 1258899,
      "iteration": 0,
      "metrics": [
        {
          "admission_treshold": 0,
          "algorithm": "sxfifo",
          "byte_inserted": 90660,
          "byte_miss": 90660,
          "byte_read": 1258899,
          "byte_reinserted": 69778,
          "hit": 1258899,
          "inserted": 90660,
          "layer": 0,
          "miss_ratio": 0.06717750020562274,
          "reinserted": 69778,
          "req": 1349559
        }
      ],
      "miss_ratio": 0.06717750020562274,
      "req": 1349559
    }
  ],
  "trace": "cf_allcolo.ns15783.oracleGeneral.zst"
}