{
  "dram_cache_size": 1490,
  "flash_cache_size": 149091,
  "results": [
    {
      "hit": 204467521,
      "iteration": 0,
      "metrics": [
        {
          "admission_treshold": 0,
          "algorithm": "tauto",
          "byte_inserted": 237925571,
          "byte_miss": 237925571,
          "byte_read": 204467521,
          "byte_reinserted": 65821012,
          "hit": 204467521,
          "inserted": 237925571,
          "layer": 0,
          "miss_ratio": 0.5378148422805842,
          "reinserted": 65821012,
          "req": 442393092
        }
      ],
      "miss_ratio": 0.5378148422805842,
      "req": 442393092
    }
  ],
  "trace": "fiu_cheetah.cs.fiu.edu-110108-113008.oracleGeneral.zst"
}