{
  "dram_cache_size": 11,
  "flash_cache_size": 1197,
  "results": [
    {
      "hit": 870433,
      "iteration": 0,
      "metrics": [
        {
          "admission_treshold": 0,
          "algorithm": "qauto",
          "byte_inserted": 606959,
          "byte_miss": 606959,
          "byte_read": 870433,
          "byte_reinserted": 99772,
          "hit": 870433,
          "inserted": 606959,
          "layer": 0,
          "miss_ratio": 0.4108313839522618,
          "reinserted": 99772,
          "req": 1477392
        }
      ],
      "miss_ratio": 0.4108313839522618,
      "req": 1477392
    }
  ],
  "trace": "tencentBlock.ns17601.oracleGeneral.zst"
}