{
  "dram_cache_size": 16,
  "flash_cache_size": 1629,
  "results": [
    {
      "hit": 762379,
      "iteration": 0,
      "metrics": [
        {
          "admission_treshold": 0,
          "algorithm": "dclock",
          "byte_inserted": 673759,
          "byte_miss": 673759,
          "byte_read": 762379,
          "byte_reinserted": 173662,
          "hit": 762379,
          "inserted": 673759,
          "layer": 0,
          "miss_ratio": 0.4691464190767183,
          "reinserted": 173662,
          "req": 1436138
        }
      ],
      "miss_ratio": 0.4691464190767183,
      "req": 1436138
    }
  ],
  "trace": "tencentBlock.ns19553.oracleGeneral.zst"
}