{
  "dram_cache_size": 125,
  "flash_cache_size": 12592,
  "results": [
    {
      "hit": 20191892,
      "iteration": 0,
      "metrics": [
        {
          "admission_treshold": 0,
          "algorithm": "gclock",
          "byte_inserted": 4405858,
          "byte_miss": 4405858,
          "byte_read": 20191892,
          "byte_reinserted": 12119960,
          "hit": 20191892,
          "inserted": 4405858,
          "layer": 0,
          "miss_ratio": 0.17911630128771938,
          "reinserted": 12119960,
          "req": 24597750
        }
      ],
      "miss_ratio": 0.17911630128771938,
      "req": 24597750
    }
  ],
  "trace": "tencentBlock.ns23429.oracleGeneral.zst"
}