{
  "dram_cache_size": 70,
  "flash_cache_size": 7036,
  "results": [
    {
      "hit": 1461283,
      "iteration": 0,
      "metrics": [
        {
          "admission_treshold": 0,
          "algorithm": "dclock",
          "byte_inserted": 1102803,
          "byte_miss": 1102803,
          "byte_read": 1461283,
          "byte_reinserted": 394842,
          "hit": 1461283,
          "inserted": 1102803,
          "layer": 0,
          "miss_ratio": 0.4300959484198268,
          "reinserted": 394842,
          "req": 2564086
        }
      ],
      "miss_ratio": 0.4300959484198268,
      "req": 2564086
    }
  ],
  "trace": "tencentBlock.ns16642.oracleGeneral.zst"
}