{
  "dram_cache_size": 55,
  "flash_cache_size": 5508,
  "results": [
    {
      "hit": 1857618,
      "iteration": 0,
      "metrics": [
        {
          "admission_treshold": 0,
          "algorithm": "d3clock",
          "byte_inserted": 891981,
          "byte_miss": 891981,
          "byte_read": 1857618,
          "byte_reinserted": 663861,
          "hit": 1857618,
          "inserted": 891981,
          "layer": 0,
          "miss_ratio": 0.32440403127874284,
          "reinserted": 663861,
          "req": 2749599
        }
      ],
      "miss_ratio": 0.32440403127874284,
      "req": 2749599
    }
  ],
  "trace": "akamai_lax.ns363.oracleGeneral.bin.zst"
}