{
  "dram_cache_size": 2,
  "flash_cache_size": 290,
  "results": [
    {
      "hit": 1020706,
      "iteration": 0,
      "metrics": [
        {
          "admission_treshold": 0,
          "algorithm": "q3auto",
          "byte_inserted": 54016,
          "byte_miss": 54016,
          "byte_read": 1020706,
          "byte_reinserted": 38008,
          "hit": 1020706,
          "inserted": 54016,
          "layer": 0,
          "miss_ratio": 0.050260439443874816,
          "reinserted": 38008,
          "req": 1074722
        }
      ],
      "miss_ratio": 0.050260439443874816,
      "req": 1074722
    }
  ],
  "trace": "cf_allcolo.ns642.oracleGeneral.zst"
}