{
  "dram_cache_size": 187,
  "flash_cache_size": 18759,
  "results": [
    {
      "hit": 12519409,
      "iteration": 0,
      "metrics": [
        {
          "admission_treshold": 0,
          "algorithm": "g2clock",
          "byte_inserted": 3381002,
          "byte_miss": 3381002,
          "byte_read": 12519409,
          "byte_reinserted": 595608,
          "hit": 12519409,
          "inserted": 3381002,
          "layer": 0,
          "miss_ratio": 0.21263613877653853,
          "reinserted": 595608,
          "req": 15900411
        }
      ],
      "miss_ratio": 0.21263613877653853,
      "req": 15900411
    }
  ],
  "trace": "cf_allcolo.ns159.oracleGeneral.zst"
}