{
  "dram_cache_size": 53,
  "flash_cache_size": 5383,
  "results": [
    {
      "hit": 2966102,
      "iteration": 0,
      "metrics": [
        {
          "admission_treshold": 0,
          "algorithm": "gclock",
          "byte_inserted": 1301207,
          "byte_miss": 1301207,
          "byte_read": 2966102,
          "byte_reinserted": 554300,
          "hit": 2966102,
          "inserted": 1301207,
          "layer": 0,
          "miss_ratio": 0.3049244851966426,
          "reinserted": 554300,
          "req": 4267309
        }
      ],
      "miss_ratio": 0.3049244851966426,
      "req": 4267309
    }
  ],
  "trace": "tencentBlock.ns17149.oracleGeneral.zst"
}