{
  "dram_cache_size": 31,
  "flash_cache_size": 3198,
  "results": [
    {
      "hit": 1979043,
      "iteration": 0,
      "metrics": [
        {
          "admission_treshold": 0,
          "algorithm": "g2clock",
          "byte_inserted": 1154831,
          "byte_miss": 1154831,
          "byte_read": 1979043,
          "byte_reinserted": 528610,
          "hit": 1979043,
          "inserted": 1154831,
          "layer": 0,
          "miss_ratio": 0.36849949934170934,
          "reinserted": 528610,
          "req": 3133874
        }
      ],
      "miss_ratio": 0.36849949934170934,
      "req": 3133874
    }
  ],
  "trace": "tencentBlock.ns7664.oracleGeneral.zst"
}