{
  "dram_cache_size": 555,
  "flash_cache_size": 55506,
  "results": [
    {
      "hit": 25717765,
      "iteration": 0,
      "metrics": [
        {
          "admission_treshold": 0,
          "algorithm": "qand-clock-v2",
          "byte_inserted": 6726204,
          "byte_miss": 6726204,
          "byte_read": 25717765,
          "byte_reinserted": 2975081,
          "hit": 25717765,
          "inserted": 6726204,
          "layer": 0,
          "miss_ratio": 0.20731754490333776,
          "reinserted": 2975081,
          "req": 32443969
        }
      ],
      "miss_ratio": 0.20731754490333776,
      "req": 32443969
    }
  ],
  "trace": "tencentBlock.ns3240.oracleGeneral.zst"
}