{
  "dram_cache_size": 3,
  "flash_cache_size": 389,
  "results": [
    {
      "hit": 1346244,
      "iteration": 0,
      "metrics": [
        {
          "admission_treshold": 0,
          "algorithm": "t2auto",
          "byte_inserted": 659191,
          "byte_miss": 659191,
          "byte_read": 1346244,
          "byte_reinserted": 75249,
          "hit": 1346244,
          "inserted": 659191,
          "layer": 0,
          "miss_ratio": 0.32870225163119227,
          "reinserted": 75249,
          "req": 2005435
        }
      ],
      "miss_ratio": 0.32870225163119227,
      "req": 2005435
    }
  ],
  "trace": "tencentBlock.ns6197.oracleGeneral.zst"
}