{
  "dram_cache_size": 81,
  "flash_cache_size": 8131,
  "results": [
    {
      "hit": 5526582,
      "iteration": 0,
      "metrics": [
        {
          "admission_treshold": 0,
          "algorithm": "dclock",
          "byte_inserted": 2441626,
          "byte_miss": 2441626,
          "byte_read": 5526582,
          "byte_reinserted": 1324033,
          "hit": 5526582,
          "inserted": 2441626,
          "layer": 0,
          "miss_ratio": 0.30642096692255016,
          "reinserted": 1324033,
          "req": 7968208
        }
      ],
      "miss_ratio": 0.30642096692255016,
      "req": 7968208
    }
  ],
  "trace": "tencentBlock.ns12043.oracleGeneral.zst"
}