{
  "dram_cache_size": 13,
  "flash_cache_size": 1371,
  "results": [
    {
      "hit": 2424318,
      "iteration": 0,
      "metrics": [
        {
          "admission_treshold": 0,
          "algorithm": "d3clock",
          "byte_inserted": 684780,
          "byte_miss": 684780,
          "byte_read": 2424318,
          "byte_reinserted": 249220,
          "hit": 2424318,
          "inserted": 684780,
          "layer": 0,
          "miss_ratio": 0.22025037486756605,
          "reinserted": 249220,
          "req": 3109098
        }
      ],
      "miss_ratio": 0.22025037486756605,
      "req": 3109098
    }
  ],
  "trace": "tencentBlock.ns21217.oracleGeneral.zst"
}