{
  "dram_cache_size": 24,
  "flash_cache_size": 2478,
  "results": [
    {
      "hit": 877439,
      "iteration": 0,
      "metrics": [
        {
          "admission_treshold": 0,
          "algorithm": "g2clock",
          "byte_inserted": 674231,
          "byte_miss": 674231,
          "byte_read": 877439,
          "byte_reinserted": 21212,
          "hit": 877439,
          "inserted": 674231,
          "layer": 0,
          "miss_ratio": 0.4345195821276431,
          "reinserted": 21212,
          "req": 1551670
        }
      ],
      "miss_ratio": 0.4345195821276431,
      "req": 1551670
    }
  ],
  "trace": "tencentBlock.ns3389.oracleGeneral.zst"
}