{
  "dram_cache_size": 22,
  "flash_cache_size": 2223,
  "results": [
    {
      "hit": 1234698,
      "iteration": 0,
      "metrics": [
        {
          "admission_treshold": 0,
          "algorithm": "s3fclock",
          "byte_inserted": 843114,
          "byte_miss": 843114,
          "byte_read": 1234698,
          "byte_reinserted": 16414,
          "hit": 1234698,
          "inserted": 843114,
          "layer": 0,
          "miss_ratio": 0.4057701081714804,
          "reinserted": 16414,
          "req": 2077812
        }
      ],
      "miss_ratio": 0.4057701081714804,
      "req": 2077812
    }
  ],
  "trace": "tencentBlock.ns20800.oracleGeneral.zst"
}