{
  "dram_cache_size": 10,
  "flash_cache_size": 1063,
  "results": [
    {
      "hit": 2163004,
      "iteration": 0,
      "metrics": [
        {
          "admission_treshold": 0,
          "algorithm": "dclock",
          "byte_inserted": 1502265,
          "byte_miss": 1502265,
          "byte_read": 2163004,
          "byte_reinserted": 797526,
          "hit": 2163004,
          "inserted": 1502265,
          "layer": 0,
          "miss_ratio": 0.40986486939976297,
          "reinserted": 797526,
          "req": 3665269
        }
      ],
      "miss_ratio": 0.40986486939976297,
      "req": 3665269
    }
  ],
  "trace": "tencentBlock.ns12257.oracleGeneral.zst"
}