{
  "dram_cache_size": 8,
  "flash_cache_size": 869,
  "results": [
    {
      "hit": 2574717,
      "iteration": 0,
      "metrics": [
        {
          "admission_treshold": 0,
          "algorithm": "d3clock",
          "byte_inserted": 621263,
          "byte_miss": 621263,
          "byte_read": 2574717,
          "byte_reinserted": 360174,
          "hit": 2574717,
          "inserted": 621263,
          "layer": 0,
          "miss_ratio": 0.19438888854122993,
          "reinserted": 360174,
          "req": 3195980
        }
      ],
      "miss_ratio": 0.19438888854122993,
      "req": 3195980
    }
  ],
  "trace": "tencentBlock.ns3825.oracleGeneral.zst"
}