{
  "dram_cache_size": 4064,
  "flash_cache_size": 406467,
  "results": [
    {
      "hit": 111988,
      "iteration": 0,
      "metrics": [
        {
          "admission_treshold": 0,
          "algorithm": "s3fclock",
          "byte_inserted": 40658617,
          "byte_miss": 40658617,
          "byte_read": 111988,
          "byte_reinserted": 40141,
          "hit": 111988,
          "inserted": 40658617,
          "layer": 0,
          "miss_ratio": 0.9972532171156155,
          "reinserted": 40141,
          "req": 40770605
        }
      ],
      "miss_ratio": 0.9972532171156155,
      "req": 40770605
    }
  ],
  "trace": "cf_colo28.ns95.oracleGeneral.zst"
}