{
  "dram_cache_size": 34,
  "flash_cache_size": 3478,
  "results": [
    {
      "hit": 4996837,
      "iteration": 0,
      "metrics": [
        {
          "admission_treshold": 0,
          "algorithm": "dclock",
          "byte_inserted": 1603163,
          "byte_miss": 1603163,
          "byte_read": 4996837,
          "byte_reinserted": 248161,
          "hit": 4996837,
          "inserted": 1603163,
          "layer": 0,
          "miss_ratio": 0.2429034848484849,
          "reinserted": 248161,
          "req": 6600000
        }
      ],
      "miss_ratio": 0.2429034848484849,
      "req": 6600000
    }
  ],
  "trace": "io_traces.ns547.oracleGeneral.zst"
}