{
  "dram_cache_size": 866,
  "flash_cache_size": 86663,
  "results": [
    {
      "hit": 2820225,
      "iteration": 0,
      "metrics": [
        {
          "admission_treshold": 0,
          "algorithm": "dclock",
          "byte_inserted": 11579775,
          "byte_miss": 11579775,
          "byte_read": 2820225,
          "byte_reinserted": 418186,
          "hit": 2820225,
          "inserted": 11579775,
          "layer": 0,
          "miss_ratio": 0.8041510416666666,
          "reinserted": 418186,
          "req": 14400000
        }
      ],
      "miss_ratio": 0.8041510416666666,
      "req": 14400000
    }
  ],
  "trace": "io_traces.ns36.oracleGeneral.zst"
}