{
  "dram_cache_size": 44,
  "flash_cache_size": 4492,
  "results": [
    {
      "hit": 6695834,
      "iteration": 0,
      "metrics": [
        {
          "admission_treshold": 0,
          "algorithm": "g2clock",
          "byte_inserted": 1904166,
          "byte_miss": 1904166,
          "byte_read": 6695834,
          "byte_reinserted": 4027983,
          "hit": 6695834,
          "inserted": 1904166,
          "layer": 0,
          "miss_ratio": 0.2214146511627907,
          "reinserted": 4027983,
          "req": 8600000
        }
      ],
      "miss_ratio": 0.2214146511627907,
      "req": 8600000
    }
  ],
  "trace": "io_traces.ns421.oracleGeneral.zst"
}