{
  "dram_cache_size": 8,
  "flash_cache_size": 809,
  "results": [
    {
      "hit": 2330046,
      "iteration": 0,
      "metrics": [
        {
          "admission_treshold": 0,
          "algorithm": "q3auto",
          "byte_inserted": 3741464,
          "byte_miss": 3741464,
          "byte_read": 2330046,
          "byte_reinserted": 101847,
          "hit": 2330046,
          "inserted": 3741464,
          "layer": 0,
          "miss_ratio": 0.6162328646415801,
          "reinserted": 101847,
          "req": 6071510
        }
      ],
      "miss_ratio": 0.6162328646415801,
      "req": 6071510
    }
  ],
  "trace": "tencentBlock.ns4487.oracleGeneral.zst"
}