{
  "dram_cache_size": 78,
  "flash_cache_size": 7867,
  "results": [
    {
      "hit": 27462195,
      "iteration": 0,
      "metrics": [
        {
          "admission_treshold": 0,
          "algorithm": "g2clock",
          "byte_inserted": 13709150,
          "byte_miss": 13709150,
          "byte_read": 27462195,
          "byte_reinserted": 17859518,
          "hit": 27462195,
          "inserted": 13709150,
          "layer": 0,
          "miss_ratio": 0.33297794861936136,
          "reinserted": 17859518,
          "req": 41171345
        }
      ],
      "miss_ratio": 0.33297794861936136,
      "req": 41171345
    }
  ],
  "trace": "tencentBlock.ns6892.oracleGeneral.zst"
}