{
  "dram_cache_size": 22,
  "flash_cache_size": 2299,
  "results": [
    {
      "hit": 599601,
      "iteration": 0,
      "metrics": [
        {
          "admission_treshold": 0,
          "algorithm": "qauto",
          "byte_inserted": 546504,
          "byte_miss": 546504,
          "byte_read": 599601,
          "byte_reinserted": 211099,
          "hit": 599601,
          "inserted": 546504,
          "layer": 0,
          "miss_ratio": 0.4768358919994241,
          "reinserted": 211099,
          "req": 1146105
        }
      ],
      "miss_ratio": 0.4768358919994241,
      "req": 1146105
    }
  ],
  "trace": "tencentBlock.ns13492.oracleGeneral.zst"
}