{
  "dram_cache_size": 218,
  "flash_cache_size": 21884,
  "results": [
    {
      "hit": 23498771,
      "iteration": 0,
      "metrics": [
        {
          "admission_treshold": 0,
          "algorithm": "d3clock",
          "byte_inserted": 29810031,
          "byte_miss": 29810031,
          "byte_read": 23498771,
          "byte_reinserted": 5755196,
          "hit": 23498771,
          "inserted": 29810031,
          "layer": 0,
          "miss_ratio": 0.5591952901136289,
          "reinserted": 5755196,
          "req": 53308802
        }
      ],
      "miss_ratio": 0.5591952901136289,
      "req": 53308802
    }
  ],
  "trace": "tencentBlock.ns2075.oracleGeneral.zst"
}