{
  "dram_cache_size": 19,
  "flash_cache_size": 1927,
  "results": [
    {
      "hit": 619174,
      "iteration": 0,
      "metrics": [
        {
          "admission_treshold": 0,
          "algorithm": "gclock",
          "byte_inserted": 616035,
          "byte_miss": 616035,
          "byte_read": 619174,
          "byte_reinserted": 19351,
          "hit": 619174,
          "inserted": 616035,
          "layer": 0,
          "miss_ratio": 0.49872936482813834,
          "reinserted": 19351,
          "req": 1235209
        }
      ],
      "miss_ratio": 0.49872936482813834,
      "req": 1235209
    }
  ],
  "trace": "tencentBlock.ns17615.oracleGeneral.zst"
}