{
  "dram_cache_size": 47,
  "flash_cache_size": 4774,
  "results": [
    {
      "hit": 2835464,
      "iteration": 0,
      "metrics": [
        {
          "admission_treshold": 0,
          "algorithm": "dclock",
          "byte_inserted": 1185241,
          "byte_miss": 1185241,
          "byte_read": 2835464,
          "byte_reinserted": 1905058,
          "hit": 2835464,
          "inserted": 1185241,
          "layer": 0,
          "miss_ratio": 0.29478437239240385,
          "reinserted": 1905058,
          "req": 4020705
        }
      ],
      "miss_ratio": 0.29478437239240385,
      "req": 4020705
    }
  ],
  "trace": "tencentBlock.ns13571.oracleGeneral.zst"
}