{
  "dram_cache_size": 0,
  "flash_cache_size": 57,
  "results": [
    {
      "hit": 1023672,
      "iteration": 0,
      "metrics": [
        {
          "admission_treshold": 0,
          "algorithm": "g2clock",
          "byte_inserted": 17103,
          "byte_miss": 17103,
          "byte_read": 1023672,
          "byte_reinserted": 17109,
          "hit": 1023672,
          "inserted": 17103,
          "layer": 0,
          "miss_ratio": 0.016432946602291554,
          "reinserted": 17109,
          "req": 1040775
        }
      ],
      "miss_ratio": 0.016432946602291554,
      "req": 1040775
    }
  ],
  "trace": "cf_allcolo.ns4859.oracleGeneral.zst"
}