{
  "dram_cache_size": 2,
  "flash_cache_size": 236,
  "results": [
    {
      "hit": 5820326,
      "iteration": 0,
      "metrics": [
        {
          "admission_treshold": 0,
          "algorithm": "g2clock",
          "byte_inserted": 113872,
          "byte_miss": 113872,
          "byte_read": 5820326,
          "byte_reinserted": 56333,
          "hit": 5820326,
          "inserted": 113872,
          "layer": 0,
          "miss_ratio": 0.01918911367635523,
          "reinserted": 56333,
          "req": 5934198
        }
      ],
      "miss_ratio": 0.01918911367635523,
      "req": 5934198
    }
  ],
  "trace": "cf_colo28.ns1246.oracleGeneral.zst"
}