{
  "dram_cache_size": 7,
  "flash_cache_size": 703,
  "results": [
    {
      "hit": 1018565,
      "iteration": 0,
      "metrics": [
        {
          "admission_treshold": 0,
          "algorithm": "gclock",
          "byte_inserted": 381435,
          "byte_miss": 381435,
          "byte_read": 1018565,
          "byte_reinserted": 141350,
          "hit": 1018565,
          "inserted": 381435,
          "layer": 0,
          "miss_ratio": 0.2724535714285714,
          "reinserted": 141350,
          "req": 1400000
        }
      ],
      "miss_ratio": 0.2724535714285714,
      "req": 1400000
    }
  ],
  "trace": "io_traces.ns302.oracleGeneral.zst"
}