{
  "dram_cache_size": 11,
  "flash_cache_size": 1127,
  "results": [
    {
      "hit": 3169135,
      "iteration": 0,
      "metrics": [
        {
          "admission_treshold": 0,
          "algorithm": "g2clock",
          "byte_inserted": 674143,
          "byte_miss": 674143,
          "byte_read": 3169135,
          "byte_reinserted": 153279,
          "hit": 3169135,
          "inserted": 674143,
          "layer": 0,
          "miss_ratio": 0.1754083363212341,
          "reinserted": 153279,
          "req": 3843278
        }
      ],
      "miss_ratio": 0.1754083363212341,
      "req": 3843278
    }
  ],
  "trace": "tencentBlock.ns8648.oracleGeneral.zst"
}