{
  "dram_cache_size": 7,
  "flash_cache_size": 780,
  "results": [
    {
      "hit": 1507135,
      "iteration": 0,
      "metrics": [
        {
          "admission_treshold": 0,
          "algorithm": "g2clock",
          "byte_inserted": 511340,
          "byte_miss": 511340,
          "byte_read": 1507135,
          "byte_reinserted": 71353,
          "hit": 1507135,
          "inserted": 511340,
          "layer": 0,
          "miss_ratio": 0.253329865368657,
          "reinserted": 71353,
          "req": 2018475
        }
      ],
      "miss_ratio": 0.253329865368657,
      "req": 2018475
    }
  ],
  "trace": "tencentBlock.ns12982.oracleGeneral.zst"
}