{
  "dram_cache_size": 7,
  "flash_cache_size": 725,
  "results": [
    {
      "hit": 2384130,
      "iteration": 0,
      "metrics": [
        {
          "admission_treshold": 0,
          "algorithm": "gclock",
          "byte_inserted": 439034,
          "byte_miss": 439034,
          "byte_read": 2384130,
          "byte_reinserted": 173887,
          "hit": 2384130,
          "inserted": 439034,
          "layer": 0,
          "miss_ratio": 0.15551133409182039,
          "reinserted": 173887,
          "req": 2823164
        }
      ],
      "miss_ratio": 0.15551133409182039,
      "req": 2823164
    }
  ],
  "trace": "tencentBlock.ns18318.oracleGeneral.zst"
}