{
  "dram_cache_size": 22,
  "flash_cache_size": 2298,
  "results": [
    {
      "hit": 933899,
      "iteration": 0,
      "metrics": [
        {
          "admission_treshold": 0,
          "algorithm": "d3clock",
          "byte_inserted": 1132754,
          "byte_miss": 1132754,
          "byte_read": 933899,
          "byte_reinserted": 140398,
          "hit": 933899,
          "inserted": 1132754,
          "layer": 0,
          "miss_ratio": 0.5481103987945727,
          "reinserted": 140398,
          "req": 2066653
        }
      ],
      "miss_ratio": 0.5481103987945727,
      "req": 2066653
    }
  ],
  "trace": "tencentBlock.ns25415.oracleGeneral.zst"
}