{
  "dram_cache_size": 8,
  "flash_cache_size": 875,
  "results": [
    {
      "hit": 1354310,
      "iteration": 0,
      "metrics": [
        {
          "admission_treshold": 0,
          "algorithm": "qand-clock",
          "byte_inserted": 522733,
          "byte_miss": 522733,
          "byte_read": 1354310,
          "byte_reinserted": 26259,
          "hit": 1354310,
          "inserted": 522733,
          "layer": 0,
          "miss_ratio": 0.27848749336056766,
          "reinserted": 26259,
          "req": 1877043
        }
      ],
      "miss_ratio": 0.27848749336056766,
      "req": 1877043
    }
  ],
  "trace": "tencentBlock.ns12926.oracleGeneral.zst"
}