{
  "dram_cache_size": 14,
  "flash_cache_size": 1415,
  "results": [
    {
      "hit": 2648895,
      "iteration": 0,
      "metrics": [
        {
          "admission_treshold": 0,
          "algorithm": "s3fclock-sequential",
          "byte_inserted": 567289,
          "byte_miss": 567289,
          "byte_read": 2648895,
          "byte_reinserted": 119754,
          "hit": 2648895,
          "inserted": 567289,
          "layer": 0,
          "miss_ratio": 0.17638574161179832,
          "reinserted": 119754,
          "req": 3216184
        }
      ],
      "miss_ratio": 0.17638574161179832,
      "req": 3216184
    }
  ],
  "trace": "tencentBlock.ns10505.oracleGeneral.zst"
}