{
  "dram_cache_size": 0,
  "flash_cache_size": 12,
  "results": [
    {
      "hit": 849928,
      "iteration": 0,
      "metrics": [
        {
          "admission_treshold": 0,
          "algorithm": "dclock",
          "byte_inserted": 314617,
          "byte_miss": 314617,
          "byte_read": 849928,
          "byte_reinserted": 296565,
          "hit": 849928,
          "inserted": 314617,
          "layer": 0,
          "miss_ratio": 0.27016302504411593,
          "reinserted": 296565,
          "req": 1164545
        }
      ],
      "miss_ratio": 0.27016302504411593,
      "req": 1164545
    }
  ],
  "trace": "cf_allcolo.ns869.oracleGeneral.zst"
}