{
  "dram_cache_size": 94,
  "flash_cache_size": 9454,
  "results": [
    {
      "hit": 59847,
      "iteration": 0,
      "metrics": [
        {
          "admission_treshold": 0,
          "algorithm": "g2clock",
          "byte_inserted": 1254032,
          "byte_miss": 1254032,
          "byte_read": 59847,
          "byte_reinserted": 8492,
          "hit": 59847,
          "inserted": 1254032,
          "layer": 0,
          "miss_ratio": 0.954450143430255,
          "reinserted": 8492,
          "req": 1313879
        }
      ],
      "miss_ratio": 0.954450143430255,
      "req": 1313879
    }
  ],
  "trace": "cf_colo28.ns14142.oracleGeneral.zst"
}