{
  "dram_cache_size": 11,
  "flash_cache_size": 1155,
  "results": [
    {
      "hit": 1572822,
      "iteration": 0,
      "metrics": [
        {
          "admission_treshold": 0,
          "algorithm": "s3fclock-sequential",
          "byte_inserted": 1027178,
          "byte_miss": 1027178,
          "byte_read": 1572822,
          "byte_reinserted": 38724,
          "hit": 1572822,
          "inserted": 1027178,
          "layer": 0,
          "miss_ratio": 0.39506846153846154,
          "reinserted": 38724,
          "req": 2600000
        }
      ],
      "miss_ratio": 0.39506846153846154,
      "req": 2600000
    }
  ],
  "trace": "io_traces.ns337.oracleGeneral.zst"
}