{
  "dram_cache_size": 284,
  "flash_cache_size": 28490,
  "results": [
    {
      "hit": 24349329,
      "iteration": 0,
      "metrics": [
        {
          "admission_treshold": 0,
          "algorithm": "dclock",
          "byte_inserted": 26658819,
          "byte_miss": 26658819,
          "byte_read": 24349329,
          "byte_reinserted": 10414490,
          "hit": 24349329,
          "inserted": 26658819,
          "layer": 0,
          "miss_ratio": 0.5226384419995017,
          "reinserted": 10414490,
          "req": 51008148
        }
      ],
      "miss_ratio": 0.5226384419995017,
      "req": 51008148
    }
  ],
  "trace": "tencentBlock.ns11784.oracleGeneral.zst"
}