{
  "dram_cache_size": 41,
  "flash_cache_size": 4190,
  "results": [
    {
      "hit": 1668637,
      "iteration": 0,
      "metrics": [
        {
          "admission_treshold": 0,
          "algorithm": "time2-auto",
          "byte_inserted": 1232612,
          "byte_miss": 1232612,
          "byte_read": 1668637,
          "byte_reinserted": 241596,
          "hit": 1668637,
          "inserted": 1232612,
          "layer": 0,
          "miss_ratio": 0.42485563976066865,
          "reinserted": 241596,
          "req": 2901249
        }
      ],
      "miss_ratio": 0.42485563976066865,
      "req": 2901249
    }
  ],
  "trace": "tencentBlock.ns21084.oracleGeneral.zst"
}