{
  "dram_cache_size": 23,
  "flash_cache_size": 2304,
  "results": [
    {
      "hit": 1641935,
      "iteration": 0,
      "metrics": [
        {
          "admission_treshold": 0,
          "algorithm": "gclock",
          "byte_inserted": 667456,
          "byte_miss": 667456,
          "byte_read": 1641935,
          "byte_reinserted": 391520,
          "hit": 1641935,
          "inserted": 667456,
          "layer": 0,
          "miss_ratio": 0.2890181870458489,
          "reinserted": 391520,
          "req": 2309391
        }
      ],
      "miss_ratio": 0.2890181870458489,
      "req": 2309391
    }
  ],
  "trace": "tencentBlock.ns19309.oracleGeneral.zst"
}