{
  "dram_cache_size": 16,
  "flash_cache_size": 1600,
  "results": [
    {
      "hit": 591004,
      "iteration": 0,
      "metrics": [
        {
          "admission_treshold": 0,
          "algorithm": "d3clock",
          "byte_inserted": 644731,
          "byte_miss": 644731,
          "byte_read": 591004,
          "byte_reinserted": 44636,
          "hit": 591004,
          "inserted": 644731,
          "layer": 0,
          "miss_ratio": 0.5217388841458728,
          "reinserted": 44636,
          "req": 1235735
        }
      ],
      "miss_ratio": 0.5217388841458728,
      "req": 1235735
    }
  ],
  "trace": "tencentBlock.ns11375.oracleGeneral.zst"
}