{
  "dram_cache_size": 25,
  "flash_cache_size": 2513,
  "results": [
    {
      "hit": 452173,
      "iteration": 0,
      "metrics": [
        {
          "admission_treshold": 0,
          "algorithm": "g2clock",
          "byte_inserted": 592617,
          "byte_miss": 592617,
          "byte_read": 452173,
          "byte_reinserted": 23327,
          "hit": 452173,
          "inserted": 592617,
          "layer": 0,
          "miss_ratio": 0.5672115927602677,
          "reinserted": 23327,
          "req": 1044790
        }
      ],
      "miss_ratio": 0.5672115927602677,
      "req": 1044790
    }
  ],
  "trace": "tencentBlock.ns16715.oracleGeneral.zst"
}