{
  "dram_cache_size": 18,
  "flash_cache_size": 1824,
  "results": [
    {
      "hit": 611677,
      "iteration": 0,
      "metrics": [
        {
          "admission_treshold": 0,
          "algorithm": "t3auto",
          "byte_inserted": 1198382,
          "byte_miss": 1198382,
          "byte_read": 611677,
          "byte_reinserted": 54743,
          "hit": 611677,
          "inserted": 1198382,
          "layer": 0,
          "miss_ratio": 0.662067921542889,
          "reinserted": 54743,
          "req": 1810059
        }
      ],
      "miss_ratio": 0.662067921542889,
      "req": 1810059
    }
  ],
  "trace": "tencentBlock.ns15505.oracleGeneral.zst"
}