{
  "dram_cache_size": 55,
  "flash_cache_size": 5572,
  "results": [
    {
      "hit": 7076576,
      "iteration": 0,
      "metrics": [
        {
          "admission_treshold": 0,
          "algorithm": "q3auto",
          "byte_inserted": 5217135,
          "byte_miss": 5217135,
          "byte_read": 7076576,
          "byte_reinserted": 1647891,
          "hit": 7076576,
          "inserted": 5217135,
          "layer": 0,
          "miss_ratio": 0.4243742999977793,
          "reinserted": 1647891,
          "req": 12293711
        }
      ],
      "miss_ratio": 0.4243742999977793,
      "req": 12293711
    }
  ],
  "trace": "akamai_sjc.ns685.oracleGeneral.bin.zst"
}