{
  "dram_cache_size": 31,
  "flash_cache_size": 3113,
  "results": [
    {
      "hit": 846077,
      "iteration": 0,
      "metrics": [
        {
          "admission_treshold": 0,
          "algorithm": "g2clock",
          "byte_inserted": 593104,
          "byte_miss": 593104,
          "byte_read": 846077,
          "byte_reinserted": 33213,
          "hit": 846077,
          "inserted": 593104,
          "layer": 0,
          "miss_ratio": 0.4121121665725159,
          "reinserted": 33213,
          "req": 1439181
        }
      ],
      "miss_ratio": 0.4121121665725159,
      "req": 1439181
    }
  ],
  "trace": "cf_colo28.ns852.oracleGeneral.zst"
}