{
  "dram_cache_size": 867,
  "flash_cache_size": 86784,
  "results": [
    {
      "hit": 2812897,
      "iteration": 0,
      "metrics": [
        {
          "admission_treshold": 0,
          "algorithm": "g2clock",
          "byte_inserted": 11587103,
          "byte_miss": 11587103,
          "byte_read": 2812897,
          "byte_reinserted": 280368,
          "hit": 2812897,
          "inserted": 11587103,
          "layer": 0,
          "miss_ratio": 0.8046599305555555,
          "reinserted": 280368,
          "req": 14400000
        }
      ],
      "miss_ratio": 0.8046599305555555,
      "req": 14400000
    }
  ],
  "trace": "io_traces.ns28.oracleGeneral.zst"
}