{
  "dram_cache_size": 149,
  "flash_cache_size": 14985,
  "results": [
    {
      "hit": 27888559,
      "iteration": 0,
      "metrics": [
        {
          "admission_treshold": 0,
          "algorithm": "s3fclock-sequential",
          "byte_inserted": 6511441,
          "byte_miss": 6511441,
          "byte_read": 27888559,
          "byte_reinserted": 289848,
          "hit": 27888559,
          "inserted": 6511441,
          "layer": 0,
          "miss_ratio": 0.18928607558139532,
          "reinserted": 289848,
          "req": 34400000
        }
      ],
      "miss_ratio": 0.18928607558139532,
      "req": 34400000
    }
  ],
  "trace": "io_traces.ns193.oracleGeneral.zst"
}