{
  "dram_cache_size": 17,
  "flash_cache_size": 1759,
  "results": [
    {
      "hit": 953151,
      "iteration": 0,
      "metrics": [
        {
          "admission_treshold": 0,
          "algorithm": "tauto",
          "byte_inserted": 726468,
          "byte_miss": 726468,
          "byte_read": 953151,
          "byte_reinserted": 24341,
          "hit": 953151,
          "inserted": 726468,
          "layer": 0,
          "miss_ratio": 0.4325195178192197,
          "reinserted": 24341,
          "req": 1679619
        }
      ],
      "miss_ratio": 0.4325195178192197,
      "req": 1679619
    }
  ],
  "trace": "tencentBlock.ns21640.oracleGeneral.zst"
}