{
  "dram_cache_size": 9,
  "flash_cache_size": 963,
  "results": [
    {
      "hit": 2261960,
      "iteration": 0,
      "metrics": [
        {
          "admission_treshold": 0,
          "algorithm": "q2auto",
          "byte_inserted": 438392,
          "byte_miss": 438392,
          "byte_read": 2261960,
          "byte_reinserted": 137290,
          "hit": 2261960,
          "inserted": 438392,
          "layer": 0,
          "miss_ratio": 0.1623462422676747,
          "reinserted": 137290,
          "req": 2700352
        }
      ],
      "miss_ratio": 0.1623462422676747,
      "req": 2700352
    }
  ],
  "trace": "tencentBlock.ns8858.oracleGeneral.zst"
}