{
  "dram_cache_size": 12,
  "flash_cache_size": 1295,
  "results": [
    {
      "hit": 495251,
      "iteration": 0,
      "metrics": [
        {
          "admission_treshold": 0,
          "algorithm": "q-clock",
          "byte_inserted": 574298,
          "byte_miss": 574298,
          "byte_read": 495251,
          "byte_reinserted": 106745,
          "hit": 495251,
          "inserted": 574298,
          "layer": 0,
          "miss_ratio": 0.5369534261637382,
          "reinserted": 106745,
          "req": 1069549
        }
      ],
      "miss_ratio": 0.5369534261637382,
      "req": 1069549
    }
  ],
  "trace": "tencentBlock.ns18245.oracleGeneral.zst"
}