{
  "dram_cache_size": 39,
  "flash_cache_size": 3973,
  "results": [
    {
      "hit": 736062,
      "iteration": 0,
      "metrics": [
        {
          "admission_treshold": 0,
          "algorithm": "d3clock",
          "byte_inserted": 1085784,
          "byte_miss": 1085784,
          "byte_read": 736062,
          "byte_reinserted": 31027,
          "hit": 736062,
          "inserted": 1085784,
          "layer": 0,
          "miss_ratio": 0.5959801212616215,
          "reinserted": 31027,
          "req": 1821846
        }
      ],
      "miss_ratio": 0.5959801212616215,
      "req": 1821846
    }
  ],
  "trace": "tencentBlock.ns20930.oracleGeneral.zst"
}