{
  "dram_cache_size": 21,
  "flash_cache_size": 2170,
  "results": [
    {
      "hit": 537833,
      "iteration": 0,
      "metrics": [
        {
          "admission_treshold": 0,
          "algorithm": "clock",
          "byte_inserted": 718432,
          "byte_miss": 718432,
          "byte_read": 537833,
          "byte_reinserted": 220117,
          "hit": 537833,
          "inserted": 718432,
          "layer": 0,
          "miss_ratio": 0.5718793407441901,
          "reinserted": 220117,
          "req": 1256265
        }
      ],
      "miss_ratio": 0.5718793407441901,
      "req": 1256265
    }
  ],
  "trace": "tencentBlock.ns17052.oracleGeneral.zst"
}