{
  "dram_cache_size": 22,
  "flash_cache_size": 2266,
  "results": [
    {
      "hit": 2603051,
      "iteration": 0,
      "metrics": [
        {
          "admission_treshold": 0,
          "algorithm": "g2clock",
          "byte_inserted": 8896970,
          "byte_miss": 8896970,
          "byte_read": 2603051,
          "byte_reinserted": 1118026,
          "hit": 2603051,
          "inserted": 8896970,
          "layer": 0,
          "miss_ratio": 0.7736481524685912,
          "reinserted": 1118026,
          "req": 11500021
        }
      ],
      "miss_ratio": 0.7736481524685912,
      "req": 11500021
    }
  ],
  "trace": "tencentBlock.ns7782.oracleGeneral.zst"
}