{
  "dram_cache_size": 555,
  "flash_cache_size": 55587,
  "results": [
    {
      "hit": 328880,
      "iteration": 0,
      "metrics": [
        {
          "admission_treshold": 0,
          "algorithm": "g2clock",
          "byte_inserted": 33299877,
          "byte_miss": 33299877,
          "byte_read": 328880,
          "byte_reinserted": 215939,
          "hit": 328880,
          "inserted": 33299877,
          "layer": 0,
          "miss_ratio": 0.990220274867727,
          "reinserted": 215939,
          "req": 33628757
        }
      ],
      "miss_ratio": 0.990220274867727,
      "req": 33628757
    }
  ],
  "trace": "w15.oracleGeneral.bin.zst"
}