{
  "dram_cache_size": 130,
  "flash_cache_size": 13085,
  "results": [
    {
      "hit": 6404189,
      "iteration": 0,
      "metrics": [
        {
          "admission_treshold": 0,
          "algorithm": "qand-clock-v2",
          "byte_inserted": 6291773,
          "byte_miss": 6291773,
          "byte_read": 6404189,
          "byte_reinserted": 1881162,
          "hit": 6404189,
          "inserted": 6291773,
          "layer": 0,
          "miss_ratio": 0.4955727655769606,
          "reinserted": 1881162,
          "req": 12695962
        }
      ],
      "miss_ratio": 0.4955727655769606,
      "req": 12695962
    }
  ],
  "trace": "cf_allcolo.ns810.oracleGeneral.zst"
}