{
  "dram_cache_size": 47,
  "flash_cache_size": 4797,
  "results": [
    {
      "hit": 3014619,
      "iteration": 0,
      "metrics": [
        {
          "admission_treshold": 0,
          "algorithm": "gclock",
          "byte_inserted": 1307212,
          "byte_miss": 1307212,
          "byte_read": 3014619,
          "byte_reinserted": 480697,
          "hit": 3014619,
          "inserted": 1307212,
          "layer": 0,
          "miss_ratio": 0.3024671719000581,
          "reinserted": 480697,
          "req": 4321831
        }
      ],
      "miss_ratio": 0.3024671719000581,
      "req": 4321831
    }
  ],
  "trace": "tencentBlock.ns6390.oracleGeneral.zst"
}