{
  "dram_cache_size": 23,
  "flash_cache_size": 2320,
  "results": [
    {
      "hit": 2239976,
      "iteration": 0,
      "metrics": [
        {
          "admission_treshold": 0,
          "algorithm": "q2auto",
          "byte_inserted": 961478,
          "byte_miss": 961478,
          "byte_read": 2239976,
          "byte_reinserted": 93249,
          "hit": 2239976,
          "inserted": 961478,
          "layer": 0,
          "miss_ratio": 0.30032541463972307,
          "reinserted": 93249,
          "req": 3201454
        }
      ],
      "miss_ratio": 0.30032541463972307,
      "req": 3201454
    }
  ],
  "trace": "tencentBlock.ns8299.oracleGeneral.zst"
}