{
  "dram_cache_size": 53,
  "flash_cache_size": 5329,
  "results": [
    {
      "hit": 2923545,
      "iteration": 0,
      "metrics": [
        {
          "admission_treshold": 0,
          "algorithm": "t3auto",
          "byte_inserted": 1514439,
          "byte_miss": 1514439,
          "byte_read": 2923545,
          "byte_reinserted": 406035,
          "hit": 2923545,
          "inserted": 1514439,
          "layer": 0,
          "miss_ratio": 0.3412448084535681,
          "reinserted": 406035,
          "req": 4437984
        }
      ],
      "miss_ratio": 0.3412448084535681,
      "req": 4437984
    }
  ],
  "trace": "tencentBlock.ns12956.oracleGeneral.zst"
}