{
  "dram_cache_size": 4,
  "flash_cache_size": 454,
  "results": [
    {
      "hit": 1456607,
      "iteration": 0,
      "metrics": [
        {
          "admission_treshold": 0,
          "algorithm": "g2clock",
          "byte_inserted": 256952,
          "byte_miss": 256952,
          "byte_read": 1456607,
          "byte_reinserted": 292045,
          "hit": 1456607,
          "inserted": 256952,
          "layer": 0,
          "miss_ratio": 0.1499522339178283,
          "reinserted": 292045,
          "req": 1713559
        }
      ],
      "miss_ratio": 0.1499522339178283,
      "req": 1713559
    }
  ],
  "trace": "tencentBlock.ns10916.oracleGeneral.zst"
}