{
  "dram_cache_size": 4,
  "flash_cache_size": 463,
  "results": [
    {
      "hit": 1376531,
      "iteration": 0,
      "metrics": [
        {
          "admission_treshold": 0,
          "algorithm": "t7auto",
          "byte_inserted": 223618,
          "byte_miss": 223618,
          "byte_read": 1376531,
          "byte_reinserted": 60875,
          "hit": 1376531,
          "inserted": 223618,
          "layer": 0,
          "miss_ratio": 0.13974823594552754,
          "reinserted": 60875,
          "req": 1600149
        }
      ],
      "miss_ratio": 0.13974823594552754,
      "req": 1600149
    }
  ],
  "trace": "tencentBlock.ns1706.oracleGeneral.zst"
}