{
  "dram_cache_size": 71,
  "flash_cache_size": 7125,
  "results": [
    {
      "hit": 4670136,
      "iteration": 0,
      "metrics": [
        {
          "admission_treshold": 0,
          "algorithm": "g2clock",
          "byte_inserted": 2052353,
          "byte_miss": 2052353,
          "byte_read": 4670136,
          "byte_reinserted": 1400358,
          "hit": 4670136,
          "inserted": 2052353,
          "layer": 0,
          "miss_ratio": 0.30529659475828075,
          "reinserted": 1400358,
          "req": 6722489
        }
      ],
      "miss_ratio": 0.30529659475828075,
      "req": 6722489
    }
  ],
  "trace": "tencentBlock.ns22752.oracleGeneral.zst"
}