{
  "dram_cache_size": 1,
  "flash_cache_size": 135,
  "results": [
    {
      "hit": 1745636,
      "iteration": 0,
      "metrics": [
        {
          "admission_treshold": 0,
          "algorithm": "gclock",
          "byte_inserted": 23837,
          "byte_miss": 23837,
          "byte_read": 1745636,
          "byte_reinserted": 67846,
          "hit": 1745636,
          "inserted": 23837,
          "layer": 0,
          "miss_ratio": 0.01347124256770238,
          "reinserted": 67846,
          "req": 1769473
        }
      ],
      "miss_ratio": 0.01347124256770238,
      "req": 1769473
    }
  ],
  "trace": "cf_colo28.ns209.oracleGeneral.zst"
}