{
  "dram_cache_size": 165,
  "flash_cache_size": 16589,
  "results": [
    {
      "hit": 30383509,
      "iteration": 0,
      "metrics": [
        {
          "admission_treshold": 0,
          "algorithm": "g2clock",
          "byte_inserted": 6416491,
          "byte_miss": 6416491,
          "byte_read": 30383509,
          "byte_reinserted": 713719,
          "hit": 30383509,
          "inserted": 6416491,
          "layer": 0,
          "miss_ratio": 0.1743611684782609,
          "reinserted": 713719,
          "req": 36800000
        }
      ],
      "miss_ratio": 0.1743611684782609,
      "req": 36800000
    }
  ],
  "trace": "io_traces.ns135.oracleGeneral.zst"
}