{
  "dram_cache_size": 229,
  "flash_cache_size": 22988,
  "results": [
    {
      "hit": 131125984,
      "iteration": 0,
      "metrics": [
        {
          "admission_treshold": 0,
          "algorithm": "g2clock",
          "byte_inserted": 20267284,
          "byte_miss": 20267284,
          "byte_read": 131125984,
          "byte_reinserted": 6399518,
          "hit": 131125984,
          "inserted": 20267284,
          "layer": 0,
          "miss_ratio": 0.13387176502458487,
          "reinserted": 6399518,
          "req": 151393268
        }
      ],
      "miss_ratio": 0.13387176502458487,
      "req": 151393268
    }
  ],
  "trace": "simclusters_v2_entity_summingbird_scores_cache.0.oracleGeneral.sample10.zst"
}