{
  "dram_cache_size": 16,
  "flash_cache_size": 1694,
  "results": [
    {
      "hit": 592871,
      "iteration": 0,
      "metrics": [
        {
          "admission_treshold": 0,
          "algorithm": "dclock",
          "byte_inserted": 725092,
          "byte_miss": 725092,
          "byte_read": 592871,
          "byte_reinserted": 55727,
          "hit": 592871,
          "inserted": 725092,
          "layer": 0,
          "miss_ratio": 0.5501611198493432,
          "reinserted": 55727,
          "req": 1317963
        }
      ],
      "miss_ratio": 0.5501611198493432,
      "req": 1317963
    }
  ],
  "trace": "tencentBlock.ns10879.oracleGeneral.zst"
}