{
  "dram_cache_size": 105,
  "flash_cache_size": 10563,
  "results": [
    {
      "hit": 9540661,
      "iteration": 0,
      "metrics": [
        {
          "admission_treshold": 0,
          "algorithm": "dclock",
          "byte_inserted": 6110500,
          "byte_miss": 6110500,
          "byte_read": 9540661,
          "byte_reinserted": 6407882,
          "hit": 9540661,
          "inserted": 6110500,
          "layer": 0,
          "miss_ratio": 0.3904183210434038,
          "reinserted": 6407882,
          "req": 15651161
        }
      ],
      "miss_ratio": 0.3904183210434038,
      "req": 15651161
    }
  ],
  "trace": "tencentBlock.ns4323.oracleGeneral.zst"
}