{
  "dram_cache_size": 11,
  "flash_cache_size": 1130,
  "results": [
    {
      "hit": 2578256,
      "iteration": 0,
      "metrics": [
        {
          "admission_treshold": 0,
          "algorithm": "g2clock",
          "byte_inserted": 429743,
          "byte_miss": 429743,
          "byte_read": 2578256,
          "byte_reinserted": 209485,
          "hit": 2578256,
          "inserted": 429743,
          "layer": 0,
          "miss_ratio": 0.14286673632537772,
          "reinserted": 209485,
          "req": 3007999
        }
      ],
      "miss_ratio": 0.14286673632537772,
      "req": 3007999
    }
  ],
  "trace": "tencentBlock.ns16141.oracleGeneral.zst"
}