{
  "dram_cache_size": 93,
  "flash_cache_size": 9383,
  "results": [
    {
      "hit": 2310155,
      "iteration": 0,
      "metrics": [
        {
          "admission_treshold": 0,
          "algorithm": "g2clock",
          "byte_inserted": 1053657,
          "byte_miss": 1053657,
          "byte_read": 2310155,
          "byte_reinserted": 91841,
          "hit": 2310155,
          "inserted": 1053657,
          "layer": 0,
          "miss_ratio": 0.3132330225351476,
          "reinserted": 91841,
          "req": 3363812
        }
      ],
      "miss_ratio": 0.3132330225351476,
      "req": 3363812
    }
  ],
  "trace": "tencentBlock.ns6678.oracleGeneral.zst"
}