{
  "dram_cache_size": 24,
  "flash_cache_size": 2404,
  "results": [
    {
      "hit": 1321894,
      "iteration": 0,
      "metrics": [
        {
          "admission_treshold": 0,
          "algorithm": "tauto",
          "byte_inserted": 924292,
          "byte_miss": 924292,
          "byte_read": 1321894,
          "byte_reinserted": 72384,
          "hit": 1321894,
          "inserted": 924292,
          "layer": 0,
          "miss_ratio": 0.41149397244929853,
          "reinserted": 72384,
          "req": 2246186
        }
      ],
      "miss_ratio": 0.41149397244929853,
      "req": 2246186
    }
  ],
  "trace": "tencentBlock.ns22724.oracleGeneral.zst"
}