{
  "dram_cache_size": 31,
  "flash_cache_size": 3105,
  "results": [
    {
      "hit": 25919428,
      "iteration": 0,
      "metrics": [
        {
          "admission_treshold": 0,
          "algorithm": "s3fclock-sequential",
          "byte_inserted": 6158074,
          "byte_miss": 6158074,
          "byte_read": 25919428,
          "byte_reinserted": 1804469,
          "hit": 25919428,
          "inserted": 6158074,
          "layer": 0,
          "miss_ratio": 0.19197486138415643,
          "reinserted": 1804469,
          "req": 32077502
        }
      ],
      "miss_ratio": 0.19197486138415643,
      "req": 32077502
    }
  ],
  "trace": "tencentBlock.ns2115.oracleGeneral.zst"
}