{
  "dram_cache_size": 17,
  "flash_cache_size": 1704,
  "results": [
    {
      "hit": 981871,
      "iteration": 0,
      "metrics": [
        {
          "admission_treshold": 0,
          "algorithm": "gclock",
          "byte_inserted": 324258,
          "byte_miss": 324258,
          "byte_read": 981871,
          "byte_reinserted": 166816,
          "hit": 981871,
          "inserted": 324258,
          "layer": 0,
          "miss_ratio": 0.24825878607702612,
          "reinserted": 166816,
          "req": 1306129
        }
      ],
      "miss_ratio": 0.24825878607702612,
      "req": 1306129
    }
  ],
  "trace": "cf_allcolo.ns6724.oracleGeneral.zst"
}