{
  "dram_cache_size": 76,
  "flash_cache_size": 7632,
  "results": [
    {
      "hit": 172924738,
      "iteration": 0,
      "metrics": [
        {
          "admission_treshold": 0,
          "algorithm": "clock",
          "byte_inserted": 61554596,
          "byte_miss": 61554596,
          "byte_read": 172924738,
          "byte_reinserted": 144800927,
          "hit": 172924738,
          "inserted": 61554596,
          "layer": 0,
          "miss_ratio": 0.26251608169443197,
          "reinserted": 144800927,
          "req": 234479334
        }
      ],
      "miss_ratio": 0.26251608169443197,
      "req": 234479334
    }
  ],
  "trace": "ntab_device_follow_tweet_hydration_cache.1.oracleGeneral.sample10.zst"
}