{
  "dram_cache_size": 23,
  "flash_cache_size": 2378,
  "results": [
    {
      "hit": 2678777,
      "iteration": 0,
      "metrics": [
        {
          "admission_treshold": 0,
          "algorithm": "q2auto",
          "byte_inserted": 6939354,
          "byte_miss": 6939354,
          "byte_read": 2678777,
          "byte_reinserted": 193161,
          "hit": 2678777,
          "inserted": 6939354,
          "layer": 0,
          "miss_ratio": 0.7214867420707828,
          "reinserted": 193161,
          "req": 9618131
        }
      ],
      "miss_ratio": 0.7214867420707828,
      "req": 9618131
    }
  ],
  "trace": "tencentBlock.ns11439.oracleGeneral.zst"
}