{
  "dram_cache_size": 16,
  "flash_cache_size": 1632,
  "results": [
    {
      "hit": 1020857,
      "iteration": 0,
      "metrics": [
        {
          "admission_treshold": 0,
          "algorithm": "gclock",
          "byte_inserted": 1304477,
          "byte_miss": 1304477,
          "byte_read": 1020857,
          "byte_reinserted": 96607,
          "hit": 1020857,
          "inserted": 1304477,
          "layer": 0,
          "miss_ratio": 0.5609847875617009,
          "reinserted": 96607,
          "req": 2325334
        }
      ],
      "miss_ratio": 0.5609847875617009,
      "req": 2325334
    }
  ],
  "trace": "tencentBlock.ns12715.oracleGeneral.zst"
}