{
  "dram_cache_size": 75,
  "flash_cache_size": 7500,
  "results": [
    {
      "hit": 6085705,
      "iteration": 0,
      "metrics": [
        {
          "admission_treshold": 0,
          "algorithm": "gclock",
          "byte_inserted": 4965993,
          "byte_miss": 4965993,
          "byte_read": 6085705,
          "byte_reinserted": 1322829,
          "hit": 6085705,
          "inserted": 4965993,
          "layer": 0,
          "miss_ratio": 0.4493420829993726,
          "reinserted": 1322829,
          "req": 11051698
        }
      ],
      "miss_ratio": 0.4493420829993726,
      "req": 11051698
    }
  ],
  "trace": "tencentBlock.ns15678.oracleGeneral.zst"
}