{
  "dram_cache_size": 75,
  "flash_cache_size": 7567,
  "results": [
    {
      "hit": 844775,
      "iteration": 0,
      "metrics": [
        {
          "admission_treshold": 0,
          "algorithm": "g2clock",
          "byte_inserted": 1247347,
          "byte_miss": 1247347,
          "byte_read": 844775,
          "byte_reinserted": 52718,
          "hit": 844775,
          "inserted": 1247347,
          "layer": 0,
          "miss_ratio": 0.5962114064093776,
          "reinserted": 52718,
          "req": 2092122
        }
      ],
      "miss_ratio": 0.5962114064093776,
      "req": 2092122
    }
  ],
  "trace": "tencentBlock.ns21176.oracleGeneral.zst"
}