{
  "dram_cache_size": 49,
  "flash_cache_size": 4983,
  "results": [
    {
      "hit": 3159292,
      "iteration": 0,
      "metrics": [
        {
          "admission_treshold": 0,
          "algorithm": "gclock",
          "byte_inserted": 1356906,
          "byte_miss": 1356906,
          "byte_read": 3159292,
          "byte_reinserted": 1669293,
          "hit": 3159292,
          "inserted": 1356906,
          "layer": 0,
          "miss_ratio": 0.30045316879375084,
          "reinserted": 1669293,
          "req": 4516198
        }
      ],
      "miss_ratio": 0.30045316879375084,
      "req": 4516198
    }
  ],
  "trace": "tencentBlock.ns15083.oracleGeneral.zst"
}