{
  "dram_cache_size": 23,
  "flash_cache_size": 2355,
  "results": [
    {
      "hit": 1858409,
      "iteration": 0,
      "metrics": [
        {
          "admission_treshold": 0,
          "algorithm": "qand-clock-v2",
          "byte_inserted": 270412,
          "byte_miss": 270412,
          "byte_read": 1858409,
          "byte_reinserted": 83908,
          "hit": 1858409,
          "inserted": 270412,
          "layer": 0,
          "miss_ratio": 0.12702430124467956,
          "reinserted": 83908,
          "req": 2128821
        }
      ],
      "miss_ratio": 0.12702430124467956,
      "req": 2128821
    }
  ],
  "trace": "akamai_lax.ns784.oracleGeneral.bin.zst"
}