{
  "dram_cache_size": 27,
  "flash_cache_size": 2760,
  "results": [
    {
      "hit": 251407805,
      "iteration": 0,
      "metrics": [
        {
          "admission_treshold": 0,
          "algorithm": "lru",
          "byte_inserted": 1808915,
          "byte_miss": 1808915,
          "byte_read": 251407805,
          "byte_reinserted": 251407805,
          "hit": 251407805,
          "inserted": 1808915,
          "layer": 0,
          "miss_ratio": 0.0071437423247564524,
          "reinserted": 251407805,
          "req": 253216720
        }
      ],
      "miss_ratio": 0.0071437423247564524,
      "req": 253216720
    }
  ],
  "trace": "cf_allcolo.ns111.oracleGeneral.zst"
}