{
  "dram_cache_size": 0,
  "flash_cache_size": 86,
  "results": [
    {
      "hit": 1598434,
      "iteration": 0,
      "metrics": [
        {
          "admission_treshold": 0,
          "algorithm": "t6auto",
          "byte_inserted": 11236,
          "byte_miss": 11236,
          "byte_read": 1598434,
          "byte_reinserted": 9434,
          "hit": 1598434,
          "inserted": 11236,
          "layer": 0,
          "miss_ratio": 0.0069803127349084,
          "reinserted": 9434,
          "req": 1609670
        }
      ],
      "miss_ratio": 0.0069803127349084,
      "req": 1609670
    }
  ],
  "trace": "cf_colo28.ns19006.oracleGeneral.zst"
}