{
  "dram_cache_size": 105,
  "flash_cache_size": 10555,
  "results": [
    {
      "hit": 242789864,
      "iteration": 0,
      "metrics": [
        {
          "admission_treshold": 0,
          "algorithm": "sxfifo",
          "byte_inserted": 30961116,
          "byte_miss": 30961116,
          "byte_read": 242789864,
          "byte_reinserted": 26206152,
          "hit": 242789864,
          "inserted": 30961116,
          "layer": 0,
          "miss_ratio": 0.11309956223718354,
          "reinserted": 26206152,
          "req": 273750980
        }
      ],
      "miss_ratio": 0.11309956223718354,
      "req": 273750980
    }
  ],
  "trace": "publisher_insights_followers_cache.0.oracleGeneral.sample10.zst"
}