{
  "dram_cache_size": 229,
  "flash_cache_size": 22997,
  "results": [
    {
      "hit": 24081045,
      "iteration": 0,
      "metrics": [
        {
          "admission_treshold": 0,
          "algorithm": "g2clock",
          "byte_inserted": 29801096,
          "byte_miss": 29801096,
          "byte_read": 24081045,
          "byte_reinserted": 14596522,
          "hit": 24081045,
          "inserted": 29801096,
          "layer": 0,
          "miss_ratio": 0.5530792846557453,
          "reinserted": 14596522,
          "req": 53882141
        }
      ],
      "miss_ratio": 0.5530792846557453,
      "req": 53882141
    }
  ],
  "trace": "tencentBlock.ns3443.oracleGeneral.zst"
}