{
  "dram_cache_size": 30,
  "flash_cache_size": 3006,
  "results": [
    {
      "hit": 1188554,
      "iteration": 0,
      "metrics": [
        {
          "admission_treshold": 0,
          "algorithm": "sxfifo",
          "byte_inserted": 905519,
          "byte_miss": 905519,
          "byte_read": 1188554,
          "byte_reinserted": 196417,
          "hit": 1188554,
          "inserted": 905519,
          "layer": 0,
          "miss_ratio": 0.4324199777180643,
          "reinserted": 196417,
          "req": 2094073
        }
      ],
      "miss_ratio": 0.4324199777180643,
      "req": 2094073
    }
  ],
  "trace": "tencentBlock.ns19302.oracleGeneral.zst"
}