{
  "dram_cache_size": 426,
  "flash_cache_size": 42605,
  "results": [
    {
      "hit": 5151467,
      "iteration": 0,
      "metrics": [
        {
          "admission_treshold": 0,
          "algorithm": "d3clock",
          "byte_inserted": 4451200,
          "byte_miss": 4451200,
          "byte_read": 5151467,
          "byte_reinserted": 144886,
          "hit": 5151467,
          "inserted": 4451200,
          "layer": 0,
          "miss_ratio": 0.4635378900465881,
          "reinserted": 144886,
          "req": 9602667
        }
      ],
      "miss_ratio": 0.4635378900465881,
      "req": 9602667
    }
  ],
  "trace": "twemcache_video_spam_cache.0.oracleGeneral.sample10.zst"
}