{
  "dram_cache_size": 0,
  "flash_cache_size": 20,
  "results": [
    {
      "hit": 2005443,
      "iteration": 0,
      "metrics": [
        {
          "admission_treshold": 0,
          "algorithm": "t7auto",
          "byte_inserted": 2330077,
          "byte_miss": 2330077,
          "byte_read": 2005443,
          "byte_reinserted": 833594,
          "hit": 2005443,
          "inserted": 2330077,
          "layer": 0,
          "miss_ratio": 0.5374388769974536,
          "reinserted": 833594,
          "req": 4335520
        }
      ],
      "miss_ratio": 0.5374388769974536,
      "req": 4335520
    }
  ],
  "trace": "cf_allcolo.ns644.oracleGeneral.zst"
}