{
  "dram_cache_size": 64,
  "flash_cache_size": 6469,
  "results": [
    {
      "hit": 3058540,
      "iteration": 0,
      "metrics": [
        {
          "admission_treshold": 0,
          "algorithm": "g2clock",
          "byte_inserted": 920329,
          "byte_miss": 920329,
          "byte_read": 3058540,
          "byte_reinserted": 1008079,
          "hit": 3058540,
          "inserted": 920329,
          "layer": 0,
          "miss_ratio": 0.2313041721152418,
          "reinserted": 1008079,
          "req": 3978869
        }
      ],
      "miss_ratio": 0.2313041721152418,
      "req": 3978869
    }
  ],
  "trace": "cf_allcolo.ns680.oracleGeneral.zst"
}