{
  "dram_cache_size": 207336,
  "flash_cache_size": 20733608,
  "results": [
    {
      "hit": 8140023816,
      "iteration": 0,
      "metrics": [
        {
          "admission_treshold": 0,
          "algorithm": "dclock",
          "byte_inserted": 2318422532,
          "byte_miss": 2318422532,
          "byte_read": 8140023816,
          "byte_reinserted": 676119508,
          "hit": 8140023816,
          "inserted": 2318422532,
          "layer": 0,
          "miss_ratio": 0.22167944022042618,
          "reinserted": 676119508,
          "req": 10458446348
        }
      ],
      "miss_ratio": 0.22167944022042618,
      "req": 10458446348
    }
  ],
  "trace": "cluster5.oracleGeneral.zst"
}