{
  "dram_cache_size": 65,
  "flash_cache_size": 6563,
  "results": [
    {
      "hit": 4742657,
      "iteration": 0,
      "metrics": [
        {
          "admission_treshold": 0,
          "algorithm": "sxfifo",
          "byte_inserted": 7631929,
          "byte_miss": 7631929,
          "byte_read": 4742657,
          "byte_reinserted": 108677,
          "hit": 4742657,
          "inserted": 7631929,
          "layer": 0,
          "miss_ratio": 0.6167421681824345,
          "reinserted": 108677,
          "req": 12374586
        }
      ],
      "miss_ratio": 0.6167421681824345,
      "req": 12374586
    }
  ],
  "trace": "tencentBlock.ns3113.oracleGeneral.zst"
}