{
  "dram_cache_size": 14,
  "flash_cache_size": 1474,
  "results": [
    {
      "hit": 1959537,
      "iteration": 0,
      "metrics": [
        {
          "admission_treshold": 0,
          "algorithm": "gclock",
          "byte_inserted": 814495,
          "byte_miss": 814495,
          "byte_read": 1959537,
          "byte_reinserted": 270528,
          "hit": 1959537,
          "inserted": 814495,
          "layer": 0,
          "miss_ratio": 0.29361413278577897,
          "reinserted": 270528,
          "req": 2774032
        }
      ],
      "miss_ratio": 0.29361413278577897,
      "req": 2774032
    }
  ],
  "trace": "tencentBlock.ns12006.oracleGeneral.zst"
}