{
  "dram_cache_size": 14,
  "flash_cache_size": 1495,
  "results": [
    {
      "hit": 632407,
      "iteration": 0,
      "metrics": [
        {
          "admission_treshold": 0,
          "algorithm": "g2clock",
          "byte_inserted": 648753,
          "byte_miss": 648753,
          "byte_read": 632407,
          "byte_reinserted": 201117,
          "hit": 632407,
          "inserted": 648753,
          "layer": 0,
          "miss_ratio": 0.5063793749414593,
          "reinserted": 201117,
          "req": 1281160
        }
      ],
      "miss_ratio": 0.5063793749414593,
      "req": 1281160
    }
  ],
  "trace": "tencentBlock.ns15438.oracleGeneral.zst"
}