{
  "dram_cache_size": 3,
  "flash_cache_size": 381,
  "results": [
    {
      "hit": 1751476,
      "iteration": 0,
      "metrics": [
        {
          "admission_treshold": 0,
          "algorithm": "gclock",
          "byte_inserted": 120442,
          "byte_miss": 120442,
          "byte_read": 1751476,
          "byte_reinserted": 11177,
          "hit": 1751476,
          "inserted": 120442,
          "layer": 0,
          "miss_ratio": 0.06434149359106545,
          "reinserted": 11177,
          "req": 1871918
        }
      ],
      "miss_ratio": 0.06434149359106545,
      "req": 1871918
    }
  ],
  "trace": "tencentBlock.ns17945.oracleGeneral.zst"
}