{
  "dram_cache_size": 18,
  "flash_cache_size": 1827,
  "results": [
    {
      "hit": 2695747,
      "iteration": 0,
      "metrics": [
        {
          "admission_treshold": 0,
          "algorithm": "s3fclock-sequential",
          "byte_inserted": 1077418,
          "byte_miss": 1077418,
          "byte_read": 2695747,
          "byte_reinserted": 61752,
          "hit": 2695747,
          "inserted": 1077418,
          "layer": 0,
          "miss_ratio": 0.28554754430299234,
          "reinserted": 61752,
          "req": 3773165
        }
      ],
      "miss_ratio": 0.28554754430299234,
      "req": 3773165
    }
  ],
  "trace": "tencentBlock.ns9544.oracleGeneral.zst"
}