{
  "dram_cache_size": 27,
  "flash_cache_size": 2701,
  "results": [
    {
      "hit": 1253498,
      "iteration": 0,
      "metrics": [
        {
          "admission_treshold": 0,
          "algorithm": "g2clock",
          "byte_inserted": 794101,
          "byte_miss": 794101,
          "byte_read": 1253498,
          "byte_reinserted": 492595,
          "hit": 1253498,
          "inserted": 794101,
          "layer": 0,
          "miss_ratio": 0.3878205644757592,
          "reinserted": 492595,
          "req": 2047599
        }
      ],
      "miss_ratio": 0.3878205644757592,
      "req": 2047599
    }
  ],
  "trace": "tencentBlock.ns3378.oracleGeneral.zst"
}