{
  "dram_cache_size": 32,
  "flash_cache_size": 3206,
  "results": [
    {
      "hit": 2527844,
      "iteration": 0,
      "metrics": [
        {
          "admission_treshold": 0,
          "algorithm": "qand-clock-v2",
          "byte_inserted": 1095993,
          "byte_miss": 1095993,
          "byte_read": 2527844,
          "byte_reinserted": 90639,
          "hit": 2527844,
          "inserted": 1095993,
          "layer": 0,
          "miss_ratio": 0.3024399276236762,
          "reinserted": 90639,
          "req": 3623837
        }
      ],
      "miss_ratio": 0.3024399276236762,
      "req": 3623837
    }
  ],
  "trace": "tencentBlock.ns15653.oracleGeneral.zst"
}