{
  "dram_cache_size": 22,
  "flash_cache_size": 2292,
  "results": [
    {
      "hit": 1519890,
      "iteration": 0,
      "metrics": [
        {
          "admission_treshold": 0,
          "algorithm": "d3clock",
          "byte_inserted": 610923,
          "byte_miss": 610923,
          "byte_read": 1519890,
          "byte_reinserted": 351827,
          "hit": 1519890,
          "inserted": 610923,
          "layer": 0,
          "miss_ratio": 0.28670887590792815,
          "reinserted": 351827,
          "req": 2130813
        }
      ],
      "miss_ratio": 0.28670887590792815,
      "req": 2130813
    }
  ],
  "trace": "tencentBlock.ns12533.oracleGeneral.zst"
}