{
  "dram_cache_size": 7,
  "flash_cache_size": 750,
  "results": [
    {
      "hit": 2182161,
      "iteration": 0,
      "metrics": [
        {
          "admission_treshold": 0,
          "algorithm": "dclock",
          "byte_inserted": 322633,
          "byte_miss": 322633,
          "byte_read": 2182161,
          "byte_reinserted": 1098606,
          "hit": 2182161,
          "inserted": 322633,
          "layer": 0,
          "miss_ratio": 0.12880620122852415,
          "reinserted": 1098606,
          "req": 2504794
        }
      ],
      "miss_ratio": 0.12880620122852415,
      "req": 2504794
    }
  ],
  "trace": "tencentBlock.ns10266.oracleGeneral.zst"
}