{
  "dram_cache_size": 63,
  "flash_cache_size": 6321,
  "results": [
    {
      "hit": 4612245,
      "iteration": 0,
      "metrics": [
        {
          "admission_treshold": 0,
          "algorithm": "dclock",
          "byte_inserted": 1990215,
          "byte_miss": 1990215,
          "byte_read": 4612245,
          "byte_reinserted": 1476834,
          "hit": 4612245,
          "inserted": 1990215,
          "layer": 0,
          "miss_ratio": 0.30143537408783994,
          "reinserted": 1476834,
          "req": 6602460
        }
      ],
      "miss_ratio": 0.30143537408783994,
      "req": 6602460
    }
  ],
  "trace": "akamai_sjc.ns109.oracleGeneral.bin.zst"
}