{
  "dram_cache_size": 19,
  "flash_cache_size": 1906,
  "results": [
    {
      "hit": 1825730,
      "iteration": 0,
      "metrics": [
        {
          "admission_treshold": 0,
          "algorithm": "g2clock",
          "byte_inserted": 2456971,
          "byte_miss": 2456971,
          "byte_read": 1825730,
          "byte_reinserted": 749896,
          "hit": 1825730,
          "inserted": 2456971,
          "layer": 0,
          "miss_ratio": 0.5736965994123802,
          "reinserted": 749896,
          "req": 4282701
        }
      ],
      "miss_ratio": 0.5736965994123802,
      "req": 4282701
    }
  ],
  "trace": "cf_allcolo.ns2893.oracleGeneral.zst"
}