{
  "dram_cache_size": 22,
  "flash_cache_size": 2234,
  "results": [
    {
      "hit": 4736893,
      "iteration": 0,
      "metrics": [
        {
          "admission_treshold": 0,
          "algorithm": "d3clock",
          "byte_inserted": 1646047,
          "byte_miss": 1646047,
          "byte_read": 4736893,
          "byte_reinserted": 638184,
          "hit": 4736893,
          "inserted": 1646047,
          "layer": 0,
          "miss_ratio": 0.25788226115238433,
          "reinserted": 638184,
          "req": 6382940
        }
      ],
      "miss_ratio": 0.25788226115238433,
      "req": 6382940
    }
  ],
  "trace": "cf_colo28.ns693.oracleGeneral.zst"
}