{
  "dram_cache_size": 23,
  "flash_cache_size": 2326,
  "results": [
    {
      "hit": 1577584,
      "iteration": 0,
      "metrics": [
        {
          "admission_treshold": 0,
          "algorithm": "qauto",
          "byte_inserted": 964412,
          "byte_miss": 964412,
          "byte_read": 1577584,
          "byte_reinserted": 170800,
          "hit": 1577584,
          "inserted": 964412,
          "layer": 0,
          "miss_ratio": 0.3793916276815542,
          "reinserted": 170800,
          "req": 2541996
        }
      ],
      "miss_ratio": 0.3793916276815542,
      "req": 2541996
    }
  ],
  "trace": "tencentBlock.ns17867.oracleGeneral.zst"
}