{
  "dram_cache_size": 37,
  "flash_cache_size": 3726,
  "results": [
    {
      "hit": 1609360,
      "iteration": 0,
      "metrics": [
        {
          "admission_treshold": 0,
          "algorithm": "qauto",
          "byte_inserted": 851210,
          "byte_miss": 851210,
          "byte_read": 1609360,
          "byte_reinserted": 241042,
          "hit": 1609360,
          "inserted": 851210,
          "layer": 0,
          "miss_ratio": 0.3459401683349793,
          "reinserted": 241042,
          "req": 2460570
        }
      ],
      "miss_ratio": 0.3459401683349793,
      "req": 2460570
    }
  ],
  "trace": "tencentBlock.ns25013.oracleGeneral.zst"
}