{
  "dram_cache_size": 55,
  "flash_cache_size": 5571,
  "results": [
    {
      "hit": 3096844,
      "iteration": 0,
      "metrics": [
        {
          "admission_treshold": 0,
          "algorithm": "time-auto",
          "byte_inserted": 1734391,
          "byte_miss": 1734391,
          "byte_read": 3096844,
          "byte_reinserted": 787754,
          "hit": 3096844,
          "inserted": 1734391,
          "layer": 0,
          "miss_ratio": 0.3589953707488872,
          "reinserted": 787754,
          "req": 4831235
        }
      ],
      "miss_ratio": 0.3589953707488872,
      "req": 4831235
    }
  ],
  "trace": "tencentBlock.ns13461.oracleGeneral.zst"
}