{
  "dram_cache_size": 16,
  "flash_cache_size": 1610,
  "results": [
    {
      "hit": 1981187,
      "iteration": 0,
      "metrics": [
        {
          "admission_treshold": 0,
          "algorithm": "s3fclock-sequential",
          "byte_inserted": 3263692,
          "byte_miss": 3263692,
          "byte_read": 1981187,
          "byte_reinserted": 123149,
          "hit": 1981187,
          "inserted": 3263692,
          "layer": 0,
          "miss_ratio": 0.6222625917585516,
          "reinserted": 123149,
          "req": 5244879
        }
      ],
      "miss_ratio": 0.6222625917585516,
      "req": 5244879
    }
  ],
  "trace": "tencentBlock.ns12899.oracleGeneral.zst"
}