{
  "dram_cache_size": 37,
  "flash_cache_size": 3757,
  "results": [
    {
      "hit": 2508177,
      "iteration": 0,
      "metrics": [
        {
          "admission_treshold": 0,
          "algorithm": "gclock",
          "byte_inserted": 915550,
          "byte_miss": 915550,
          "byte_read": 2508177,
          "byte_reinserted": 495990,
          "hit": 2508177,
          "inserted": 915550,
          "layer": 0,
          "miss_ratio": 0.2674132604614795,
          "reinserted": 495990,
          "req": 3423727
        }
      ],
      "miss_ratio": 0.2674132604614795,
      "req": 3423727
    }
  ],
  "trace": "tencentBlock.ns23204.oracleGeneral.zst"
}