{
  "dram_cache_size": 12,
  "flash_cache_size": 1271,
  "results": [
    {
      "hit": 1376645,
      "iteration": 0,
      "metrics": [
        {
          "admission_treshold": 0,
          "algorithm": "dclock",
          "byte_inserted": 804951,
          "byte_miss": 804951,
          "byte_read": 1376645,
          "byte_reinserted": 459900,
          "hit": 1376645,
          "inserted": 804951,
          "layer": 0,
          "miss_ratio": 0.3689734487962024,
          "reinserted": 459900,
          "req": 2181596
        }
      ],
      "miss_ratio": 0.3689734487962024,
      "req": 2181596
    }
  ],
  "trace": "tencentBlock.ns8804.oracleGeneral.zst"
}