{
  "dram_cache_size": 38,
  "flash_cache_size": 3811,
  "results": [
    {
      "hit": 2206201,
      "iteration": 0,
      "metrics": [
        {
          "admission_treshold": 0,
          "algorithm": "s3fclock-sequential",
          "byte_inserted": 1155413,
          "byte_miss": 1155413,
          "byte_read": 2206201,
          "byte_reinserted": 516044,
          "hit": 2206201,
          "inserted": 1155413,
          "layer": 0,
          "miss_ratio": 0.3437078141630776,
          "reinserted": 516044,
          "req": 3361614
        }
      ],
      "miss_ratio": 0.3437078141630776,
      "req": 3361614
    }
  ],
  "trace": "tencentBlock.ns23399.oracleGeneral.zst"
}