{
  "dram_cache_size": 3,
  "flash_cache_size": 387,
  "results": [
    {
      "hit": 1349148,
      "iteration": 0,
      "metrics": [
        {
          "admission_treshold": 0,
          "algorithm": "q3auto",
          "byte_inserted": 305567,
          "byte_miss": 305567,
          "byte_read": 1349148,
          "byte_reinserted": 123238,
          "hit": 1349148,
          "inserted": 305567,
          "layer": 0,
          "miss_ratio": 0.1846644286176169,
          "reinserted": 123238,
          "req": 1654715
        }
      ],
      "miss_ratio": 0.1846644286176169,
      "req": 1654715
    }
  ],
  "trace": "tencentBlock.ns8557.oracleGeneral.zst"
}