{
  "dram_cache_size": 240,
  "flash_cache_size": 24056,
  "results": [
    {
      "hit": 23369028,
      "iteration": 0,
      "metrics": [
        {
          "admission_treshold": 0,
          "algorithm": "time2-auto",
          "byte_inserted": 26483148,
          "byte_miss": 26483148,
          "byte_read": 23369028,
          "byte_reinserted": 7192515,
          "hit": 23369028,
          "inserted": 26483148,
          "layer": 0,
          "miss_ratio": 0.5312335413403018,
          "reinserted": 7192515,
          "req": 49852176
        }
      ],
      "miss_ratio": 0.5312335413403018,
      "req": 49852176
    }
  ],
  "trace": "tencentBlock.ns3915.oracleGeneral.zst"
}