{
  "dram_cache_size": 21,
  "flash_cache_size": 2174,
  "results": [
    {
      "hit": 1630222,
      "iteration": 0,
      "metrics": [
        {
          "admission_treshold": 0,
          "algorithm": "dclock",
          "byte_inserted": 743418,
          "byte_miss": 743418,
          "byte_read": 1630222,
          "byte_reinserted": 793079,
          "hit": 1630222,
          "inserted": 743418,
          "layer": 0,
          "miss_ratio": 0.31319745201462734,
          "reinserted": 793079,
          "req": 2373640
        }
      ],
      "miss_ratio": 0.31319745201462734,
      "req": 2373640
    }
  ],
  "trace": "tencentBlock.ns8380.oracleGeneral.zst"
}