{
  "dram_cache_size": 23,
  "flash_cache_size": 2322,
  "results": [
    {
      "hit": 1371594,
      "iteration": 0,
      "metrics": [
        {
          "admission_treshold": 0,
          "algorithm": "g2clock",
          "byte_inserted": 923672,
          "byte_miss": 923672,
          "byte_read": 1371594,
          "byte_reinserted": 201610,
          "hit": 1371594,
          "inserted": 923672,
          "layer": 0,
          "miss_ratio": 0.4024248169928888,
          "reinserted": 201610,
          "req": 2295266
        }
      ],
      "miss_ratio": 0.4024248169928888,
      "req": 2295266
    }
  ],
  "trace": "tencentBlock.ns17981.oracleGeneral.zst"
}