{
  "dram_cache_size": 930,
  "flash_cache_size": 93016,
  "results": [
    {
      "hit": 278764487,
      "iteration": 0,
      "metrics": [
        {
          "admission_treshold": 0,
          "algorithm": "tauto",
          "byte_inserted": 23770352,
          "byte_miss": 23770352,
          "byte_read": 278764487,
          "byte_reinserted": 6662681,
          "hit": 278764487,
          "inserted": 23770352,
          "layer": 0,
          "miss_ratio": 0.07857062703446194,
          "reinserted": 6662681,
          "req": 302534839
        }
      ],
      "miss_ratio": 0.07857062703446194,
      "req": 302534839
    }
  ],
  "trace": "blender_adaptive_cache.1.oracleGeneral.sample10.zst"
}