{
  "dram_cache_size": 157,
  "flash_cache_size": 15762,
  "results": [
    {
      "hit": 198034,
      "iteration": 0,
      "metrics": [
        {
          "admission_treshold": 0,
          "algorithm": "qauto",
          "byte_inserted": 1576831,
          "byte_miss": 1576831,
          "byte_read": 198034,
          "byte_reinserted": 15037,
          "hit": 198034,
          "inserted": 1576831,
          "layer": 0,
          "miss_ratio": 0.8884230631625504,
          "reinserted": 15037,
          "req": 1774865
        }
      ],
      "miss_ratio": 0.8884230631625504,
      "req": 1774865
    }
  ],
  "trace": "cf_allcolo.ns3693.oracleGeneral.zst"
}