{
  "dram_cache_size": 2999,
  "flash_cache_size": 299905,
  "results": [
    {
      "hit": 6258291,
      "iteration": 0,
      "metrics": [
        {
          "admission_treshold": 0,
          "algorithm": "time2-auto",
          "byte_inserted": 30211124,
          "byte_miss": 30211124,
          "byte_read": 6258291,
          "byte_reinserted": 1401895,
          "hit": 6258291,
          "inserted": 30211124,
          "layer": 0,
          "miss_ratio": 0.8283961780028553,
          "reinserted": 1401895,
          "req": 36469415
        }
      ],
      "miss_ratio": 0.8283961780028553,
      "req": 36469415
    }
  ],
  "trace": "cf_allcolo.ns271.oracleGeneral.zst"
}