{
  "dram_cache_size": 3,
  "flash_cache_size": 348,
  "results": [
    {
      "hit": 1656232,
      "iteration": 0,
      "metrics": [
        {
          "admission_treshold": 0,
          "algorithm": "qand-clock-v2",
          "byte_inserted": 588993,
          "byte_miss": 588993,
          "byte_read": 1656232,
          "byte_reinserted": 153812,
          "hit": 1656232,
          "inserted": 588993,
          "layer": 0,
          "miss_ratio": 0.2623313921767306,
          "reinserted": 153812,
          "req": 2245225
        }
      ],
      "miss_ratio": 0.2623313921767306,
      "req": 2245225
    }
  ],
  "trace": "cf_allcolo.ns876.oracleGeneral.zst"
}