{
  "dram_cache_size": 32,
  "flash_cache_size": 3282,
  "results": [
    {
      "hit": 2735716,
      "iteration": 0,
      "metrics": [
        {
          "admission_treshold": 0,
          "algorithm": "gclock",
          "byte_inserted": 822894,
          "byte_miss": 822894,
          "byte_read": 2735716,
          "byte_reinserted": 397584,
          "hit": 2735716,
          "inserted": 822894,
          "layer": 0,
          "miss_ratio": 0.23124028764039894,
          "reinserted": 397584,
          "req": 3558610
        }
      ],
      "miss_ratio": 0.23124028764039894,
      "req": 3558610
    }
  ],
  "trace": "tencentBlock.ns7006.oracleGeneral.zst"
}