{
  "dram_cache_size": 30,
  "flash_cache_size": 3079,
  "results": [
    {
      "hit": 849835,
      "iteration": 0,
      "metrics": [
        {
          "admission_treshold": 0,
          "algorithm": "g2clock",
          "byte_inserted": 958955,
          "byte_miss": 958955,
          "byte_read": 849835,
          "byte_reinserted": 143436,
          "hit": 849835,
          "inserted": 958955,
          "layer": 0,
          "miss_ratio": 0.530163811166581,
          "reinserted": 143436,
          "req": 1808790
        }
      ],
      "miss_ratio": 0.530163811166581,
      "req": 1808790
    }
  ],
  "trace": "tencentBlock.ns11598.oracleGeneral.zst"
}