{
  "dram_cache_size": 245,
  "flash_cache_size": 24562,
  "results": [
    {
      "hit": 4462615,
      "iteration": 0,
      "metrics": [
        {
          "admission_treshold": 0,
          "algorithm": "t2auto",
          "byte_inserted": 5260394,
          "byte_miss": 5260394,
          "byte_read": 4462615,
          "byte_reinserted": 44632,
          "hit": 4462615,
          "inserted": 5260394,
          "layer": 0,
          "miss_ratio": 0.5410253142828522,
          "reinserted": 44632,
          "req": 9723009
        }
      ],
      "miss_ratio": 0.5410253142828522,
      "req": 9723009
    }
  ],
  "trace": "tencentBlock.ns24332.oracleGeneral.zst"
}