{
  "dram_cache_size": 22,
  "flash_cache_size": 2225,
  "results": [
    {
      "hit": 1234707,
      "iteration": 0,
      "metrics": [
        {
          "admission_treshold": 0,
          "algorithm": "s3fclock",
          "byte_inserted": 808507,
          "byte_miss": 808507,
          "byte_read": 1234707,
          "byte_reinserted": 17176,
          "hit": 1234707,
          "inserted": 808507,
          "layer": 0,
          "miss_ratio": 0.3957035337463428,
          "reinserted": 17176,
          "req": 2043214
        }
      ],
      "miss_ratio": 0.3957035337463428,
      "req": 2043214
    }
  ],
  "trace": "tencentBlock.ns23509.oracleGeneral.zst"
}