{
  "dram_cache_size": 13,
  "flash_cache_size": 1378,
  "results": [
    {
      "hit": 514839,
      "iteration": 0,
      "metrics": [
        {
          "admission_treshold": 0,
          "algorithm": "gclock",
          "byte_inserted": 581464,
          "byte_miss": 581464,
          "byte_read": 514839,
          "byte_reinserted": 99083,
          "hit": 514839,
          "inserted": 581464,
          "layer": 0,
          "miss_ratio": 0.5303862162194211,
          "reinserted": 99083,
          "req": 1096303
        }
      ],
      "miss_ratio": 0.5303862162194211,
      "req": 1096303
    }
  ],
  "trace": "tencentBlock.ns16090.oracleGeneral.zst"
}