{
  "dram_cache_size": 69,
  "flash_cache_size": 6948,
  "results": [
    {
      "hit": 5904246,
      "iteration": 0,
      "metrics": [
        {
          "admission_treshold": 0,
          "algorithm": "tauto",
          "byte_inserted": 5547300,
          "byte_miss": 5547300,
          "byte_read": 5904246,
          "byte_reinserted": 226664,
          "hit": 5904246,
          "inserted": 5547300,
          "layer": 0,
          "miss_ratio": 0.4844149427509613,
          "reinserted": 226664,
          "req": 11451546
        }
      ],
      "miss_ratio": 0.4844149427509613,
      "req": 11451546
    }
  ],
  "trace": "w52.oracleGeneral.bin.zst"
}