{
  "dram_cache_size": 63,
  "flash_cache_size": 6340,
  "results": [
    {
      "hit": 21029122,
      "iteration": 0,
      "metrics": [
        {
          "admission_treshold": 0,
          "algorithm": "dclock",
          "byte_inserted": 872240,
          "byte_miss": 872240,
          "byte_read": 21029122,
          "byte_reinserted": 1888599,
          "hit": 21029122,
          "inserted": 872240,
          "layer": 0,
          "miss_ratio": 0.03982583366276493,
          "reinserted": 1888599,
          "req": 21901362
        }
      ],
      "miss_ratio": 0.03982583366276493,
      "req": 21901362
    }
  ],
  "trace": "cf_allcolo.ns431.oracleGeneral.zst"
}