{
  "dram_cache_size": 3,
  "flash_cache_size": 351,
  "results": [
    {
      "hit": 50674838,
      "iteration": 0,
      "metrics": [
        {
          "admission_treshold": 0,
          "algorithm": "dclock",
          "byte_inserted": 28199461,
          "byte_miss": 28199461,
          "byte_read": 50674838,
          "byte_reinserted": 11944615,
          "hit": 50674838,
          "inserted": 28199461,
          "layer": 0,
          "miss_ratio": 0.3575240776466362,
          "reinserted": 11944615,
          "req": 78874299
        }
      ],
      "miss_ratio": 0.3575240776466362,
      "req": 78874299
    }
  ],
  "trace": "cf_allcolo.ns395.oracleGeneral.zst"
}