{
  "dram_cache_size": 1,
  "flash_cache_size": 137,
  "results": [
    {
      "hit": 1420694,
      "iteration": 0,
      "metrics": [
        {
          "admission_treshold": 0,
          "algorithm": "t7auto",
          "byte_inserted": 175701,
          "byte_miss": 175701,
          "byte_read": 1420694,
          "byte_reinserted": 67495,
          "hit": 1420694,
          "inserted": 175701,
          "layer": 0,
          "miss_ratio": 0.1100611064304261,
          "reinserted": 67495,
          "req": 1596395
        }
      ],
      "miss_ratio": 0.1100611064304261,
      "req": 1596395
    }
  ],
  "trace": "cf_colo28.ns1239.oracleGeneral.zst"
}