{
  "dram_cache_size": 1,
  "flash_cache_size": 166,
  "results": [
    {
      "hit": 7882277,
      "iteration": 0,
      "metrics": [
        {
          "admission_treshold": 0,
          "algorithm": "g2clock",
          "byte_inserted": 982107,
          "byte_miss": 982107,
          "byte_read": 7882277,
          "byte_reinserted": 1644599,
          "hit": 7882277,
          "inserted": 982107,
          "layer": 0,
          "miss_ratio": 0.11079247018179716,
          "reinserted": 1644599,
          "req": 8864384
        }
      ],
      "miss_ratio": 0.11079247018179716,
      "req": 8864384
    }
  ],
  "trace": "cf_colo28.ns608.oracleGeneral.zst"
}