{
  "dram_cache_size": 29,
  "flash_cache_size": 2933,
  "results": [
    {
      "hit": 3196378,
      "iteration": 0,
      "metrics": [
        {
          "admission_treshold": 0,
          "algorithm": "gclock",
          "byte_inserted": 1203622,
          "byte_miss": 1203622,
          "byte_read": 3196378,
          "byte_reinserted": 580660,
          "hit": 3196378,
          "inserted": 1203622,
          "layer": 0,
          "miss_ratio": 0.27355045454545457,
          "reinserted": 580660,
          "req": 4400000
        }
      ],
      "miss_ratio": 0.27355045454545457,
      "req": 4400000
    }
  ],
  "trace": "io_traces.ns688.oracleGeneral.zst"
}