{
  "dram_cache_size": 13,
  "flash_cache_size": 1373,
  "results": [
    {
      "hit": 2852913,
      "iteration": 0,
      "metrics": [
        {
          "admission_treshold": 0,
          "algorithm": "g2clock",
          "byte_inserted": 337340,
          "byte_miss": 337340,
          "byte_read": 2852913,
          "byte_reinserted": 175133,
          "hit": 2852913,
          "inserted": 337340,
          "layer": 0,
          "miss_ratio": 0.10574082995925405,
          "reinserted": 175133,
          "req": 3190253
        }
      ],
      "miss_ratio": 0.10574082995925405,
      "req": 3190253
    }
  ],
  "trace": "tencentBlock.ns7615.oracleGeneral.zst"
}