{
  "dram_cache_size": 138,
  "flash_cache_size": 13856,
  "results": [
    {
      "hit": 3729735,
      "iteration": 0,
      "metrics": [
        {
          "admission_treshold": 0,
          "algorithm": "dclock",
          "byte_inserted": 5065284,
          "byte_miss": 5065284,
          "byte_read": 3729735,
          "byte_reinserted": 69812,
          "hit": 3729735,
          "inserted": 5065284,
          "layer": 0,
          "miss_ratio": 0.5759264420008643,
          "reinserted": 69812,
          "req": 8795019
        }
      ],
      "miss_ratio": 0.5759264420008643,
      "req": 8795019
    }
  ],
  "trace": "tencentBlock.ns17998.oracleGeneral.zst"
}