{
  "dram_cache_size": 13,
  "flash_cache_size": 1347,
  "results": [
    {
      "hit": 568185,
      "iteration": 0,
      "metrics": [
        {
          "admission_treshold": 0,
          "algorithm": "qauto",
          "byte_inserted": 584868,
          "byte_miss": 584868,
          "byte_read": 568185,
          "byte_reinserted": 105193,
          "hit": 568185,
          "inserted": 584868,
          "layer": 0,
          "miss_ratio": 0.5072342728391497,
          "reinserted": 105193,
          "req": 1153053
        }
      ],
      "miss_ratio": 0.5072342728391497,
      "req": 1153053
    }
  ],
  "trace": "tencentBlock.ns15459.oracleGeneral.zst"
}