{
  "dram_cache_size": 8,
  "flash_cache_size": 815,
  "results": [
    {
      "hit": 1435473,
      "iteration": 0,
      "metrics": [
        {
          "admission_treshold": 0,
          "algorithm": "time2-auto",
          "byte_inserted": 513706,
          "byte_miss": 513706,
          "byte_read": 1435473,
          "byte_reinserted": 111315,
          "hit": 1435473,
          "inserted": 513706,
          "layer": 0,
          "miss_ratio": 0.2635499356395693,
          "reinserted": 111315,
          "req": 1949179
        }
      ],
      "miss_ratio": 0.2635499356395693,
      "req": 1949179
    }
  ],
  "trace": "tencentBlock.ns15844.oracleGeneral.zst"
}