{
  "dram_cache_size": 19,
  "flash_cache_size": 1922,
  "results": [
    {
      "hit": 781645,
      "iteration": 0,
      "metrics": [
        {
          "admission_treshold": 0,
          "algorithm": "t3auto",
          "byte_inserted": 234727,
          "byte_miss": 234727,
          "byte_read": 781645,
          "byte_reinserted": 18014,
          "hit": 781645,
          "inserted": 234727,
          "layer": 0,
          "miss_ratio": 0.2309459528597797,
          "reinserted": 18014,
          "req": 1016372
        }
      ],
      "miss_ratio": 0.2309459528597797,
      "req": 1016372
    }
  ],
  "trace": "cf_allcolo.ns15541.oracleGeneral.zst"
}