{
  "dram_cache_size": 50,
  "flash_cache_size": 5032,
  "results": [
    {
      "hit": 2486501,
      "iteration": 0,
      "metrics": [
        {
          "admission_treshold": 0,
          "algorithm": "dclock",
          "byte_inserted": 1915835,
          "byte_miss": 1915835,
          "byte_read": 2486501,
          "byte_reinserted": 1228051,
          "hit": 2486501,
          "inserted": 1915835,
          "layer": 0,
          "miss_ratio": 0.4351860012502453,
          "reinserted": 1228051,
          "req": 4402336
        }
      ],
      "miss_ratio": 0.4351860012502453,
      "req": 4402336
    }
  ],
  "trace": "tencentBlock.ns4778.oracleGeneral.zst"
}