{
  "dram_cache_size": 16,
  "flash_cache_size": 1687,
  "results": [
    {
      "hit": 1182655,
      "iteration": 0,
      "metrics": [
        {
          "admission_treshold": 0,
          "algorithm": "dclock",
          "byte_inserted": 827143,
          "byte_miss": 827143,
          "byte_read": 1182655,
          "byte_reinserted": 93661,
          "hit": 1182655,
          "inserted": 827143,
          "layer": 0,
          "miss_ratio": 0.4115552906311978,
          "reinserted": 93661,
          "req": 2009798
        }
      ],
      "miss_ratio": 0.4115552906311978,
      "req": 2009798
    }
  ],
  "trace": "tencentBlock.ns12976.oracleGeneral.zst"
}