{
  "dram_cache_size": 59,
  "flash_cache_size": 5945,
  "results": [
    {
      "hit": 1880122,
      "iteration": 0,
      "metrics": [
        {
          "admission_treshold": 0,
          "algorithm": "qauto",
          "byte_inserted": 3024976,
          "byte_miss": 3024976,
          "byte_read": 1880122,
          "byte_reinserted": 600020,
          "hit": 1880122,
          "inserted": 3024976,
          "layer": 0,
          "miss_ratio": 0.6167004206643782,
          "reinserted": 600020,
          "req": 4905098
        }
      ],
      "miss_ratio": 0.6167004206643782,
      "req": 4905098
    }
  ],
  "trace": "tencentBlock.ns13985.oracleGeneral.zst"
}