{
  "dram_cache_size": 87,
  "flash_cache_size": 8720,
  "results": [
    {
      "hit": 6132415,
      "iteration": 0,
      "metrics": [
        {
          "admission_treshold": 0,
          "algorithm": "gclock",
          "byte_inserted": 3118497,
          "byte_miss": 3118497,
          "byte_read": 6132415,
          "byte_reinserted": 4525460,
          "hit": 6132415,
          "inserted": 3118497,
          "layer": 0,
          "miss_ratio": 0.3371015744177439,
          "reinserted": 4525460,
          "req": 9250912
        }
      ],
      "miss_ratio": 0.3371015744177439,
      "req": 9250912
    }
  ],
  "trace": "tencentBlock.ns15421.oracleGeneral.zst"
}