{
  "dram_cache_size": 53,
  "flash_cache_size": 5396,
  "results": [
    {
      "hit": 2122362,
      "iteration": 0,
      "metrics": [
        {
          "admission_treshold": 0,
          "algorithm": "q2auto",
          "byte_inserted": 2657740,
          "byte_miss": 2657740,
          "byte_read": 2122362,
          "byte_reinserted": 288697,
          "hit": 2122362,
          "inserted": 2657740,
          "layer": 0,
          "miss_ratio": 0.5560006878514308,
          "reinserted": 288697,
          "req": 4780102
        }
      ],
      "miss_ratio": 0.5560006878514308,
      "req": 4780102
    }
  ],
  "trace": "tencentBlock.ns13684.oracleGeneral.zst"
}