{
  "dram_cache_size": 10,
  "flash_cache_size": 1031,
  "results": [
    {
      "hit": 2588207,
      "iteration": 0,
      "metrics": [
        {
          "admission_treshold": 0,
          "algorithm": "s3fclock",
          "byte_inserted": 825802,
          "byte_miss": 825802,
          "byte_read": 2588207,
          "byte_reinserted": 49027,
          "hit": 2588207,
          "inserted": 825802,
          "layer": 0,
          "miss_ratio": 0.2418862984836888,
          "reinserted": 49027,
          "req": 3414009
        }
      ],
      "miss_ratio": 0.2418862984836888,
      "req": 3414009
    }
  ],
  "trace": "tencentBlock.ns6013.oracleGeneral.zst"
}