{
  "dram_cache_size": 0,
  "flash_cache_size": 77,
  "results": [
    {
      "hit": 1037412,
      "iteration": 0,
      "metrics": [
        {
          "admission_treshold": 0,
          "algorithm": "dclock",
          "byte_inserted": 399320,
          "byte_miss": 399320,
          "byte_read": 1037412,
          "byte_reinserted": 358089,
          "hit": 1037412,
          "inserted": 399320,
          "layer": 0,
          "miss_ratio": 0.27793631658513906,
          "reinserted": 358089,
          "req": 1436732
        }
      ],
      "miss_ratio": 0.27793631658513906,
      "req": 1436732
    }
  ],
  "trace": "akamai_sjc.ns223.oracleGeneral.bin.zst"
}