{
  "dram_cache_size": 27,
  "flash_cache_size": 2780,
  "results": [
    {
      "hit": 9407846,
      "iteration": 0,
      "metrics": [
        {
          "admission_treshold": 0,
          "algorithm": "clock",
          "byte_inserted": 8388301,
          "byte_miss": 8388301,
          "byte_read": 9407846,
          "byte_reinserted": 7030938,
          "hit": 9407846,
          "inserted": 8388301,
          "layer": 0,
          "miss_ratio": 0.4713548949668712,
          "reinserted": 7030938,
          "req": 17796147
        }
      ],
      "miss_ratio": 0.4713548949668712,
      "req": 17796147
    }
  ],
  "trace": "cf_allcolo.ns1189.oracleGeneral.zst"
}