{
  "dram_cache_size": 13,
  "flash_cache_size": 1378,
  "results": [
    {
      "hit": 2713526,
      "iteration": 0,
      "metrics": [
        {
          "admission_treshold": 0,
          "algorithm": "q-clock",
          "byte_inserted": 150688,
          "byte_miss": 150688,
          "byte_read": 2713526,
          "byte_reinserted": 15773,
          "hit": 2713526,
          "inserted": 150688,
          "layer": 0,
          "miss_ratio": 0.05261059404080837,
          "reinserted": 15773,
          "req": 2864214
        }
      ],
      "miss_ratio": 0.05261059404080837,
      "req": 2864214
    }
  ],
  "trace": "cf_allcolo.ns206.oracleGeneral.zst"
}