{
  "dram_cache_size": 96,
  "flash_cache_size": 9653,
  "results": [
    {
      "hit": 234773,
      "iteration": 0,
      "metrics": [
        {
          "admission_treshold": 0,
          "algorithm": "q3auto",
          "byte_inserted": 971467,
          "byte_miss": 971467,
          "byte_read": 234773,
          "byte_reinserted": 4475,
          "hit": 234773,
          "inserted": 971467,
          "layer": 0,
          "miss_ratio": 0.8053679201485608,
          "reinserted": 4475,
          "req": 1206240
        }
      ],
      "miss_ratio": 0.8053679201485608,
      "req": 1206240
    }
  ],
  "trace": "cf_colo28.ns1129.oracleGeneral.zst"
}