{
  "dram_cache_size": 15,
  "flash_cache_size": 1597,
  "results": [
    {
      "hit": 59142069,
      "iteration": 0,
      "metrics": [
        {
          "admission_treshold": 0,
          "algorithm": "dclock",
          "byte_inserted": 21487791,
          "byte_miss": 21487791,
          "byte_read": 59142069,
          "byte_reinserted": 12200103,
          "hit": 59142069,
          "inserted": 21487791,
          "layer": 0,
          "miss_ratio": 0.2664991728870669,
          "reinserted": 12200103,
          "req": 80629860
        }
      ],
      "miss_ratio": 0.2664991728870669,
      "req": 80629860
    }
  ],
  "trace": "cluster49.oracleGeneral.sample10.zst"
}