{
  "dram_cache_size": 50,
  "flash_cache_size": 5097,
  "results": [
    {
      "hit": 4920351,
      "iteration": 0,
      "metrics": [
        {
          "admission_treshold": 0,
          "algorithm": "q2auto",
          "byte_inserted": 3279649,
          "byte_miss": 3279649,
          "byte_read": 4920351,
          "byte_reinserted": 656790,
          "hit": 4920351,
          "inserted": 3279649,
          "layer": 0,
          "miss_ratio": 0.39995719512195127,
          "reinserted": 656790,
          "req": 8200000
        }
      ],
      "miss_ratio": 0.39995719512195127,
      "req": 8200000
    }
  ],
  "trace": "io_traces.ns396.oracleGeneral.zst"
}