{
  "dram_cache_size": 25,
  "flash_cache_size": 2543,
  "results": [
    {
      "hit": 1245467,
      "iteration": 0,
      "metrics": [
        {
          "admission_treshold": 0,
          "algorithm": "dclock",
          "byte_inserted": 1071288,
          "byte_miss": 1071288,
          "byte_read": 1245467,
          "byte_reinserted": 363160,
          "hit": 1245467,
          "inserted": 1071288,
          "layer": 0,
          "miss_ratio": 0.4624088434038126,
          "reinserted": 363160,
          "req": 2316755
        }
      ],
      "miss_ratio": 0.4624088434038126,
      "req": 2316755
    }
  ],
  "trace": "tencentBlock.ns11537.oracleGeneral.zst"
}