{
  "dram_cache_size": 46,
  "flash_cache_size": 4695,
  "results": [
    {
      "hit": 2633517,
      "iteration": 0,
      "metrics": [
        {
          "admission_treshold": 0,
          "algorithm": "cm-clock",
          "byte_inserted": 1288496,
          "byte_miss": 1288496,
          "byte_read": 2633517,
          "byte_reinserted": 395575,
          "hit": 2633517,
          "inserted": 1288496,
          "layer": 0,
          "miss_ratio": 0.32852925270772937,
          "reinserted": 395575,
          "req": 3922013
        }
      ],
      "miss_ratio": 0.32852925270772937,
      "req": 3922013
    }
  ],
  "trace": "tencentBlock.ns16912.oracleGeneral.zst"
}