{
  "dram_cache_size": 5,
  "flash_cache_size": 571,
  "results": [
    {
      "hit": 1778377,
      "iteration": 0,
      "metrics": [
        {
          "admission_treshold": 0,
          "algorithm": "dclock",
          "byte_inserted": 258065,
          "byte_miss": 258065,
          "byte_read": 1778377,
          "byte_reinserted": 81774,
          "hit": 1778377,
          "inserted": 258065,
          "layer": 0,
          "miss_ratio": 0.12672347162354736,
          "reinserted": 81774,
          "req": 2036442
        }
      ],
      "miss_ratio": 0.12672347162354736,
      "req": 2036442
    }
  ],
  "trace": "tencentBlock.ns9040.oracleGeneral.zst"
}