{
  "dram_cache_size": 29,
  "flash_cache_size": 2934,
  "results": [
    {
      "hit": 1844280,
      "iteration": 0,
      "metrics": [
        {
          "admission_treshold": 0,
          "algorithm": "gclock",
          "byte_inserted": 1234737,
          "byte_miss": 1234737,
          "byte_read": 1844280,
          "byte_reinserted": 46228,
          "hit": 1844280,
          "inserted": 1234737,
          "layer": 0,
          "miss_ratio": 0.4010166231625223,
          "reinserted": 46228,
          "req": 3079017
        }
      ],
      "miss_ratio": 0.4010166231625223,
      "req": 3079017
    }
  ],
  "trace": "tencentBlock.ns19279.oracleGeneral.zst"
}