{
  "dram_cache_size": 13,
  "flash_cache_size": 1344,
  "results": [
    {
      "hit": 1105643,
      "iteration": 0,
      "metrics": [
        {
          "admission_treshold": 0,
          "algorithm": "gclock",
          "byte_inserted": 443675,
          "byte_miss": 443675,
          "byte_read": 1105643,
          "byte_reinserted": 47180,
          "hit": 1105643,
          "inserted": 443675,
          "layer": 0,
          "miss_ratio": 0.2863679373763165,
          "reinserted": 47180,
          "req": 1549318
        }
      ],
      "miss_ratio": 0.2863679373763165,
      "req": 1549318
    }
  ],
  "trace": "tencentBlock.ns9495.oracleGeneral.zst"
}