{
  "dram_cache_size": 388,
  "flash_cache_size": 38891,
  "results": [
    {
      "hit": 28772844,
      "iteration": 0,
      "metrics": [
        {
          "admission_treshold": 0,
          "algorithm": "t4auto",
          "byte_inserted": 29277748,
          "byte_miss": 29277748,
          "byte_read": 28772844,
          "byte_reinserted": 7650376,
          "hit": 28772844,
          "inserted": 29277748,
          "layer": 0,
          "miss_ratio": 0.5043488273125621,
          "reinserted": 7650376,
          "req": 58050592
        }
      ],
      "miss_ratio": 0.5043488273125621,
      "req": 58050592
    }
  ],
  "trace": "tencentBlock.ns9440.oracleGeneral.zst"
}