{
  "dram_cache_size": 1099,
  "flash_cache_size": 109996,
  "results": [
    {
      "hit": 7903932,
      "iteration": 0,
      "metrics": [
        {
          "admission_treshold": 0,
          "algorithm": "cm-clock",
          "byte_inserted": 21938385,
          "byte_miss": 21938385,
          "byte_read": 7903932,
          "byte_reinserted": 432587,
          "hit": 7903932,
          "inserted": 21938385,
          "layer": 0,
          "miss_ratio": 0.7351434876856244,
          "reinserted": 432587,
          "req": 29842317
        }
      ],
      "miss_ratio": 0.7351434876856244,
      "req": 29842317
    }
  ],
  "trace": "w20.oracleGeneral.bin.zst"
}