{
  "dram_cache_size": 0,
  "flash_cache_size": 57,
  "results": [
    {
      "hit": 40866043,
      "iteration": 0,
      "metrics": [
        {
          "admission_treshold": 0,
          "algorithm": "time2-auto",
          "byte_inserted": 2818463,
          "byte_miss": 2818463,
          "byte_read": 40866043,
          "byte_reinserted": 7872709,
          "hit": 40866043,
          "inserted": 2818463,
          "layer": 0,
          "miss_ratio": 0.06451859613566424,
          "reinserted": 7872709,
          "req": 43684506
        }
      ],
      "miss_ratio": 0.06451859613566424,
      "req": 43684506
    }
  ],
  "trace": "cf_allcolo.ns163.oracleGeneral.zst"
}