{
  "dram_cache_size": 142,
  "flash_cache_size": 14233,
  "results": [
    {
      "hit": 132288854,
      "iteration": 0,
      "metrics": [
        {
          "admission_treshold": 0,
          "algorithm": "s3fclock",
          "byte_inserted": 103788654,
          "byte_miss": 103788654,
          "byte_read": 132288854,
          "byte_reinserted": 2635780,
          "hit": 132288854,
          "inserted": 103788654,
          "layer": 0,
          "miss_ratio": 0.4396380446374417,
          "reinserted": 2635780,
          "req": 236077508
        }
      ],
      "miss_ratio": 0.4396380446374417,
      "req": 236077508
    }
  ],
  "trace": "cluster34.oracleGeneral.sample10.zst"
}