{
  "dram_cache_size": 109,
  "flash_cache_size": 10970,
  "results": [
    {
      "hit": 6957330,
      "iteration": 0,
      "metrics": [
        {
          "admission_treshold": 0,
          "algorithm": "g2clock",
          "byte_inserted": 5342365,
          "byte_miss": 5342365,
          "byte_read": 6957330,
          "byte_reinserted": 1637530,
          "hit": 6957330,
          "inserted": 5342365,
          "layer": 0,
          "miss_ratio": 0.43434938833849135,
          "reinserted": 1637530,
          "req": 12299695
        }
      ],
      "miss_ratio": 0.43434938833849135,
      "req": 12299695
    }
  ],
  "trace": "tencentBlock.ns8714.oracleGeneral.zst"
}