{
  "dram_cache_size": 14,
  "flash_cache_size": 1421,
  "results": [
    {
      "hit": 719241,
      "iteration": 0,
      "metrics": [
        {
          "admission_treshold": 0,
          "algorithm": "d3clock",
          "byte_inserted": 594262,
          "byte_miss": 594262,
          "byte_read": 719241,
          "byte_reinserted": 23921,
          "hit": 719241,
          "inserted": 594262,
          "layer": 0,
          "miss_ratio": 0.45242530850709894,
          "reinserted": 23921,
          "req": 1313503
        }
      ],
      "miss_ratio": 0.45242530850709894,
      "req": 1313503
    }
  ],
  "trace": "tencentBlock.ns14223.oracleGeneral.zst"
}