{
  "dram_cache_size": 13,
  "flash_cache_size": 1390,
  "results": [
    {
      "hit": 3244711,
      "iteration": 0,
      "metrics": [
        {
          "admission_treshold": 0,
          "algorithm": "dclock",
          "byte_inserted": 972099,
          "byte_miss": 972099,
          "byte_read": 3244711,
          "byte_reinserted": 379026,
          "hit": 3244711,
          "inserted": 972099,
          "layer": 0,
          "miss_ratio": 0.23052947607314533,
          "reinserted": 379026,
          "req": 4216810
        }
      ],
      "miss_ratio": 0.23052947607314533,
      "req": 4216810
    }
  ],
  "trace": "tencentBlock.ns10976.oracleGeneral.zst"
}