{
  "dram_cache_size": 18,
  "flash_cache_size": 1833,
  "results": [
    {
      "hit": 4166767,
      "iteration": 0,
      "metrics": [
        {
          "admission_treshold": 0,
          "algorithm": "q2auto",
          "byte_inserted": 868342,
          "byte_miss": 868342,
          "byte_read": 4166767,
          "byte_reinserted": 507608,
          "hit": 4166767,
          "inserted": 868342,
          "layer": 0,
          "miss_ratio": 0.17245743835932847,
          "reinserted": 507608,
          "req": 5035109
        }
      ],
      "miss_ratio": 0.17245743835932847,
      "req": 5035109
    }
  ],
  "trace": "tencentBlock.ns7194.oracleGeneral.zst"
}