{
  "dram_cache_size": 17,
  "flash_cache_size": 1708,
  "results": [
    {
      "hit": 737547,
      "iteration": 0,
      "metrics": [
        {
          "admission_treshold": 0,
          "algorithm": "qand-clock-v2",
          "byte_inserted": 706993,
          "byte_miss": 706993,
          "byte_read": 737547,
          "byte_reinserted": 118705,
          "hit": 737547,
          "inserted": 706993,
          "layer": 0,
          "miss_ratio": 0.48942431500685335,
          "reinserted": 118705,
          "req": 1444540
        }
      ],
      "miss_ratio": 0.48942431500685335,
      "req": 1444540
    }
  ],
  "trace": "tencentBlock.ns20302.oracleGeneral.zst"
}