{
  "dram_cache_size": 47,
  "flash_cache_size": 4797,
  "results": [
    {
      "hit": 4151168,
      "iteration": 0,
      "metrics": [
        {
          "admission_treshold": 0,
          "algorithm": "t2auto",
          "byte_inserted": 11713595,
          "byte_miss": 11713595,
          "byte_read": 4151168,
          "byte_reinserted": 287299,
          "hit": 4151168,
          "inserted": 11713595,
          "layer": 0,
          "miss_ratio": 0.7383403710474591,
          "reinserted": 287299,
          "req": 15864763
        }
      ],
      "miss_ratio": 0.7383403710474591,
      "req": 15864763
    }
  ],
  "trace": "tencentBlock.ns6627.oracleGeneral.zst"
}