{
  "dram_cache_size": 0,
  "flash_cache_size": 36,
  "results": [
    {
      "hit": 577617,
      "iteration": 0,
      "metrics": [
        {
          "admission_treshold": 0,
          "algorithm": "t7auto",
          "byte_inserted": 459560,
          "byte_miss": 459560,
          "byte_read": 577617,
          "byte_reinserted": 214901,
          "hit": 577617,
          "inserted": 459560,
          "layer": 0,
          "miss_ratio": 0.44308734189053556,
          "reinserted": 214901,
          "req": 1037177
        }
      ],
      "miss_ratio": 0.44308734189053556,
      "req": 1037177
    }
  ],
  "trace": "cf_allcolo.ns9774.oracleGeneral.zst"
}