{
  "dram_cache_size": 3,
  "flash_cache_size": 368,
  "results": [
    {
      "hit": 2781286,
      "iteration": 0,
      "metrics": [
        {
          "admission_treshold": 0,
          "algorithm": "s3fclock",
          "byte_inserted": 165020,
          "byte_miss": 165020,
          "byte_read": 2781286,
          "byte_reinserted": 72941,
          "hit": 2781286,
          "inserted": 165020,
          "layer": 0,
          "miss_ratio": 0.05600911785809082,
          "reinserted": 72941,
          "req": 2946306
        }
      ],
      "miss_ratio": 0.05600911785809082,
      "req": 2946306
    }
  ],
  "trace": "cf_allcolo.ns1752.oracleGeneral.zst"
}