{
  "dram_cache_size": 19,
  "flash_cache_size": 1906,
  "results": [
    {
      "hit": 1901056,
      "iteration": 0,
      "metrics": [
        {
          "admission_treshold": 0,
          "algorithm": "gclock",
          "byte_inserted": 2435813,
          "byte_miss": 2435813,
          "byte_read": 1901056,
          "byte_reinserted": 949163,
          "hit": 1901056,
          "inserted": 2435813,
          "layer": 0,
          "miss_ratio": 0.5616524271311861,
          "reinserted": 949163,
          "req": 4336869
        }
      ],
      "miss_ratio": 0.5616524271311861,
      "req": 4336869
    }
  ],
  "trace": "cf_allcolo.ns1177.oracleGeneral.zst"
}