{
  "dram_cache_size": 6,
  "flash_cache_size": 618,
  "results": [
    {
      "hit": 11659144,
      "iteration": 0,
      "metrics": [
        {
          "admission_treshold": 0,
          "algorithm": "gclock",
          "byte_inserted": 128815,
          "byte_miss": 128815,
          "byte_read": 11659144,
          "byte_reinserted": 70570,
          "hit": 11659144,
          "inserted": 128815,
          "layer": 0,
          "miss_ratio": 0.01092767628390967,
          "reinserted": 70570,
          "req": 11787959
        }
      ],
      "miss_ratio": 0.01092767628390967,
      "req": 11787959
    }
  ],
  "trace": "cf_colo28.ns1531.oracleGeneral.zst"
}