{
  "dram_cache_size": 12,
  "flash_cache_size": 1297,
  "results": [
    {
      "hit": 468648,
      "iteration": 0,
      "metrics": [
        {
          "admission_treshold": 0,
          "algorithm": "d3clock",
          "byte_inserted": 560204,
          "byte_miss": 560204,
          "byte_read": 468648,
          "byte_reinserted": 26214,
          "hit": 468648,
          "inserted": 560204,
          "layer": 0,
          "miss_ratio": 0.5444942518457465,
          "reinserted": 26214,
          "req": 1028852
        }
      ],
      "miss_ratio": 0.5444942518457465,
      "req": 1028852
    }
  ],
  "trace": "tencentBlock.ns14196.oracleGeneral.zst"
}