{
  "dram_cache_size": 35,
  "flash_cache_size": 3534,
  "results": [
    {
      "hit": 772714,
      "iteration": 0,
      "metrics": [
        {
          "admission_treshold": 0,
          "algorithm": "d3clock",
          "byte_inserted": 932896,
          "byte_miss": 932896,
          "byte_read": 772714,
          "byte_reinserted": 25567,
          "hit": 772714,
          "inserted": 932896,
          "layer": 0,
          "miss_ratio": 0.5469573935424863,
          "reinserted": 25567,
          "req": 1705610
        }
      ],
      "miss_ratio": 0.5469573935424863,
      "req": 1705610
    }
  ],
  "trace": "tencentBlock.ns22601.oracleGeneral.zst"
}