{
  "dram_cache_size": 72,
  "flash_cache_size": 7214,
  "results": [
    {
      "hit": 91937287,
      "iteration": 0,
      "metrics": [
        {
          "admission_treshold": 0,
          "algorithm": "t4auto",
          "byte_inserted": 562843713,
          "byte_miss": 562843713,
          "byte_read": 91937287,
          "byte_reinserted": 75484694,
          "hit": 91937287,
          "inserted": 562843713,
          "layer": 0,
          "miss_ratio": 0.8595907837887782,
          "reinserted": 75484694,
          "req": 654781000
        }
      ],
      "miss_ratio": 0.8595907837887782,
      "req": 654781000
    }
  ],
  "trace": "tencentBlock.ns1282.oracleGeneral.zst"
}