{
  "dram_cache_size": 1303551,
  "flash_cache_size": 130355176,
  "results": [
    {
      "hit": 1641836,
      "iteration": 0,
      "metrics": [
        {
          "admission_treshold": 0,
          "algorithm": "qauto",
          "byte_inserted": 42589749760,
          "byte_miss": 42589749760,
          "byte_read": 35703573504,
          "byte_reinserted": 4371400704,
          "hit": 1641836,
          "inserted": 1220375,
          "layer": 0,
          "miss_ratio": 0.4263749248395733,
          "reinserted": 242433,
          "req": 2862211
        }
      ],
      "miss_ratio": 0.4263749248395733,
      "req": 2862211
    }
  ],
  "trace": "tencentBlock.ns13403.oracleGeneral.zst"
}