{
  "dram_cache_size": 117,
  "flash_cache_size": 11765,
  "results": [
    {
      "hit": 7990075,
      "iteration": 0,
      "metrics": [
        {
          "admission_treshold": 0,
          "algorithm": "q-clock",
          "byte_inserted": 10470667,
          "byte_miss": 10470667,
          "byte_read": 7990075,
          "byte_reinserted": 4122971,
          "hit": 7990075,
          "inserted": 10470667,
          "layer": 0,
          "miss_ratio": 0.5671855984986952,
          "reinserted": 4122971,
          "req": 18460742
        }
      ],
      "miss_ratio": 0.5671855984986952,
      "req": 18460742
    }
  ],
  "trace": "tencentBlock.ns9673.oracleGeneral.zst"
}