{
  "dram_cache_size": 8,
  "flash_cache_size": 836,
  "results": [
    {
      "hit": 1481489,
      "iteration": 0,
      "metrics": [
        {
          "admission_treshold": 0,
          "algorithm": "sxfifo",
          "byte_inserted": 1151121,
          "byte_miss": 1151121,
          "byte_read": 1481489,
          "byte_reinserted": 46236,
          "hit": 1481489,
          "inserted": 1151121,
          "layer": 0,
          "miss_ratio": 0.43725466362279264,
          "reinserted": 46236,
          "req": 2632610
        }
      ],
      "miss_ratio": 0.43725466362279264,
      "req": 2632610
    }
  ],
  "trace": "tencentBlock.ns11790.oracleGeneral.zst"
}