{
  "dram_cache_size": 19,
  "flash_cache_size": 1907,
  "results": [
    {
      "hit": 1816180,
      "iteration": 0,
      "metrics": [
        {
          "admission_treshold": 0,
          "algorithm": "q2auto",
          "byte_inserted": 2539853,
          "byte_miss": 2539853,
          "byte_read": 1816180,
          "byte_reinserted": 581510,
          "hit": 1816180,
          "inserted": 2539853,
          "layer": 0,
          "miss_ratio": 0.5830656012018274,
          "reinserted": 581510,
          "req": 4356033
        }
      ],
      "miss_ratio": 0.5830656012018274,
      "req": 4356033
    }
  ],
  "trace": "cf_allcolo.ns1837.oracleGeneral.zst"
}