{
  "dram_cache_size": 17,
  "flash_cache_size": 1770,
  "results": [
    {
      "hit": 755103,
      "iteration": 0,
      "metrics": [
        {
          "admission_treshold": 0,
          "algorithm": "d3clock",
          "byte_inserted": 1844897,
          "byte_miss": 1844897,
          "byte_read": 755103,
          "byte_reinserted": 155431,
          "hit": 755103,
          "inserted": 1844897,
          "layer": 0,
          "miss_ratio": 0.7095757692307691,
          "reinserted": 155431,
          "req": 2600000
        }
      ],
      "miss_ratio": 0.7095757692307691,
      "req": 2600000
    }
  ],
  "trace": "io_traces.ns480.oracleGeneral.zst"
}