{
  "dram_cache_size": 48,
  "flash_cache_size": 4817,
  "results": [
    {
      "hit": 3235488,
      "iteration": 0,
      "metrics": [
        {
          "admission_treshold": 0,
          "algorithm": "g2clock",
          "byte_inserted": 1732875,
          "byte_miss": 1732875,
          "byte_read": 3235488,
          "byte_reinserted": 1751719,
          "hit": 3235488,
          "inserted": 1732875,
          "layer": 0,
          "miss_ratio": 0.3487818824832244,
          "reinserted": 1751719,
          "req": 4968363
        }
      ],
      "miss_ratio": 0.3487818824832244,
      "req": 4968363
    }
  ],
  "trace": "tencentBlock.ns6307.oracleGeneral.zst"
}