{
  "dram_cache_size": 34,
  "flash_cache_size": 3436,
  "results": [
    {
      "hit": 8932777,
      "iteration": 0,
      "metrics": [
        {
          "admission_treshold": 0,
          "algorithm": "s3fclock-sequential",
          "byte_inserted": 12099588,
          "byte_miss": 12099588,
          "byte_read": 8932777,
          "byte_reinserted": 1285084,
          "hit": 8932777,
          "inserted": 12099588,
          "layer": 0,
          "miss_ratio": 0.5752842345594515,
          "reinserted": 1285084,
          "req": 21032365
        }
      ],
      "miss_ratio": 0.5752842345594515,
      "req": 21032365
    }
  ],
  "trace": "tencentBlock.ns1753.oracleGeneral.zst"
}