{
  "dram_cache_size": 43,
  "flash_cache_size": 4331,
  "results": [
    {
      "hit": 1335745,
      "iteration": 0,
      "metrics": [
        {
          "admission_treshold": 0,
          "algorithm": "t5auto",
          "byte_inserted": 1155290,
          "byte_miss": 1155290,
          "byte_read": 1335745,
          "byte_reinserted": 167070,
          "hit": 1335745,
          "inserted": 1155290,
          "layer": 0,
          "miss_ratio": 0.46377911189525634,
          "reinserted": 167070,
          "req": 2491035
        }
      ],
      "miss_ratio": 0.46377911189525634,
      "req": 2491035
    }
  ],
  "trace": "tencentBlock.ns17358.oracleGeneral.zst"
}