{
  "dram_cache_size": 14,
  "flash_cache_size": 1496,
  "results": [
    {
      "hit": 1427803,
      "iteration": 0,
      "metrics": [
        {
          "admission_treshold": 0,
          "algorithm": "d3clock",
          "byte_inserted": 832076,
          "byte_miss": 832076,
          "byte_read": 1427803,
          "byte_reinserted": 95650,
          "hit": 1427803,
          "inserted": 832076,
          "layer": 0,
          "miss_ratio": 0.36819493433055484,
          "reinserted": 95650,
          "req": 2259879
        }
      ],
      "miss_ratio": 0.36819493433055484,
      "req": 2259879
    }
  ],
  "trace": "tencentBlock.ns7436.oracleGeneral.zst"
}