{
  "dram_cache_size": 5293,
  "flash_cache_size": 529371,
  "results": [
    {
      "hit": 163138747,
      "iteration": 0,
      "metrics": [
        {
          "admission_treshold": 0,
          "algorithm": "qand-clock-v2",
          "byte_inserted": 128526210,
          "byte_miss": 128526210,
          "byte_read": 163138747,
          "byte_reinserted": 35423872,
          "hit": 163138747,
          "inserted": 128526210,
          "layer": 0,
          "miss_ratio": 0.44066387447429967,
          "reinserted": 35423872,
          "req": 291664957
        }
      ],
      "miss_ratio": 0.44066387447429967,
      "req": 291664957
    }
  ],
  "trace": "tencent_photo1.oracleGeneral.sample10.zst"
}