{
  "dram_cache_size": 26,
  "flash_cache_size": 2669,
  "results": [
    {
      "hit": 871736,
      "iteration": 0,
      "metrics": [
        {
          "admission_treshold": 0,
          "algorithm": "dclock",
          "byte_inserted": 697916,
          "byte_miss": 697916,
          "byte_read": 871736,
          "byte_reinserted": 50697,
          "hit": 871736,
          "inserted": 697916,
          "layer": 0,
          "miss_ratio": 0.44463103923672254,
          "reinserted": 50697,
          "req": 1569652
        }
      ],
      "miss_ratio": 0.44463103923672254,
      "req": 1569652
    }
  ],
  "trace": "tencentBlock.ns9599.oracleGeneral.zst"
}