{
  "dram_cache_size": 201,
  "flash_cache_size": 20174,
  "results": [
    {
      "hit": 25254876,
      "iteration": 0,
      "metrics": [
        {
          "admission_treshold": 0,
          "algorithm": "gclock",
          "byte_inserted": 10438749,
          "byte_miss": 10438749,
          "byte_read": 25254876,
          "byte_reinserted": 923220,
          "hit": 25254876,
          "inserted": 10438749,
          "layer": 0,
          "miss_ratio": 0.2924541567296681,
          "reinserted": 923220,
          "req": 35693625
        }
      ],
      "miss_ratio": 0.2924541567296681,
      "req": 35693625
    }
  ],
  "trace": "akamai_sjc.ns156.oracleGeneral.bin.zst"
}