{
  "dram_cache_size": 33,
  "flash_cache_size": 3392,
  "results": [
    {
      "hit": 5332204,
      "iteration": 0,
      "metrics": [
        {
          "admission_treshold": 0,
          "algorithm": "sxfifo",
          "byte_inserted": 2757710,
          "byte_miss": 2757710,
          "byte_read": 5332204,
          "byte_reinserted": 757439,
          "hit": 5332204,
          "inserted": 2757710,
          "layer": 0,
          "miss_ratio": 0.34088248651345365,
          "reinserted": 757439,
          "req": 8089914
        }
      ],
      "miss_ratio": 0.34088248651345365,
      "req": 8089914
    }
  ],
  "trace": "akamai_sjc.ns758.oracleGeneral.bin.zst"
}