{
  "dram_cache_size": 111,
  "flash_cache_size": 11133,
  "results": [
    {
      "hit": 28207289,
      "iteration": 0,
      "metrics": [
        {
          "admission_treshold": 0,
          "algorithm": "dclock",
          "byte_inserted": 1360335,
          "byte_miss": 1360335,
          "byte_read": 28207289,
          "byte_reinserted": 1340876,
          "hit": 28207289,
          "inserted": 1360335,
          "layer": 0,
          "miss_ratio": 0.04600758586486353,
          "reinserted": 1340876,
          "req": 29567624
        }
      ],
      "miss_ratio": 0.04600758586486353,
      "req": 29567624
    }
  ],
  "trace": "cf_colo28.ns438.oracleGeneral.zst"
}