{
  "dram_cache_size": 97,
  "flash_cache_size": 9752,
  "results": [
    {
      "hit": 7634351,
      "iteration": 0,
      "metrics": [
        {
          "admission_treshold": 0,
          "algorithm": "s3fclock",
          "byte_inserted": 10765649,
          "byte_miss": 10765649,
          "byte_read": 7634351,
          "byte_reinserted": 235541,
          "hit": 7634351,
          "inserted": 10765649,
          "layer": 0,
          "miss_ratio": 0.5850896195652173,
          "reinserted": 235541,
          "req": 18400000
        }
      ],
      "miss_ratio": 0.5850896195652173,
      "req": 18400000
    }
  ],
  "trace": "io_traces.ns372.oracleGeneral.zst"
}