{
  "dram_cache_size": 21,
  "flash_cache_size": 2148,
  "results": [
    {
      "hit": 1490674,
      "iteration": 0,
      "metrics": [
        {
          "admission_treshold": 0,
          "algorithm": "d3clock",
          "byte_inserted": 1509326,
          "byte_miss": 1509326,
          "byte_read": 1490674,
          "byte_reinserted": 165961,
          "hit": 1490674,
          "inserted": 1509326,
          "layer": 0,
          "miss_ratio": 0.5031086666666666,
          "reinserted": 165961,
          "req": 3000000
        }
      ],
      "miss_ratio": 0.5031086666666666,
      "req": 3000000
    }
  ],
  "trace": "io_traces.ns342.oracleGeneral.zst"
}