{
  "dram_cache_size": 15,
  "flash_cache_size": 1556,
  "results": [
    {
      "hit": 1539841,
      "iteration": 0,
      "metrics": [
        {
          "admission_treshold": 0,
          "algorithm": "dclock",
          "byte_inserted": 697780,
          "byte_miss": 697780,
          "byte_read": 1539841,
          "byte_reinserted": 328421,
          "hit": 1539841,
          "inserted": 697780,
          "layer": 0,
          "miss_ratio": 0.31184011948404133,
          "reinserted": 328421,
          "req": 2237621
        }
      ],
      "miss_ratio": 0.31184011948404133,
      "req": 2237621
    }
  ],
  "trace": "tencentBlock.ns1082.oracleGeneral.zst"
}