{
  "dram_cache_size": 53,
  "flash_cache_size": 5340,
  "results": [
    {
      "hit": 3173999,
      "iteration": 0,
      "metrics": [
        {
          "admission_treshold": 0,
          "algorithm": "d3clock",
          "byte_inserted": 1575886,
          "byte_miss": 1575886,
          "byte_read": 3173999,
          "byte_reinserted": 673222,
          "hit": 3173999,
          "inserted": 1575886,
          "layer": 0,
          "miss_ratio": 0.3317735060954108,
          "reinserted": 673222,
          "req": 4749885
        }
      ],
      "miss_ratio": 0.3317735060954108,
      "req": 4749885
    }
  ],
  "trace": "tencentBlock.ns7576.oracleGeneral.zst"
}