{
  "dram_cache_size": 18,
  "flash_cache_size": 1868,
  "results": [
    {
      "hit": 487349,
      "iteration": 0,
      "metrics": [
        {
          "admission_treshold": 0,
          "algorithm": "gclock",
          "byte_inserted": 595170,
          "byte_miss": 595170,
          "byte_read": 487349,
          "byte_reinserted": 34345,
          "hit": 487349,
          "inserted": 595170,
          "layer": 0,
          "miss_ratio": 0.5498009734702116,
          "reinserted": 34345,
          "req": 1082519
        }
      ],
      "miss_ratio": 0.5498009734702116,
      "req": 1082519
    }
  ],
  "trace": "tencentBlock.ns15455.oracleGeneral.zst"
}