{
  "dram_cache_size": 45,
  "flash_cache_size": 4572,
  "results": [
    {
      "hit": 2863389,
      "iteration": 0,
      "metrics": [
        {
          "admission_treshold": 0,
          "algorithm": "t4auto",
          "byte_inserted": 1148821,
          "byte_miss": 1148821,
          "byte_read": 2863389,
          "byte_reinserted": 291340,
          "hit": 2863389,
          "inserted": 1148821,
          "layer": 0,
          "miss_ratio": 0.2863312239389264,
          "reinserted": 291340,
          "req": 4012210
        }
      ],
      "miss_ratio": 0.2863312239389264,
      "req": 4012210
    }
  ],
  "trace": "tencentBlock.ns23398.oracleGeneral.zst"
}