{
  "dram_cache_size": 11,
  "flash_cache_size": 1108,
  "results": [
    {
      "hit": 2602283,
      "iteration": 0,
      "metrics": [
        {
          "admission_treshold": 0,
          "algorithm": "g2clock",
          "byte_inserted": 456757,
          "byte_miss": 456757,
          "byte_read": 2602283,
          "byte_reinserted": 288085,
          "hit": 2602283,
          "inserted": 456757,
          "layer": 0,
          "miss_ratio": 0.14931383702076473,
          "reinserted": 288085,
          "req": 3059040
        }
      ],
      "miss_ratio": 0.14931383702076473,
      "req": 3059040
    }
  ],
  "trace": "tencentBlock.ns6233.oracleGeneral.zst"
}