{
  "dram_cache_size": 18,
  "flash_cache_size": 1856,
  "results": [
    {
      "hit": 536824,
      "iteration": 0,
      "metrics": [
        {
          "admission_treshold": 0,
          "algorithm": "t7auto",
          "byte_inserted": 1269402,
          "byte_miss": 1269402,
          "byte_read": 536824,
          "byte_reinserted": 113154,
          "hit": 536824,
          "inserted": 1269402,
          "layer": 0,
          "miss_ratio": 0.7027924523287783,
          "reinserted": 113154,
          "req": 1806226
        }
      ],
      "miss_ratio": 0.7027924523287783,
      "req": 1806226
    }
  ],
  "trace": "tencentBlock.ns10553.oracleGeneral.zst"
}