{
  "dram_cache_size": 7,
  "flash_cache_size": 776,
  "results": [
    {
      "hit": 2498606,
      "iteration": 0,
      "metrics": [
        {
          "admission_treshold": 0,
          "algorithm": "tauto",
          "byte_inserted": 469692,
          "byte_miss": 469692,
          "byte_read": 2498606,
          "byte_reinserted": 104749,
          "hit": 2498606,
          "inserted": 469692,
          "layer": 0,
          "miss_ratio": 0.15823613397307146,
          "reinserted": 104749,
          "req": 2968298
        }
      ],
      "miss_ratio": 0.15823613397307146,
      "req": 2968298
    }
  ],
  "trace": "tencentBlock.ns16921.oracleGeneral.zst"
}