{
  "dram_cache_size": 12,
  "flash_cache_size": 1221,
  "results": [
    {
      "hit": 1079112,
      "iteration": 0,
      "metrics": [
        {
          "admission_treshold": 0,
          "algorithm": "clock",
          "byte_inserted": 529000,
          "byte_miss": 529000,
          "byte_read": 1079112,
          "byte_reinserted": 392409,
          "hit": 1079112,
          "inserted": 529000,
          "layer": 0,
          "miss_ratio": 0.3289571870615977,
          "reinserted": 392409,
          "req": 1608112
        }
      ],
      "miss_ratio": 0.3289571870615977,
      "req": 1608112
    }
  ],
  "trace": "tencentBlock.ns7287.oracleGeneral.zst"
}