{
  "dram_cache_size": 2,
  "flash_cache_size": 233,
  "results": [
    {
      "hit": 1552345,
      "iteration": 0,
      "metrics": [
        {
          "admission_treshold": 0,
          "algorithm": "s3fclock-sequential",
          "byte_inserted": 2321322,
          "byte_miss": 2321322,
          "byte_read": 1552345,
          "byte_reinserted": 260245,
          "hit": 1552345,
          "inserted": 2321322,
          "layer": 0,
          "miss_ratio": 0.5992569831118679,
          "reinserted": 260245,
          "req": 3873667
        }
      ],
      "miss_ratio": 0.5992569831118679,
      "req": 3873667
    }
  ],
  "trace": "cf_allcolo.ns2490.oracleGeneral.zst"
}