{
  "dram_cache_size": 7,
  "flash_cache_size": 788,
  "results": [
    {
      "hit": 2992027,
      "iteration": 0,
      "metrics": [
        {
          "admission_treshold": 0,
          "algorithm": "q2auto",
          "byte_inserted": 425468,
          "byte_miss": 425468,
          "byte_read": 2992027,
          "byte_reinserted": 527807,
          "hit": 2992027,
          "inserted": 425468,
          "layer": 0,
          "miss_ratio": 0.12449703657210909,
          "reinserted": 527807,
          "req": 3417495
        }
      ],
      "miss_ratio": 0.12449703657210909,
      "req": 3417495
    }
  ],
  "trace": "cf_colo28.ns7604.oracleGeneral.zst"
}