{
  "dram_cache_size": 84,
  "flash_cache_size": 8466,
  "results": [
    {
      "hit": 5466581,
      "iteration": 0,
      "metrics": [
        {
          "admission_treshold": 0,
          "algorithm": "g2clock",
          "byte_inserted": 2133419,
          "byte_miss": 2133419,
          "byte_read": 5466581,
          "byte_reinserted": 1528425,
          "hit": 5466581,
          "inserted": 2133419,
          "layer": 0,
          "miss_ratio": 0.2807130263157894,
          "reinserted": 1528425,
          "req": 7600000
        }
      ],
      "miss_ratio": 0.2807130263157894,
      "req": 7600000
    }
  ],
  "trace": "io_traces.ns266.oracleGeneral.zst"
}