{
  "dram_cache_size": 8,
  "flash_cache_size": 852,
  "results": [
    {
      "hit": 1788882,
      "iteration": 0,
      "metrics": [
        {
          "admission_treshold": 0,
          "algorithm": "gclock",
          "byte_inserted": 481028,
          "byte_miss": 481028,
          "byte_read": 1788882,
          "byte_reinserted": 106330,
          "hit": 1788882,
          "inserted": 481028,
          "layer": 0,
          "miss_ratio": 0.21191500984620537,
          "reinserted": 106330,
          "req": 2269910
        }
      ],
      "miss_ratio": 0.21191500984620537,
      "req": 2269910
    }
  ],
  "trace": "tencentBlock.ns7882.oracleGeneral.zst"
}