{
  "dram_cache_size": 8,
  "flash_cache_size": 868,
  "results": [
    {
      "hit": 1706584,
      "iteration": 0,
      "metrics": [
        {
          "admission_treshold": 0,
          "algorithm": "gclock",
          "byte_inserted": 500392,
          "byte_miss": 500392,
          "byte_read": 1706584,
          "byte_reinserted": 433043,
          "hit": 1706584,
          "inserted": 500392,
          "layer": 0,
          "miss_ratio": 0.2267319626493446,
          "reinserted": 433043,
          "req": 2206976
        }
      ],
      "miss_ratio": 0.2267319626493446,
      "req": 2206976
    }
  ],
  "trace": "tencentBlock.ns13513.oracleGeneral.zst"
}