{
  "dram_cache_size": 114,
  "flash_cache_size": 11499,
  "results": [
    {
      "hit": 5255912,
      "iteration": 0,
      "metrics": [
        {
          "admission_treshold": 0,
          "algorithm": "gclock",
          "byte_inserted": 2834944,
          "byte_miss": 2834944,
          "byte_read": 5255912,
          "byte_reinserted": 601428,
          "hit": 5255912,
          "inserted": 2834944,
          "layer": 0,
          "miss_ratio": 0.35038863625801764,
          "reinserted": 601428,
          "req": 8090856
        }
      ],
      "miss_ratio": 0.35038863625801764,
      "req": 8090856
    }
  ],
  "trace": "tencentBlock.ns13912.oracleGeneral.zst"
}