{
  "dram_cache_size": 39,
  "flash_cache_size": 3916,
  "results": [
    {
      "hit": 2408330,
      "iteration": 0,
      "metrics": [
        {
          "admission_treshold": 0,
          "algorithm": "qauto",
          "byte_inserted": 1190873,
          "byte_miss": 1190873,
          "byte_read": 2408330,
          "byte_reinserted": 313772,
          "hit": 2408330,
          "inserted": 1190873,
          "layer": 0,
          "miss_ratio": 0.3308713067865302,
          "reinserted": 313772,
          "req": 3599203
        }
      ],
      "miss_ratio": 0.3308713067865302,
      "req": 3599203
    }
  ],
  "trace": "tencentBlock.ns10276.oracleGeneral.zst"
}