{
  "dram_cache_size": 11,
  "flash_cache_size": 1118,
  "results": [
    {
      "hit": 2826124,
      "iteration": 0,
      "metrics": [
        {
          "admission_treshold": 0,
          "algorithm": "dclock",
          "byte_inserted": 660978,
          "byte_miss": 660978,
          "byte_read": 2826124,
          "byte_reinserted": 1143652,
          "hit": 2826124,
          "inserted": 660978,
          "layer": 0,
          "miss_ratio": 0.18954937366328828,
          "reinserted": 1143652,
          "req": 3487102
        }
      ],
      "miss_ratio": 0.18954937366328828,
      "req": 3487102
    }
  ],
  "trace": "tencentBlock.ns8021.oracleGeneral.zst"
}