{
  "dram_cache_size": 13,
  "flash_cache_size": 1398,
  "results": [
    {
      "hit": 2484464,
      "iteration": 0,
      "metrics": [
        {
          "admission_treshold": 0,
          "algorithm": "g2clock",
          "byte_inserted": 681896,
          "byte_miss": 681896,
          "byte_read": 2484464,
          "byte_reinserted": 307115,
          "hit": 2484464,
          "inserted": 681896,
          "layer": 0,
          "miss_ratio": 0.21535643451786912,
          "reinserted": 307115,
          "req": 3166360
        }
      ],
      "miss_ratio": 0.21535643451786912,
      "req": 3166360
    }
  ],
  "trace": "tencentBlock.ns10409.oracleGeneral.zst"
}