{
  "dram_cache_size": 135,
  "flash_cache_size": 13515,
  "results": [
    {
      "hit": 11173574,
      "iteration": 0,
      "metrics": [
        {
          "admission_treshold": 0,
          "algorithm": "gclock",
          "byte_inserted": 4674903,
          "byte_miss": 4674903,
          "byte_read": 11173574,
          "byte_reinserted": 329330,
          "hit": 11173574,
          "inserted": 4674903,
          "layer": 0,
          "miss_ratio": 0.29497490515965663,
          "reinserted": 329330,
          "req": 15848477
        }
      ],
      "miss_ratio": 0.29497490515965663,
      "req": 15848477
    }
  ],
  "trace": "tencentBlock.ns1757.oracleGeneral.zst"
}