{
  "dram_cache_size": 82,
  "flash_cache_size": 8250,
  "results": [
    {
      "hit": 1479338,
      "iteration": 0,
      "metrics": [
        {
          "admission_treshold": 0,
          "algorithm": "dclock",
          "byte_inserted": 1981280,
          "byte_miss": 1981280,
          "byte_read": 1479338,
          "byte_reinserted": 348865,
          "hit": 1479338,
          "inserted": 1981280,
          "layer": 0,
          "miss_ratio": 0.5725220177436516,
          "reinserted": 348865,
          "req": 3460618
        }
      ],
      "miss_ratio": 0.5725220177436516,
      "req": 3460618
    }
  ],
  "trace": "tencentBlock.ns13007.oracleGeneral.zst"
}