{
  "dram_cache_size": 13,
  "flash_cache_size": 1358,
  "results": [
    {
      "hit": 625605,
      "iteration": 0,
      "metrics": [
        {
          "admission_treshold": 0,
          "algorithm": "sxfifo",
          "byte_inserted": 611314,
          "byte_miss": 611314,
          "byte_read": 625605,
          "byte_reinserted": 106619,
          "hit": 625605,
          "inserted": 611314,
          "layer": 0,
          "miss_ratio": 0.49422314638226106,
          "reinserted": 106619,
          "req": 1236919
        }
      ],
      "miss_ratio": 0.49422314638226106,
      "req": 1236919
    }
  ],
  "trace": "tencentBlock.ns15284.oracleGeneral.zst"
}