{
  "dram_cache_size": 26,
  "flash_cache_size": 2675,
  "results": [
    {
      "hit": 727194,
      "iteration": 0,
      "metrics": [
        {
          "admission_treshold": 0,
          "algorithm": "g2clock",
          "byte_inserted": 773448,
          "byte_miss": 773448,
          "byte_read": 727194,
          "byte_reinserted": 32736,
          "hit": 727194,
          "inserted": 773448,
          "layer": 0,
          "miss_ratio": 0.5154114039191227,
          "reinserted": 32736,
          "req": 1500642
        }
      ],
      "miss_ratio": 0.5154114039191227,
      "req": 1500642
    }
  ],
  "trace": "tencentBlock.ns19722.oracleGeneral.zst"
}