{
  "dram_cache_size": 48,
  "flash_cache_size": 4831,
  "results": [
    {
      "hit": 2894074,
      "iteration": 0,
      "metrics": [
        {
          "admission_treshold": 0,
          "algorithm": "sxfifo",
          "byte_inserted": 1580499,
          "byte_miss": 1580499,
          "byte_read": 2894074,
          "byte_reinserted": 278017,
          "hit": 2894074,
          "inserted": 1580499,
          "layer": 0,
          "miss_ratio": 0.3532178377691011,
          "reinserted": 278017,
          "req": 4474573
        }
      ],
      "miss_ratio": 0.3532178377691011,
      "req": 4474573
    }
  ],
  "trace": "tencentBlock.ns20817.oracleGeneral.zst"
}