{
  "dram_cache_size": 59,
  "flash_cache_size": 5957,
  "results": [
    {
      "hit": 28986626,
      "iteration": 0,
      "metrics": [
        {
          "admission_treshold": 0,
          "algorithm": "g2clock",
          "byte_inserted": 3534718,
          "byte_miss": 3534718,
          "byte_read": 28986626,
          "byte_reinserted": 3224387,
          "hit": 28986626,
          "inserted": 3534718,
          "layer": 0,
          "miss_ratio": 0.10868917348557305,
          "reinserted": 3224387,
          "req": 32521344
        }
      ],
      "miss_ratio": 0.10868917348557305,
      "req": 32521344
    }
  ],
  "trace": "tencentBlock.ns1670.oracleGeneral.zst"
}