{
  "dram_cache_size": 13332,
  "flash_cache_size": 1333228,
  "results": [
    {
      "hit": 1865735,
      "iteration": 0,
      "metrics": [
        {
          "admission_treshold": 0,
          "algorithm": "time-auto",
          "byte_inserted": 25626143990,
          "byte_miss": 25626143990,
          "byte_read": 31382010939,
          "byte_reinserted": 23135919214,
          "hit": 1865735,
          "inserted": 1094301,
          "layer": 0,
          "miss_ratio": 0.3696917875323138,
          "reinserted": 1246644,
          "req": 2960036
        }
      ],
      "miss_ratio": 0.3696917875323138,
      "req": 2960036
    }
  ],
  "trace": "cf_allcolo.ns975.oracleGeneral.zst"
}