{
  "dram_cache_size": 22,
  "flash_cache_size": 2229,
  "results": [
    {
      "hit": 2164997,
      "iteration": 0,
      "metrics": [
        {
          "admission_treshold": 0,
          "algorithm": "t3auto",
          "byte_inserted": 3635003,
          "byte_miss": 3635003,
          "byte_read": 2164997,
          "byte_reinserted": 301584,
          "hit": 2164997,
          "inserted": 3635003,
          "layer": 0,
          "miss_ratio": 0.6267246551724137,
          "reinserted": 301584,
          "req": 5800000
        }
      ],
      "miss_ratio": 0.6267246551724137,
      "req": 5800000
    }
  ],
  "trace": "io_traces.ns650.oracleGeneral.zst"
}