{
  "dram_cache_size": 29,
  "flash_cache_size": 2996,
  "results": [
    {
      "hit": 2569786,
      "iteration": 0,
      "metrics": [
        {
          "admission_treshold": 0,
          "algorithm": "d3clock",
          "byte_inserted": 897781,
          "byte_miss": 897781,
          "byte_read": 2569786,
          "byte_reinserted": 699443,
          "hit": 2569786,
          "inserted": 897781,
          "layer": 0,
          "miss_ratio": 0.2589080470543179,
          "reinserted": 699443,
          "req": 3467567
        }
      ],
      "miss_ratio": 0.2589080470543179,
      "req": 3467567
    }
  ],
  "trace": "tencentBlock.ns3192.oracleGeneral.zst"
}