{
  "dram_cache_size": 298,
  "flash_cache_size": 29860,
  "results": [
    {
      "hit": 29680647,
      "iteration": 0,
      "metrics": [
        {
          "admission_treshold": 0,
          "algorithm": "qand-clock",
          "byte_inserted": 30956744,
          "byte_miss": 30956744,
          "byte_read": 29680647,
          "byte_reinserted": 6797250,
          "hit": 29680647,
          "inserted": 30956744,
          "layer": 0,
          "miss_ratio": 0.5105223606998527,
          "reinserted": 6797250,
          "req": 60637391
        }
      ],
      "miss_ratio": 0.5105223606998527,
      "req": 60637391
    }
  ],
  "trace": "tencentBlock.ns7568.oracleGeneral.zst"
}