{
  "dram_cache_size": 9,
  "flash_cache_size": 917,
  "results": [
    {
      "hit": 1580881,
      "iteration": 0,
      "metrics": [
        {
          "admission_treshold": 0,
          "algorithm": "qand-clock-v2",
          "byte_inserted": 409052,
          "byte_miss": 409052,
          "byte_read": 1580881,
          "byte_reinserted": 146808,
          "hit": 1580881,
          "inserted": 409052,
          "layer": 0,
          "miss_ratio": 0.2055606897317649,
          "reinserted": 146808,
          "req": 1989933
        }
      ],
      "miss_ratio": 0.2055606897317649,
      "req": 1989933
    }
  ],
  "trace": "tencentBlock.ns2697.oracleGeneral.zst"
}