{
  "dram_cache_size": 9,
  "flash_cache_size": 963,
  "results": [
    {
      "hit": 2281501,
      "iteration": 0,
      "metrics": [
        {
          "admission_treshold": 0,
          "algorithm": "clock",
          "byte_inserted": 418851,
          "byte_miss": 418851,
          "byte_read": 2281501,
          "byte_reinserted": 364569,
          "hit": 2281501,
          "inserted": 418851,
          "layer": 0,
          "miss_ratio": 0.15510977828075745,
          "reinserted": 364569,
          "req": 2700352
        }
      ],
      "miss_ratio": 0.15510977828075745,
      "req": 2700352
    }
  ],
  "trace": "tencentBlock.ns8858.oracleGeneral.zst"
}