{
  "dram_cache_size": 71,
  "flash_cache_size": 7152,
  "results": [
    {
      "hit": 24829635,
      "iteration": 0,
      "metrics": [
        {
          "admission_treshold": 0,
          "algorithm": "qauto",
          "byte_inserted": 3817876,
          "byte_miss": 3817876,
          "byte_read": 24829635,
          "byte_reinserted": 3371261,
          "hit": 24829635,
          "inserted": 3817876,
          "layer": 0,
          "miss_ratio": 0.133270775251644,
          "reinserted": 3371261,
          "req": 28647511
        }
      ],
      "miss_ratio": 0.133270775251644,
      "req": 28647511
    }
  ],
  "trace": "user_activity_cache.1.oracleGeneral.sample10.zst"
}