{
  "dram_cache_size": 7,
  "flash_cache_size": 744,
  "results": [
    {
      "hit": 2011071,
      "iteration": 0,
      "metrics": [
        {
          "admission_treshold": 0,
          "algorithm": "q2auto",
          "byte_inserted": 233599,
          "byte_miss": 233599,
          "byte_read": 2011071,
          "byte_reinserted": 126257,
          "hit": 2011071,
          "inserted": 233599,
          "layer": 0,
          "miss_ratio": 0.1040683040268725,
          "reinserted": 126257,
          "req": 2244670
        }
      ],
      "miss_ratio": 0.1040683040268725,
      "req": 2244670
    }
  ],
  "trace": "cf_allcolo.ns2731.oracleGeneral.zst"
}