{
  "dram_cache_size": 86,
  "flash_cache_size": 8652,
  "results": [
    {
      "hit": 998547,
      "iteration": 0,
      "metrics": [
        {
          "admission_treshold": 0,
          "algorithm": "qand-clock-v2",
          "byte_inserted": 1542805,
          "byte_miss": 1542805,
          "byte_read": 998547,
          "byte_reinserted": 84440,
          "hit": 998547,
          "inserted": 1542805,
          "layer": 0,
          "miss_ratio": 0.6070804044461373,
          "reinserted": 84440,
          "req": 2541352
        }
      ],
      "miss_ratio": 0.6070804044461373,
      "req": 2541352
    }
  ],
  "trace": "cf_colo28.ns721.oracleGeneral.zst"
}