{
  "dram_cache_size": 24,
  "flash_cache_size": 2444,
  "results": [
    {
      "hit": 4817464,
      "iteration": 0,
      "metrics": [
        {
          "admission_treshold": 0,
          "algorithm": "g2clock",
          "byte_inserted": 1782536,
          "byte_miss": 1782536,
          "byte_read": 4817464,
          "byte_reinserted": 984388,
          "hit": 4817464,
          "inserted": 1782536,
          "layer": 0,
          "miss_ratio": 0.27008121212121217,
          "reinserted": 984388,
          "req": 6600000
        }
      ],
      "miss_ratio": 0.27008121212121217,
      "req": 6600000
    }
  ],
  "trace": "io_traces.ns666.oracleGeneral.zst"
}