{
  "dram_cache_size": 43,
  "flash_cache_size": 4315,
  "results": [
    {
      "hit": 2715542,
      "iteration": 0,
      "metrics": [
        {
          "admission_treshold": 0,
          "algorithm": "q2auto",
          "byte_inserted": 1430574,
          "byte_miss": 1430574,
          "byte_read": 2715542,
          "byte_reinserted": 443271,
          "hit": 2715542,
          "inserted": 1430574,
          "layer": 0,
          "miss_ratio": 0.34503955026825106,
          "reinserted": 443271,
          "req": 4146116
        }
      ],
      "miss_ratio": 0.34503955026825106,
      "req": 4146116
    }
  ],
  "trace": "tencentBlock.ns15692.oracleGeneral.zst"
}