{
  "dram_cache_size": 14,
  "flash_cache_size": 1487,
  "results": [
    {
      "hit": 626960,
      "iteration": 0,
      "metrics": [
        {
          "admission_treshold": 0,
          "algorithm": "d3clock",
          "byte_inserted": 749355,
          "byte_miss": 749355,
          "byte_read": 626960,
          "byte_reinserted": 27798,
          "hit": 626960,
          "inserted": 749355,
          "layer": 0,
          "miss_ratio": 0.5444647482589378,
          "reinserted": 27798,
          "req": 1376315
        }
      ],
      "miss_ratio": 0.5444647482589378,
      "req": 1376315
    }
  ],
  "trace": "tencentBlock.ns16441.oracleGeneral.zst"
}