{
  "dram_cache_size": 16,
  "flash_cache_size": 1673,
  "results": [
    {
      "hit": 2198373,
      "iteration": 0,
      "metrics": [
        {
          "admission_treshold": 0,
          "algorithm": "sxfifo",
          "byte_inserted": 2571828,
          "byte_miss": 2571828,
          "byte_read": 2198373,
          "byte_reinserted": 80664,
          "hit": 2198373,
          "inserted": 2571828,
          "layer": 0,
          "miss_ratio": 0.5391445769266326,
          "reinserted": 80664,
          "req": 4770201
        }
      ],
      "miss_ratio": 0.5391445769266326,
      "req": 4770201
    }
  ],
  "trace": "tencentBlock.ns8787.oracleGeneral.zst"
}