{
  "dram_cache_size": 45,
  "flash_cache_size": 4523,
  "results": [
    {
      "hit": 7924277,
      "iteration": 0,
      "metrics": [
        {
          "admission_treshold": 0,
          "algorithm": "sxfifo",
          "byte_inserted": 2647143,
          "byte_miss": 2647143,
          "byte_read": 7924277,
          "byte_reinserted": 171784,
          "hit": 7924277,
          "inserted": 2647143,
          "layer": 0,
          "miss_ratio": 0.2504056219505043,
          "reinserted": 171784,
          "req": 10571420
        }
      ],
      "miss_ratio": 0.2504056219505043,
      "req": 10571420
    }
  ],
  "trace": "tencentBlock.ns13429.oracleGeneral.zst"
}