{
  "dram_cache_size": 25,
  "flash_cache_size": 2502,
  "results": [
    {
      "hit": 1236235,
      "iteration": 0,
      "metrics": [
        {
          "admission_treshold": 0,
          "algorithm": "time-auto",
          "byte_inserted": 871824,
          "byte_miss": 871824,
          "byte_read": 1236235,
          "byte_reinserted": 342953,
          "hit": 1236235,
          "inserted": 871824,
          "layer": 0,
          "miss_ratio": 0.41356717245579944,
          "reinserted": 342953,
          "req": 2108059
        }
      ],
      "miss_ratio": 0.41356717245579944,
      "req": 2108059
    }
  ],
  "trace": "tencentBlock.ns21533.oracleGeneral.zst"
}