{
  "dram_cache_size": 32,
  "flash_cache_size": 3206,
  "results": [
    {
      "hit": 2733598,
      "iteration": 0,
      "metrics": [
        {
          "admission_treshold": 0,
          "algorithm": "g2clock",
          "byte_inserted": 890239,
          "byte_miss": 890239,
          "byte_read": 2733598,
          "byte_reinserted": 810756,
          "hit": 2733598,
          "inserted": 890239,
          "layer": 0,
          "miss_ratio": 0.24566198755628355,
          "reinserted": 810756,
          "req": 3623837
        }
      ],
      "miss_ratio": 0.24566198755628355,
      "req": 3623837
    }
  ],
  "trace": "tencentBlock.ns15653.oracleGeneral.zst"
}