{
  "dram_cache_size": 10,
  "flash_cache_size": 1046,
  "results": [
    {
      "hit": 1897873,
      "iteration": 0,
      "metrics": [
        {
          "admission_treshold": 0,
          "algorithm": "t7auto",
          "byte_inserted": 1237714,
          "byte_miss": 1237714,
          "byte_read": 1897873,
          "byte_reinserted": 422455,
          "hit": 1897873,
          "inserted": 1237714,
          "layer": 0,
          "miss_ratio": 0.39473119387215216,
          "reinserted": 422455,
          "req": 3135587
        }
      ],
      "miss_ratio": 0.39473119387215216,
      "req": 3135587
    }
  ],
  "trace": "cf_allcolo.ns3985.oracleGeneral.zst"
}