{
  "dram_cache_size": 37,
  "flash_cache_size": 3708,
  "results": [
    {
      "hit": 693050,
      "iteration": 0,
      "metrics": [
        {
          "admission_treshold": 0,
          "algorithm": "d3clock",
          "byte_inserted": 1226360,
          "byte_miss": 1226360,
          "byte_read": 693050,
          "byte_reinserted": 18969,
          "hit": 693050,
          "inserted": 1226360,
          "layer": 0,
          "miss_ratio": 0.6389255031494052,
          "reinserted": 18969,
          "req": 1919410
        }
      ],
      "miss_ratio": 0.6389255031494052,
      "req": 1919410
    }
  ],
  "trace": "tencentBlock.ns22035.oracleGeneral.zst"
}