{
  "dram_cache_size": 26,
  "flash_cache_size": 2650,
  "results": [
    {
      "hit": 2744013,
      "iteration": 0,
      "metrics": [
        {
          "admission_treshold": 0,
          "algorithm": "d3clock",
          "byte_inserted": 2300721,
          "byte_miss": 2300721,
          "byte_read": 2744013,
          "byte_reinserted": 605587,
          "hit": 2744013,
          "inserted": 2300721,
          "layer": 0,
          "miss_ratio": 0.4560638876103279,
          "reinserted": 605587,
          "req": 5044734
        }
      ],
      "miss_ratio": 0.4560638876103279,
      "req": 5044734
    }
  ],
  "trace": "tencentBlock.ns3971.oracleGeneral.zst"
}