{
  "dram_cache_size": 5,
  "flash_cache_size": 589,
  "results": [
    {
      "hit": 1910346,
      "iteration": 0,
      "metrics": [
        {
          "admission_treshold": 0,
          "algorithm": "qand-clock",
          "byte_inserted": 273045,
          "byte_miss": 273045,
          "byte_read": 1910346,
          "byte_reinserted": 106869,
          "hit": 1910346,
          "inserted": 273045,
          "layer": 0,
          "miss_ratio": 0.12505547563400232,
          "reinserted": 106869,
          "req": 2183391
        }
      ],
      "miss_ratio": 0.12505547563400232,
      "req": 2183391
    }
  ],
  "trace": "tencentBlock.ns15635.oracleGeneral.zst"
}