{
  "dram_cache_size": 12,
  "flash_cache_size": 1278,
  "results": [
    {
      "hit": 1607162,
      "iteration": 0,
      "metrics": [
        {
          "admission_treshold": 0,
          "algorithm": "gclock",
          "byte_inserted": 457884,
          "byte_miss": 457884,
          "byte_read": 1607162,
          "byte_reinserted": 154427,
          "hit": 1607162,
          "inserted": 457884,
          "layer": 0,
          "miss_ratio": 0.2217306539418492,
          "reinserted": 154427,
          "req": 2065046
        }
      ],
      "miss_ratio": 0.2217306539418492,
      "req": 2065046
    }
  ],
  "trace": "tencentBlock.ns11450.oracleGeneral.zst"
}