{
  "dram_cache_size": 33,
  "flash_cache_size": 3352,
  "results": [
    {
      "hit": 811744,
      "iteration": 0,
      "metrics": [
        {
          "admission_treshold": 0,
          "algorithm": "q2auto",
          "byte_inserted": 596175,
          "byte_miss": 596175,
          "byte_read": 811744,
          "byte_reinserted": 18650,
          "hit": 811744,
          "inserted": 596175,
          "layer": 0,
          "miss_ratio": 0.42344410438384594,
          "reinserted": 18650,
          "req": 1407919
        }
      ],
      "miss_ratio": 0.42344410438384594,
      "req": 1407919
    }
  ],
  "trace": "tencentBlock.ns17689.oracleGeneral.zst"
}