{
  "dram_cache_size": 10,
  "flash_cache_size": 1014,
  "results": [
    {
      "hit": 8176436,
      "iteration": 0,
      "metrics": [
        {
          "admission_treshold": 0,
          "algorithm": "sxfifo",
          "byte_inserted": 17203626,
          "byte_miss": 17203626,
          "byte_read": 8176436,
          "byte_reinserted": 112664,
          "hit": 8176436,
          "inserted": 17203626,
          "layer": 0,
          "miss_ratio": 0.6778401880972552,
          "reinserted": 112664,
          "req": 25380062
        }
      ],
      "miss_ratio": 0.6778401880972552,
      "req": 25380062
    }
  ],
  "trace": "tencentBlock.ns10370.oracleGeneral.zst"
}