{
  "dram_cache_size": 15,
  "flash_cache_size": 1547,
  "results": [
    {
      "hit": 775973,
      "iteration": 0,
      "metrics": [
        {
          "admission_treshold": 0,
          "algorithm": "q3auto",
          "byte_inserted": 640848,
          "byte_miss": 640848,
          "byte_read": 775973,
          "byte_reinserted": 64053,
          "hit": 775973,
          "inserted": 640848,
          "layer": 0,
          "miss_ratio": 0.4523140184963379,
          "reinserted": 64053,
          "req": 1416821
        }
      ],
      "miss_ratio": 0.4523140184963379,
      "req": 1416821
    }
  ],
  "trace": "tencentBlock.ns8006.oracleGeneral.zst"
}