{
  "dram_cache_size": 112,
  "flash_cache_size": 11285,
  "results": [
    {
      "hit": 5571972,
      "iteration": 0,
      "metrics": [
        {
          "admission_treshold": 0,
          "algorithm": "dclock",
          "byte_inserted": 2705789,
          "byte_miss": 2705789,
          "byte_read": 5571972,
          "byte_reinserted": 557845,
          "hit": 5571972,
          "inserted": 2705789,
          "layer": 0,
          "miss_ratio": 0.3268745014503318,
          "reinserted": 557845,
          "req": 8277761
        }
      ],
      "miss_ratio": 0.3268745014503318,
      "req": 8277761
    }
  ],
  "trace": "tencentBlock.ns11633.oracleGeneral.zst"
}