{
  "dram_cache_size": 15,
  "flash_cache_size": 1563,
  "results": [
    {
      "hit": 595708,
      "iteration": 0,
      "metrics": [
        {
          "admission_treshold": 0,
          "algorithm": "qtime-clock",
          "byte_inserted": 571928,
          "byte_miss": 571928,
          "byte_read": 595708,
          "byte_reinserted": 99771,
          "hit": 595708,
          "inserted": 571928,
          "layer": 0,
          "miss_ratio": 0.48981703202025284,
          "reinserted": 99771,
          "req": 1167636
        }
      ],
      "miss_ratio": 0.48981703202025284,
      "req": 1167636
    }
  ],
  "trace": "tencentBlock.ns10303.oracleGeneral.zst"
}