{
  "dram_cache_size": 32,
  "flash_cache_size": 3247,
  "results": [
    {
      "hit": 1052608,
      "iteration": 0,
      "metrics": [
        {
          "admission_treshold": 0,
          "algorithm": "q3auto",
          "byte_inserted": 782467,
          "byte_miss": 782467,
          "byte_read": 1052608,
          "byte_reinserted": 108607,
          "hit": 1052608,
          "inserted": 782467,
          "layer": 0,
          "miss_ratio": 0.42639510646703815,
          "reinserted": 108607,
          "req": 1835075
        }
      ],
      "miss_ratio": 0.42639510646703815,
      "req": 1835075
    }
  ],
  "trace": "tencentBlock.ns17740.oracleGeneral.zst"
}