{
  "dram_cache_size": 47,
  "flash_cache_size": 4752,
  "results": [
    {
      "hit": 6254142,
      "iteration": 0,
      "metrics": [
        {
          "admission_treshold": 0,
          "algorithm": "d3clock",
          "byte_inserted": 4177832,
          "byte_miss": 4177832,
          "byte_read": 6254142,
          "byte_reinserted": 612472,
          "hit": 6254142,
          "inserted": 4177832,
          "layer": 0,
          "miss_ratio": 0.400483360100399,
          "reinserted": 612472,
          "req": 10431974
        }
      ],
      "miss_ratio": 0.400483360100399,
      "req": 10431974
    }
  ],
  "trace": "tencentBlock.ns2024.oracleGeneral.zst"
}