{
  "dram_cache_size": 19,
  "flash_cache_size": 1979,
  "results": [
    {
      "hit": 2137303,
      "iteration": 0,
      "metrics": [
        {
          "admission_treshold": 0,
          "algorithm": "qauto",
          "byte_inserted": 436994,
          "byte_miss": 436994,
          "byte_read": 2137303,
          "byte_reinserted": 98952,
          "hit": 2137303,
          "inserted": 436994,
          "layer": 0,
          "miss_ratio": 0.16975275191634842,
          "reinserted": 98952,
          "req": 2574297
        }
      ],
      "miss_ratio": 0.16975275191634842,
      "req": 2574297
    }
  ],
  "trace": "tencentBlock.ns21198.oracleGeneral.zst"
}