{
  "dram_cache_size": 36,
  "flash_cache_size": 3699,
  "results": [
    {
      "hit": 2878889,
      "iteration": 0,
      "metrics": [
        {
          "admission_treshold": 0,
          "algorithm": "dclock",
          "byte_inserted": 1354992,
          "byte_miss": 1354992,
          "byte_read": 2878889,
          "byte_reinserted": 591138,
          "hit": 2878889,
          "inserted": 1354992,
          "layer": 0,
          "miss_ratio": 0.3200354473826732,
          "reinserted": 591138,
          "req": 4233881
        }
      ],
      "miss_ratio": 0.3200354473826732,
      "req": 4233881
    }
  ],
  "trace": "tencentBlock.ns6334.oracleGeneral.zst"
}