{
  "dram_cache_size": 72,
  "flash_cache_size": 7262,
  "results": [
    {
      "hit": 22695609,
      "iteration": 0,
      "metrics": [
        {
          "admission_treshold": 0,
          "algorithm": "d3clock",
          "byte_inserted": 3731296,
          "byte_miss": 3731296,
          "byte_read": 22695609,
          "byte_reinserted": 2448142,
          "hit": 22695609,
          "inserted": 3731296,
          "layer": 0,
          "miss_ratio": 0.14119307576880458,
          "reinserted": 2448142,
          "req": 26426905
        }
      ],
      "miss_ratio": 0.14119307576880458,
      "req": 26426905
    }
  ],
  "trace": "user_activity_cache.0.oracleGeneral.sample10.zst"
}