{
  "dram_cache_size": 3269,
  "flash_cache_size": 326960,
  "results": [
    {
      "hit": 160783728,
      "iteration": 0,
      "metrics": [
        {
          "admission_treshold": 0,
          "algorithm": "gclock",
          "byte_inserted": 32810228,
          "byte_miss": 32810228,
          "byte_read": 160783728,
          "byte_reinserted": 53573,
          "hit": 160783728,
          "inserted": 32810228,
          "layer": 0,
          "miss_ratio": 0.16947960916713745,
          "reinserted": 53573,
          "req": 193593956
        }
      ],
      "miss_ratio": 0.16947960916713745,
      "req": 193593956
    }
  ],
  "trace": "api_annotation_cache.1.oracleGeneral.sample10.zst"
}