{
  "dram_cache_size": 43246,
  "flash_cache_size": 4324663,
  "results": [
    {
      "hit": 8224242242,
      "iteration": 0,
      "metrics": [
        {
          "admission_treshold": 0,
          "algorithm": "dclock",
          "byte_inserted": 813991553,
          "byte_miss": 813991553,
          "byte_read": 8224242242,
          "byte_reinserted": 1766509083,
          "hit": 8224242242,
          "inserted": 813991553,
          "layer": 0,
          "miss_ratio": 0.09006090918452503,
          "reinserted": 1766509083,
          "req": 9038233795
        }
      ],
      "miss_ratio": 0.09006090918452503,
      "req": 9038233795
    }
  ],
  "trace": "cluster43.oracleGeneral.zst"
}