{
  "dram_cache_size": 38,
  "flash_cache_size": 3871,
  "results": [
    {
      "hit": 2944083,
      "iteration": 0,
      "metrics": [
        {
          "admission_treshold": 0,
          "algorithm": "dclock",
          "byte_inserted": 976294,
          "byte_miss": 976294,
          "byte_read": 2944083,
          "byte_reinserted": 348877,
          "hit": 2944083,
          "inserted": 976294,
          "layer": 0,
          "miss_ratio": 0.24903064169593891,
          "reinserted": 348877,
          "req": 3920377
        }
      ],
      "miss_ratio": 0.24903064169593891,
      "req": 3920377
    }
  ],
  "trace": "tencentBlock.ns16508.oracleGeneral.zst"
}