{
  "dram_cache_size": 26,
  "flash_cache_size": 2692,
  "results": [
    {
      "hit": 15819216,
      "iteration": 0,
      "metrics": [
        {
          "admission_treshold": 0,
          "algorithm": "dclock",
          "byte_inserted": 1268246,
          "byte_miss": 1268246,
          "byte_read": 15819216,
          "byte_reinserted": 1669006,
          "hit": 15819216,
          "inserted": 1268246,
          "layer": 0,
          "miss_ratio": 0.07422085269304479,
          "reinserted": 1669006,
          "req": 17087462
        }
      ],
      "miss_ratio": 0.07422085269304479,
      "req": 17087462
    }
  ],
  "trace": "cf_allcolo.ns241.oracleGeneral.zst"
}