{
  "dram_cache_size": 69,
  "flash_cache_size": 6948,
  "results": [
    {
      "hit": 35905776,
      "iteration": 0,
      "metrics": [
        {
          "admission_treshold": 0,
          "algorithm": "qauto",
          "byte_inserted": 700435,
          "byte_miss": 700435,
          "byte_read": 35905776,
          "byte_reinserted": 447879,
          "hit": 35905776,
          "inserted": 700435,
          "layer": 0,
          "miss_ratio": 0.019134321222155415,
          "reinserted": 447879,
          "req": 36606211
        }
      ],
      "miss_ratio": 0.019134321222155415,
      "req": 36606211
    }
  ],
  "trace": "cf_allcolo.ns867.oracleGeneral.zst"
}