{
  "dram_cache_size": 8,
  "flash_cache_size": 805,
  "results": [
    {
      "hit": 1250856,
      "iteration": 0,
      "metrics": [
        {
          "admission_treshold": 0,
          "algorithm": "gclock",
          "byte_inserted": 215622,
          "byte_miss": 215622,
          "byte_read": 1250856,
          "byte_reinserted": 238220,
          "hit": 1250856,
          "inserted": 215622,
          "layer": 0,
          "miss_ratio": 0.14703391390801634,
          "reinserted": 238220,
          "req": 1466478
        }
      ],
      "miss_ratio": 0.14703391390801634,
      "req": 1466478
    }
  ],
  "trace": "tencentBlock.ns11895.oracleGeneral.zst"
}