{
  "dram_cache_size": 181,
  "flash_cache_size": 18181,
  "results": [
    {
      "hit": 5842226,
      "iteration": 0,
      "metrics": [
        {
          "admission_treshold": 0,
          "algorithm": "t3auto",
          "byte_inserted": 3048443,
          "byte_miss": 3048443,
          "byte_read": 5842226,
          "byte_reinserted": 825604,
          "hit": 5842226,
          "inserted": 3048443,
          "layer": 0,
          "miss_ratio": 0.3428811712594406,
          "reinserted": 825604,
          "req": 8890669
        }
      ],
      "miss_ratio": 0.3428811712594406,
      "req": 8890669
    }
  ],
  "trace": "tencentBlock.ns21031.oracleGeneral.zst"
}