{
  "dram_cache_size": 12,
  "flash_cache_size": 1271,
  "results": [
    {
      "hit": 1369508,
      "iteration": 0,
      "metrics": [
        {
          "admission_treshold": 0,
          "algorithm": "qand-clock-v2",
          "byte_inserted": 812088,
          "byte_miss": 812088,
          "byte_read": 1369508,
          "byte_reinserted": 142526,
          "hit": 1369508,
          "inserted": 812088,
          "layer": 0,
          "miss_ratio": 0.37224490693969003,
          "reinserted": 142526,
          "req": 2181596
        }
      ],
      "miss_ratio": 0.37224490693969003,
      "req": 2181596
    }
  ],
  "trace": "tencentBlock.ns8804.oracleGeneral.zst"
}