{
  "dram_cache_size": 19,
  "flash_cache_size": 1943,
  "results": [
    {
      "hit": 906782,
      "iteration": 0,
      "metrics": [
        {
          "admission_treshold": 0,
          "algorithm": "time-auto",
          "byte_inserted": 730042,
          "byte_miss": 730042,
          "byte_read": 906782,
          "byte_reinserted": 186297,
          "hit": 906782,
          "inserted": 730042,
          "layer": 0,
          "miss_ratio": 0.44601129993206357,
          "reinserted": 186297,
          "req": 1636824
        }
      ],
      "miss_ratio": 0.44601129993206357,
      "req": 1636824
    }
  ],
  "trace": "tencentBlock.ns14212.oracleGeneral.zst"
}