{
  "dram_cache_size": 10,
  "flash_cache_size": 1019,
  "results": [
    {
      "hit": 2054981,
      "iteration": 0,
      "metrics": [
        {
          "admission_treshold": 0,
          "algorithm": "s3fclock",
          "byte_inserted": 1021419,
          "byte_miss": 1021419,
          "byte_read": 2054981,
          "byte_reinserted": 88500,
          "hit": 2054981,
          "inserted": 1021419,
          "layer": 0,
          "miss_ratio": 0.33201761799505913,
          "reinserted": 88500,
          "req": 3076400
        }
      ],
      "miss_ratio": 0.33201761799505913,
      "req": 3076400
    }
  ],
  "trace": "tencentBlock.ns7943.oracleGeneral.zst"
}