{
  "dram_cache_size": 13,
  "flash_cache_size": 1344,
  "results": [
    {
      "hit": 1105247,
      "iteration": 0,
      "metrics": [
        {
          "admission_treshold": 0,
          "algorithm": "gclock",
          "byte_inserted": 444071,
          "byte_miss": 444071,
          "byte_read": 1105247,
          "byte_reinserted": 40600,
          "hit": 1105247,
          "inserted": 444071,
          "layer": 0,
          "miss_ratio": 0.286623533709671,
          "reinserted": 40600,
          "req": 1549318
        }
      ],
      "miss_ratio": 0.286623533709671,
      "req": 1549318
    }
  ],
  "trace": "tencentBlock.ns9495.oracleGeneral.zst"
}