{
  "dram_cache_size": 1,
  "flash_cache_size": 113,
  "results": [
    {
      "hit": 2146302,
      "iteration": 0,
      "metrics": [
        {
          "admission_treshold": 0,
          "algorithm": "d3clock",
          "byte_inserted": 552894,
          "byte_miss": 552894,
          "byte_read": 2146302,
          "byte_reinserted": 202310,
          "hit": 2146302,
          "inserted": 552894,
          "layer": 0,
          "miss_ratio": 0.2048365513286179,
          "reinserted": 202310,
          "req": 2699196
        }
      ],
      "miss_ratio": 0.2048365513286179,
      "req": 2699196
    }
  ],
  "trace": "cf_allcolo.ns945.oracleGeneral.zst"
}