{
  "dram_cache_size": 458302,
  "flash_cache_size": 45830288,
  "results": [
    {
      "hit": 11050066,
      "iteration": 0,
      "metrics": [
        {
          "admission_treshold": 0,
          "algorithm": "time-auto",
          "byte_inserted": 4583035039,
          "byte_miss": 4583035039,
          "byte_read": 24304541095,
          "byte_reinserted": 610662294,
          "hit": 11050066,
          "inserted": 1653305,
          "layer": 0,
          "miss_ratio": 0.1301469507581885,
          "reinserted": 222190,
          "req": 12703371
        }
      ],
      "miss_ratio": 0.1301469507581885,
      "req": 12703371
    }
  ],
  "trace": "cf_colo28.ns247.oracleGeneral.zst"
}