{
  "dram_cache_size": 16,
  "flash_cache_size": 1640,
  "results": [
    {
      "hit": 1346037,
      "iteration": 0,
      "metrics": [
        {
          "admission_treshold": 0,
          "algorithm": "q2auto",
          "byte_inserted": 186011,
          "byte_miss": 186011,
          "byte_read": 1346037,
          "byte_reinserted": 17124,
          "hit": 1346037,
          "inserted": 186011,
          "layer": 0,
          "miss_ratio": 0.12141329775568388,
          "reinserted": 17124,
          "req": 1532048
        }
      ],
      "miss_ratio": 0.12141329775568388,
      "req": 1532048
    }
  ],
  "trace": "cf_colo28.ns2544.oracleGeneral.zst"
}