{
  "dram_cache_size": 30,
  "flash_cache_size": 3015,
  "results": [
    {
      "hit": 5426514,
      "iteration": 0,
      "metrics": [
        {
          "admission_treshold": 0,
          "algorithm": "sxfifo",
          "byte_inserted": 3448259,
          "byte_miss": 3448259,
          "byte_read": 5426514,
          "byte_reinserted": 603194,
          "hit": 5426514,
          "inserted": 3448259,
          "layer": 0,
          "miss_ratio": 0.38854616337792525,
          "reinserted": 603194,
          "req": 8874773
        }
      ],
      "miss_ratio": 0.38854616337792525,
      "req": 8874773
    }
  ],
  "trace": "cf_colo28.ns126.oracleGeneral.zst"
}