{
  "dram_cache_size": 81,
  "flash_cache_size": 8176,
  "results": [
    {
      "hit": 13025036,
      "iteration": 0,
      "metrics": [
        {
          "admission_treshold": 0,
          "algorithm": "q2auto",
          "byte_inserted": 1119333,
          "byte_miss": 1119333,
          "byte_read": 13025036,
          "byte_reinserted": 582179,
          "hit": 13025036,
          "inserted": 1119333,
          "layer": 0,
          "miss_ratio": 0.07913629798543864,
          "reinserted": 582179,
          "req": 14144369
        }
      ],
      "miss_ratio": 0.07913629798543864,
      "req": 14144369
    }
  ],
  "trace": "cf_colo28.ns340.oracleGeneral.zst"
}