{
  "dram_cache_size": 55,
  "flash_cache_size": 5580,
  "results": [
    {
      "hit": 3799486,
      "iteration": 0,
      "metrics": [
        {
          "admission_treshold": 0,
          "algorithm": "q3auto",
          "byte_inserted": 2800514,
          "byte_miss": 2800514,
          "byte_read": 3799486,
          "byte_reinserted": 450514,
          "hit": 3799486,
          "inserted": 2800514,
          "layer": 0,
          "miss_ratio": 0.424320303030303,
          "reinserted": 450514,
          "req": 6600000
        }
      ],
      "miss_ratio": 0.424320303030303,
      "req": 6600000
    }
  ],
  "trace": "io_traces.ns271.oracleGeneral.zst"
}