{
  "dram_cache_size": 1711,
  "flash_cache_size": 171120,
  "results": [
    {
      "hit": 283673372,
      "iteration": 0,
      "metrics": [
        {
          "admission_treshold": 0,
          "algorithm": "dclock",
          "byte_inserted": 56633255,
          "byte_miss": 56633255,
          "byte_read": 283673372,
          "byte_reinserted": 65540244,
          "hit": 283673372,
          "inserted": 56633255,
          "layer": 0,
          "miss_ratio": 0.16641831368156113,
          "reinserted": 65540244,
          "req": 340306627
        }
      ],
      "miss_ratio": 0.16641831368156113,
      "req": 340306627
    }
  ],
  "trace": "meta_kvcache_traces_1.oracleGeneral.bin.zst"
}