{
  "dram_cache_size": 57,
  "flash_cache_size": 5740,
  "results": [
    {
      "hit": 47900642,
      "iteration": 0,
      "metrics": [
        {
          "admission_treshold": 0,
          "algorithm": "qand-clock",
          "byte_inserted": 9842521,
          "byte_miss": 9842521,
          "byte_read": 47900642,
          "byte_reinserted": 3354852,
          "hit": 47900642,
          "inserted": 9842521,
          "layer": 0,
          "miss_ratio": 0.1704534439860872,
          "reinserted": 3354852,
          "req": 57743163
        }
      ],
      "miss_ratio": 0.1704534439860872,
      "req": 57743163
    }
  ],
  "trace": "tencentBlock.ns1707.oracleGeneral.zst"
}