{
  "dram_cache_size": 94,
  "flash_cache_size": 9463,
  "results": [
    {
      "hit": 9497327,
      "iteration": 0,
      "metrics": [
        {
          "admission_treshold": 0,
          "algorithm": "dclock",
          "byte_inserted": 4887448,
          "byte_miss": 4887448,
          "byte_read": 9497327,
          "byte_reinserted": 5746958,
          "hit": 9497327,
          "inserted": 4887448,
          "layer": 0,
          "miss_ratio": 0.33976534217601595,
          "reinserted": 5746958,
          "req": 14384775
        }
      ],
      "miss_ratio": 0.33976534217601595,
      "req": 14384775
    }
  ],
  "trace": "tencentBlock.ns4445.oracleGeneral.zst"
}