{
  "dram_cache_size": 276,
  "flash_cache_size": 27640,
  "results": [
    {
      "hit": 35124122,
      "iteration": 0,
      "metrics": [
        {
          "admission_treshold": 0,
          "algorithm": "g2clock",
          "byte_inserted": 3120629,
          "byte_miss": 3120629,
          "byte_read": 35124122,
          "byte_reinserted": 2385566,
          "hit": 35124122,
          "inserted": 3120629,
          "layer": 0,
          "miss_ratio": 0.08159626925012531,
          "reinserted": 2385566,
          "req": 38244751
        }
      ],
      "miss_ratio": 0.08159626925012531,
      "req": 38244751
    }
  ],
  "trace": "tencentBlock.ns1437.oracleGeneral.zst"
}