{
  "dram_cache_size": 96,
  "flash_cache_size": 9684,
  "results": [
    {
      "hit": 3399808,
      "iteration": 0,
      "metrics": [
        {
          "admission_treshold": 0,
          "algorithm": "qauto",
          "byte_inserted": 7710249,
          "byte_miss": 7710249,
          "byte_read": 3399808,
          "byte_reinserted": 807311,
          "hit": 3399808,
          "inserted": 7710249,
          "layer": 0,
          "miss_ratio": 0.6939882486651509,
          "reinserted": 807311,
          "req": 11110057
        }
      ],
      "miss_ratio": 0.6939882486651509,
      "req": 11110057
    }
  ],
  "trace": "tencentBlock.ns4124.oracleGeneral.zst"
}