{
  "dram_cache_size": 170,
  "flash_cache_size": 17090,
  "results": [
    {
      "hit": 20877279,
      "iteration": 0,
      "metrics": [
        {
          "admission_treshold": 0,
          "algorithm": "d3clock",
          "byte_inserted": 4932131,
          "byte_miss": 4932131,
          "byte_read": 20877279,
          "byte_reinserted": 3946731,
          "hit": 20877279,
          "inserted": 4932131,
          "layer": 0,
          "miss_ratio": 0.19109816923362444,
          "reinserted": 3946731,
          "req": 25809410
        }
      ],
      "miss_ratio": 0.19109816923362444,
      "req": 25809410
    }
  ],
  "trace": "tencentBlock.ns12430.oracleGeneral.zst"
}