{
  "dram_cache_size": 200981,
  "flash_cache_size": 20098124,
  "results": [
    {
      "hit": 12636579,
      "iteration": 0,
      "metrics": [
        {
          "admission_treshold": 0,
          "algorithm": "time2-auto",
          "byte_inserted": 316737106432,
          "byte_miss": 316737106432,
          "byte_read": 52874881024,
          "byte_reinserted": 3397124608,
          "hit": 12636579,
          "inserted": 5282296,
          "layer": 0,
          "miss_ratio": 0.2947894887374347,
          "reinserted": 627436,
          "req": 17918875
        }
      ],
      "miss_ratio": 0.2947894887374347,
      "req": 17918875
    }
  ],
  "trace": "tencentBlock.ns5318.oracleGeneral.zst"
}