{
  "dram_cache_size": 87,
  "flash_cache_size": 8745,
  "results": [
    {
      "hit": 8623222,
      "iteration": 0,
      "metrics": [
        {
          "admission_treshold": 0,
          "algorithm": "qauto",
          "byte_inserted": 33574397,
          "byte_miss": 33574397,
          "byte_read": 8623222,
          "byte_reinserted": 4641666,
          "hit": 8623222,
          "inserted": 33574397,
          "layer": 0,
          "miss_ratio": 0.795646716465211,
          "reinserted": 4641666,
          "req": 42197619
        }
      ],
      "miss_ratio": 0.795646716465211,
      "req": 42197619
    }
  ],
  "trace": "tencentBlock.ns14895.oracleGeneral.zst"
}