{
  "dram_cache_size": 47,
  "flash_cache_size": 4770,
  "results": [
    {
      "hit": 2767953,
      "iteration": 0,
      "metrics": [
        {
          "admission_treshold": 0,
          "algorithm": "gclock",
          "byte_inserted": 1100878,
          "byte_miss": 1100878,
          "byte_read": 2767953,
          "byte_reinserted": 436421,
          "hit": 2767953,
          "inserted": 1100878,
          "layer": 0,
          "miss_ratio": 0.2845505528672615,
          "reinserted": 436421,
          "req": 3868831
        }
      ],
      "miss_ratio": 0.2845505528672615,
      "req": 3868831
    }
  ],
  "trace": "tencentBlock.ns19873.oracleGeneral.zst"
}