{
  "dram_cache_size": 508,
  "flash_cache_size": 50875,
  "results": [
    {
      "hit": 3604686,
      "iteration": 0,
      "metrics": [
        {
          "admission_treshold": 0,
          "algorithm": "dclock",
          "byte_inserted": 15236002,
          "byte_miss": 15236002,
          "byte_read": 3604686,
          "byte_reinserted": 1203203,
          "hit": 3604686,
          "inserted": 15236002,
          "layer": 0,
          "miss_ratio": 0.808675458136136,
          "reinserted": 1203203,
          "req": 18840688
        }
      ],
      "miss_ratio": 0.808675458136136,
      "req": 18840688
    }
  ],
  "trace": "w37.oracleGeneral.bin.zst"
}