{
  "dram_cache_size": 24,
  "flash_cache_size": 2440,
  "results": [
    {
      "hit": 1791736,
      "iteration": 0,
      "metrics": [
        {
          "admission_treshold": 0,
          "algorithm": "dclock",
          "byte_inserted": 338306,
          "byte_miss": 338306,
          "byte_read": 1791736,
          "byte_reinserted": 156401,
          "hit": 1791736,
          "inserted": 338306,
          "layer": 0,
          "miss_ratio": 0.15882597620140826,
          "reinserted": 156401,
          "req": 2130042
        }
      ],
      "miss_ratio": 0.15882597620140826,
      "req": 2130042
    }
  ],
  "trace": "akamai_lax.ns31.oracleGeneral.bin.zst"
}