{
  "dram_cache_size": 80990,
  "flash_cache_size": 8099005,
  "results": [
    {
      "hit": 1365992,
      "iteration": 0,
      "metrics": [
        {
          "admission_treshold": 0,
          "algorithm": "qauto",
          "byte_inserted": 64558334976,
          "byte_miss": 64558334976,
          "byte_read": 7775748608,
          "byte_reinserted": 789655552,
          "hit": 1365992,
          "inserted": 742492,
          "layer": 0,
          "miss_ratio": 0.3521449534357387,
          "reinserted": 97151,
          "req": 2108484
        }
      ],
      "miss_ratio": 0.3521449534357387,
      "req": 2108484
    }
  ],
  "trace": "tencentBlock.ns15791.oracleGeneral.zst"
}