{
  "dram_cache_size": 32,
  "flash_cache_size": 3258,
  "results": [
    {
      "hit": 4518745,
      "iteration": 0,
      "metrics": [
        {
          "admission_treshold": 0,
          "algorithm": "g2clock",
          "byte_inserted": 1461821,
          "byte_miss": 1461821,
          "byte_read": 4518745,
          "byte_reinserted": 372675,
          "hit": 4518745,
          "inserted": 1461821,
          "layer": 0,
          "miss_ratio": 0.24442853736586134,
          "reinserted": 372675,
          "req": 5980566
        }
      ],
      "miss_ratio": 0.24442853736586134,
      "req": 5980566
    }
  ],
  "trace": "tencentBlock.ns15725.oracleGeneral.zst"
}