{
  "dram_cache_size": 81,
  "flash_cache_size": 8131,
  "results": [
    {
      "hit": 5428858,
      "iteration": 0,
      "metrics": [
        {
          "admission_treshold": 0,
          "algorithm": "t4auto",
          "byte_inserted": 2539350,
          "byte_miss": 2539350,
          "byte_read": 5428858,
          "byte_reinserted": 465198,
          "hit": 5428858,
          "inserted": 2539350,
          "layer": 0,
          "miss_ratio": 0.31868520500468867,
          "reinserted": 465198,
          "req": 7968208
        }
      ],
      "miss_ratio": 0.31868520500468867,
      "req": 7968208
    }
  ],
  "trace": "tencentBlock.ns12043.oracleGeneral.zst"
}