{
  "dram_cache_size": 2,
  "flash_cache_size": 219,
  "results": [
    {
      "hit": 965969,
      "iteration": 0,
      "metrics": [
        {
          "admission_treshold": 0,
          "algorithm": "sxfifo",
          "byte_inserted": 5101696,
          "byte_miss": 5101696,
          "byte_read": 965969,
          "byte_reinserted": 292121,
          "hit": 965969,
          "inserted": 5101696,
          "layer": 0,
          "miss_ratio": 0.8408005385926877,
          "reinserted": 292121,
          "req": 6067665
        }
      ],
      "miss_ratio": 0.8408005385926877,
      "req": 6067665
    }
  ],
  "trace": "akamai_lax.ns330.oracleGeneral.bin.zst"
}