{
  "dram_cache_size": 118,
  "flash_cache_size": 11805,
  "results": [
    {
      "hit": 10628501,
      "iteration": 0,
      "metrics": [
        {
          "admission_treshold": 0,
          "algorithm": "g2clock",
          "byte_inserted": 1182519,
          "byte_miss": 1182519,
          "byte_read": 10628501,
          "byte_reinserted": 12793,
          "hit": 10628501,
          "inserted": 1182519,
          "layer": 0,
          "miss_ratio": 0.1001199727034583,
          "reinserted": 12793,
          "req": 11811020
        }
      ],
      "miss_ratio": 0.1001199727034583,
      "req": 11811020
    }
  ],
  "trace": "cf_colo28.ns2351.oracleGeneral.zst"
}