{
  "dram_cache_size": 115,
  "flash_cache_size": 11568,
  "results": [
    {
      "hit": 1148348945,
      "iteration": 0,
      "metrics": [
        {
          "admission_treshold": 0,
          "algorithm": "qand-clock",
          "byte_inserted": 143851700,
          "byte_miss": 143851700,
          "byte_read": 1148348945,
          "byte_reinserted": 100538927,
          "hit": 1148348945,
          "inserted": 143851700,
          "layer": 0,
          "miss_ratio": 0.11132303683380373,
          "reinserted": 100538927,
          "req": 1292200645
        }
      ],
      "miss_ratio": 0.11132303683380373,
      "req": 1292200645
    }
  ],
  "trace": "cluster18.oracleGeneral.sample10.zst"
}