{
  "dram_cache_size": 290,
  "flash_cache_size": 29032,
  "results": [
    {
      "hit": 69574200,
      "iteration": 0,
      "metrics": [
        {
          "admission_treshold": 0,
          "algorithm": "s3fclock",
          "byte_inserted": 5825800,
          "byte_miss": 5825800,
          "byte_read": 69574200,
          "byte_reinserted": 1048655,
          "hit": 69574200,
          "inserted": 5825800,
          "layer": 0,
          "miss_ratio": 0.07726525198938994,
          "reinserted": 1048655,
          "req": 75400000
        }
      ],
      "miss_ratio": 0.07726525198938994,
      "req": 75400000
    }
  ],
  "trace": "io_traces.ns68.oracleGeneral.zst"
}