{
  "dram_cache_size": 279,
  "flash_cache_size": 27916,
  "results": [
    {
      "hit": 9794377,
      "iteration": 0,
      "metrics": [
        {
          "admission_treshold": 0,
          "algorithm": "t2auto",
          "byte_inserted": 4313350,
          "byte_miss": 4313350,
          "byte_read": 9794377,
          "byte_reinserted": 249071,
          "hit": 9794377,
          "inserted": 4313350,
          "layer": 0,
          "miss_ratio": 0.30574379558096065,
          "reinserted": 249071,
          "req": 14107727
        }
      ],
      "miss_ratio": 0.30574379558096065,
      "req": 14107727
    }
  ],
  "trace": "popular_tweets_by_interests_cache.1.oracleGeneral.sample10.zst"
}