{
  "dram_cache_size": 17,
  "flash_cache_size": 1778,
  "results": [
    {
      "hit": 5796799,
      "iteration": 0,
      "metrics": [
        {
          "admission_treshold": 0,
          "algorithm": "gclock",
          "byte_inserted": 1014454,
          "byte_miss": 1014454,
          "byte_read": 5796799,
          "byte_reinserted": 335335,
          "hit": 5796799,
          "inserted": 1014454,
          "layer": 0,
          "miss_ratio": 0.14893794137436978,
          "reinserted": 335335,
          "req": 6811253
        }
      ],
      "miss_ratio": 0.14893794137436978,
      "req": 6811253
    }
  ],
  "trace": "tencentBlock.ns11576.oracleGeneral.zst"
}