{
  "dram_cache_size": 37,
  "flash_cache_size": 3746,
  "results": [
    {
      "hit": 2464869,
      "iteration": 0,
      "metrics": [
        {
          "admission_treshold": 0,
          "algorithm": "gclock",
          "byte_inserted": 1132799,
          "byte_miss": 1132799,
          "byte_read": 2464869,
          "byte_reinserted": 375349,
          "hit": 2464869,
          "inserted": 1132799,
          "layer": 0,
          "miss_ratio": 0.3148703549076791,
          "reinserted": 375349,
          "req": 3597668
        }
      ],
      "miss_ratio": 0.3148703549076791,
      "req": 3597668
    }
  ],
  "trace": "tencentBlock.ns16003.oracleGeneral.zst"
}