{
  "dram_cache_size": 23,
  "flash_cache_size": 2378,
  "results": [
    {
      "hit": 1376223,
      "iteration": 0,
      "metrics": [
        {
          "admission_treshold": 0,
          "algorithm": "cm-clock",
          "byte_inserted": 1043593,
          "byte_miss": 1043593,
          "byte_read": 1376223,
          "byte_reinserted": 149773,
          "hit": 1376223,
          "inserted": 1043593,
          "layer": 0,
          "miss_ratio": 0.4312695676034872,
          "reinserted": 149773,
          "req": 2419816
        }
      ],
      "miss_ratio": 0.4312695676034872,
      "req": 2419816
    }
  ],
  "trace": "tencentBlock.ns4413.oracleGeneral.zst"
}