{
  "dram_cache_size": 53,
  "flash_cache_size": 5321,
  "results": [
    {
      "hit": 7082801,
      "iteration": 0,
      "metrics": [
        {
          "admission_treshold": 0,
          "algorithm": "g2clock",
          "byte_inserted": 28008432,
          "byte_miss": 28008432,
          "byte_read": 7082801,
          "byte_reinserted": 5291108,
          "hit": 7082801,
          "inserted": 28008432,
          "layer": 0,
          "miss_ratio": 0.798160383820084,
          "reinserted": 5291108,
          "req": 35091233
        }
      ],
      "miss_ratio": 0.798160383820084,
      "req": 35091233
    }
  ],
  "trace": "tencentBlock.ns17606.oracleGeneral.zst"
}