{
  "dram_cache_size": 6,
  "flash_cache_size": 686,
  "results": [
    {
      "hit": 2220822,
      "iteration": 0,
      "metrics": [
        {
          "admission_treshold": 0,
          "algorithm": "sxfifo",
          "byte_inserted": 477409,
          "byte_miss": 477409,
          "byte_read": 2220822,
          "byte_reinserted": 43037,
          "hit": 2220822,
          "inserted": 477409,
          "layer": 0,
          "miss_ratio": 0.1769340727313562,
          "reinserted": 43037,
          "req": 2698231
        }
      ],
      "miss_ratio": 0.1769340727313562,
      "req": 2698231
    }
  ],
  "trace": "tencentBlock.ns21118.oracleGeneral.zst"
}