{
  "dram_cache_size": 33,
  "flash_cache_size": 3375,
  "results": [
    {
      "hit": 2038913,
      "iteration": 0,
      "metrics": [
        {
          "admission_treshold": 0,
          "algorithm": "s3fclock-sequential",
          "byte_inserted": 1052486,
          "byte_miss": 1052486,
          "byte_read": 2038913,
          "byte_reinserted": 310327,
          "hit": 2038913,
          "inserted": 1052486,
          "layer": 0,
          "miss_ratio": 0.34045621416064376,
          "reinserted": 310327,
          "req": 3091399
        }
      ],
      "miss_ratio": 0.34045621416064376,
      "req": 3091399
    }
  ],
  "trace": "tencentBlock.ns13945.oracleGeneral.zst"
}