{
  "dram_cache_size": 17,
  "flash_cache_size": 1786,
  "results": [
    {
      "hit": 1722072,
      "iteration": 0,
      "metrics": [
        {
          "admission_treshold": 0,
          "algorithm": "t5auto",
          "byte_inserted": 656196,
          "byte_miss": 656196,
          "byte_read": 1722072,
          "byte_reinserted": 93295,
          "hit": 1722072,
          "inserted": 656196,
          "layer": 0,
          "miss_ratio": 0.27591339579895957,
          "reinserted": 93295,
          "req": 2378268
        }
      ],
      "miss_ratio": 0.27591339579895957,
      "req": 2378268
    }
  ],
  "trace": "tencentBlock.ns17018.oracleGeneral.zst"
}