{
  "dram_cache_size": 7,
  "flash_cache_size": 762,
  "results": [
    {
      "hit": 1218555,
      "iteration": 0,
      "metrics": [
        {
          "admission_treshold": 0,
          "algorithm": "d3clock",
          "byte_inserted": 277182,
          "byte_miss": 277182,
          "byte_read": 1218555,
          "byte_reinserted": 152110,
          "hit": 1218555,
          "inserted": 277182,
          "layer": 0,
          "miss_ratio": 0.18531466427587207,
          "reinserted": 152110,
          "req": 1495737
        }
      ],
      "miss_ratio": 0.18531466427587207,
      "req": 1495737
    }
  ],
  "trace": "tencentBlock.ns17897.oracleGeneral.zst"
}