{
  "dram_cache_size": 240,
  "flash_cache_size": 24005,
  "results": [
    {
      "hit": 23003797,
      "iteration": 0,
      "metrics": [
        {
          "admission_treshold": 0,
          "algorithm": "g2clock",
          "byte_inserted": 26804160,
          "byte_miss": 26804160,
          "byte_read": 23003797,
          "byte_reinserted": 11868049,
          "hit": 23003797,
          "inserted": 26804160,
          "layer": 0,
          "miss_ratio": 0.5381501594213149,
          "reinserted": 11868049,
          "req": 49807957
        }
      ],
      "miss_ratio": 0.5381501594213149,
      "req": 49807957
    }
  ],
  "trace": "tencentBlock.ns11549.oracleGeneral.zst"
}