{
  "dram_cache_size": 1,
  "flash_cache_size": 140,
  "results": [
    {
      "hit": 8364298,
      "iteration": 0,
      "metrics": [
        {
          "admission_treshold": 0,
          "algorithm": "t4auto",
          "byte_inserted": 15155,
          "byte_miss": 15155,
          "byte_read": 8364298,
          "byte_reinserted": 1926,
          "hit": 8364298,
          "inserted": 15155,
          "layer": 0,
          "miss_ratio": 0.001808590608480043,
          "reinserted": 1926,
          "req": 8379453
        }
      ],
      "miss_ratio": 0.001808590608480043,
      "req": 8379453
    }
  ],
  "trace": "cf_allcolo.ns530.oracleGeneral.zst"
}