{
  "dram_cache_size": 2,
  "flash_cache_size": 222,
  "results": [
    {
      "hit": 2058967,
      "iteration": 0,
      "metrics": [
        {
          "admission_treshold": 0,
          "algorithm": "t2auto",
          "byte_inserted": 22538,
          "byte_miss": 22538,
          "byte_read": 2058967,
          "byte_reinserted": 1530,
          "hit": 2058967,
          "inserted": 22538,
          "layer": 0,
          "miss_ratio": 0.010827742426753773,
          "reinserted": 1530,
          "req": 2081505
        }
      ],
      "miss_ratio": 0.010827742426753773,
      "req": 2081505
    }
  ],
  "trace": "cf_allcolo.ns2004.oracleGeneral.zst"
}