{
  "dram_cache_size": 5,
  "flash_cache_size": 597,
  "results": [
    {
      "hit": 283690,
      "iteration": 0,
      "metrics": [
        {
          "admission_treshold": 0,
          "algorithm": "t5auto",
          "byte_inserted": 883189,
          "byte_miss": 883189,
          "byte_read": 283690,
          "byte_reinserted": 88360,
          "hit": 283690,
          "inserted": 883189,
          "layer": 0,
          "miss_ratio": 0.7568813904440821,
          "reinserted": 88360,
          "req": 1166879
        }
      ],
      "miss_ratio": 0.7568813904440821,
      "req": 1166879
    }
  ],
  "trace": "cf_colo28.ns2936.oracleGeneral.zst"
}