{
  "dram_cache_size": 130,
  "flash_cache_size": 13006,
  "results": [
    {
      "hit": 28772393,
      "iteration": 0,
      "metrics": [
        {
          "admission_treshold": 0,
          "algorithm": "qand-clock-v2",
          "byte_inserted": 6427607,
          "byte_miss": 6427607,
          "byte_read": 28772393,
          "byte_reinserted": 1946725,
          "hit": 28772393,
          "inserted": 6427607,
          "layer": 0,
          "miss_ratio": 0.18260247159090914,
          "reinserted": 1946725,
          "req": 35200000
        }
      ],
      "miss_ratio": 0.18260247159090914,
      "req": 35200000
    }
  ],
  "trace": "io_traces.ns56.oracleGeneral.zst"
}