{
  "dram_cache_size": 247,
  "flash_cache_size": 24766,
  "results": [
    {
      "hit": 1098497,
      "iteration": 0,
      "metrics": [
        {
          "admission_treshold": 0,
          "algorithm": "time-auto",
          "byte_inserted": 4262535,
          "byte_miss": 4262535,
          "byte_read": 1098497,
          "byte_reinserted": 1438686,
          "hit": 1098497,
          "inserted": 4262535,
          "layer": 0,
          "miss_ratio": 0.7950959815199761,
          "reinserted": 1438686,
          "req": 5361032
        }
      ],
      "miss_ratio": 0.7950959815199761,
      "req": 5361032
    }
  ],
  "trace": "tencentBlock.ns11622.oracleGeneral.zst"
}