{
  "dram_cache_size": 39,
  "flash_cache_size": 3909,
  "results": [
    {
      "hit": 2426840,
      "iteration": 0,
      "metrics": [
        {
          "admission_treshold": 0,
          "algorithm": "d3clock",
          "byte_inserted": 1147801,
          "byte_miss": 1147801,
          "byte_read": 2426840,
          "byte_reinserted": 289448,
          "hit": 2426840,
          "inserted": 1147801,
          "layer": 0,
          "miss_ratio": 0.32109546105469056,
          "reinserted": 289448,
          "req": 3574641
        }
      ],
      "miss_ratio": 0.32109546105469056,
      "req": 3574641
    }
  ],
  "trace": "tencentBlock.ns1073.oracleGeneral.zst"
}