{
  "dram_cache_size": 229,
  "flash_cache_size": 22984,
  "results": [
    {
      "hit": 24998547,
      "iteration": 0,
      "metrics": [
        {
          "admission_treshold": 0,
          "algorithm": "dclock",
          "byte_inserted": 29746468,
          "byte_miss": 29746468,
          "byte_read": 24998547,
          "byte_reinserted": 8643028,
          "hit": 24998547,
          "inserted": 29746468,
          "layer": 0,
          "miss_ratio": 0.5433639574306446,
          "reinserted": 8643028,
          "req": 54745015
        }
      ],
      "miss_ratio": 0.5433639574306446,
      "req": 54745015
    }
  ],
  "trace": "tencentBlock.ns12075.oracleGeneral.zst"
}