{
  "dram_cache_size": 28,
  "flash_cache_size": 2832,
  "results": [
    {
      "hit": 2203675,
      "iteration": 0,
      "metrics": [
        {
          "admission_treshold": 0,
          "algorithm": "dclock",
          "byte_inserted": 832124,
          "byte_miss": 832124,
          "byte_read": 2203675,
          "byte_reinserted": 815513,
          "hit": 2203675,
          "inserted": 832124,
          "layer": 0,
          "miss_ratio": 0.27410378618610787,
          "reinserted": 815513,
          "req": 3035799
        }
      ],
      "miss_ratio": 0.27410378618610787,
      "req": 3035799
    }
  ],
  "trace": "tencentBlock.ns8135.oracleGeneral.zst"
}