{
  "dram_cache_size": 18,
  "flash_cache_size": 1809,
  "results": [
    {
      "hit": 576406,
      "iteration": 0,
      "metrics": [
        {
          "admission_treshold": 0,
          "algorithm": "gclock",
          "byte_inserted": 547304,
          "byte_miss": 547304,
          "byte_read": 576406,
          "byte_reinserted": 15981,
          "hit": 576406,
          "inserted": 547304,
          "layer": 0,
          "miss_ratio": 0.48705092951028295,
          "reinserted": 15981,
          "req": 1123710
        }
      ],
      "miss_ratio": 0.48705092951028295,
      "req": 1123710
    }
  ],
  "trace": "tencentBlock.ns18421.oracleGeneral.zst"
}