{
  "dram_cache_size": 78,
  "flash_cache_size": 7811,
  "results": [
    {
      "hit": 3661816,
      "iteration": 0,
      "metrics": [
        {
          "admission_treshold": 0,
          "algorithm": "q2auto",
          "byte_inserted": 7481709,
          "byte_miss": 7481709,
          "byte_read": 3661816,
          "byte_reinserted": 702546,
          "hit": 3661816,
          "inserted": 7481709,
          "layer": 0,
          "miss_ratio": 0.6713951824041315,
          "reinserted": 702546,
          "req": 11143525
        }
      ],
      "miss_ratio": 0.6713951824041315,
      "req": 11143525
    }
  ],
  "trace": "tencentBlock.ns2154.oracleGeneral.zst"
}