{
  "dram_cache_size": 139,
  "flash_cache_size": 13935,
  "results": [
    {
      "hit": 2443144,
      "iteration": 0,
      "metrics": [
        {
          "admission_treshold": 0,
          "algorithm": "time2-auto",
          "byte_inserted": 23678873,
          "byte_miss": 23678873,
          "byte_read": 2443144,
          "byte_reinserted": 591739,
          "hit": 2443144,
          "inserted": 23678873,
          "layer": 0,
          "miss_ratio": 0.9064718471012403,
          "reinserted": 591739,
          "req": 26122017
        }
      ],
      "miss_ratio": 0.9064718471012403,
      "req": 26122017
    }
  ],
  "trace": "tencentBlock.ns16433.oracleGeneral.zst"
}