{
  "dram_cache_size": 28,
  "flash_cache_size": 2859,
  "results": [
    {
      "hit": 1187392,
      "iteration": 0,
      "metrics": [
        {
          "admission_treshold": 0,
          "algorithm": "qand-clock-v2",
          "byte_inserted": 592802,
          "byte_miss": 592802,
          "byte_read": 1187392,
          "byte_reinserted": 196433,
          "hit": 1187392,
          "inserted": 592802,
          "layer": 0,
          "miss_ratio": 0.33299853836154936,
          "reinserted": 196433,
          "req": 1780194
        }
      ],
      "miss_ratio": 0.33299853836154936,
      "req": 1780194
    }
  ],
  "trace": "tencentBlock.ns14991.oracleGeneral.zst"
}