{
  "dram_cache_size": 19,
  "flash_cache_size": 1910,
  "results": [
    {
      "hit": 1919025,
      "iteration": 0,
      "metrics": [
        {
          "admission_treshold": 0,
          "algorithm": "q2auto",
          "byte_inserted": 2513282,
          "byte_miss": 2513282,
          "byte_read": 1919025,
          "byte_reinserted": 623897,
          "hit": 1919025,
          "inserted": 2513282,
          "layer": 0,
          "miss_ratio": 0.5670369854795708,
          "reinserted": 623897,
          "req": 4432307
        }
      ],
      "miss_ratio": 0.5670369854795708,
      "req": 4432307
    }
  ],
  "trace": "cf_allcolo.ns1832.oracleGeneral.zst"
}