{
  "dram_cache_size": 11,
  "flash_cache_size": 1188,
  "results": [
    {
      "hit": 907528,
      "iteration": 0,
      "metrics": [
        {
          "admission_treshold": 0,
          "algorithm": "qand-clock",
          "byte_inserted": 152688,
          "byte_miss": 152688,
          "byte_read": 907528,
          "byte_reinserted": 18383,
          "hit": 907528,
          "inserted": 152688,
          "layer": 0,
          "miss_ratio": 0.14401593637522925,
          "reinserted": 18383,
          "req": 1060216
        }
      ],
      "miss_ratio": 0.14401593637522925,
      "req": 1060216
    }
  ],
  "trace": "cf_colo28.ns3538.oracleGeneral.zst"
}