{
  "dram_cache_size": 16,
  "flash_cache_size": 1662,
  "results": [
    {
      "hit": 1251517,
      "iteration": 0,
      "metrics": [
        {
          "admission_treshold": 0,
          "algorithm": "gclock",
          "byte_inserted": 1148483,
          "byte_miss": 1148483,
          "byte_read": 1251517,
          "byte_reinserted": 165998,
          "hit": 1251517,
          "inserted": 1148483,
          "layer": 0,
          "miss_ratio": 0.4785345833333333,
          "reinserted": 165998,
          "req": 2400000
        }
      ],
      "miss_ratio": 0.4785345833333333,
      "req": 2400000
    }
  ],
  "trace": "io_traces.ns601.oracleGeneral.zst"
}