{
  "dram_cache_size": 11,
  "flash_cache_size": 1198,
  "results": [
    {
      "hit": 2733692,
      "iteration": 0,
      "metrics": [
        {
          "admission_treshold": 0,
          "algorithm": "qtime-clock",
          "byte_inserted": 633544,
          "byte_miss": 633544,
          "byte_read": 2733692,
          "byte_reinserted": 45359,
          "hit": 2733692,
          "inserted": 633544,
          "layer": 0,
          "miss_ratio": 0.18814956837002217,
          "reinserted": 45359,
          "req": 3367236
        }
      ],
      "miss_ratio": 0.18814956837002217,
      "req": 3367236
    }
  ],
  "trace": "tencentBlock.ns3925.oracleGeneral.zst"
}