{
  "dram_cache_size": 147,
  "flash_cache_size": 14775,
  "results": [
    {
      "hit": 3655833,
      "iteration": 0,
      "metrics": [
        {
          "admission_treshold": 0,
          "algorithm": "t4auto",
          "byte_inserted": 3535486,
          "byte_miss": 3535486,
          "byte_read": 3655833,
          "byte_reinserted": 450698,
          "hit": 3655833,
          "inserted": 3535486,
          "layer": 0,
          "miss_ratio": 0.4916324807729987,
          "reinserted": 450698,
          "req": 7191319
        }
      ],
      "miss_ratio": 0.4916324807729987,
      "req": 7191319
    }
  ],
  "trace": "tencentBlock.ns11509.oracleGeneral.zst"
}