{
  "dram_cache_size": 7,
  "flash_cache_size": 768,
  "results": [
    {
      "hit": 1761115,
      "iteration": 0,
      "metrics": [
        {
          "admission_treshold": 0,
          "algorithm": "dclock",
          "byte_inserted": 476892,
          "byte_miss": 476892,
          "byte_read": 1761115,
          "byte_reinserted": 173720,
          "hit": 1761115,
          "inserted": 476892,
          "layer": 0,
          "miss_ratio": 0.21308780535538985,
          "reinserted": 173720,
          "req": 2238007
        }
      ],
      "miss_ratio": 0.21308780535538985,
      "req": 2238007
    }
  ],
  "trace": "tencentBlock.ns5952.oracleGeneral.zst"
}