{
  "dram_cache_size": 20,
  "flash_cache_size": 2066,
  "results": [
    {
      "hit": 3301639,
      "iteration": 0,
      "metrics": [
        {
          "admission_treshold": 0,
          "algorithm": "dclock",
          "byte_inserted": 1056890,
          "byte_miss": 1056890,
          "byte_read": 3301639,
          "byte_reinserted": 291619,
          "hit": 3301639,
          "inserted": 1056890,
          "layer": 0,
          "miss_ratio": 0.24248777511862374,
          "reinserted": 291619,
          "req": 4358529
        }
      ],
      "miss_ratio": 0.24248777511862374,
      "req": 4358529
    }
  ],
  "trace": "tencentBlock.ns8835.oracleGeneral.zst"
}