{
  "dram_cache_size": 0,
  "flash_cache_size": 64,
  "results": [
    {
      "hit": 1299489,
      "iteration": 0,
      "metrics": [
        {
          "admission_treshold": 0,
          "algorithm": "gclock",
          "byte_inserted": 60005,
          "byte_miss": 60005,
          "byte_read": 1299489,
          "byte_reinserted": 127713,
          "hit": 1299489,
          "inserted": 60005,
          "layer": 0,
          "miss_ratio": 0.044137745367026304,
          "reinserted": 127713,
          "req": 1359494
        }
      ],
      "miss_ratio": 0.044137745367026304,
      "req": 1359494
    }
  ],
  "trace": "cf_allcolo.ns8633.oracleGeneral.zst"
}