{
  "dram_cache_size": 6,
  "flash_cache_size": 645,
  "results": [
    {
      "hit": 3421741,
      "iteration": 0,
      "metrics": [
        {
          "admission_treshold": 0,
          "algorithm": "gclock",
          "byte_inserted": 428239,
          "byte_miss": 428239,
          "byte_read": 3421741,
          "byte_reinserted": 191438,
          "hit": 3421741,
          "inserted": 428239,
          "layer": 0,
          "miss_ratio": 0.11123148691681517,
          "reinserted": 191438,
          "req": 3849980
        }
      ],
      "miss_ratio": 0.11123148691681517,
      "req": 3849980
    }
  ],
  "trace": "cf_allcolo.ns1980.oracleGeneral.zst"
}