{
  "dram_cache_size": 6,
  "flash_cache_size": 644,
  "results": [
    {
      "hit": 2612992,
      "iteration": 0,
      "metrics": [
        {
          "admission_treshold": 0,
          "algorithm": "s3fclock",
          "byte_inserted": 108536,
          "byte_miss": 108536,
          "byte_read": 2612992,
          "byte_reinserted": 12827,
          "hit": 2612992,
          "inserted": 108536,
          "layer": 0,
          "miss_ratio": 0.03988053769794031,
          "reinserted": 12827,
          "req": 2721528
        }
      ],
      "miss_ratio": 0.03988053769794031,
      "req": 2721528
    }
  ],
  "trace": "cf_allcolo.ns2343.oracleGeneral.zst"
}