{
  "dram_cache_size": 15,
  "flash_cache_size": 1568,
  "results": [
    {
      "hit": 1248070,
      "iteration": 0,
      "metrics": [
        {
          "admission_treshold": 0,
          "algorithm": "d3clock",
          "byte_inserted": 1151930,
          "byte_miss": 1151930,
          "byte_read": 1248070,
          "byte_reinserted": 34788,
          "hit": 1248070,
          "inserted": 1151930,
          "layer": 0,
          "miss_ratio": 0.47997083333333335,
          "reinserted": 34788,
          "req": 2400000
        }
      ],
      "miss_ratio": 0.47997083333333335,
      "req": 2400000
    }
  ],
  "trace": "io_traces.ns471.oracleGeneral.zst"
}