{
  "dram_cache_size": 24,
  "flash_cache_size": 2456,
  "results": [
    {
      "hit": 1529417,
      "iteration": 0,
      "metrics": [
        {
          "admission_treshold": 0,
          "algorithm": "d3clock",
          "byte_inserted": 876048,
          "byte_miss": 876048,
          "byte_read": 1529417,
          "byte_reinserted": 206567,
          "hit": 1529417,
          "inserted": 876048,
          "layer": 0,
          "miss_ratio": 0.3641907074100018,
          "reinserted": 206567,
          "req": 2405465
        }
      ],
      "miss_ratio": 0.3641907074100018,
      "req": 2405465
    }
  ],
  "trace": "tencentBlock.ns9898.oracleGeneral.zst"
}