{
  "dram_cache_size": 12,
  "flash_cache_size": 1281,
  "results": [
    {
      "hit": 751524,
      "iteration": 0,
      "metrics": [
        {
          "admission_treshold": 0,
          "algorithm": "g2clock",
          "byte_inserted": 471512,
          "byte_miss": 471512,
          "byte_read": 751524,
          "byte_reinserted": 62602,
          "hit": 751524,
          "inserted": 471512,
          "layer": 0,
          "miss_ratio": 0.38552585533050543,
          "reinserted": 62602,
          "req": 1223036
        }
      ],
      "miss_ratio": 0.38552585533050543,
      "req": 1223036
    }
  ],
  "trace": "tencentBlock.ns7596.oracleGeneral.zst"
}