{
  "dram_cache_size": 39,
  "flash_cache_size": 3958,
  "results": [
    {
      "hit": 2738619,
      "iteration": 0,
      "metrics": [
        {
          "admission_treshold": 0,
          "algorithm": "d3clock",
          "byte_inserted": 1090876,
          "byte_miss": 1090876,
          "byte_read": 2738619,
          "byte_reinserted": 597086,
          "hit": 2738619,
          "inserted": 1090876,
          "layer": 0,
          "miss_ratio": 0.2848615809656364,
          "reinserted": 597086,
          "req": 3829495
        }
      ],
      "miss_ratio": 0.2848615809656364,
      "req": 3829495
    }
  ],
  "trace": "tencentBlock.ns21942.oracleGeneral.zst"
}