{
  "dram_cache_size": 18,
  "flash_cache_size": 1857,
  "results": [
    {
      "hit": 475028,
      "iteration": 0,
      "metrics": [
        {
          "admission_treshold": 0,
          "algorithm": "d3clock",
          "byte_inserted": 559304,
          "byte_miss": 559304,
          "byte_read": 475028,
          "byte_reinserted": 21545,
          "hit": 475028,
          "inserted": 559304,
          "layer": 0,
          "miss_ratio": 0.5407393370793904,
          "reinserted": 21545,
          "req": 1034332
        }
      ],
      "miss_ratio": 0.5407393370793904,
      "req": 1034332
    }
  ],
  "trace": "tencentBlock.ns13230.oracleGeneral.zst"
}