{
  "dram_cache_size": 5,
  "flash_cache_size": 511,
  "results": [
    {
      "hit": 848560,
      "iteration": 0,
      "metrics": [
        {
          "admission_treshold": 0,
          "algorithm": "s3fclock",
          "byte_inserted": 207740,
          "byte_miss": 207740,
          "byte_read": 848560,
          "byte_reinserted": 54945,
          "hit": 848560,
          "inserted": 207740,
          "layer": 0,
          "miss_ratio": 0.19666761336741456,
          "reinserted": 54945,
          "req": 1056300
        }
      ],
      "miss_ratio": 0.19666761336741456,
      "req": 1056300
    }
  ],
  "trace": "tencentBlock.ns22442.oracleGeneral.zst"
}