{
  "dram_cache_size": 297,
  "flash_cache_size": 29724,
  "results": [
    {
      "hit": 29228496,
      "iteration": 0,
      "metrics": [
        {
          "admission_treshold": 0,
          "algorithm": "s3fclock-sequential",
          "byte_inserted": 30148069,
          "byte_miss": 30148069,
          "byte_read": 29228496,
          "byte_reinserted": 11511496,
          "hit": 29228496,
          "inserted": 30148069,
          "layer": 0,
          "miss_ratio": 0.5077435685274148,
          "reinserted": 11511496,
          "req": 59376565
        }
      ],
      "miss_ratio": 0.5077435685274148,
      "req": 59376565
    }
  ],
  "trace": "tencentBlock.ns4246.oracleGeneral.zst"
}