{
  "dram_cache_size": 4,
  "flash_cache_size": 457,
  "results": [
    {
      "hit": 1083576,
      "iteration": 0,
      "metrics": [
        {
          "admission_treshold": 0,
          "algorithm": "tauto",
          "byte_inserted": 200490,
          "byte_miss": 200490,
          "byte_read": 1083576,
          "byte_reinserted": 27083,
          "hit": 1083576,
          "inserted": 200490,
          "layer": 0,
          "miss_ratio": 0.1561368340879674,
          "reinserted": 27083,
          "req": 1284066
        }
      ],
      "miss_ratio": 0.1561368340879674,
      "req": 1284066
    }
  ],
  "trace": "tencentBlock.ns4550.oracleGeneral.zst"
}