{
  "dram_cache_size": 150,
  "flash_cache_size": 15079,
  "results": [
    {
      "hit": 6947699,
      "iteration": 0,
      "metrics": [
        {
          "admission_treshold": 0,
          "algorithm": "d3clock",
          "byte_inserted": 3627929,
          "byte_miss": 3627929,
          "byte_read": 6947699,
          "byte_reinserted": 1354998,
          "hit": 6947699,
          "inserted": 3627929,
          "layer": 0,
          "miss_ratio": 0.34304620018782805,
          "reinserted": 1354998,
          "req": 10575628
        }
      ],
      "miss_ratio": 0.34304620018782805,
      "req": 10575628
    }
  ],
  "trace": "tencentBlock.ns7732.oracleGeneral.zst"
}