{
  "dram_cache_size": 13,
  "flash_cache_size": 1334,
  "results": [
    {
      "hit": 1918884,
      "iteration": 0,
      "metrics": [
        {
          "admission_treshold": 0,
          "algorithm": "gclock",
          "byte_inserted": 940595,
          "byte_miss": 940595,
          "byte_read": 1918884,
          "byte_reinserted": 252263,
          "hit": 1918884,
          "inserted": 940595,
          "layer": 0,
          "miss_ratio": 0.32893929278725254,
          "reinserted": 252263,
          "req": 2859479
        }
      ],
      "miss_ratio": 0.32893929278725254,
      "req": 2859479
    }
  ],
  "trace": "tencentBlock.ns9625.oracleGeneral.zst"
}