{
  "dram_cache_size": 0,
  "flash_cache_size": 67,
  "results": [
    {
      "hit": 1739492,
      "iteration": 0,
      "metrics": [
        {
          "admission_treshold": 0,
          "algorithm": "gclock",
          "byte_inserted": 726166,
          "byte_miss": 726166,
          "byte_read": 1739492,
          "byte_reinserted": 771626,
          "hit": 1739492,
          "inserted": 726166,
          "layer": 0,
          "miss_ratio": 0.29451205317201334,
          "reinserted": 771626,
          "req": 2465658
        }
      ],
      "miss_ratio": 0.29451205317201334,
      "req": 2465658
    }
  ],
  "trace": "cf_allcolo.ns2885.oracleGeneral.zst"
}