{
  "dram_cache_size": 45422,
  "flash_cache_size": 4542280,
  "results": [
    {
      "hit": 10851338,
      "iteration": 0,
      "metrics": [
        {
          "admission_treshold": 0,
          "algorithm": "qauto",
          "byte_inserted": 12415886070,
          "byte_miss": 12415886070,
          "byte_read": 348851943625,
          "byte_reinserted": 19547437344,
          "hit": 10851338,
          "inserted": 485893,
          "layer": 0,
          "miss_ratio": 0.04285817233502609,
          "reinserted": 604389,
          "req": 11337231
        }
      ],
      "miss_ratio": 0.04285817233502609,
      "req": 11337231
    }
  ],
  "trace": "cf_colo28.ns423.oracleGeneral.zst"
}