{
  "dram_cache_size": 266,
  "flash_cache_size": 26644,
  "results": [
    {
      "hit": 171475980,
      "iteration": 0,
      "metrics": [
        {
          "admission_treshold": 0,
          "algorithm": "d3clock",
          "byte_inserted": 100572238,
          "byte_miss": 100572238,
          "byte_read": 171475980,
          "byte_reinserted": 32487766,
          "hit": 171475980,
          "inserted": 100572238,
          "layer": 0,
          "miss_ratio": 0.3696853401186403,
          "reinserted": 32487766,
          "req": 272048218
        }
      ],
      "miss_ratio": 0.3696853401186403,
      "req": 272048218
    }
  ],
  "trace": "cluster11.oracleGeneral.sample10.zst"
}