{
  "dram_cache_size": 870,
  "flash_cache_size": 87074,
  "results": [
    {
      "hit": 2809086,
      "iteration": 0,
      "metrics": [
        {
          "admission_treshold": 0,
          "algorithm": "s3fclock",
          "byte_inserted": 11590914,
          "byte_miss": 11590914,
          "byte_read": 2809086,
          "byte_reinserted": 1703634,
          "hit": 2809086,
          "inserted": 11590914,
          "layer": 0,
          "miss_ratio": 0.8049245833333334,
          "reinserted": 1703634,
          "req": 14400000
        }
      ],
      "miss_ratio": 0.8049245833333334,
      "req": 14400000
    }
  ],
  "trace": "io_traces.ns145.oracleGeneral.zst"
}