{
  "dram_cache_size": 30,
  "flash_cache_size": 3073,
  "results": [
    {
      "hit": 1408794,
      "iteration": 0,
      "metrics": [
        {
          "admission_treshold": 0,
          "algorithm": "sxfifo",
          "byte_inserted": 4670259,
          "byte_miss": 4670259,
          "byte_read": 1408794,
          "byte_reinserted": 119991,
          "hit": 1408794,
          "inserted": 4670259,
          "layer": 0,
          "miss_ratio": 0.7682543646189628,
          "reinserted": 119991,
          "req": 6079053
        }
      ],
      "miss_ratio": 0.7682543646189628,
      "req": 6079053
    }
  ],
  "trace": "tencentBlock.ns11590.oracleGeneral.zst"
}