{
  "dram_cache_size": 8,
  "flash_cache_size": 837,
  "results": [
    {
      "hit": 2475662,
      "iteration": 0,
      "metrics": [
        {
          "admission_treshold": 0,
          "algorithm": "dclock",
          "byte_inserted": 492198,
          "byte_miss": 492198,
          "byte_read": 2475662,
          "byte_reinserted": 242870,
          "hit": 2475662,
          "inserted": 492198,
          "layer": 0,
          "miss_ratio": 0.16584272843058634,
          "reinserted": 242870,
          "req": 2967860
        }
      ],
      "miss_ratio": 0.16584272843058634,
      "req": 2967860
    }
  ],
  "trace": "tencentBlock.ns5402.oracleGeneral.zst"
}