{
  "dram_cache_size": 23,
  "flash_cache_size": 2342,
  "results": [
    {
      "hit": 6845682,
      "iteration": 0,
      "metrics": [
        {
          "admission_treshold": 0,
          "algorithm": "dclock",
          "byte_inserted": 1250263,
          "byte_miss": 1250263,
          "byte_read": 6845682,
          "byte_reinserted": 1338835,
          "hit": 6845682,
          "inserted": 1250263,
          "layer": 0,
          "miss_ratio": 0.15443076750150853,
          "reinserted": 1338835,
          "req": 8095945
        }
      ],
      "miss_ratio": 0.15443076750150853,
      "req": 8095945
    }
  ],
  "trace": "tencentBlock.ns7559.oracleGeneral.zst"
}