{
  "dram_cache_size": 152,
  "flash_cache_size": 15242,
  "results": [
    {
      "hit": 6669976,
      "iteration": 0,
      "metrics": [
        {
          "admission_treshold": 0,
          "algorithm": "sxfifo",
          "byte_inserted": 4077142,
          "byte_miss": 4077142,
          "byte_read": 6669976,
          "byte_reinserted": 1009508,
          "hit": 6669976,
          "inserted": 4077142,
          "layer": 0,
          "miss_ratio": 0.37937072990172804,
          "reinserted": 1009508,
          "req": 10747118
        }
      ],
      "miss_ratio": 0.37937072990172804,
      "req": 10747118
    }
  ],
  "trace": "tencentBlock.ns11656.oracleGeneral.zst"
}