{
  "dram_cache_size": 6,
  "flash_cache_size": 686,
  "results": [
    {
      "hit": 2241606,
      "iteration": 0,
      "metrics": [
        {
          "admission_treshold": 0,
          "algorithm": "g2clock",
          "byte_inserted": 456625,
          "byte_miss": 456625,
          "byte_read": 2241606,
          "byte_reinserted": 180345,
          "hit": 2241606,
          "inserted": 456625,
          "layer": 0,
          "miss_ratio": 0.16923124817704638,
          "reinserted": 180345,
          "req": 2698231
        }
      ],
      "miss_ratio": 0.16923124817704638,
      "req": 2698231
    }
  ],
  "trace": "tencentBlock.ns21118.oracleGeneral.zst"
}