{
  "dram_cache_size": 57,
  "flash_cache_size": 5740,
  "results": [
    {
      "hit": 50321468,
      "iteration": 0,
      "metrics": [
        {
          "admission_treshold": 0,
          "algorithm": "time-auto",
          "byte_inserted": 7421695,
          "byte_miss": 7421695,
          "byte_read": 50321468,
          "byte_reinserted": 17990988,
          "hit": 50321468,
          "inserted": 7421695,
          "layer": 0,
          "miss_ratio": 0.12852941568164533,
          "reinserted": 17990988,
          "req": 57743163
        }
      ],
      "miss_ratio": 0.12852941568164533,
      "req": 57743163
    }
  ],
  "trace": "tencentBlock.ns1707.oracleGeneral.zst"
}