{
  "dram_cache_size": 12,
  "flash_cache_size": 1268,
  "results": [
    {
      "hit": 3243690,
      "iteration": 0,
      "metrics": [
        {
          "admission_treshold": 0,
          "algorithm": "q2auto",
          "byte_inserted": 811075,
          "byte_miss": 811075,
          "byte_read": 3243690,
          "byte_reinserted": 126935,
          "hit": 3243690,
          "inserted": 811075,
          "layer": 0,
          "miss_ratio": 0.20003008805689104,
          "reinserted": 126935,
          "req": 4054765
        }
      ],
      "miss_ratio": 0.20003008805689104,
      "req": 4054765
    }
  ],
  "trace": "tencentBlock.ns16846.oracleGeneral.zst"
}