{
  "dram_cache_size": 20,
  "flash_cache_size": 2022,
  "results": [
    {
      "hit": 3059632,
      "iteration": 0,
      "metrics": [
        {
          "admission_treshold": 0,
          "algorithm": "time-auto",
          "byte_inserted": 1319586,
          "byte_miss": 1319586,
          "byte_read": 3059632,
          "byte_reinserted": 718481,
          "hit": 3059632,
          "inserted": 1319586,
          "layer": 0,
          "miss_ratio": 0.3013291414129189,
          "reinserted": 718481,
          "req": 4379218
        }
      ],
      "miss_ratio": 0.3013291414129189,
      "req": 4379218
    }
  ],
  "trace": "tencentBlock.ns17082.oracleGeneral.zst"
}