{
  "dram_cache_size": 20,
  "flash_cache_size": 2095,
  "results": [
    {
      "hit": 1680661,
      "iteration": 0,
      "metrics": [
        {
          "admission_treshold": 0,
          "algorithm": "g2clock",
          "byte_inserted": 813435,
          "byte_miss": 813435,
          "byte_read": 1680661,
          "byte_reinserted": 189046,
          "hit": 1680661,
          "inserted": 813435,
          "layer": 0,
          "miss_ratio": 0.32614422219513606,
          "reinserted": 189046,
          "req": 2494096
        }
      ],
      "miss_ratio": 0.32614422219513606,
      "req": 2494096
    }
  ],
  "trace": "tencentBlock.ns18094.oracleGeneral.zst"
}