{
  "dram_cache_size": 14,
  "flash_cache_size": 1466,
  "results": [
    {
      "hit": 1914787,
      "iteration": 0,
      "metrics": [
        {
          "admission_treshold": 0,
          "algorithm": "lru",
          "byte_inserted": 2261301,
          "byte_miss": 2261301,
          "byte_read": 1914787,
          "byte_reinserted": 1914787,
          "hit": 1914787,
          "inserted": 2261301,
          "layer": 0,
          "miss_ratio": 0.5414878709452483,
          "reinserted": 1914787,
          "req": 4176088
        }
      ],
      "miss_ratio": 0.5414878709452483,
      "req": 4176088
    }
  ],
  "trace": "tencentBlock.ns4836.oracleGeneral.zst"
}