{
  "dram_cache_size": 6,
  "flash_cache_size": 603,
  "results": [
    {
      "hit": 598198,
      "iteration": 0,
      "metrics": [
        {
          "admission_treshold": 0,
          "algorithm": "g2clock",
          "byte_inserted": 3195897,
          "byte_miss": 3195897,
          "byte_read": 598198,
          "byte_reinserted": 84259,
          "hit": 598198,
          "inserted": 3195897,
          "layer": 0,
          "miss_ratio": 0.8423344697483853,
          "reinserted": 84259,
          "req": 3794095
        }
      ],
      "miss_ratio": 0.8423344697483853,
      "req": 3794095
    }
  ],
  "trace": "tencentBlock.ns7625.oracleGeneral.zst"
}