{
  "dram_cache_size": 104,
  "flash_cache_size": 10415,
  "results": [
    {
      "hit": 3447671,
      "iteration": 0,
      "metrics": [
        {
          "admission_treshold": 0,
          "algorithm": "t3auto",
          "byte_inserted": 3965476,
          "byte_miss": 3965476,
          "byte_read": 3447671,
          "byte_reinserted": 254415,
          "hit": 3447671,
          "inserted": 3965476,
          "layer": 0,
          "miss_ratio": 0.5349247762117761,
          "reinserted": 254415,
          "req": 7413147
        }
      ],
      "miss_ratio": 0.5349247762117761,
      "req": 7413147
    }
  ],
  "trace": "tencentBlock.ns18324.oracleGeneral.zst"
}