{
  "dram_cache_size": 13,
  "flash_cache_size": 1369,
  "results": [
    {
      "hit": 785874,
      "iteration": 0,
      "metrics": [
        {
          "admission_treshold": 0,
          "algorithm": "g2clock",
          "byte_inserted": 511484,
          "byte_miss": 511484,
          "byte_read": 785874,
          "byte_reinserted": 15136,
          "hit": 785874,
          "inserted": 511484,
          "layer": 0,
          "miss_ratio": 0.3942504690301366,
          "reinserted": 15136,
          "req": 1297358
        }
      ],
      "miss_ratio": 0.3942504690301366,
      "req": 1297358
    }
  ],
  "trace": "tencentBlock.ns16444.oracleGeneral.zst"
}