{
  "dram_cache_size": 8,
  "flash_cache_size": 808,
  "results": [
    {
      "hit": 1290345,
      "iteration": 0,
      "metrics": [
        {
          "admission_treshold": 0,
          "algorithm": "q2auto",
          "byte_inserted": 278601,
          "byte_miss": 278601,
          "byte_read": 1290345,
          "byte_reinserted": 44127,
          "hit": 1290345,
          "inserted": 278601,
          "layer": 0,
          "miss_ratio": 0.17757207705045297,
          "reinserted": 44127,
          "req": 1568946
        }
      ],
      "miss_ratio": 0.17757207705045297,
      "req": 1568946
    }
  ],
  "trace": "tencentBlock.ns12316.oracleGeneral.zst"
}