{
  "dram_cache_size": 0,
  "flash_cache_size": 4,
  "results": [
    {
      "hit": 263387,
      "iteration": 0,
      "metrics": [
        {
          "admission_treshold": 0,
          "algorithm": "q2auto",
          "byte_inserted": 1498129,
          "byte_miss": 1498129,
          "byte_read": 263387,
          "byte_reinserted": 119886,
          "hit": 263387,
          "inserted": 1498129,
          "layer": 0,
          "miss_ratio": 0.8504770890528386,
          "reinserted": 119886,
          "req": 1761516
        }
      ],
      "miss_ratio": 0.8504770890528386,
      "req": 1761516
    }
  ],
  "trace": "cf_colo28.ns13.oracleGeneral.zst"
}