{
  "dram_cache_size": 80,
  "flash_cache_size": 8038,
  "results": [
    {
      "hit": 5254356,
      "iteration": 0,
      "metrics": [
        {
          "admission_treshold": 0,
          "algorithm": "gclock",
          "byte_inserted": 6545644,
          "byte_miss": 6545644,
          "byte_read": 5254356,
          "byte_reinserted": 1561130,
          "hit": 5254356,
          "inserted": 6545644,
          "layer": 0,
          "miss_ratio": 0.5547155932203389,
          "reinserted": 1561130,
          "req": 11800000
        }
      ],
      "miss_ratio": 0.5547155932203389,
      "req": 11800000
    }
  ],
  "trace": "io_traces.ns265.oracleGeneral.zst"
}