{
  "dram_cache_size": 11,
  "flash_cache_size": 1155,
  "results": [
    {
      "hit": 1883723,
      "iteration": 0,
      "metrics": [
        {
          "admission_treshold": 0,
          "algorithm": "time2-auto",
          "byte_inserted": 3792887,
          "byte_miss": 3792887,
          "byte_read": 1883723,
          "byte_reinserted": 155065,
          "hit": 1883723,
          "inserted": 3792887,
          "layer": 0,
          "miss_ratio": 0.6681605747092014,
          "reinserted": 155065,
          "req": 5676610
        }
      ],
      "miss_ratio": 0.6681605747092014,
      "req": 5676610
    }
  ],
  "trace": "tencentBlock.ns11644.oracleGeneral.zst"
}