{
  "dram_cache_size": 287123,
  "flash_cache_size": 28712350,
  "results": [
    {
      "hit": 1741260,
      "iteration": 0,
      "metrics": [
        {
          "admission_treshold": 0,
          "algorithm": "qauto",
          "byte_inserted": 110377824256,
          "byte_miss": 110377824256,
          "byte_read": 11337662464,
          "byte_reinserted": 4800500736,
          "hit": 1741260,
          "inserted": 3822000,
          "layer": 0,
          "miss_ratio": 0.6870072583341422,
          "reinserted": 353463,
          "req": 5563260
        }
      ],
      "miss_ratio": 0.6870072583341422,
      "req": 5563260
    }
  ],
  "trace": "tencentBlock.ns12694.oracleGeneral.zst"
}