{
  "dram_cache_size": 10,
  "flash_cache_size": 1046,
  "results": [
    {
      "hit": 2011583,
      "iteration": 0,
      "metrics": [
        {
          "admission_treshold": 0,
          "algorithm": "g2clock",
          "byte_inserted": 1834343,
          "byte_miss": 1834343,
          "byte_read": 2011583,
          "byte_reinserted": 115992,
          "hit": 2011583,
          "inserted": 1834343,
          "layer": 0,
          "miss_ratio": 0.4769574349584469,
          "reinserted": 115992,
          "req": 3845926
        }
      ],
      "miss_ratio": 0.4769574349584469,
      "req": 3845926
    }
  ],
  "trace": "tencentBlock.ns7390.oracleGeneral.zst"
}