{
  "dram_cache_size": 74,
  "flash_cache_size": 7436,
  "results": [
    {
      "hit": 1409467,
      "iteration": 0,
      "metrics": [
        {
          "admission_treshold": 0,
          "algorithm": "q3auto",
          "byte_inserted": 2007847,
          "byte_miss": 2007847,
          "byte_read": 1409467,
          "byte_reinserted": 136295,
          "hit": 1409467,
          "inserted": 2007847,
          "layer": 0,
          "miss_ratio": 0.5875512171254968,
          "reinserted": 136295,
          "req": 3417314
        }
      ],
      "miss_ratio": 0.5875512171254968,
      "req": 3417314
    }
  ],
  "trace": "tencentBlock.ns11945.oracleGeneral.zst"
}