{
  "dram_cache_size": 7,
  "flash_cache_size": 763,
  "results": [
    {
      "hit": 1250535,
      "iteration": 0,
      "metrics": [
        {
          "admission_treshold": 0,
          "algorithm": "q-clock",
          "byte_inserted": 1140650,
          "byte_miss": 1140650,
          "byte_read": 1250535,
          "byte_reinserted": 35129,
          "hit": 1250535,
          "inserted": 1140650,
          "layer": 0,
          "miss_ratio": 0.4770228986883073,
          "reinserted": 35129,
          "req": 2391185
        }
      ],
      "miss_ratio": 0.4770228986883073,
      "req": 2391185
    }
  ],
  "trace": "cf_allcolo.ns3559.oracleGeneral.zst"
}