{
  "dram_cache_size": 8,
  "flash_cache_size": 826,
  "results": [
    {
      "hit": 22380477,
      "iteration": 0,
      "metrics": [
        {
          "admission_treshold": 0,
          "algorithm": "g2clock",
          "byte_inserted": 5648392,
          "byte_miss": 5648392,
          "byte_read": 22380477,
          "byte_reinserted": 4056811,
          "hit": 22380477,
          "inserted": 5648392,
          "layer": 0,
          "miss_ratio": 0.20152051087041722,
          "reinserted": 4056811,
          "req": 28028869
        }
      ],
      "miss_ratio": 0.20152051087041722,
      "req": 28028869
    }
  ],
  "trace": "cf_colo28.ns676.oracleGeneral.zst"
}