{
  "dram_cache_size": 27,
  "flash_cache_size": 2776,
  "results": [
    {
      "hit": 464208,
      "iteration": 0,
      "metrics": [
        {
          "admission_treshold": 0,
          "algorithm": "d3clock",
          "byte_inserted": 1102399,
          "byte_miss": 1102399,
          "byte_read": 464208,
          "byte_reinserted": 60728,
          "hit": 464208,
          "inserted": 1102399,
          "layer": 0,
          "miss_ratio": 0.7036857361163329,
          "reinserted": 60728,
          "req": 1566607
        }
      ],
      "miss_ratio": 0.7036857361163329,
      "req": 1566607
    }
  ],
  "trace": "tencentBlock.ns2322.oracleGeneral.zst"
}