{
  "dram_cache_size": 7,
  "flash_cache_size": 700,
  "results": [
    {
      "hit": 1102225,
      "iteration": 0,
      "metrics": [
        {
          "admission_treshold": 0,
          "algorithm": "q2auto",
          "byte_inserted": 425550,
          "byte_miss": 425550,
          "byte_read": 1102225,
          "byte_reinserted": 64796,
          "hit": 1102225,
          "inserted": 425550,
          "layer": 0,
          "miss_ratio": 0.27854232462240835,
          "reinserted": 64796,
          "req": 1527775
        }
      ],
      "miss_ratio": 0.27854232462240835,
      "req": 1527775
    }
  ],
  "trace": "tencentBlock.ns10710.oracleGeneral.zst"
}