{
  "dram_cache_size": 8,
  "flash_cache_size": 862,
  "results": [
    {
      "hit": 1187092,
      "iteration": 0,
      "metrics": [
        {
          "admission_treshold": 0,
          "algorithm": "t2auto",
          "byte_inserted": 396182,
          "byte_miss": 396182,
          "byte_read": 1187092,
          "byte_reinserted": 19293,
          "hit": 1187092,
          "inserted": 396182,
          "layer": 0,
          "miss_ratio": 0.2502295875508598,
          "reinserted": 19293,
          "req": 1583274
        }
      ],
      "miss_ratio": 0.2502295875508598,
      "req": 1583274
    }
  ],
  "trace": "tencentBlock.ns12149.oracleGeneral.zst"
}