{
  "dram_cache_size": 32,
  "flash_cache_size": 3293,
  "results": [
    {
      "hit": 860088,
      "iteration": 0,
      "metrics": [
        {
          "admission_treshold": 0,
          "algorithm": "dclock",
          "byte_inserted": 602210,
          "byte_miss": 602210,
          "byte_read": 860088,
          "byte_reinserted": 145955,
          "hit": 860088,
          "inserted": 602210,
          "layer": 0,
          "miss_ratio": 0.41182440241318796,
          "reinserted": 145955,
          "req": 1462298
        }
      ],
      "miss_ratio": 0.41182440241318796,
      "req": 1462298
    }
  ],
  "trace": "tencentBlock.ns5110.oracleGeneral.zst"
}