{
  "dram_cache_size": 42,
  "flash_cache_size": 4255,
  "results": [
    {
      "hit": 2705992,
      "iteration": 0,
      "metrics": [
        {
          "admission_treshold": 0,
          "algorithm": "dclock",
          "byte_inserted": 1686849,
          "byte_miss": 1686849,
          "byte_read": 2705992,
          "byte_reinserted": 634893,
          "hit": 2705992,
          "inserted": 1686849,
          "layer": 0,
          "miss_ratio": 0.3839995574617884,
          "reinserted": 634893,
          "req": 4392841
        }
      ],
      "miss_ratio": 0.3839995574617884,
      "req": 4392841
    }
  ],
  "trace": "tencentBlock.ns13422.oracleGeneral.zst"
}