{
  "dram_cache_size": 0,
  "flash_cache_size": 16,
  "results": [
    {
      "hit": 12295282,
      "iteration": 0,
      "metrics": [
        {
          "admission_treshold": 0,
          "algorithm": "q3auto",
          "byte_inserted": 5303,
          "byte_miss": 5303,
          "byte_read": 12295282,
          "byte_reinserted": 378,
          "hit": 12295282,
          "inserted": 5303,
          "layer": 0,
          "miss_ratio": 0.00043111770700332563,
          "reinserted": 378,
          "req": 12300585
        }
      ],
      "miss_ratio": 0.00043111770700332563,
      "req": 12300585
    }
  ],
  "trace": "akamai_lax.ns69.oracleGeneral.bin.zst"
}