{
  "dram_cache_size": 76,
  "flash_cache_size": 7693,
  "results": [
    {
      "hit": 1107741,
      "iteration": 0,
      "metrics": [
        {
          "admission_treshold": 0,
          "algorithm": "g2clock",
          "byte_inserted": 2233959,
          "byte_miss": 2233959,
          "byte_read": 1107741,
          "byte_reinserted": 30269,
          "hit": 1107741,
          "inserted": 2233959,
          "layer": 0,
          "miss_ratio": 0.6685097405512164,
          "reinserted": 30269,
          "req": 3341700
        }
      ],
      "miss_ratio": 0.6685097405512164,
      "req": 3341700
    }
  ],
  "trace": "tencentBlock.ns6108.oracleGeneral.zst"
}