{
  "dram_cache_size": 17,
  "flash_cache_size": 1709,
  "results": [
    {
      "hit": 615096,
      "iteration": 0,
      "metrics": [
        {
          "admission_treshold": 0,
          "algorithm": "t2auto",
          "byte_inserted": 396183,
          "byte_miss": 396183,
          "byte_read": 615096,
          "byte_reinserted": 6799,
          "hit": 615096,
          "inserted": 396183,
          "layer": 0,
          "miss_ratio": 0.39176429056669826,
          "reinserted": 6799,
          "req": 1011279
        }
      ],
      "miss_ratio": 0.39176429056669826,
      "req": 1011279
    }
  ],
  "trace": "tencentBlock.ns22583.oracleGeneral.zst"
}