{
  "dram_cache_size": 18,
  "flash_cache_size": 1838,
  "results": [
    {
      "hit": 1249221,
      "iteration": 0,
      "metrics": [
        {
          "admission_treshold": 0,
          "algorithm": "dclock",
          "byte_inserted": 622459,
          "byte_miss": 622459,
          "byte_read": 1249221,
          "byte_reinserted": 599283,
          "hit": 1249221,
          "inserted": 622459,
          "layer": 0,
          "miss_ratio": 0.3325669986322448,
          "reinserted": 599283,
          "req": 1871680
        }
      ],
      "miss_ratio": 0.3325669986322448,
      "req": 1871680
    }
  ],
  "trace": "tencentBlock.ns13975.oracleGeneral.zst"
}