{
  "dram_cache_size": 4,
  "flash_cache_size": 469,
  "results": [
    {
      "hit": 1223819,
      "iteration": 0,
      "metrics": [
        {
          "admission_treshold": 0,
          "algorithm": "q2auto",
          "byte_inserted": 242020,
          "byte_miss": 242020,
          "byte_read": 1223819,
          "byte_reinserted": 74799,
          "hit": 1223819,
          "inserted": 242020,
          "layer": 0,
          "miss_ratio": 0.16510680913797493,
          "reinserted": 74799,
          "req": 1465839
        }
      ],
      "miss_ratio": 0.16510680913797493,
      "req": 1465839
    }
  ],
  "trace": "tencentBlock.ns16093.oracleGeneral.zst"
}