{
  "dram_cache_size": 23,
  "flash_cache_size": 2399,
  "results": [
    {
      "hit": 4273831,
      "iteration": 0,
      "metrics": [
        {
          "admission_treshold": 0,
          "algorithm": "gclock",
          "byte_inserted": 1256697,
          "byte_miss": 1256697,
          "byte_read": 4273831,
          "byte_reinserted": 302021,
          "hit": 4273831,
          "inserted": 1256697,
          "layer": 0,
          "miss_ratio": 0.22722911808782087,
          "reinserted": 302021,
          "req": 5530528
        }
      ],
      "miss_ratio": 0.22722911808782087,
      "req": 5530528
    }
  ],
  "trace": "tencentBlock.ns1915.oracleGeneral.zst"
}