{
  "dram_cache_size": 14,
  "flash_cache_size": 1414,
  "results": [
    {
      "hit": 971247,
      "iteration": 0,
      "metrics": [
        {
          "admission_treshold": 0,
          "algorithm": "time2-auto",
          "byte_inserted": 512262,
          "byte_miss": 512262,
          "byte_read": 971247,
          "byte_reinserted": 7444,
          "hit": 971247,
          "inserted": 512262,
          "layer": 0,
          "miss_ratio": 0.34530427520156604,
          "reinserted": 7444,
          "req": 1483509
        }
      ],
      "miss_ratio": 0.34530427520156604,
      "req": 1483509
    }
  ],
  "trace": "tencentBlock.ns14582.oracleGeneral.zst"
}