{
  "dram_cache_size": 29,
  "flash_cache_size": 2961,
  "results": [
    {
      "hit": 1951258,
      "iteration": 0,
      "metrics": [
        {
          "admission_treshold": 0,
          "algorithm": "gclock",
          "byte_inserted": 759856,
          "byte_miss": 759856,
          "byte_read": 1951258,
          "byte_reinserted": 613391,
          "hit": 1951258,
          "inserted": 759856,
          "layer": 0,
          "miss_ratio": 0.2802744554452524,
          "reinserted": 613391,
          "req": 2711114
        }
      ],
      "miss_ratio": 0.2802744554452524,
      "req": 2711114
    }
  ],
  "trace": "tencentBlock.ns20147.oracleGeneral.zst"
}