{
  "dram_cache_size": 235,
  "flash_cache_size": 23516,
  "results": [
    {
      "hit": 3872081,
      "iteration": 0,
      "metrics": [
        {
          "admission_treshold": 0,
          "algorithm": "q2auto",
          "byte_inserted": 3713261,
          "byte_miss": 3713261,
          "byte_read": 3872081,
          "byte_reinserted": 165493,
          "hit": 3872081,
          "inserted": 3713261,
          "layer": 0,
          "miss_ratio": 0.48953112463485493,
          "reinserted": 165493,
          "req": 7585342
        }
      ],
      "miss_ratio": 0.48953112463485493,
      "req": 7585342
    }
  ],
  "trace": "tencentBlock.ns5913.oracleGeneral.zst"
}