{
  "dram_cache_size": 12,
  "flash_cache_size": 1296,
  "results": [
    {
      "hit": 770103,
      "iteration": 0,
      "metrics": [
        {
          "admission_treshold": 0,
          "algorithm": "q3auto",
          "byte_inserted": 754482,
          "byte_miss": 754482,
          "byte_read": 770103,
          "byte_reinserted": 58970,
          "hit": 770103,
          "inserted": 754482,
          "layer": 0,
          "miss_ratio": 0.49487696651875757,
          "reinserted": 58970,
          "req": 1524585
        }
      ],
      "miss_ratio": 0.49487696651875757,
      "req": 1524585
    }
  ],
  "trace": "tencentBlock.ns9149.oracleGeneral.zst"
}