{
  "dram_cache_size": 11,
  "flash_cache_size": 1155,
  "results": [
    {
      "hit": 835549,
      "iteration": 0,
      "metrics": [
        {
          "admission_treshold": 0,
          "algorithm": "q2auto",
          "byte_inserted": 658777,
          "byte_miss": 658777,
          "byte_read": 835549,
          "byte_reinserted": 80957,
          "hit": 835549,
          "inserted": 658777,
          "layer": 0,
          "miss_ratio": 0.4408522638299809,
          "reinserted": 80957,
          "req": 1494326
        }
      ],
      "miss_ratio": 0.4408522638299809,
      "req": 1494326
    }
  ],
  "trace": "tencentBlock.ns21558.oracleGeneral.zst"
}