{
  "dram_cache_size": 9,
  "flash_cache_size": 918,
  "results": [
    {
      "hit": 1381240,
      "iteration": 0,
      "metrics": [
        {
          "admission_treshold": 0,
          "algorithm": "dclock",
          "byte_inserted": 497586,
          "byte_miss": 497586,
          "byte_read": 1381240,
          "byte_reinserted": 517905,
          "hit": 1381240,
          "inserted": 497586,
          "layer": 0,
          "miss_ratio": 0.26483878762588975,
          "reinserted": 517905,
          "req": 1878826
        }
      ],
      "miss_ratio": 0.26483878762588975,
      "req": 1878826
    }
  ],
  "trace": "tencentBlock.ns10807.oracleGeneral.zst"
}