{
  "dram_cache_size": 923,
  "flash_cache_size": 92351,
  "results": [
    {
      "hit": 34771769,
      "iteration": 0,
      "metrics": [
        {
          "admission_treshold": 0,
          "algorithm": "dclock",
          "byte_inserted": 9921329,
          "byte_miss": 9921329,
          "byte_read": 34771769,
          "byte_reinserted": 2009434,
          "hit": 34771769,
          "inserted": 9921329,
          "layer": 0,
          "miss_ratio": 0.22198794543175326,
          "reinserted": 2009434,
          "req": 44693098
        }
      ],
      "miss_ratio": 0.22198794543175326,
      "req": 44693098
    }
  ],
  "trace": "akamai_sjc.ns181.oracleGeneral.bin.zst"
}