{
  "dram_cache_size": 0,
  "flash_cache_size": 48,
  "results": [
    {
      "hit": 1295711,
      "iteration": 0,
      "metrics": [
        {
          "admission_treshold": 0,
          "algorithm": "q2auto",
          "byte_inserted": 700998,
          "byte_miss": 700998,
          "byte_read": 1295711,
          "byte_reinserted": 206455,
          "hit": 1295711,
          "inserted": 700998,
          "layer": 0,
          "miss_ratio": 0.3510766967044271,
          "reinserted": 206455,
          "req": 1996709
        }
      ],
      "miss_ratio": 0.3510766967044271,
      "req": 1996709
    }
  ],
  "trace": "cf_allcolo.ns903.oracleGeneral.zst"
}