{
  "dram_cache_size": 7,
  "flash_cache_size": 775,
  "results": [
    {
      "hit": 4987103,
      "iteration": 0,
      "metrics": [
        {
          "admission_treshold": 0,
          "algorithm": "q2auto",
          "byte_inserted": 1030900,
          "byte_miss": 1030900,
          "byte_read": 4987103,
          "byte_reinserted": 378321,
          "hit": 4987103,
          "inserted": 1030900,
          "layer": 0,
          "miss_ratio": 0.17130267299634117,
          "reinserted": 378321,
          "req": 6018003
        }
      ],
      "miss_ratio": 0.17130267299634117,
      "req": 6018003
    }
  ],
  "trace": "cf_colo28.ns134.oracleGeneral.zst"
}