{
  "dram_cache_size": 3043,
  "flash_cache_size": 304360,
  "results": [
    {
      "hit": 1077955484,
      "iteration": 0,
      "metrics": [
        {
          "admission_treshold": 0,
          "algorithm": "tauto",
          "byte_inserted": 11275985256,
          "byte_miss": 11275985256,
          "byte_read": 78061548378,
          "byte_reinserted": 6421079264,
          "hit": 1077955484,
          "inserted": 214245161,
          "layer": 0,
          "miss_ratio": 0.16579867981725083,
          "reinserted": 108702371,
          "req": 1292200645
        }
      ],
      "miss_ratio": 0.16579867981725083,
      "req": 1292200645
    }
  ],
  "trace": "cluster18.oracleGeneral.sample10.zst"
}