{
  "dram_cache_size": 146,
  "flash_cache_size": 14695,
  "results": [
    {
      "hit": 30010035,
      "iteration": 0,
      "metrics": [
        {
          "admission_treshold": 0,
          "algorithm": "q2auto",
          "byte_inserted": 7389965,
          "byte_miss": 7389965,
          "byte_read": 30010035,
          "byte_reinserted": 1684614,
          "hit": 30010035,
          "inserted": 7389965,
          "layer": 0,
          "miss_ratio": 0.1975926470588235,
          "reinserted": 1684614,
          "req": 37400000
        }
      ],
      "miss_ratio": 0.1975926470588235,
      "req": 37400000
    }
  ],
  "trace": "io_traces.ns78.oracleGeneral.zst"
}