{
  "dram_cache_size": 56,
  "flash_cache_size": 5666,
  "results": [
    {
      "hit": 2182085,
      "iteration": 0,
      "metrics": [
        {
          "admission_treshold": 0,
          "algorithm": "g2clock",
          "byte_inserted": 2443990,
          "byte_miss": 2443990,
          "byte_read": 2182085,
          "byte_reinserted": 708484,
          "hit": 2182085,
          "inserted": 2443990,
          "layer": 0,
          "miss_ratio": 0.5283074744789049,
          "reinserted": 708484,
          "req": 4626075
        }
      ],
      "miss_ratio": 0.5283074744789049,
      "req": 4626075
    }
  ],
  "trace": "tencentBlock.ns5346.oracleGeneral.zst"
}