{
  "dram_cache_size": 103,
  "flash_cache_size": 10337,
  "results": [
    {
      "hit": 5097465,
      "iteration": 0,
      "metrics": [
        {
          "admission_treshold": 0,
          "algorithm": "dclock",
          "byte_inserted": 8421992,
          "byte_miss": 8421992,
          "byte_read": 5097465,
          "byte_reinserted": 1755076,
          "hit": 5097465,
          "inserted": 8421992,
          "layer": 0,
          "miss_ratio": 0.6229534218718992,
          "reinserted": 1755076,
          "req": 13519457
        }
      ],
      "miss_ratio": 0.6229534218718992,
      "req": 13519457
    }
  ],
  "trace": "tencentBlock.ns10348.oracleGeneral.zst"
}