{
  "dram_cache_size": 21,
  "flash_cache_size": 2144,
  "results": [
    {
      "hit": 2769553,
      "iteration": 0,
      "metrics": [
        {
          "admission_treshold": 0,
          "algorithm": "g2clock",
          "byte_inserted": 740273,
          "byte_miss": 740273,
          "byte_read": 2769553,
          "byte_reinserted": 991185,
          "hit": 2769553,
          "inserted": 740273,
          "layer": 0,
          "miss_ratio": 0.21091444419182037,
          "reinserted": 991185,
          "req": 3509826
        }
      ],
      "miss_ratio": 0.21091444419182037,
      "req": 3509826
    }
  ],
  "trace": "tencentBlock.ns13371.oracleGeneral.zst"
}