{
  "dram_cache_size": 63,
  "flash_cache_size": 6307,
  "results": [
    {
      "hit": 4710625,
      "iteration": 0,
      "metrics": [
        {
          "admission_treshold": 0,
          "algorithm": "t4auto",
          "byte_inserted": 2014753,
          "byte_miss": 2014753,
          "byte_read": 4710625,
          "byte_reinserted": 346680,
          "hit": 4710625,
          "inserted": 2014753,
          "layer": 0,
          "miss_ratio": 0.29957468561618394,
          "reinserted": 346680,
          "req": 6725378
        }
      ],
      "miss_ratio": 0.29957468561618394,
      "req": 6725378
    }
  ],
  "trace": "tencentBlock.ns13617.oracleGeneral.zst"
}