{
  "dram_cache_size": 5293,
  "flash_cache_size": 529371,
  "results": [
    {
      "hit": 172499216,
      "iteration": 0,
      "metrics": [
        {
          "admission_treshold": 0,
          "algorithm": "dclock",
          "byte_inserted": 119165741,
          "byte_miss": 119165741,
          "byte_read": 172499216,
          "byte_reinserted": 106592591,
          "hit": 172499216,
          "inserted": 119165741,
          "layer": 0,
          "miss_ratio": 0.40857064978155744,
          "reinserted": 106592591,
          "req": 291664957
        }
      ],
      "miss_ratio": 0.40857064978155744,
      "req": 291664957
    }
  ],
  "trace": "tencent_photo1.oracleGeneral.sample10.zst"
}