{
  "dram_cache_size": 17,
  "flash_cache_size": 1763,
  "results": [
    {
      "hit": 484321,
      "iteration": 0,
      "metrics": [
        {
          "admission_treshold": 0,
          "algorithm": "g2clock",
          "byte_inserted": 619026,
          "byte_miss": 619026,
          "byte_read": 484321,
          "byte_reinserted": 24057,
          "hit": 484321,
          "inserted": 619026,
          "layer": 0,
          "miss_ratio": 0.5610438058018012,
          "reinserted": 24057,
          "req": 1103347
        }
      ],
      "miss_ratio": 0.5610438058018012,
      "req": 1103347
    }
  ],
  "trace": "tencentBlock.ns19257.oracleGeneral.zst"
}