{
  "dram_cache_size": 58,
  "flash_cache_size": 5823,
  "results": [
    {
      "hit": 3483979,
      "iteration": 0,
      "metrics": [
        {
          "admission_treshold": 0,
          "algorithm": "d3clock",
          "byte_inserted": 1168989,
          "byte_miss": 1168989,
          "byte_read": 3483979,
          "byte_reinserted": 274658,
          "hit": 3483979,
          "inserted": 1168989,
          "layer": 0,
          "miss_ratio": 0.2512351256230432,
          "reinserted": 274658,
          "req": 4652968
        }
      ],
      "miss_ratio": 0.2512351256230432,
      "req": 4652968
    }
  ],
  "trace": "tencentBlock.ns21505.oracleGeneral.zst"
}