{
  "dram_cache_size": 41,
  "flash_cache_size": 4136,
  "results": [
    {
      "hit": 2534420,
      "iteration": 0,
      "metrics": [
        {
          "admission_treshold": 0,
          "algorithm": "d3clock",
          "byte_inserted": 984719,
          "byte_miss": 984719,
          "byte_read": 2534420,
          "byte_reinserted": 363632,
          "hit": 2534420,
          "inserted": 984719,
          "layer": 0,
          "miss_ratio": 0.27981816006699367,
          "reinserted": 363632,
          "req": 3519139
        }
      ],
      "miss_ratio": 0.27981816006699367,
      "req": 3519139
    }
  ],
  "trace": "tencentBlock.ns21277.oracleGeneral.zst"
}