{
  "dram_cache_size": 11,
  "flash_cache_size": 1133,
  "results": [
    {
      "hit": 842019,
      "iteration": 0,
      "metrics": [
        {
          "admission_treshold": 0,
          "algorithm": "gclock",
          "byte_inserted": 268028,
          "byte_miss": 268028,
          "byte_read": 842019,
          "byte_reinserted": 163895,
          "hit": 842019,
          "inserted": 268028,
          "layer": 0,
          "miss_ratio": 0.24145644283530332,
          "reinserted": 163895,
          "req": 1110047
        }
      ],
      "miss_ratio": 0.24145644283530332,
      "req": 1110047
    }
  ],
  "trace": "cf_allcolo.ns688.oracleGeneral.zst"
}