{
  "dram_cache_size": 3008,
  "flash_cache_size": 300871,
  "results": [
    {
      "hit": 545331906,
      "iteration": 0,
      "metrics": [
        {
          "admission_treshold": 0,
          "algorithm": "q-clock",
          "byte_inserted": 348282552,
          "byte_miss": 348282552,
          "byte_read": 545331906,
          "byte_reinserted": 1162,
          "hit": 545331906,
          "inserted": 348282552,
          "layer": 0,
          "miss_ratio": 0.38974587852964215,
          "reinserted": 1162,
          "req": 893614458
        }
      ],
      "miss_ratio": 0.38974587852964215,
      "req": 893614458
    }
  ],
  "trace": "cf_allcolo.ns49.oracleGeneral.zst"
}