{
  "dram_cache_size": 24,
  "flash_cache_size": 2441,
  "results": [
    {
      "hit": 877179,
      "iteration": 0,
      "metrics": [
        {
          "admission_treshold": 0,
          "algorithm": "g2clock",
          "byte_inserted": 886182,
          "byte_miss": 886182,
          "byte_read": 877179,
          "byte_reinserted": 199384,
          "hit": 877179,
          "inserted": 886182,
          "layer": 0,
          "miss_ratio": 0.5025527954854394,
          "reinserted": 199384,
          "req": 1763361
        }
      ],
      "miss_ratio": 0.5025527954854394,
      "req": 1763361
    }
  ],
  "trace": "cf_colo28.ns488.oracleGeneral.zst"
}