{
  "dram_cache_size": 252,
  "flash_cache_size": 25201,
  "results": [
    {
      "hit": 17252330,
      "iteration": 0,
      "metrics": [
        {
          "admission_treshold": 0,
          "algorithm": "q3auto",
          "byte_inserted": 8731908,
          "byte_miss": 8731908,
          "byte_read": 17252330,
          "byte_reinserted": 2518268,
          "hit": 17252330,
          "inserted": 8731908,
          "layer": 0,
          "miss_ratio": 0.33604633701400055,
          "reinserted": 2518268,
          "req": 25984238
        }
      ],
      "miss_ratio": 0.33604633701400055,
      "req": 25984238
    }
  ],
  "trace": "tencentBlock.ns10171.oracleGeneral.zst"
}