{
  "dram_cache_size": 6,
  "flash_cache_size": 646,
  "results": [
    {
      "hit": 2264983,
      "iteration": 0,
      "metrics": [
        {
          "admission_treshold": 0,
          "algorithm": "dclock",
          "byte_inserted": 281275,
          "byte_miss": 281275,
          "byte_read": 2264983,
          "byte_reinserted": 205604,
          "hit": 2264983,
          "inserted": 281275,
          "layer": 0,
          "miss_ratio": 0.11046602504538028,
          "reinserted": 205604,
          "req": 2546258
        }
      ],
      "miss_ratio": 0.11046602504538028,
      "req": 2546258
    }
  ],
  "trace": "tencentBlock.ns19490.oracleGeneral.zst"
}