{
  "dram_cache_size": 87,
  "flash_cache_size": 8724,
  "results": [
    {
      "hit": 5142892,
      "iteration": 0,
      "metrics": [
        {
          "admission_treshold": 0,
          "algorithm": "dclock",
          "byte_inserted": 2740340,
          "byte_miss": 2740340,
          "byte_read": 5142892,
          "byte_reinserted": 1119465,
          "hit": 5142892,
          "inserted": 2740340,
          "layer": 0,
          "miss_ratio": 0.34761630762611073,
          "reinserted": 1119465,
          "req": 7883232
        }
      ],
      "miss_ratio": 0.34761630762611073,
      "req": 7883232
    }
  ],
  "trace": "tencentBlock.ns21590.oracleGeneral.zst"
}