{
  "dram_cache_size": 10,
  "flash_cache_size": 1085,
  "results": [
    {
      "hit": 1153276,
      "iteration": 0,
      "metrics": [
        {
          "admission_treshold": 0,
          "algorithm": "g2clock",
          "byte_inserted": 450595,
          "byte_miss": 450595,
          "byte_read": 1153276,
          "byte_reinserted": 90254,
          "hit": 1153276,
          "inserted": 450595,
          "layer": 0,
          "miss_ratio": 0.2809421705361591,
          "reinserted": 90254,
          "req": 1603871
        }
      ],
      "miss_ratio": 0.2809421705361591,
      "req": 1603871
    }
  ],
  "trace": "tencentBlock.ns12538.oracleGeneral.zst"
}