{
  "dram_cache_size": 20,
  "flash_cache_size": 2002,
  "results": [
    {
      "hit": 1428142,
      "iteration": 0,
      "metrics": [
        {
          "admission_treshold": 0,
          "algorithm": "t3auto",
          "byte_inserted": 664582,
          "byte_miss": 664582,
          "byte_read": 1428142,
          "byte_reinserted": 16303,
          "hit": 1428142,
          "inserted": 664582,
          "layer": 0,
          "miss_ratio": 0.3175679162660724,
          "reinserted": 16303,
          "req": 2092724
        }
      ],
      "miss_ratio": 0.3175679162660724,
      "req": 2092724
    }
  ],
  "trace": "tencentBlock.ns15496.oracleGeneral.zst"
}