{
  "dram_cache_size": 14,
  "flash_cache_size": 1472,
  "results": [
    {
      "hit": 1138244,
      "iteration": 0,
      "metrics": [
        {
          "admission_treshold": 0,
          "algorithm": "g2clock",
          "byte_inserted": 561591,
          "byte_miss": 561591,
          "byte_read": 1138244,
          "byte_reinserted": 219457,
          "hit": 1138244,
          "inserted": 561591,
          "layer": 0,
          "miss_ratio": 0.33037971332511684,
          "reinserted": 219457,
          "req": 1699835
        }
      ],
      "miss_ratio": 0.33037971332511684,
      "req": 1699835
    }
  ],
  "trace": "tencentBlock.ns1717.oracleGeneral.zst"
}