{
  "dram_cache_size": 79,
  "flash_cache_size": 7903,
  "results": [
    {
      "hit": 1580772,
      "iteration": 0,
      "metrics": [
        {
          "admission_treshold": 0,
          "algorithm": "d3clock",
          "byte_inserted": 792389,
          "byte_miss": 792389,
          "byte_read": 1580772,
          "byte_reinserted": 1610,
          "hit": 1580772,
          "inserted": 792389,
          "layer": 0,
          "miss_ratio": 0.33389601464038887,
          "reinserted": 1610,
          "req": 2373161
        }
      ],
      "miss_ratio": 0.33389601464038887,
      "req": 2373161
    }
  ],
  "trace": "cf_allcolo.ns700.oracleGeneral.zst"
}