{
  "dram_cache_size": 7,
  "flash_cache_size": 760,
  "results": [
    {
      "hit": 1941910,
      "iteration": 0,
      "metrics": [
        {
          "admission_treshold": 0,
          "algorithm": "s3fclock-sequential",
          "byte_inserted": 1220771,
          "byte_miss": 1220771,
          "byte_read": 1941910,
          "byte_reinserted": 622189,
          "hit": 1941910,
          "inserted": 1220771,
          "layer": 0,
          "miss_ratio": 0.3859924538706243,
          "reinserted": 622189,
          "req": 3162681
        }
      ],
      "miss_ratio": 0.3859924538706243,
      "req": 3162681
    }
  ],
  "trace": "cf_allcolo.ns388.oracleGeneral.zst"
}