{
  "dram_cache_size": 208645,
  "flash_cache_size": 20864514,
  "results": [
    {
      "hit": 2104067,
      "iteration": 0,
      "metrics": [
        {
          "admission_treshold": 0,
          "algorithm": "qauto",
          "byte_inserted": 5538131868,
          "byte_miss": 5538131868,
          "byte_read": 8360145587,
          "byte_reinserted": 2580419724,
          "hit": 2104067,
          "inserted": 1103517,
          "layer": 0,
          "miss_ratio": 0.3440337026247793,
          "reinserted": 504431,
          "req": 3207584
        }
      ],
      "miss_ratio": 0.3440337026247793,
      "req": 3207584
    }
  ],
  "trace": "cf_colo28.ns1270.oracleGeneral.zst"
}