{
  "dram_cache_size": 82,
  "flash_cache_size": 8232,
  "results": [
    {
      "hit": 1830841,
      "iteration": 0,
      "metrics": [
        {
          "admission_treshold": 0,
          "algorithm": "dclock",
          "byte_inserted": 1796605,
          "byte_miss": 1796605,
          "byte_read": 1830841,
          "byte_reinserted": 137163,
          "hit": 1830841,
          "inserted": 1796605,
          "layer": 0,
          "miss_ratio": 0.4952809773046931,
          "reinserted": 137163,
          "req": 3627446
        }
      ],
      "miss_ratio": 0.4952809773046931,
      "req": 3627446
    }
  ],
  "trace": "tencentBlock.ns16153.oracleGeneral.zst"
}