{
  "dram_cache_size": 19,
  "flash_cache_size": 1924,
  "results": [
    {
      "hit": 3396309,
      "iteration": 0,
      "metrics": [
        {
          "admission_treshold": 0,
          "algorithm": "q3auto",
          "byte_inserted": 993333,
          "byte_miss": 993333,
          "byte_read": 3396309,
          "byte_reinserted": 141332,
          "hit": 3396309,
          "inserted": 993333,
          "layer": 0,
          "miss_ratio": 0.22629020772081188,
          "reinserted": 141332,
          "req": 4389642
        }
      ],
      "miss_ratio": 0.22629020772081188,
      "req": 4389642
    }
  ],
  "trace": "tencentBlock.ns20923.oracleGeneral.zst"
}