{
  "dram_cache_size": 9,
  "flash_cache_size": 960,
  "results": [
    {
      "hit": 1555483,
      "iteration": 0,
      "metrics": [
        {
          "admission_treshold": 0,
          "algorithm": "s3fclock",
          "byte_inserted": 346264,
          "byte_miss": 346264,
          "byte_read": 1555483,
          "byte_reinserted": 108204,
          "hit": 1555483,
          "inserted": 346264,
          "layer": 0,
          "miss_ratio": 0.18207679570416047,
          "reinserted": 108204,
          "req": 1901747
        }
      ],
      "miss_ratio": 0.18207679570416047,
      "req": 1901747
    }
  ],
  "trace": "tencentBlock.ns3261.oracleGeneral.zst"
}