{
  "dram_cache_size": 57,
  "flash_cache_size": 5755,
  "results": [
    {
      "hit": 4131188,
      "iteration": 0,
      "metrics": [
        {
          "admission_treshold": 0,
          "algorithm": "clock",
          "byte_inserted": 5545040,
          "byte_miss": 5545040,
          "byte_read": 4131188,
          "byte_reinserted": 1319685,
          "hit": 4131188,
          "inserted": 5545040,
          "layer": 0,
          "miss_ratio": 0.573058013928568,
          "reinserted": 1319685,
          "req": 9676228
        }
      ],
      "miss_ratio": 0.573058013928568,
      "req": 9676228
    }
  ],
  "trace": "tencentBlock.ns1780.oracleGeneral.zst"
}