{
  "dram_cache_size": 368,
  "flash_cache_size": 36864,
  "results": [
    {
      "hit": 6989777,
      "iteration": 0,
      "metrics": [
        {
          "admission_treshold": 0,
          "algorithm": "dclock",
          "byte_inserted": 18140502,
          "byte_miss": 18140502,
          "byte_read": 6989777,
          "byte_reinserted": 1867088,
          "hit": 6989777,
          "inserted": 18140502,
          "layer": 0,
          "miss_ratio": 0.7218583605856506,
          "reinserted": 1867088,
          "req": 25130279
        }
      ],
      "miss_ratio": 0.7218583605856506,
      "req": 25130279
    }
  ],
  "trace": "tencentBlock.ns3806.oracleGeneral.zst"
}