{
  "dram_cache_size": 23,
  "flash_cache_size": 2324,
  "results": [
    {
      "hit": 2262378,
      "iteration": 0,
      "metrics": [
        {
          "admission_treshold": 0,
          "algorithm": "t5auto",
          "byte_inserted": 279886,
          "byte_miss": 279886,
          "byte_read": 2262378,
          "byte_reinserted": 3193,
          "hit": 2262378,
          "inserted": 279886,
          "layer": 0,
          "miss_ratio": 0.11009320825846569,
          "reinserted": 3193,
          "req": 2542264
        }
      ],
      "miss_ratio": 0.11009320825846569,
      "req": 2542264
    }
  ],
  "trace": "cf_colo28.ns104.oracleGeneral.zst"
}