{
  "dram_cache_size": 24,
  "flash_cache_size": 2441,
  "results": [
    {
      "hit": 867855,
      "iteration": 0,
      "metrics": [
        {
          "admission_treshold": 0,
          "algorithm": "g2clock",
          "byte_inserted": 895506,
          "byte_miss": 895506,
          "byte_read": 867855,
          "byte_reinserted": 144217,
          "hit": 867855,
          "inserted": 895506,
          "layer": 0,
          "miss_ratio": 0.5078404251880357,
          "reinserted": 144217,
          "req": 1763361
        }
      ],
      "miss_ratio": 0.5078404251880357,
      "req": 1763361
    }
  ],
  "trace": "cf_colo28.ns488.oracleGeneral.zst"
}