{
  "dram_cache_size": 0,
  "flash_cache_size": 67,
  "results": [
    {
      "hit": 2080281,
      "iteration": 0,
      "metrics": [
        {
          "admission_treshold": 0,
          "algorithm": "dclock",
          "byte_inserted": 7068184,
          "byte_miss": 7068184,
          "byte_read": 2080281,
          "byte_reinserted": 1830916,
          "hit": 2080281,
          "inserted": 7068184,
          "layer": 0,
          "miss_ratio": 0.772608738187226,
          "reinserted": 1830916,
          "req": 9148465
        }
      ],
      "miss_ratio": 0.772608738187226,
      "req": 9148465
    }
  ],
  "trace": "cf_colo28.ns381.oracleGeneral.zst"
}