{
  "dram_cache_size": 11,
  "flash_cache_size": 1144,
  "results": [
    {
      "hit": 781357,
      "iteration": 0,
      "metrics": [
        {
          "admission_treshold": 0,
          "algorithm": "dclock",
          "byte_inserted": 1618643,
          "byte_miss": 1618643,
          "byte_read": 781357,
          "byte_reinserted": 294832,
          "hit": 781357,
          "inserted": 1618643,
          "layer": 0,
          "miss_ratio": 0.6744345833333334,
          "reinserted": 294832,
          "req": 2400000
        }
      ],
      "miss_ratio": 0.6744345833333334,
      "req": 2400000
    }
  ],
  "trace": "io_traces.ns655.oracleGeneral.zst"
}