{
  "dram_cache_size": 37,
  "flash_cache_size": 3772,
  "results": [
    {
      "hit": 2483859,
      "iteration": 0,
      "metrics": [
        {
          "admission_treshold": 0,
          "algorithm": "dclock",
          "byte_inserted": 1082383,
          "byte_miss": 1082383,
          "byte_read": 2483859,
          "byte_reinserted": 1122415,
          "hit": 2483859,
          "inserted": 1082383,
          "layer": 0,
          "miss_ratio": 0.30350800646731213,
          "reinserted": 1122415,
          "req": 3566242
        }
      ],
      "miss_ratio": 0.30350800646731213,
      "req": 3566242
    }
  ],
  "trace": "tencentBlock.ns8411.oracleGeneral.zst"
}