{
  "dram_cache_size": 6,
  "flash_cache_size": 692,
  "results": [
    {
      "hit": 1499870,
      "iteration": 0,
      "metrics": [
        {
          "admission_treshold": 0,
          "algorithm": "d3clock",
          "byte_inserted": 909758,
          "byte_miss": 909758,
          "byte_read": 1499870,
          "byte_reinserted": 188535,
          "hit": 1499870,
          "inserted": 909758,
          "layer": 0,
          "miss_ratio": 0.37755122367435967,
          "reinserted": 188535,
          "req": 2409628
        }
      ],
      "miss_ratio": 0.37755122367435967,
      "req": 2409628
    }
  ],
  "trace": "tencentBlock.ns11441.oracleGeneral.zst"
}