{
  "dram_cache_size": 87,
  "flash_cache_size": 8745,
  "results": [
    {
      "hit": 8403716,
      "iteration": 0,
      "metrics": [
        {
          "admission_treshold": 0,
          "algorithm": "q3auto",
          "byte_inserted": 33793903,
          "byte_miss": 33793903,
          "byte_read": 8403716,
          "byte_reinserted": 2590770,
          "hit": 8403716,
          "inserted": 33793903,
          "layer": 0,
          "miss_ratio": 0.8008485739444209,
          "reinserted": 2590770,
          "req": 42197619
        }
      ],
      "miss_ratio": 0.8008485739444209,
      "req": 42197619
    }
  ],
  "trace": "tencentBlock.ns14895.oracleGeneral.zst"
}