{
  "dram_cache_size": 21,
  "flash_cache_size": 2198,
  "results": [
    {
      "hit": 1522998,
      "iteration": 0,
      "metrics": [
        {
          "admission_treshold": 0,
          "algorithm": "dclock",
          "byte_inserted": 692172,
          "byte_miss": 692172,
          "byte_read": 1522998,
          "byte_reinserted": 504488,
          "hit": 1522998,
          "inserted": 692172,
          "layer": 0,
          "miss_ratio": 0.3124690204363548,
          "reinserted": 504488,
          "req": 2215170
        }
      ],
      "miss_ratio": 0.3124690204363548,
      "req": 2215170
    }
  ],
  "trace": "tencentBlock.ns18204.oracleGeneral.zst"
}