{
  "dram_cache_size": 24,
  "flash_cache_size": 2448,
  "results": [
    {
      "hit": 5208100,
      "iteration": 0,
      "metrics": [
        {
          "admission_treshold": 0,
          "algorithm": "s3fclock-sequential",
          "byte_inserted": 810355,
          "byte_miss": 810355,
          "byte_read": 5208100,
          "byte_reinserted": 214902,
          "hit": 5208100,
          "inserted": 810355,
          "layer": 0,
          "miss_ratio": 0.13464502102283726,
          "reinserted": 214902,
          "req": 6018455
        }
      ],
      "miss_ratio": 0.13464502102283726,
      "req": 6018455
    }
  ],
  "trace": "tencentBlock.ns10252.oracleGeneral.zst"
}