{
  "dram_cache_size": 173,
  "flash_cache_size": 17346,
  "results": [
    {
      "hit": 752439,
      "iteration": 0,
      "metrics": [
        {
          "admission_treshold": 0,
          "algorithm": "t3auto",
          "byte_inserted": 3857187,
          "byte_miss": 3857187,
          "byte_read": 752439,
          "byte_reinserted": 358134,
          "hit": 752439,
          "inserted": 3857187,
          "layer": 0,
          "miss_ratio": 0.836767885290477,
          "reinserted": 358134,
          "req": 4609626
        }
      ],
      "miss_ratio": 0.836767885290477,
      "req": 4609626
    }
  ],
  "trace": "akamai_sjc.ns65.oracleGeneral.bin.zst"
}