{
  "dram_cache_size": 0,
  "flash_cache_size": 11,
  "results": [
    {
      "hit": 5593770,
      "iteration": 0,
      "metrics": [
        {
          "admission_treshold": 0,
          "algorithm": "dclock",
          "byte_inserted": 64275,
          "byte_miss": 64275,
          "byte_read": 5593770,
          "byte_reinserted": 122307,
          "hit": 5593770,
          "inserted": 64275,
          "layer": 0,
          "miss_ratio": 0.011359930859510703,
          "reinserted": 122307,
          "req": 5658045
        }
      ],
      "miss_ratio": 0.011359930859510703,
      "req": 5658045
    }
  ],
  "trace": "cf_allcolo.ns503.oracleGeneral.zst"
}