{
  "dram_cache_size": 21,
  "flash_cache_size": 2152,
  "results": [
    {
      "hit": 3662941,
      "iteration": 0,
      "metrics": [
        {
          "admission_treshold": 0,
          "algorithm": "d3clock",
          "byte_inserted": 2398237,
          "byte_miss": 2398237,
          "byte_read": 3662941,
          "byte_reinserted": 666944,
          "hit": 3662941,
          "inserted": 2398237,
          "layer": 0,
          "miss_ratio": 0.395671765455494,
          "reinserted": 666944,
          "req": 6061178
        }
      ],
      "miss_ratio": 0.395671765455494,
      "req": 6061178
    }
  ],
  "trace": "cf_colo28.ns935.oracleGeneral.zst"
}