{
  "dram_cache_size": 161,
  "flash_cache_size": 16139,
  "results": [
    {
      "hit": 16657350,
      "iteration": 0,
      "metrics": [
        {
          "admission_treshold": 0,
          "algorithm": "g2clock",
          "byte_inserted": 2142650,
          "byte_miss": 2142650,
          "byte_read": 16657350,
          "byte_reinserted": 1075812,
          "hit": 16657350,
          "inserted": 2142650,
          "layer": 0,
          "miss_ratio": 0.11397074468085111,
          "reinserted": 1075812,
          "req": 18800000
        }
      ],
      "miss_ratio": 0.11397074468085111,
      "req": 18800000
    }
  ],
  "trace": "io_traces.ns138.oracleGeneral.zst"
}