{
  "dram_cache_size": 36,
  "flash_cache_size": 3642,
  "results": [
    {
      "hit": 2548054,
      "iteration": 0,
      "metrics": [
        {
          "admission_treshold": 0,
          "algorithm": "offline-clock",
          "byte_inserted": 1474488,
          "byte_miss": 1474488,
          "byte_read": 2548054,
          "byte_reinserted": 483229,
          "hit": 2548054,
          "inserted": 1474488,
          "layer": 0,
          "miss_ratio": 0.36655627212842024,
          "reinserted": 483229,
          "req": 4022542
        }
      ],
      "miss_ratio": 0.36655627212842024,
      "req": 4022542
    },
    {
      "hit": 2553860,
      "iteration": 1,
      "metrics": [
        {
          "admission_treshold": 0,
          "algorithm": "offline-clock",
          "byte_inserted": 2943170,
          "byte_miss": 2943170,
          "byte_read": 5101914,
          "byte_reinserted": 691664,
          "hit": 2553860,
          "inserted": 1468682,
          "layer": 0,
          "miss_ratio": 0.365112906217014,
          "reinserted": 208435,
          "req": 4022542
        }
      ],
      "miss_ratio": 0.365112906217014,
      "req": 4022542
    }
  ],
  "trace": "tencentBlock.ns17755.oracleGeneral.zst"
}