{
  "dram_cache_size": 49,
  "flash_cache_size": 4996,
  "results": [
    {
      "hit": 3095885,
      "iteration": 0,
      "metrics": [
        {
          "admission_treshold": 0,
          "algorithm": "d3clock",
          "byte_inserted": 1365755,
          "byte_miss": 1365755,
          "byte_read": 3095885,
          "byte_reinserted": 387964,
          "hit": 3095885,
          "inserted": 1365755,
          "layer": 0,
          "miss_ratio": 0.3061105333464824,
          "reinserted": 387964,
          "req": 4461640
        }
      ],
      "miss_ratio": 0.3061105333464824,
      "req": 4461640
    }
  ],
  "trace": "tencentBlock.ns12080.oracleGeneral.zst"
}