{
  "dram_cache_size": 31,
  "flash_cache_size": 3185,
  "results": [
    {
      "hit": 2784996,
      "iteration": 0,
      "metrics": [
        {
          "admission_treshold": 0,
          "algorithm": "gclock",
          "byte_inserted": 936053,
          "byte_miss": 936053,
          "byte_read": 2784996,
          "byte_reinserted": 489300,
          "hit": 2784996,
          "inserted": 936053,
          "layer": 0,
          "miss_ratio": 0.2515562143900819,
          "reinserted": 489300,
          "req": 3721049
        }
      ],
      "miss_ratio": 0.2515562143900819,
      "req": 3721049
    }
  ],
  "trace": "tencentBlock.ns14330.oracleGeneral.zst"
}