{
  "dram_cache_size": 10,
  "flash_cache_size": 1031,
  "results": [
    {
      "hit": 2581973,
      "iteration": 0,
      "metrics": [
        {
          "admission_treshold": 0,
          "algorithm": "gclock",
          "byte_inserted": 832036,
          "byte_miss": 832036,
          "byte_read": 2581973,
          "byte_reinserted": 231950,
          "hit": 2581973,
          "inserted": 832036,
          "layer": 0,
          "miss_ratio": 0.24371230421478096,
          "reinserted": 231950,
          "req": 3414009
        }
      ],
      "miss_ratio": 0.24371230421478096,
      "req": 3414009
    }
  ],
  "trace": "tencentBlock.ns6013.oracleGeneral.zst"
}