{
  "dram_cache_size": 374,
  "flash_cache_size": 37401,
  "results": [
    {
      "hit": 17123844,
      "iteration": 0,
      "metrics": [
        {
          "admission_treshold": 0,
          "algorithm": "s3fclock-sequential",
          "byte_inserted": 9721354,
          "byte_miss": 9721354,
          "byte_read": 17123844,
          "byte_reinserted": 1660180,
          "hit": 17123844,
          "inserted": 9721354,
          "layer": 0,
          "miss_ratio": 0.3621263661381823,
          "reinserted": 1660180,
          "req": 26845198
        }
      ],
      "miss_ratio": 0.3621263661381823,
      "req": 26845198
    }
  ],
  "trace": "tencentBlock.ns5369.oracleGeneral.zst"
}