{
  "dram_cache_size": 8,
  "flash_cache_size": 815,
  "results": [
    {
      "hit": 1436065,
      "iteration": 0,
      "metrics": [
        {
          "admission_treshold": 0,
          "algorithm": "d3clock",
          "byte_inserted": 513114,
          "byte_miss": 513114,
          "byte_read": 1436065,
          "byte_reinserted": 112402,
          "hit": 1436065,
          "inserted": 513114,
          "layer": 0,
          "miss_ratio": 0.26324621802307535,
          "reinserted": 112402,
          "req": 1949179
        }
      ],
      "miss_ratio": 0.26324621802307535,
      "req": 1949179
    }
  ],
  "trace": "tencentBlock.ns15844.oracleGeneral.zst"
}