{
  "dram_cache_size": 555,
  "flash_cache_size": 55506,
  "results": [
    {
      "hit": 25778968,
      "iteration": 0,
      "metrics": [
        {
          "admission_treshold": 0,
          "algorithm": "dclock",
          "byte_inserted": 6665001,
          "byte_miss": 6665001,
          "byte_read": 25778968,
          "byte_reinserted": 252035,
          "hit": 25778968,
          "inserted": 6665001,
          "layer": 0,
          "miss_ratio": 0.20543112342389425,
          "reinserted": 252035,
          "req": 32443969
        }
      ],
      "miss_ratio": 0.20543112342389425,
      "req": 32443969
    }
  ],
  "trace": "tencentBlock.ns3240.oracleGeneral.zst"
}