{
  "dram_cache_size": 15,
  "flash_cache_size": 1531,
  "results": [
    {
      "hit": 590720,
      "iteration": 0,
      "metrics": [
        {
          "admission_treshold": 0,
          "algorithm": "d3clock",
          "byte_inserted": 750332,
          "byte_miss": 750332,
          "byte_read": 590720,
          "byte_reinserted": 101677,
          "hit": 590720,
          "inserted": 750332,
          "layer": 0,
          "miss_ratio": 0.5595099966295117,
          "reinserted": 101677,
          "req": 1341052
        }
      ],
      "miss_ratio": 0.5595099966295117,
      "req": 1341052
    }
  ],
  "trace": "tencentBlock.ns14051.oracleGeneral.zst"
}