{
  "dram_cache_size": 4,
  "flash_cache_size": 464,
  "results": [
    {
      "hit": 1033384,
      "iteration": 0,
      "metrics": [
        {
          "admission_treshold": 0,
          "algorithm": "g2clock",
          "byte_inserted": 218226,
          "byte_miss": 218226,
          "byte_read": 1033384,
          "byte_reinserted": 93955,
          "hit": 1033384,
          "inserted": 218226,
          "layer": 0,
          "miss_ratio": 0.17435622917682025,
          "reinserted": 93955,
          "req": 1251610
        }
      ],
      "miss_ratio": 0.17435622917682025,
      "req": 1251610
    }
  ],
  "trace": "tencentBlock.ns8324.oracleGeneral.zst"
}