{
  "dram_cache_size": 1648,
  "flash_cache_size": 164878,
  "results": [
    {
      "hit": 40342197,
      "iteration": 0,
      "metrics": [
        {
          "admission_treshold": 0,
          "algorithm": "sxfifo",
          "byte_inserted": 28184070,
          "byte_miss": 28184070,
          "byte_read": 40342197,
          "byte_reinserted": 2505593,
          "hit": 40342197,
          "inserted": 28184070,
          "layer": 0,
          "miss_ratio": 0.41128856471927766,
          "reinserted": 2505593,
          "req": 68526267
        }
      ],
      "miss_ratio": 0.41128856471927766,
      "req": 68526267
    }
  ],
  "trace": "tencentBlock.ns13494.oracleGeneral.zst"
}