{
  "dram_cache_size": 16,
  "flash_cache_size": 1675,
  "results": [
    {
      "hit": 16216398,
      "iteration": 0,
      "metrics": [
        {
          "admission_treshold": 0,
          "algorithm": "q3auto",
          "byte_inserted": 185727,
          "byte_miss": 185727,
          "byte_read": 16216398,
          "byte_reinserted": 6899,
          "hit": 16216398,
          "inserted": 185727,
          "layer": 0,
          "miss_ratio": 0.011323349870824617,
          "reinserted": 6899,
          "req": 16402125
        }
      ],
      "miss_ratio": 0.011323349870824617,
      "req": 16402125
    }
  ],
  "trace": "cf_allcolo.ns824.oracleGeneral.zst"
}