{
  "dram_cache_size": 359,
  "flash_cache_size": 35973,
  "results": [
    {
      "hit": 16448242,
      "iteration": 0,
      "metrics": [
        {
          "admission_treshold": 0,
          "algorithm": "dclock",
          "byte_inserted": 3612773,
          "byte_miss": 3612773,
          "byte_read": 16448242,
          "byte_reinserted": 9056,
          "hit": 16448242,
          "inserted": 3612773,
          "layer": 0,
          "miss_ratio": 0.18008924274270266,
          "reinserted": 9056,
          "req": 20061015
        }
      ],
      "miss_ratio": 0.18008924274270266,
      "req": 20061015
    }
  ],
  "trace": "cf_allcolo.ns433.oracleGeneral.zst"
}