{
  "dram_cache_size": 17,
  "flash_cache_size": 1791,
  "results": [
    {
      "hit": 1210801,
      "iteration": 0,
      "metrics": [
        {
          "admission_treshold": 0,
          "algorithm": "gclock",
          "byte_inserted": 989199,
          "byte_miss": 989199,
          "byte_read": 1210801,
          "byte_reinserted": 33194,
          "hit": 1210801,
          "inserted": 989199,
          "layer": 0,
          "miss_ratio": 0.4496359090909091,
          "reinserted": 33194,
          "req": 2200000
        }
      ],
      "miss_ratio": 0.4496359090909091,
      "req": 2200000
    }
  ],
  "trace": "io_traces.ns487.oracleGeneral.zst"
}