{
  "dram_cache_size": 43,
  "flash_cache_size": 4391,
  "results": [
    {
      "hit": 2299719,
      "iteration": 0,
      "metrics": [
        {
          "admission_treshold": 0,
          "algorithm": "d3clock",
          "byte_inserted": 1693597,
          "byte_miss": 1693597,
          "byte_read": 2299719,
          "byte_reinserted": 211874,
          "hit": 2299719,
          "inserted": 1693597,
          "layer": 0,
          "miss_ratio": 0.42410793435831273,
          "reinserted": 211874,
          "req": 3993316
        }
      ],
      "miss_ratio": 0.42410793435831273,
      "req": 3993316
    }
  ],
  "trace": "msr_hm_0.oracleGeneral.zst"
}