{
  "dram_cache_size": 267,
  "flash_cache_size": 26763,
  "results": [
    {
      "hit": 9394484,
      "iteration": 0,
      "metrics": [
        {
          "admission_treshold": 0,
          "algorithm": "g2clock",
          "byte_inserted": 4096737,
          "byte_miss": 4096737,
          "byte_read": 9394484,
          "byte_reinserted": 433746,
          "hit": 9394484,
          "inserted": 4096737,
          "layer": 0,
          "miss_ratio": 0.3036594686277839,
          "reinserted": 433746,
          "req": 13491221
        }
      ],
      "miss_ratio": 0.3036594686277839,
      "req": 13491221
    }
  ],
  "trace": "popular_tweets_by_interests_cache.0.oracleGeneral.sample10.zst"
}