{
  "dram_cache_size": 22,
  "flash_cache_size": 2256,
  "results": [
    {
      "hit": 2142085,
      "iteration": 0,
      "metrics": [
        {
          "admission_treshold": 0,
          "algorithm": "g2clock",
          "byte_inserted": 892414,
          "byte_miss": 892414,
          "byte_read": 2142085,
          "byte_reinserted": 101830,
          "hit": 2142085,
          "inserted": 892414,
          "layer": 0,
          "miss_ratio": 0.29408940322603505,
          "reinserted": 101830,
          "req": 3034499
        }
      ],
      "miss_ratio": 0.29408940322603505,
      "req": 3034499
    }
  ],
  "trace": "tencentBlock.ns21371.oracleGeneral.zst"
}