{
  "dram_cache_size": 32,
  "flash_cache_size": 3264,
  "results": [
    {
      "hit": 1108712,
      "iteration": 0,
      "metrics": [
        {
          "admission_treshold": 0,
          "algorithm": "gclock",
          "byte_inserted": 1788377,
          "byte_miss": 1788377,
          "byte_read": 1108712,
          "byte_reinserted": 50393,
          "hit": 1108712,
          "inserted": 1788377,
          "layer": 0,
          "miss_ratio": 0.6173013669928678,
          "reinserted": 50393,
          "req": 2897089
        }
      ],
      "miss_ratio": 0.6173013669928678,
      "req": 2897089
    }
  ],
  "trace": "tencentBlock.ns2430.oracleGeneral.zst"
}