{
  "dram_cache_size": 18,
  "flash_cache_size": 1856,
  "results": [
    {
      "hit": 572258,
      "iteration": 0,
      "metrics": [
        {
          "admission_treshold": 0,
          "algorithm": "g2clock",
          "byte_inserted": 1233968,
          "byte_miss": 1233968,
          "byte_read": 572258,
          "byte_reinserted": 241524,
          "hit": 572258,
          "inserted": 1233968,
          "layer": 0,
          "miss_ratio": 0.683174752218161,
          "reinserted": 241524,
          "req": 1806226
        }
      ],
      "miss_ratio": 0.683174752218161,
      "req": 1806226
    }
  ],
  "trace": "tencentBlock.ns10553.oracleGeneral.zst"
}