{
  "dram_cache_size": 8,
  "flash_cache_size": 874,
  "results": [
    {
      "hit": 1234076,
      "iteration": 0,
      "metrics": [
        {
          "admission_treshold": 0,
          "algorithm": "gclock",
          "byte_inserted": 427494,
          "byte_miss": 427494,
          "byte_read": 1234076,
          "byte_reinserted": 188069,
          "hit": 1234076,
          "inserted": 427494,
          "layer": 0,
          "miss_ratio": 0.2572831719397919,
          "reinserted": 188069,
          "req": 1661570
        }
      ],
      "miss_ratio": 0.2572831719397919,
      "req": 1661570
    }
  ],
  "trace": "tencentBlock.ns11057.oracleGeneral.zst"
}