{
  "dram_cache_size": 12,
  "flash_cache_size": 1278,
  "results": [
    {
      "hit": 709738,
      "iteration": 0,
      "metrics": [
        {
          "admission_treshold": 0,
          "algorithm": "d3clock",
          "byte_inserted": 558923,
          "byte_miss": 558923,
          "byte_read": 709738,
          "byte_reinserted": 40022,
          "hit": 709738,
          "inserted": 558923,
          "layer": 0,
          "miss_ratio": 0.44056134775168465,
          "reinserted": 40022,
          "req": 1268661
        }
      ],
      "miss_ratio": 0.44056134775168465,
      "req": 1268661
    }
  ],
  "trace": "tencentBlock.ns1799.oracleGeneral.zst"
}