{
  "dram_cache_size": 57,
  "flash_cache_size": 5787,
  "results": [
    {
      "hit": 3161860,
      "iteration": 0,
      "metrics": [
        {
          "admission_treshold": 0,
          "algorithm": "g2clock",
          "byte_inserted": 2489060,
          "byte_miss": 2489060,
          "byte_read": 3161860,
          "byte_reinserted": 604938,
          "hit": 3161860,
          "inserted": 2489060,
          "layer": 0,
          "miss_ratio": 0.4404698703927856,
          "reinserted": 604938,
          "req": 5650920
        }
      ],
      "miss_ratio": 0.4404698703927856,
      "req": 5650920
    }
  ],
  "trace": "tencentBlock.ns18849.oracleGeneral.zst"
}