{
  "dram_cache_size": 129,
  "flash_cache_size": 12914,
  "results": [
    {
      "hit": 9285134,
      "iteration": 0,
      "metrics": [
        {
          "admission_treshold": 0,
          "algorithm": "dclock",
          "byte_inserted": 1511032,
          "byte_miss": 1511032,
          "byte_read": 9285134,
          "byte_reinserted": 166561,
          "hit": 9285134,
          "inserted": 1511032,
          "layer": 0,
          "miss_ratio": 0.13996005619031793,
          "reinserted": 166561,
          "req": 10796166
        }
      ],
      "miss_ratio": 0.13996005619031793,
      "req": 10796166
    }
  ],
  "trace": "cf_allcolo.ns489.oracleGeneral.zst"
}