{
  "dram_cache_size": 3,
  "flash_cache_size": 365,
  "results": [
    {
      "hit": 5044155,
      "iteration": 0,
      "metrics": [
        {
          "admission_treshold": 0,
          "algorithm": "t4auto",
          "byte_inserted": 2148960,
          "byte_miss": 2148960,
          "byte_read": 5044155,
          "byte_reinserted": 633625,
          "hit": 5044155,
          "inserted": 2148960,
          "layer": 0,
          "miss_ratio": 0.2987523486000154,
          "reinserted": 633625,
          "req": 7193115
        }
      ],
      "miss_ratio": 0.2987523486000154,
      "req": 7193115
    }
  ],
  "trace": "cf_colo28.ns841.oracleGeneral.zst"
}