{
  "dram_cache_size": 59,
  "flash_cache_size": 5955,
  "results": [
    {
      "hit": 266897,
      "iteration": 0,
      "metrics": [
        {
          "admission_treshold": 0,
          "algorithm": "gclock",
          "byte_inserted": 1007298,
          "byte_miss": 1007298,
          "byte_read": 266897,
          "byte_reinserted": 104624,
          "hit": 266897,
          "inserted": 1007298,
          "layer": 0,
          "miss_ratio": 0.7905367702745655,
          "reinserted": 104624,
          "req": 1274195
        }
      ],
      "miss_ratio": 0.7905367702745655,
      "req": 1274195
    }
  ],
  "trace": "cf_colo28.ns2104.oracleGeneral.zst"
}