{
  "dram_cache_size": 136,
  "flash_cache_size": 13667,
  "results": [
    {
      "hit": 354020,
      "iteration": 0,
      "metrics": [
        {
          "admission_treshold": 0,
          "algorithm": "q3auto",
          "byte_inserted": 1410418,
          "byte_miss": 1410418,
          "byte_read": 354020,
          "byte_reinserted": 35718,
          "hit": 354020,
          "inserted": 1410418,
          "layer": 0,
          "miss_ratio": 0.7993582092428297,
          "reinserted": 35718,
          "req": 1764438
        }
      ],
      "miss_ratio": 0.7993582092428297,
      "req": 1764438
    }
  ],
  "trace": "cf_colo28.ns752.oracleGeneral.zst"
}