{
  "dram_cache_size": 603,
  "flash_cache_size": 60390,
  "results": [
    {
      "hit": 574329,
      "iteration": 0,
      "metrics": [
        {
          "admission_treshold": 0,
          "algorithm": "q3auto",
          "byte_inserted": 13625671,
          "byte_miss": 13625671,
          "byte_read": 574329,
          "byte_reinserted": 63011,
          "hit": 574329,
          "inserted": 13625671,
          "layer": 0,
          "miss_ratio": 0.9595542957746479,
          "reinserted": 63011,
          "req": 14200000
        }
      ],
      "miss_ratio": 0.9595542957746479,
      "req": 14200000
    }
  ],
  "trace": "io_traces.ns749.oracleGeneral.zst"
}