{
  "dram_cache_size": 166,
  "flash_cache_size": 16649,
  "results": [
    {
      "hit": 18711663,
      "iteration": 0,
      "metrics": [
        {
          "admission_treshold": 0,
          "algorithm": "gclock",
          "byte_inserted": 3688337,
          "byte_miss": 3688337,
          "byte_read": 18711663,
          "byte_reinserted": 1563192,
          "hit": 18711663,
          "inserted": 3688337,
          "layer": 0,
          "miss_ratio": 0.16465790178571427,
          "reinserted": 1563192,
          "req": 22400000
        }
      ],
      "miss_ratio": 0.16465790178571427,
      "req": 22400000
    }
  ],
  "trace": "io_traces.ns513.oracleGeneral.zst"
}