{
  "dram_cache_size": 18,
  "flash_cache_size": 1804,
  "results": [
    {
      "hit": 988117,
      "iteration": 0,
      "metrics": [
        {
          "admission_treshold": 0,
          "algorithm": "g2clock",
          "byte_inserted": 648319,
          "byte_miss": 648319,
          "byte_read": 988117,
          "byte_reinserted": 14678,
          "hit": 988117,
          "inserted": 648319,
          "layer": 0,
          "miss_ratio": 0.3961774245983344,
          "reinserted": 14678,
          "req": 1636436
        }
      ],
      "miss_ratio": 0.3961774245983344,
      "req": 1636436
    }
  ],
  "trace": "tencentBlock.ns18364.oracleGeneral.zst"
}