{
  "dram_cache_size": 22,
  "flash_cache_size": 2220,
  "results": [
    {
      "hit": 2025352,
      "iteration": 0,
      "metrics": [
        {
          "admission_treshold": 0,
          "algorithm": "s3fclock",
          "byte_inserted": 742004,
          "byte_miss": 742004,
          "byte_read": 2025352,
          "byte_reinserted": 137457,
          "hit": 2025352,
          "inserted": 742004,
          "layer": 0,
          "miss_ratio": 0.26812741114623484,
          "reinserted": 137457,
          "req": 2767356
        }
      ],
      "miss_ratio": 0.26812741114623484,
      "req": 2767356
    }
  ],
  "trace": "tencentBlock.ns7027.oracleGeneral.zst"
}