{
  "dram_cache_size": 62,
  "flash_cache_size": 6264,
  "results": [
    {
      "hit": 1309972,
      "iteration": 0,
      "metrics": [
        {
          "admission_treshold": 0,
          "algorithm": "sxfifo",
          "byte_inserted": 2086966,
          "byte_miss": 2086966,
          "byte_read": 1309972,
          "byte_reinserted": 194416,
          "hit": 1309972,
          "inserted": 2086966,
          "layer": 0,
          "miss_ratio": 0.6143668209428609,
          "reinserted": 194416,
          "req": 3396938
        }
      ],
      "miss_ratio": 0.6143668209428609,
      "req": 3396938
    }
  ],
  "trace": "tencentBlock.ns2092.oracleGeneral.zst"
}