{
  "dram_cache_size": 814,
  "flash_cache_size": 81438,
  "results": [
    {
      "hit": 5331459,
      "iteration": 0,
      "metrics": [
        {
          "admission_treshold": 0,
          "algorithm": "sxfifo",
          "byte_inserted": 21370729,
          "byte_miss": 21370729,
          "byte_read": 5331459,
          "byte_reinserted": 566590,
          "hit": 5331459,
          "inserted": 21370729,
          "layer": 0,
          "miss_ratio": 0.8003362495987221,
          "reinserted": 566590,
          "req": 26702188
        }
      ],
      "miss_ratio": 0.8003362495987221,
      "req": 26702188
    }
  ],
  "trace": "w16.oracleGeneral.bin.zst"
}