{
  "dram_cache_size": 0,
  "flash_cache_size": 17,
  "results": [
    {
      "hit": 11288819,
      "iteration": 0,
      "metrics": [
        {
          "admission_treshold": 0,
          "algorithm": "dclock",
          "byte_inserted": 6765,
          "byte_miss": 6765,
          "byte_read": 11288819,
          "byte_reinserted": 5796,
          "hit": 11288819,
          "inserted": 6765,
          "layer": 0,
          "miss_ratio": 0.0005989066169576063,
          "reinserted": 5796,
          "req": 11295584
        }
      ],
      "miss_ratio": 0.0005989066169576063,
      "req": 11295584
    }
  ],
  "trace": "akamai_sjc.ns330.oracleGeneral.bin.zst"
}