{
  "dram_cache_size": 1,
  "flash_cache_size": 194,
  "results": [
    {
      "hit": 5043921,
      "iteration": 0,
      "metrics": [
        {
          "admission_treshold": 0,
          "algorithm": "t7auto",
          "byte_inserted": 39791,
          "byte_miss": 39791,
          "byte_read": 5043921,
          "byte_reinserted": 15591,
          "hit": 5043921,
          "inserted": 39791,
          "layer": 0,
          "miss_ratio": 0.00782715464605388,
          "reinserted": 15591,
          "req": 5083712
        }
      ],
      "miss_ratio": 0.00782715464605388,
      "req": 5083712
    }
  ],
  "trace": "cf_allcolo.ns2473.oracleGeneral.zst"
}