{
  "dram_cache_size": 169,
  "flash_cache_size": 16917,
  "results": [
    {
      "hit": 29073371,
      "iteration": 0,
      "metrics": [
        {
          "admission_treshold": 0,
          "algorithm": "dclock",
          "byte_inserted": 6526629,
          "byte_miss": 6526629,
          "byte_read": 29073371,
          "byte_reinserted": 633082,
          "hit": 29073371,
          "inserted": 6526629,
          "layer": 0,
          "miss_ratio": 0.1833322752808989,
          "reinserted": 633082,
          "req": 35600000
        }
      ],
      "miss_ratio": 0.1833322752808989,
      "req": 35600000
    }
  ],
  "trace": "io_traces.ns83.oracleGeneral.zst"
}