{
  "dram_cache_size": 352654,
  "flash_cache_size": 35265488,
  "results": [
    {
      "hit": 2072136,
      "iteration": 0,
      "metrics": [
        {
          "admission_treshold": 0,
          "algorithm": "qauto",
          "byte_inserted": 8899055104,
          "byte_miss": 8899055104,
          "byte_read": 64837566464,
          "byte_reinserted": 5045207040,
          "hit": 2072136,
          "inserted": 462438,
          "layer": 0,
          "miss_ratio": 0.18245196234160055,
          "reinserted": 192241,
          "req": 2534574
        }
      ],
      "miss_ratio": 0.18245196234160055,
      "req": 2534574
    }
  ],
  "trace": "tencentBlock.ns5783.oracleGeneral.zst"
}