{
  "dram_cache_size": 74,
  "flash_cache_size": 7474,
  "results": [
    {
      "hit": 3027230,
      "iteration": 0,
      "metrics": [
        {
          "admission_treshold": 0,
          "algorithm": "dclock",
          "byte_inserted": 1571886,
          "byte_miss": 1571886,
          "byte_read": 3027230,
          "byte_reinserted": 392912,
          "hit": 3027230,
          "inserted": 1571886,
          "layer": 0,
          "miss_ratio": 0.34178002903166604,
          "reinserted": 392912,
          "req": 4599116
        }
      ],
      "miss_ratio": 0.34178002903166604,
      "req": 4599116
    }
  ],
  "trace": "tencentBlock.ns4041.oracleGeneral.zst"
}