{
  "dram_cache_size": 7,
  "flash_cache_size": 745,
  "results": [
    {
      "hit": 1201965,
      "iteration": 0,
      "metrics": [
        {
          "admission_treshold": 0,
          "algorithm": "g2clock",
          "byte_inserted": 427678,
          "byte_miss": 427678,
          "byte_read": 1201965,
          "byte_reinserted": 79035,
          "hit": 1201965,
          "inserted": 427678,
          "layer": 0,
          "miss_ratio": 0.2624366195540987,
          "reinserted": 79035,
          "req": 1629643
        }
      ],
      "miss_ratio": 0.2624366195540987,
      "req": 1629643
    }
  ],
  "trace": "tencentBlock.ns6672.oracleGeneral.zst"
}