{
  "dram_cache_size": 50,
  "flash_cache_size": 5052,
  "results": [
    {
      "hit": 3355638,
      "iteration": 0,
      "metrics": [
        {
          "admission_treshold": 0,
          "algorithm": "qor-clock",
          "byte_inserted": 1710883,
          "byte_miss": 1710883,
          "byte_read": 3355638,
          "byte_reinserted": 68910,
          "hit": 3355638,
          "inserted": 1710883,
          "layer": 0,
          "miss_ratio": 0.33768398473035044,
          "reinserted": 68910,
          "req": 5066521
        }
      ],
      "miss_ratio": 0.33768398473035044,
      "req": 5066521
    }
  ],
  "trace": "tencentBlock.ns20760.oracleGeneral.zst"
}