{
  "dram_cache_size": 17,
  "flash_cache_size": 1708,
  "results": [
    {
      "hit": 959006,
      "iteration": 0,
      "metrics": [
        {
          "admission_treshold": 0,
          "algorithm": "gclock",
          "byte_inserted": 800343,
          "byte_miss": 800343,
          "byte_read": 959006,
          "byte_reinserted": 19839,
          "hit": 959006,
          "inserted": 800343,
          "layer": 0,
          "miss_ratio": 0.45490860539892886,
          "reinserted": 19839,
          "req": 1759349
        }
      ],
      "miss_ratio": 0.45490860539892886,
      "req": 1759349
    }
  ],
  "trace": "tencentBlock.ns16763.oracleGeneral.zst"
}