{
  "dram_cache_size": 148,
  "flash_cache_size": 14867,
  "results": [
    {
      "hit": 6894135,
      "iteration": 0,
      "metrics": [
        {
          "admission_treshold": 0,
          "algorithm": "qand-clock",
          "byte_inserted": 3549601,
          "byte_miss": 3549601,
          "byte_read": 6894135,
          "byte_reinserted": 311903,
          "hit": 6894135,
          "inserted": 3549601,
          "layer": 0,
          "miss_ratio": 0.33987846877783967,
          "reinserted": 311903,
          "req": 10443736
        }
      ],
      "miss_ratio": 0.33987846877783967,
      "req": 10443736
    }
  ],
  "trace": "tencentBlock.ns11887.oracleGeneral.zst"
}