{
  "dram_cache_size": 22,
  "flash_cache_size": 2213,
  "results": [
    {
      "hit": 18971258,
      "iteration": 0,
      "metrics": [
        {
          "admission_treshold": 0,
          "algorithm": "g2clock",
          "byte_inserted": 5271652,
          "byte_miss": 5271652,
          "byte_read": 18971258,
          "byte_reinserted": 1965735,
          "hit": 18971258,
          "inserted": 5271652,
          "layer": 0,
          "miss_ratio": 0.21745128781982026,
          "reinserted": 1965735,
          "req": 24242910
        }
      ],
      "miss_ratio": 0.21745128781982026,
      "req": 24242910
    }
  ],
  "trace": "tencentBlock.ns1566.oracleGeneral.zst"
}