{
  "dram_cache_size": 15,
  "flash_cache_size": 1545,
  "results": [
    {
      "hit": 3678201,
      "iteration": 0,
      "metrics": [
        {
          "admission_treshold": 0,
          "algorithm": "q2auto",
          "byte_inserted": 777842,
          "byte_miss": 777842,
          "byte_read": 3678201,
          "byte_reinserted": 179439,
          "hit": 3678201,
          "inserted": 777842,
          "layer": 0,
          "miss_ratio": 0.17455890798181262,
          "reinserted": 179439,
          "req": 4456043
        }
      ],
      "miss_ratio": 0.17455890798181262,
      "req": 4456043
    }
  ],
  "trace": "tencentBlock.ns9336.oracleGeneral.zst"
}