{
  "dram_cache_size": 12,
  "flash_cache_size": 1262,
  "results": [
    {
      "hit": 465342,
      "iteration": 0,
      "metrics": [
        {
          "admission_treshold": 0,
          "algorithm": "t5auto",
          "byte_inserted": 571388,
          "byte_miss": 571388,
          "byte_read": 465342,
          "byte_reinserted": 29265,
          "hit": 465342,
          "inserted": 571388,
          "layer": 0,
          "miss_ratio": 0.5511444638430449,
          "reinserted": 29265,
          "req": 1036730
        }
      ],
      "miss_ratio": 0.5511444638430449,
      "req": 1036730
    }
  ],
  "trace": "tencentBlock.ns2716.oracleGeneral.zst"
}