{
  "dram_cache_size": 18,
  "flash_cache_size": 1839,
  "results": [
    {
      "hit": 752976,
      "iteration": 0,
      "metrics": [
        {
          "admission_treshold": 0,
          "algorithm": "q3auto",
          "byte_inserted": 405878,
          "byte_miss": 405878,
          "byte_read": 752976,
          "byte_reinserted": 60019,
          "hit": 752976,
          "inserted": 405878,
          "layer": 0,
          "miss_ratio": 0.3502408413829524,
          "reinserted": 60019,
          "req": 1158854
        }
      ],
      "miss_ratio": 0.3502408413829524,
      "req": 1158854
    }
  ],
  "trace": "tencentBlock.ns21331.oracleGeneral.zst"
}