{
  "dram_cache_size": 1252,
  "flash_cache_size": 125298,
  "results": [
    {
      "hit": 14943485,
      "iteration": 0,
      "metrics": [
        {
          "admission_treshold": 0,
          "algorithm": "gclock",
          "byte_inserted": 33398865,
          "byte_miss": 33398865,
          "byte_read": 14943485,
          "byte_reinserted": 5307168,
          "hit": 14943485,
          "inserted": 33398865,
          "layer": 0,
          "miss_ratio": 0.6908821147503172,
          "reinserted": 5307168,
          "req": 48342350
        }
      ],
      "miss_ratio": 0.6908821147503172,
      "req": 48342350
    }
  ],
  "trace": "w10.oracleGeneral.bin.zst"
}