{
  "dram_cache_size": 25285,
  "flash_cache_size": 2528537,
  "results": [
    {
      "hit": 5093359,
      "iteration": 0,
      "metrics": [
        {
          "admission_treshold": 0,
          "algorithm": "qauto",
          "byte_inserted": 976284530,
          "byte_miss": 976284530,
          "byte_read": 45843711504,
          "byte_reinserted": 411857785,
          "hit": 5093359,
          "inserted": 94677,
          "layer": 0,
          "miss_ratio": 0.01824910235780941,
          "reinserted": 39439,
          "req": 5188036
        }
      ],
      "miss_ratio": 0.01824910235780941,
      "req": 5188036
    }
  ],
  "trace": "cf_allcolo.ns653.oracleGeneral.zst"
}