{
  "dram_cache_size": 14,
  "flash_cache_size": 1411,
  "results": [
    {
      "hit": 702314,
      "iteration": 0,
      "metrics": [
        {
          "admission_treshold": 0,
          "algorithm": "gclock",
          "byte_inserted": 2097686,
          "byte_miss": 2097686,
          "byte_read": 702314,
          "byte_reinserted": 293254,
          "hit": 702314,
          "inserted": 2097686,
          "layer": 0,
          "miss_ratio": 0.7491735714285714,
          "reinserted": 293254,
          "req": 2800000
        }
      ],
      "miss_ratio": 0.7491735714285714,
      "req": 2800000
    }
  ],
  "trace": "io_traces.ns477.oracleGeneral.zst"
}