{
  "dram_cache_size": 29,
  "flash_cache_size": 2914,
  "results": [
    {
      "hit": 2529031,
      "iteration": 0,
      "metrics": [
        {
          "admission_treshold": 0,
          "algorithm": "d3clock",
          "byte_inserted": 1270969,
          "byte_miss": 1270969,
          "byte_read": 2529031,
          "byte_reinserted": 217311,
          "hit": 2529031,
          "inserted": 1270969,
          "layer": 0,
          "miss_ratio": 0.3344655263157895,
          "reinserted": 217311,
          "req": 3800000
        }
      ],
      "miss_ratio": 0.3344655263157895,
      "req": 3800000
    }
  ],
  "trace": "io_traces.ns374.oracleGeneral.zst"
}