{
  "dram_cache_size": 57,
  "flash_cache_size": 5705,
  "results": [
    {
      "hit": 192411705,
      "iteration": 0,
      "metrics": [
        {
          "admission_treshold": 0,
          "algorithm": "g2clock",
          "byte_inserted": 15278627,
          "byte_miss": 15278627,
          "byte_read": 192411705,
          "byte_reinserted": 977181,
          "hit": 192411705,
          "inserted": 15278627,
          "layer": 0,
          "miss_ratio": 0.07356445941836132,
          "reinserted": 977181,
          "req": 207690332
        }
      ],
      "miss_ratio": 0.07356445941836132,
      "req": 207690332
    }
  ],
  "trace": "moments_api_cache.1.oracleGeneral.sample10.zst"
}