{
  "dram_cache_size": 150,
  "flash_cache_size": 15035,
  "results": [
    {
      "hit": 7040101,
      "iteration": 0,
      "metrics": [
        {
          "admission_treshold": 0,
          "algorithm": "gclock",
          "byte_inserted": 3747957,
          "byte_miss": 3747957,
          "byte_read": 7040101,
          "byte_reinserted": 4924909,
          "hit": 7040101,
          "inserted": 3747957,
          "layer": 0,
          "miss_ratio": 0.34741720891749006,
          "reinserted": 4924909,
          "req": 10788058
        }
      ],
      "miss_ratio": 0.34741720891749006,
      "req": 10788058
    }
  ],
  "trace": "tencentBlock.ns19220.oracleGeneral.zst"
}