{
  "dram_cache_size": 99,
  "flash_cache_size": 9973,
  "results": [
    {
      "hit": 11889608,
      "iteration": 0,
      "metrics": [
        {
          "admission_treshold": 0,
          "algorithm": "gclock",
          "byte_inserted": 2475760,
          "byte_miss": 2475760,
          "byte_read": 11889608,
          "byte_reinserted": 1742854,
          "hit": 11889608,
          "inserted": 2475760,
          "layer": 0,
          "miss_ratio": 0.17234226091527904,
          "reinserted": 1742854,
          "req": 14365368
        }
      ],
      "miss_ratio": 0.17234226091527904,
      "req": 14365368
    }
  ],
  "trace": "tencentBlock.ns13167.oracleGeneral.zst"
}