{
  "dram_cache_size": 955,
  "flash_cache_size": 95509,
  "results": [
    {
      "hit": 42376759,
      "iteration": 0,
      "metrics": [
        {
          "admission_treshold": 0,
          "algorithm": "dclock",
          "byte_inserted": 18621468,
          "byte_miss": 18621468,
          "byte_read": 42376759,
          "byte_reinserted": 7551670,
          "hit": 42376759,
          "inserted": 18621468,
          "layer": 0,
          "miss_ratio": 0.30527884031776853,
          "reinserted": 7551670,
          "req": 60998227
        }
      ],
      "miss_ratio": 0.30527884031776853,
      "req": 60998227
    }
  ],
  "trace": "tencentBlock.ns1205.oracleGeneral.zst"
}