{
  "dram_cache_size": 45,
  "flash_cache_size": 4596,
  "results": [
    {
      "hit": 3634516,
      "iteration": 0,
      "metrics": [
        {
          "admission_treshold": 0,
          "algorithm": "q3auto",
          "byte_inserted": 1133156,
          "byte_miss": 1133156,
          "byte_read": 3634516,
          "byte_reinserted": 461442,
          "hit": 3634516,
          "inserted": 1133156,
          "layer": 0,
          "miss_ratio": 0.23767490716643258,
          "reinserted": 461442,
          "req": 4767672
        }
      ],
      "miss_ratio": 0.23767490716643258,
      "req": 4767672
    }
  ],
  "trace": "tencentBlock.ns16797.oracleGeneral.zst"
}