{
  "dram_cache_size": 30,
  "flash_cache_size": 3029,
  "results": [
    {
      "hit": 3133908,
      "iteration": 0,
      "metrics": [
        {
          "admission_treshold": 0,
          "algorithm": "gclock",
          "byte_inserted": 391942,
          "byte_miss": 391942,
          "byte_read": 3133908,
          "byte_reinserted": 163192,
          "hit": 3133908,
          "inserted": 391942,
          "layer": 0,
          "miss_ratio": 0.11116241473687194,
          "reinserted": 163192,
          "req": 3525850
        }
      ],
      "miss_ratio": 0.11116241473687194,
      "req": 3525850
    }
  ],
  "trace": "tencentBlock.ns15512.oracleGeneral.zst"
}