{
  "dram_cache_size": 47,
  "flash_cache_size": 4765,
  "results": [
    {
      "hit": 2917107,
      "iteration": 0,
      "metrics": [
        {
          "admission_treshold": 0,
          "algorithm": "qauto",
          "byte_inserted": 1409428,
          "byte_miss": 1409428,
          "byte_read": 2917107,
          "byte_reinserted": 269905,
          "hit": 2917107,
          "inserted": 1409428,
          "layer": 0,
          "miss_ratio": 0.32576368849437254,
          "reinserted": 269905,
          "req": 4326535
        }
      ],
      "miss_ratio": 0.32576368849437254,
      "req": 4326535
    }
  ],
  "trace": "tencentBlock.ns21078.oracleGeneral.zst"
}