{
  "dram_cache_size": 33,
  "flash_cache_size": 3320,
  "results": [
    {
      "hit": 1812770,
      "iteration": 0,
      "metrics": [
        {
          "admission_treshold": 0,
          "algorithm": "g2clock",
          "byte_inserted": 900109,
          "byte_miss": 900109,
          "byte_read": 1812770,
          "byte_reinserted": 37917,
          "hit": 1812770,
          "inserted": 900109,
          "layer": 0,
          "miss_ratio": 0.3317910603458539,
          "reinserted": 37917,
          "req": 2712879
        }
      ],
      "miss_ratio": 0.3317910603458539,
      "req": 2712879
    }
  ],
  "trace": "tencentBlock.ns12375.oracleGeneral.zst"
}