{
  "dram_cache_size": 13790,
  "flash_cache_size": 1379027,
  "results": [
    {
      "hit": 1150510682,
      "iteration": 0,
      "metrics": [
        {
          "admission_treshold": 0,
          "algorithm": "dclock",
          "byte_inserted": 230310531,
          "byte_miss": 230310531,
          "byte_read": 1150510682,
          "byte_reinserted": 102118189,
          "hit": 1150510682,
          "inserted": 230310531,
          "layer": 0,
          "miss_ratio": 0.16679243397457855,
          "reinserted": 102118189,
          "req": 1380821213
        }
      ],
      "miss_ratio": 0.16679243397457855,
      "req": 1380821213
    }
  ],
  "trace": "cf_colo28.oracleGeneral.sample10.zst"
}