{
  "dram_cache_size": 71,
  "flash_cache_size": 7127,
  "results": [
    {
      "hit": 395326,
      "iteration": 0,
      "metrics": [
        {
          "admission_treshold": 0,
          "algorithm": "t3auto",
          "byte_inserted": 970380,
          "byte_miss": 970380,
          "byte_read": 395326,
          "byte_reinserted": 76299,
          "hit": 395326,
          "inserted": 970380,
          "layer": 0,
          "miss_ratio": 0.7105335994716286,
          "reinserted": 76299,
          "req": 1365706
        }
      ],
      "miss_ratio": 0.7105335994716286,
      "req": 1365706
    }
  ],
  "trace": "cf_colo28.ns2765.oracleGeneral.zst"
}