{
  "dram_cache_size": 676,
  "flash_cache_size": 67687,
  "results": [
    {
      "hit": 526603216,
      "iteration": 0,
      "metrics": [
        {
          "admission_treshold": 0,
          "algorithm": "time3-auto",
          "byte_inserted": 63675124,
          "byte_miss": 63675124,
          "byte_read": 526603216,
          "byte_reinserted": 36721782,
          "hit": 526603216,
          "inserted": 63675124,
          "layer": 0,
          "miss_ratio": 0.10787304850115287,
          "reinserted": 36721782,
          "req": 590278340
        }
      ],
      "miss_ratio": 0.10787304850115287,
      "req": 590278340
    }
  ],
  "trace": "safety_label_store_cache.1.oracleGeneral.sample10.zst"
}