{
  "dram_cache_size": 22,
  "flash_cache_size": 2231,
  "results": [
    {
      "hit": 2952671,
      "iteration": 0,
      "metrics": [
        {
          "admission_treshold": 0,
          "algorithm": "q3auto",
          "byte_inserted": 1309360,
          "byte_miss": 1309360,
          "byte_read": 2952671,
          "byte_reinserted": 227771,
          "hit": 2952671,
          "inserted": 1309360,
          "layer": 0,
          "miss_ratio": 0.30721503433456965,
          "reinserted": 227771,
          "req": 4262031
        }
      ],
      "miss_ratio": 0.30721503433456965,
      "req": 4262031
    }
  ],
  "trace": "tencentBlock.ns13108.oracleGeneral.zst"
}