{
  "dram_cache_size": 6,
  "flash_cache_size": 602,
  "results": [
    {
      "hit": 10252572,
      "iteration": 0,
      "metrics": [
        {
          "admission_treshold": 0,
          "algorithm": "d3clock",
          "byte_inserted": 208545,
          "byte_miss": 208545,
          "byte_read": 10252572,
          "byte_reinserted": 59566,
          "hit": 10252572,
          "inserted": 208545,
          "layer": 0,
          "miss_ratio": 0.019935251656204578,
          "reinserted": 59566,
          "req": 10461117
        }
      ],
      "miss_ratio": 0.019935251656204578,
      "req": 10461117
    }
  ],
  "trace": "tencentBlock.ns20252.oracleGeneral.zst"
}