{
  "dram_cache_size": 23,
  "flash_cache_size": 2399,
  "results": [
    {
      "hit": 4268966,
      "iteration": 0,
      "metrics": [
        {
          "admission_treshold": 0,
          "algorithm": "d3clock",
          "byte_inserted": 1261562,
          "byte_miss": 1261562,
          "byte_read": 4268966,
          "byte_reinserted": 472410,
          "hit": 4268966,
          "inserted": 1261562,
          "layer": 0,
          "miss_ratio": 0.2281087809337553,
          "reinserted": 472410,
          "req": 5530528
        }
      ],
      "miss_ratio": 0.2281087809337553,
      "req": 5530528
    }
  ],
  "trace": "tencentBlock.ns1915.oracleGeneral.zst"
}