{
  "dram_cache_size": 10,
  "flash_cache_size": 1008,
  "results": [
    {
      "hit": 1155295,
      "iteration": 0,
      "metrics": [
        {
          "admission_treshold": 0,
          "algorithm": "s3fclock",
          "byte_inserted": 2155490,
          "byte_miss": 2155490,
          "byte_read": 1155295,
          "byte_reinserted": 3966,
          "hit": 1155295,
          "inserted": 2155490,
          "layer": 0,
          "miss_ratio": 0.6510510347243932,
          "reinserted": 3966,
          "req": 3310785
        }
      ],
      "miss_ratio": 0.6510510347243932,
      "req": 3310785
    }
  ],
  "trace": "tencentBlock.ns11786.oracleGeneral.zst"
}