{
  "dram_cache_size": 34,
  "flash_cache_size": 3407,
  "results": [
    {
      "hit": 997701,
      "iteration": 0,
      "metrics": [
        {
          "admission_treshold": 0,
          "algorithm": "sxfifo",
          "byte_inserted": 1099112,
          "byte_miss": 1099112,
          "byte_read": 997701,
          "byte_reinserted": 133110,
          "hit": 997701,
          "inserted": 1099112,
          "layer": 0,
          "miss_ratio": 0.5241821755206593,
          "reinserted": 133110,
          "req": 2096813
        }
      ],
      "miss_ratio": 0.5241821755206593,
      "req": 2096813
    }
  ],
  "trace": "tencentBlock.ns19129.oracleGeneral.zst"
}