{
  "dram_cache_size": 6,
  "flash_cache_size": 685,
  "results": [
    {
      "hit": 1156715,
      "iteration": 0,
      "metrics": [
        {
          "admission_treshold": 0,
          "algorithm": "q2auto",
          "byte_inserted": 266936,
          "byte_miss": 266936,
          "byte_read": 1156715,
          "byte_reinserted": 54619,
          "hit": 1156715,
          "inserted": 266936,
          "layer": 0,
          "miss_ratio": 0.18750100972780548,
          "reinserted": 54619,
          "req": 1423651
        }
      ],
      "miss_ratio": 0.18750100972780548,
      "req": 1423651
    }
  ],
  "trace": "tencentBlock.ns19391.oracleGeneral.zst"
}