{
  "dram_cache_size": 6,
  "flash_cache_size": 660,
  "results": [
    {
      "hit": 2544805,
      "iteration": 0,
      "metrics": [
        {
          "admission_treshold": 0,
          "algorithm": "dclock",
          "byte_inserted": 380403,
          "byte_miss": 380403,
          "byte_read": 2544805,
          "byte_reinserted": 1042905,
          "hit": 2544805,
          "inserted": 380403,
          "layer": 0,
          "miss_ratio": 0.13004306018580558,
          "reinserted": 1042905,
          "req": 2925208
        }
      ],
      "miss_ratio": 0.13004306018580558,
      "req": 2925208
    }
  ],
  "trace": "tencentBlock.ns11394.oracleGeneral.zst"
}