{
  "dram_cache_size": 57,
  "flash_cache_size": 5779,
  "results": [
    {
      "hit": 3385403,
      "iteration": 0,
      "metrics": [
        {
          "admission_treshold": 0,
          "algorithm": "s3fclock",
          "byte_inserted": 1876514,
          "byte_miss": 1876514,
          "byte_read": 3385403,
          "byte_reinserted": 89098,
          "hit": 3385403,
          "inserted": 1876514,
          "layer": 0,
          "miss_ratio": 0.3566217407078067,
          "reinserted": 89098,
          "req": 5261917
        }
      ],
      "miss_ratio": 0.3566217407078067,
      "req": 5261917
    }
  ],
  "trace": "tencentBlock.ns21945.oracleGeneral.zst"
}