{
  "dram_cache_size": 43,
  "flash_cache_size": 4331,
  "results": [
    {
      "hit": 3883780,
      "iteration": 0,
      "metrics": [
        {
          "admission_treshold": 0,
          "algorithm": "gclock",
          "byte_inserted": 5621211,
          "byte_miss": 5621211,
          "byte_read": 3883780,
          "byte_reinserted": 909492,
          "hit": 3883780,
          "inserted": 5621211,
          "layer": 0,
          "miss_ratio": 0.591395720416779,
          "reinserted": 909492,
          "req": 9504991
        }
      ],
      "miss_ratio": 0.591395720416779,
      "req": 9504991
    }
  ],
  "trace": "tencentBlock.ns6065.oracleGeneral.zst"
}