{
  "dram_cache_size": 58,
  "flash_cache_size": 5813,
  "results": [
    {
      "hit": 511711,
      "iteration": 0,
      "metrics": [
        {
          "admission_treshold": 0,
          "algorithm": "sxfifo",
          "byte_inserted": 3275633,
          "byte_miss": 3275633,
          "byte_read": 511711,
          "byte_reinserted": 34984,
          "hit": 511711,
          "inserted": 3275633,
          "layer": 0,
          "miss_ratio": 0.8648892205197098,
          "reinserted": 34984,
          "req": 3787344
        }
      ],
      "miss_ratio": 0.8648892205197098,
      "req": 3787344
    }
  ],
  "trace": "w96.oracleGeneral.bin.zst"
}