{
  "dram_cache_size": 60,
  "flash_cache_size": 6073,
  "results": [
    {
      "hit": 4078955,
      "iteration": 0,
      "metrics": [
        {
          "admission_treshold": 0,
          "algorithm": "g2clock",
          "byte_inserted": 3521045,
          "byte_miss": 3521045,
          "byte_read": 4078955,
          "byte_reinserted": 853498,
          "hit": 4078955,
          "inserted": 3521045,
          "layer": 0,
          "miss_ratio": 0.4632953947368421,
          "reinserted": 853498,
          "req": 7600000
        }
      ],
      "miss_ratio": 0.4632953947368421,
      "req": 7600000
    }
  ],
  "trace": "io_traces.ns250.oracleGeneral.zst"
}