{
  "dram_cache_size": 12,
  "flash_cache_size": 1293,
  "results": [
    {
      "hit": 466561,
      "iteration": 0,
      "metrics": [
        {
          "admission_treshold": 0,
          "algorithm": "dclock",
          "byte_inserted": 933439,
          "byte_miss": 933439,
          "byte_read": 466561,
          "byte_reinserted": 143871,
          "hit": 466561,
          "inserted": 933439,
          "layer": 0,
          "miss_ratio": 0.6667421428571428,
          "reinserted": 143871,
          "req": 1400000
        }
      ],
      "miss_ratio": 0.6667421428571428,
      "req": 1400000
    }
  ],
  "trace": "io_traces.ns390.oracleGeneral.zst"
}