{
  "dram_cache_size": 208,
  "flash_cache_size": 20886,
  "results": [
    {
      "hit": 14856407,
      "iteration": 0,
      "metrics": [
        {
          "admission_treshold": 0,
          "algorithm": "gclock",
          "byte_inserted": 4143593,
          "byte_miss": 4143593,
          "byte_read": 14856407,
          "byte_reinserted": 1716704,
          "hit": 14856407,
          "inserted": 4143593,
          "layer": 0,
          "miss_ratio": 0.2180838421052631,
          "reinserted": 1716704,
          "req": 19000000
        }
      ],
      "miss_ratio": 0.2180838421052631,
      "req": 19000000
    }
  ],
  "trace": "io_traces.ns460.oracleGeneral.zst"
}