{
  "dram_cache_size": 225,
  "flash_cache_size": 22500,
  "results": [
    {
      "hit": 24992071,
      "iteration": 0,
      "metrics": [
        {
          "admission_treshold": 0,
          "algorithm": "gclock",
          "byte_inserted": 31852885,
          "byte_miss": 31852885,
          "byte_read": 24992071,
          "byte_reinserted": 16754211,
          "hit": 24992071,
          "inserted": 31852885,
          "layer": 0,
          "miss_ratio": 0.5603467262777018,
          "reinserted": 16754211,
          "req": 56844956
        }
      ],
      "miss_ratio": 0.5603467262777018,
      "req": 56844956
    }
  ],
  "trace": "tencentBlock.ns2109.oracleGeneral.zst"
}