{
  "dram_cache_size": 25,
  "flash_cache_size": 2565,
  "results": [
    {
      "hit": 8198573,
      "iteration": 0,
      "metrics": [
        {
          "admission_treshold": 0,
          "algorithm": "q2auto",
          "byte_inserted": 1589311,
          "byte_miss": 1589311,
          "byte_read": 8198573,
          "byte_reinserted": 398039,
          "hit": 8198573,
          "inserted": 1589311,
          "layer": 0,
          "miss_ratio": 0.16237534077845628,
          "reinserted": 398039,
          "req": 9787884
        }
      ],
      "miss_ratio": 0.16237534077845628,
      "req": 9787884
    }
  ],
  "trace": "tencentBlock.ns22284.oracleGeneral.zst"
}