{
  "dram_cache_size": 15,
  "flash_cache_size": 1570,
  "results": [
    {
      "hit": 41047126,
      "iteration": 0,
      "metrics": [
        {
          "admission_treshold": 0,
          "algorithm": "d3clock",
          "byte_inserted": 10227673,
          "byte_miss": 10227673,
          "byte_read": 41047126,
          "byte_reinserted": 17856461,
          "hit": 41047126,
          "inserted": 10227673,
          "layer": 0,
          "miss_ratio": 0.19946783214108743,
          "reinserted": 17856461,
          "req": 51274799
        }
      ],
      "miss_ratio": 0.19946783214108743,
      "req": 51274799
    }
  ],
  "trace": "tencentBlock.ns20400.oracleGeneral.zst"
}