{
  "dram_cache_size": 93,
  "flash_cache_size": 9367,
  "results": [
    {
      "hit": 1347547,
      "iteration": 0,
      "metrics": [
        {
          "admission_treshold": 0,
          "algorithm": "d3clock",
          "byte_inserted": 4336769,
          "byte_miss": 4336769,
          "byte_read": 1347547,
          "byte_reinserted": 69914,
          "hit": 1347547,
          "inserted": 4336769,
          "layer": 0,
          "miss_ratio": 0.7629359451515363,
          "reinserted": 69914,
          "req": 5684316
        }
      ],
      "miss_ratio": 0.7629359451515363,
      "req": 5684316
    }
  ],
  "trace": "tencentBlock.ns2390.oracleGeneral.zst"
}