{
  "dram_cache_size": 17,
  "flash_cache_size": 1735,
  "results": [
    {
      "hit": 1965607,
      "iteration": 0,
      "metrics": [
        {
          "admission_treshold": 0,
          "algorithm": "d3clock",
          "byte_inserted": 559158,
          "byte_miss": 559158,
          "byte_read": 1965607,
          "byte_reinserted": 211280,
          "hit": 1965607,
          "inserted": 559158,
          "layer": 0,
          "miss_ratio": 0.22146932486785897,
          "reinserted": 211280,
          "req": 2524765
        }
      ],
      "miss_ratio": 0.22146932486785897,
      "req": 2524765
    }
  ],
  "trace": "tencentBlock.ns14659.oracleGeneral.zst"
}