{
  "dram_cache_size": 21,
  "flash_cache_size": 2152,
  "results": [
    {
      "hit": 1320155,
      "iteration": 0,
      "metrics": [
        {
          "admission_treshold": 0,
          "algorithm": "t3auto",
          "byte_inserted": 611648,
          "byte_miss": 611648,
          "byte_read": 1320155,
          "byte_reinserted": 225186,
          "hit": 1320155,
          "inserted": 611648,
          "layer": 0,
          "miss_ratio": 0.3166202764981729,
          "reinserted": 225186,
          "req": 1931803
        }
      ],
      "miss_ratio": 0.3166202764981729,
      "req": 1931803
    }
  ],
  "trace": "tencentBlock.ns9648.oracleGeneral.zst"
}