{
  "dram_cache_size": 44,
  "flash_cache_size": 4482,
  "results": [
    {
      "hit": 2773143,
      "iteration": 0,
      "metrics": [
        {
          "admission_treshold": 0,
          "algorithm": "q-clock",
          "byte_inserted": 1615352,
          "byte_miss": 1615352,
          "byte_read": 2773143,
          "byte_reinserted": 474796,
          "hit": 2773143,
          "inserted": 1615352,
          "layer": 0,
          "miss_ratio": 0.36808792080200614,
          "reinserted": 474796,
          "req": 4388495
        }
      ],
      "miss_ratio": 0.36808792080200614,
      "req": 4388495
    }
  ],
  "trace": "tencentBlock.ns15325.oracleGeneral.zst"
}