{
  "dram_cache_size": 409,
  "flash_cache_size": 40966,
  "results": [
    {
      "hit": 51866001,
      "iteration": 0,
      "metrics": [
        {
          "admission_treshold": 0,
          "algorithm": "gclock",
          "byte_inserted": 4623882,
          "byte_miss": 4623882,
          "byte_read": 51866001,
          "byte_reinserted": 1532953,
          "hit": 51866001,
          "inserted": 4623882,
          "layer": 0,
          "miss_ratio": 0.08185327627603689,
          "reinserted": 1532953,
          "req": 56489883
        }
      ],
      "miss_ratio": 0.08185327627603689,
      "req": 56489883
    }
  ],
  "trace": "tencentBlock.ns1152.oracleGeneral.zst"
}