{
  "dram_cache_size": 1,
  "flash_cache_size": 189,
  "results": [
    {
      "hit": 1559661,
      "iteration": 0,
      "metrics": [
        {
          "admission_treshold": 0,
          "algorithm": "dclock",
          "byte_inserted": 1527485,
          "byte_miss": 1527485,
          "byte_read": 1559661,
          "byte_reinserted": 803091,
          "hit": 1559661,
          "inserted": 1527485,
          "layer": 0,
          "miss_ratio": 0.4947887142363854,
          "reinserted": 803091,
          "req": 3087146
        }
      ],
      "miss_ratio": 0.4947887142363854,
      "req": 3087146
    }
  ],
  "trace": "akamai_lax.ns197.oracleGeneral.bin.zst"
}