{
  "dram_cache_size": 1,
  "flash_cache_size": 168,
  "results": [
    {
      "hit": 4181000,
      "iteration": 0,
      "metrics": [
        {
          "admission_treshold": 0,
          "algorithm": "dclock",
          "byte_inserted": 73360,
          "byte_miss": 73360,
          "byte_read": 4181000,
          "byte_reinserted": 25657,
          "hit": 4181000,
          "inserted": 73360,
          "layer": 0,
          "miss_ratio": 0.017243486681898124,
          "reinserted": 25657,
          "req": 4254360
        }
      ],
      "miss_ratio": 0.017243486681898124,
      "req": 4254360
    }
  ],
  "trace": "cf_allcolo.ns197.oracleGeneral.zst"
}