{
  "dram_cache_size": 23,
  "flash_cache_size": 2333,
  "results": [
    {
      "hit": 1665064,
      "iteration": 0,
      "metrics": [
        {
          "admission_treshold": 0,
          "algorithm": "qtime-clock",
          "byte_inserted": 1134936,
          "byte_miss": 1134936,
          "byte_read": 1665064,
          "byte_reinserted": 175038,
          "hit": 1665064,
          "inserted": 1134936,
          "layer": 0,
          "miss_ratio": 0.40533428571428576,
          "reinserted": 175038,
          "req": 2800000
        }
      ],
      "miss_ratio": 0.40533428571428576,
      "req": 2800000
    }
  ],
  "trace": "io_traces.ns313.oracleGeneral.zst"
}