{
  "dram_cache_size": 80,
  "flash_cache_size": 8038,
  "results": [
    {
      "hit": 4338348,
      "iteration": 0,
      "metrics": [
        {
          "admission_treshold": 0,
          "algorithm": "sxfifo",
          "byte_inserted": 7461652,
          "byte_miss": 7461652,
          "byte_read": 4338348,
          "byte_reinserted": 151754,
          "hit": 4338348,
          "inserted": 7461652,
          "layer": 0,
          "miss_ratio": 0.6323433898305084,
          "reinserted": 151754,
          "req": 11800000
        }
      ],
      "miss_ratio": 0.6323433898305084,
      "req": 11800000
    }
  ],
  "trace": "io_traces.ns265.oracleGeneral.zst"
}