{
  "dram_cache_size": 18,
  "flash_cache_size": 1839,
  "results": [
    {
      "hit": 752560,
      "iteration": 0,
      "metrics": [
        {
          "admission_treshold": 0,
          "algorithm": "q3auto",
          "byte_inserted": 406294,
          "byte_miss": 406294,
          "byte_read": 752560,
          "byte_reinserted": 57297,
          "hit": 752560,
          "inserted": 406294,
          "layer": 0,
          "miss_ratio": 0.35059981671547924,
          "reinserted": 57297,
          "req": 1158854
        }
      ],
      "miss_ratio": 0.35059981671547924,
      "req": 1158854
    }
  ],
  "trace": "tencentBlock.ns21331.oracleGeneral.zst"
}