{
  "dram_cache_size": 12,
  "flash_cache_size": 1296,
  "results": [
    {
      "hit": 761926,
      "iteration": 0,
      "metrics": [
        {
          "admission_treshold": 0,
          "algorithm": "dclock",
          "byte_inserted": 516520,
          "byte_miss": 516520,
          "byte_read": 761926,
          "byte_reinserted": 211327,
          "hit": 761926,
          "inserted": 516520,
          "layer": 0,
          "miss_ratio": 0.40402175766516535,
          "reinserted": 211327,
          "req": 1278446
        }
      ],
      "miss_ratio": 0.40402175766516535,
      "req": 1278446
    }
  ],
  "trace": "tencentBlock.ns16991.oracleGeneral.zst"
}