{
  "dram_cache_size": 31,
  "flash_cache_size": 3145,
  "results": [
    {
      "hit": 2557524,
      "iteration": 0,
      "metrics": [
        {
          "admission_treshold": 0,
          "algorithm": "dclock",
          "byte_inserted": 873201,
          "byte_miss": 873201,
          "byte_read": 2557524,
          "byte_reinserted": 2007811,
          "hit": 2557524,
          "inserted": 873201,
          "layer": 0,
          "miss_ratio": 0.25452375226810664,
          "reinserted": 2007811,
          "req": 3430725
        }
      ],
      "miss_ratio": 0.25452375226810664,
      "req": 3430725
    }
  ],
  "trace": "tencentBlock.ns13774.oracleGeneral.zst"
}