{
  "dram_cache_size": 4,
  "flash_cache_size": 484,
  "results": [
    {
      "hit": 1311797,
      "iteration": 0,
      "metrics": [
        {
          "admission_treshold": 0,
          "algorithm": "gclock",
          "byte_inserted": 279569,
          "byte_miss": 279569,
          "byte_read": 1311797,
          "byte_reinserted": 97655,
          "hit": 1311797,
          "inserted": 279569,
          "layer": 0,
          "miss_ratio": 0.1756786308115167,
          "reinserted": 97655,
          "req": 1591366
        }
      ],
      "miss_ratio": 0.1756786308115167,
      "req": 1591366
    }
  ],
  "trace": "tencentBlock.ns11237.oracleGeneral.zst"
}