{
  "dram_cache_size": 7,
  "flash_cache_size": 781,
  "results": [
    {
      "hit": 1046082,
      "iteration": 0,
      "metrics": [
        {
          "admission_treshold": 0,
          "algorithm": "gclock",
          "byte_inserted": 240909,
          "byte_miss": 240909,
          "byte_read": 1046082,
          "byte_reinserted": 48707,
          "hit": 1046082,
          "inserted": 240909,
          "layer": 0,
          "miss_ratio": 0.18718778919199897,
          "reinserted": 48707,
          "req": 1286991
        }
      ],
      "miss_ratio": 0.18718778919199897,
      "req": 1286991
    }
  ],
  "trace": "tencentBlock.ns1421.oracleGeneral.zst"
}