{
  "dram_cache_size": 6973,
  "flash_cache_size": 697308,
  "results": [
    {
      "hit": 242441927,
      "iteration": 0,
      "metrics": [
        {
          "admission_treshold": 0,
          "algorithm": "q3auto",
          "byte_inserted": 73144849,
          "byte_miss": 73144849,
          "byte_read": 242441927,
          "byte_reinserted": 48851425,
          "hit": 242441927,
          "inserted": 73144849,
          "layer": 0,
          "miss_ratio": 0.2317741254151917,
          "reinserted": 48851425,
          "req": 315586776
        }
      ],
      "miss_ratio": 0.2317741254151917,
      "req": 315586776
    }
  ],
  "trace": "cluster37.oracleGeneral.sample10.zst"
}