{
  "dram_cache_size": 135,
  "flash_cache_size": 13592,
  "results": [
    {
      "hit": 13261340,
      "iteration": 0,
      "metrics": [
        {
          "admission_treshold": 0,
          "algorithm": "t7auto",
          "byte_inserted": 2171772,
          "byte_miss": 2171772,
          "byte_read": 13261340,
          "byte_reinserted": 1339738,
          "hit": 13261340,
          "inserted": 2171772,
          "layer": 0,
          "miss_ratio": 0.1407215861583846,
          "reinserted": 1339738,
          "req": 15433112
        }
      ],
      "miss_ratio": 0.1407215861583846,
      "req": 15433112
    }
  ],
  "trace": "guest_sessions_cache.0.oracleGeneral.sample10.zst"
}