{
  "dram_cache_size": 68,
  "flash_cache_size": 6827,
  "results": [
    {
      "hit": 3941936,
      "iteration": 0,
      "metrics": [
        {
          "admission_treshold": 0,
          "algorithm": "d3clock",
          "byte_inserted": 2258064,
          "byte_miss": 2258064,
          "byte_read": 3941936,
          "byte_reinserted": 465563,
          "hit": 3941936,
          "inserted": 2258064,
          "layer": 0,
          "miss_ratio": 0.364203870967742,
          "reinserted": 465563,
          "req": 6200000
        }
      ],
      "miss_ratio": 0.364203870967742,
      "req": 6200000
    }
  ],
  "trace": "io_traces.ns85.oracleGeneral.zst"
}