{
  "dram_cache_size": 47,
  "flash_cache_size": 4762,
  "results": [
    {
      "hit": 2757871,
      "iteration": 0,
      "metrics": [
        {
          "admission_treshold": 0,
          "algorithm": "dclock",
          "byte_inserted": 1247574,
          "byte_miss": 1247574,
          "byte_read": 2757871,
          "byte_reinserted": 1238240,
          "hit": 2757871,
          "inserted": 1247574,
          "layer": 0,
          "miss_ratio": 0.31146951212661766,
          "reinserted": 1238240,
          "req": 4005445
        }
      ],
      "miss_ratio": 0.31146951212661766,
      "req": 4005445
    }
  ],
  "trace": "tencentBlock.ns20106.oracleGeneral.zst"
}