{
  "dram_cache_size": 6,
  "flash_cache_size": 602,
  "results": [
    {
      "hit": 10253217,
      "iteration": 0,
      "metrics": [
        {
          "admission_treshold": 0,
          "algorithm": "gclock",
          "byte_inserted": 207900,
          "byte_miss": 207900,
          "byte_read": 10253217,
          "byte_reinserted": 61000,
          "hit": 10253217,
          "inserted": 207900,
          "layer": 0,
          "miss_ratio": 0.019873594760483004,
          "reinserted": 61000,
          "req": 10461117
        }
      ],
      "miss_ratio": 0.019873594760483004,
      "req": 10461117
    }
  ],
  "trace": "tencentBlock.ns20252.oracleGeneral.zst"
}