{
  "dram_cache_size": 7,
  "flash_cache_size": 796,
  "results": [
    {
      "hit": 1558762,
      "iteration": 0,
      "metrics": [
        {
          "admission_treshold": 0,
          "algorithm": "d3clock",
          "byte_inserted": 458133,
          "byte_miss": 458133,
          "byte_read": 1558762,
          "byte_reinserted": 113204,
          "hit": 1558762,
          "inserted": 458133,
          "layer": 0,
          "miss_ratio": 0.22714767005719183,
          "reinserted": 113204,
          "req": 2016895
        }
      ],
      "miss_ratio": 0.22714767005719183,
      "req": 2016895
    }
  ],
  "trace": "tencentBlock.ns13411.oracleGeneral.zst"
}