{
  "dram_cache_size": 14,
  "flash_cache_size": 1453,
  "results": [
    {
      "hit": 3687470,
      "iteration": 0,
      "metrics": [
        {
          "admission_treshold": 0,
          "algorithm": "dclock",
          "byte_inserted": 949547,
          "byte_miss": 949547,
          "byte_read": 3687470,
          "byte_reinserted": 779691,
          "hit": 3687470,
          "inserted": 949547,
          "layer": 0,
          "miss_ratio": 0.20477539763171027,
          "reinserted": 779691,
          "req": 4637017
        }
      ],
      "miss_ratio": 0.20477539763171027,
      "req": 4637017
    }
  ],
  "trace": "tencentBlock.ns4579.oracleGeneral.zst"
}