{
  "dram_cache_size": 39,
  "flash_cache_size": 3929,
  "results": [
    {
      "hit": 19591502,
      "iteration": 0,
      "metrics": [
        {
          "admission_treshold": 0,
          "algorithm": "dclock",
          "byte_inserted": 2180126,
          "byte_miss": 2180126,
          "byte_read": 19591502,
          "byte_reinserted": 1410876,
          "hit": 19591502,
          "inserted": 2180126,
          "layer": 0,
          "miss_ratio": 0.10013610374015214,
          "reinserted": 1410876,
          "req": 21771628
        }
      ],
      "miss_ratio": 0.10013610374015214,
      "req": 21771628
    }
  ],
  "trace": "tencentBlock.ns14261.oracleGeneral.zst"
}