{
  "dram_cache_size": 138,
  "flash_cache_size": 13856,
  "results": [
    {
      "hit": 3731815,
      "iteration": 0,
      "metrics": [
        {
          "admission_treshold": 0,
          "algorithm": "dclock",
          "byte_inserted": 5063204,
          "byte_miss": 5063204,
          "byte_read": 3731815,
          "byte_reinserted": 124918,
          "hit": 3731815,
          "inserted": 5063204,
          "layer": 0,
          "miss_ratio": 0.5756899445015411,
          "reinserted": 124918,
          "req": 8795019
        }
      ],
      "miss_ratio": 0.5756899445015411,
      "req": 8795019
    }
  ],
  "trace": "tencentBlock.ns17998.oracleGeneral.zst"
}