{
  "dram_cache_size": 11,
  "flash_cache_size": 1124,
  "results": [
    {
      "hit": 2519902,
      "iteration": 0,
      "metrics": [
        {
          "admission_treshold": 0,
          "algorithm": "t3auto",
          "byte_inserted": 1190676,
          "byte_miss": 1190676,
          "byte_read": 2519902,
          "byte_reinserted": 163748,
          "hit": 2519902,
          "inserted": 1190676,
          "layer": 0,
          "miss_ratio": 0.32088693459617346,
          "reinserted": 163748,
          "req": 3710578
        }
      ],
      "miss_ratio": 0.32088693459617346,
      "req": 3710578
    }
  ],
  "trace": "tencentBlock.ns8000.oracleGeneral.zst"
}