{
  "dram_cache_size": 11,
  "flash_cache_size": 1108,
  "results": [
    {
      "hit": 2607241,
      "iteration": 0,
      "metrics": [
        {
          "admission_treshold": 0,
          "algorithm": "d3clock",
          "byte_inserted": 451799,
          "byte_miss": 451799,
          "byte_read": 2607241,
          "byte_reinserted": 215818,
          "hit": 2607241,
          "inserted": 451799,
          "layer": 0,
          "miss_ratio": 0.14769306710602015,
          "reinserted": 215818,
          "req": 3059040
        }
      ],
      "miss_ratio": 0.14769306710602015,
      "req": 3059040
    }
  ],
  "trace": "tencentBlock.ns6233.oracleGeneral.zst"
}