{
  "dram_cache_size": 17,
  "flash_cache_size": 1753,
  "results": [
    {
      "hit": 768608,
      "iteration": 0,
      "metrics": [
        {
          "admission_treshold": 0,
          "algorithm": "gclock",
          "byte_inserted": 632152,
          "byte_miss": 632152,
          "byte_read": 768608,
          "byte_reinserted": 28426,
          "hit": 768608,
          "inserted": 632152,
          "layer": 0,
          "miss_ratio": 0.45129215568691283,
          "reinserted": 28426,
          "req": 1400760
        }
      ],
      "miss_ratio": 0.45129215568691283,
      "req": 1400760
    }
  ],
  "trace": "tencentBlock.ns13694.oracleGeneral.zst"
}