{
  "dram_cache_size": 31,
  "flash_cache_size": 3111,
  "results": [
    {
      "hit": 1005249,
      "iteration": 0,
      "metrics": [
        {
          "admission_treshold": 0,
          "algorithm": "dclock",
          "byte_inserted": 1027741,
          "byte_miss": 1027741,
          "byte_read": 1005249,
          "byte_reinserted": 91224,
          "hit": 1005249,
          "inserted": 1027741,
          "layer": 0,
          "miss_ratio": 0.5055317537223498,
          "reinserted": 91224,
          "req": 2032990
        }
      ],
      "miss_ratio": 0.5055317537223498,
      "req": 2032990
    }
  ],
  "trace": "tencentBlock.ns15948.oracleGeneral.zst"
}