{
  "dram_cache_size": 8,
  "flash_cache_size": 836,
  "results": [
    {
      "hit": 2064835,
      "iteration": 0,
      "metrics": [
        {
          "admission_treshold": 0,
          "algorithm": "gclock",
          "byte_inserted": 567775,
          "byte_miss": 567775,
          "byte_read": 2064835,
          "byte_reinserted": 261450,
          "hit": 2064835,
          "inserted": 567775,
          "layer": 0,
          "miss_ratio": 0.21567000049380658,
          "reinserted": 261450,
          "req": 2632610
        }
      ],
      "miss_ratio": 0.21567000049380658,
      "req": 2632610
    }
  ],
  "trace": "tencentBlock.ns11790.oracleGeneral.zst"
}