{
  "dram_cache_size": 35,
  "flash_cache_size": 3547,
  "results": [
    {
      "hit": 1459664,
      "iteration": 0,
      "metrics": [
        {
          "admission_treshold": 0,
          "algorithm": "d3clock",
          "byte_inserted": 1017710,
          "byte_miss": 1017710,
          "byte_read": 1459664,
          "byte_reinserted": 381937,
          "hit": 1459664,
          "inserted": 1017710,
          "layer": 0,
          "miss_ratio": 0.4108019217122647,
          "reinserted": 381937,
          "req": 2477374
        }
      ],
      "miss_ratio": 0.4108019217122647,
      "req": 2477374
    }
  ],
  "trace": "tencentBlock.ns4271.oracleGeneral.zst"
}