{
  "dram_cache_size": 68,
  "flash_cache_size": 6847,
  "results": [
    {
      "hit": 234360743,
      "iteration": 0,
      "metrics": [
        {
          "admission_treshold": 0,
          "algorithm": "cm-clock",
          "byte_inserted": 9354520,
          "byte_miss": 9354520,
          "byte_read": 234360743,
          "byte_reinserted": 7946412,
          "hit": 234360743,
          "inserted": 9354520,
          "layer": 0,
          "miss_ratio": 0.03838298793785433,
          "reinserted": 7946412,
          "req": 243715263
        }
      ],
      "miss_ratio": 0.03838298793785433,
      "req": 243715263
    }
  ],
  "trace": "blender_query_metadata_cache.0.oracleGeneral.sample10.zst"
}