{
  "dram_cache_size": 19,
  "flash_cache_size": 1912,
  "results": [
    {
      "hit": 1734614,
      "iteration": 0,
      "metrics": [
        {
          "admission_treshold": 0,
          "algorithm": "gclock",
          "byte_inserted": 2521835,
          "byte_miss": 2521835,
          "byte_read": 1734614,
          "byte_reinserted": 574501,
          "hit": 1734614,
          "inserted": 2521835,
          "layer": 0,
          "miss_ratio": 0.5924739142886477,
          "reinserted": 574501,
          "req": 4256449
        }
      ],
      "miss_ratio": 0.5924739142886477,
      "req": 4256449
    }
  ],
  "trace": "cf_allcolo.ns1184.oracleGeneral.zst"
}