{
  "dram_cache_size": 19,
  "flash_cache_size": 1904,
  "results": [
    {
      "hit": 1641535,
      "iteration": 0,
      "metrics": [
        {
          "admission_treshold": 0,
          "algorithm": "t7auto",
          "byte_inserted": 2555916,
          "byte_miss": 2555916,
          "byte_read": 1641535,
          "byte_reinserted": 502168,
          "hit": 1641535,
          "inserted": 2555916,
          "layer": 0,
          "miss_ratio": 0.6089209856172234,
          "reinserted": 502168,
          "req": 4197451
        }
      ],
      "miss_ratio": 0.6089209856172234,
      "req": 4197451
    }
  ],
  "trace": "cf_allcolo.ns2904.oracleGeneral.zst"
}