{
  "dram_cache_size": 6973,
  "flash_cache_size": 697308,
  "results": [
    {
      "hit": 243413296,
      "iteration": 0,
      "metrics": [
        {
          "admission_treshold": 0,
          "algorithm": "dclock",
          "byte_inserted": 72173480,
          "byte_miss": 72173480,
          "byte_read": 243413296,
          "byte_reinserted": 18287921,
          "hit": 243413296,
          "inserted": 72173480,
          "layer": 0,
          "miss_ratio": 0.22869614790196402,
          "reinserted": 18287921,
          "req": 315586776
        }
      ],
      "miss_ratio": 0.22869614790196402,
      "req": 315586776
    }
  ],
  "trace": "cluster37.oracleGeneral.sample10.zst"
}