{
  "dram_cache_size": 1112949,
  "flash_cache_size": 111294992,
  "results": [
    {
      "hit": 51998975,
      "iteration": 0,
      "metrics": [
        {
          "admission_treshold": 0,
          "algorithm": "qauto",
          "byte_inserted": 69689057280,
          "byte_miss": 69689057280,
          "byte_read": 282843398144,
          "byte_reinserted": 16937807872,
          "hit": 51998975,
          "inserted": 5601025,
          "layer": 0,
          "miss_ratio": 0.0972400173611111,
          "reinserted": 2890733,
          "req": 57600000
        }
      ],
      "miss_ratio": 0.0972400173611111,
      "req": 57600000
    }
  ],
  "trace": "io_traces.ns336.oracleGeneral.zst"
}