{
  "dram_cache_size": 18,
  "flash_cache_size": 1808,
  "results": [
    {
      "hit": 761629,
      "iteration": 0,
      "metrics": [
        {
          "admission_treshold": 0,
          "algorithm": "g2clock",
          "byte_inserted": 1838371,
          "byte_miss": 1838371,
          "byte_read": 761629,
          "byte_reinserted": 202560,
          "hit": 761629,
          "inserted": 1838371,
          "layer": 0,
          "miss_ratio": 0.7070657692307692,
          "reinserted": 202560,
          "req": 2600000
        }
      ],
      "miss_ratio": 0.7070657692307692,
      "req": 2600000
    }
  ],
  "trace": "io_traces.ns569.oracleGeneral.zst"
}