{
  "dram_cache_size": 12,
  "flash_cache_size": 1227,
  "results": [
    {
      "hit": 2169145,
      "iteration": 0,
      "metrics": [
        {
          "admission_treshold": 0,
          "algorithm": "d3clock",
          "byte_inserted": 1211401,
          "byte_miss": 1211401,
          "byte_read": 2169145,
          "byte_reinserted": 331094,
          "hit": 2169145,
          "inserted": 1211401,
          "layer": 0,
          "miss_ratio": 0.3583447762580364,
          "reinserted": 331094,
          "req": 3380546
        }
      ],
      "miss_ratio": 0.3583447762580364,
      "req": 3380546
    }
  ],
  "trace": "tencentBlock.ns5543.oracleGeneral.zst"
}