{
  "dram_cache_size": 63,
  "flash_cache_size": 6316,
  "results": [
    {
      "hit": 2471006,
      "iteration": 0,
      "metrics": [
        {
          "admission_treshold": 0,
          "algorithm": "g2clock",
          "byte_inserted": 971383,
          "byte_miss": 971383,
          "byte_read": 2471006,
          "byte_reinserted": 73177,
          "hit": 2471006,
          "inserted": 971383,
          "layer": 0,
          "miss_ratio": 0.28218280967084197,
          "reinserted": 73177,
          "req": 3442389
        }
      ],
      "miss_ratio": 0.28218280967084197,
      "req": 3442389
    }
  ],
  "trace": "tencentBlock.ns8638.oracleGeneral.zst"
}