{
  "dram_cache_size": 16,
  "flash_cache_size": 1660,
  "results": [
    {
      "hit": 1216570,
      "iteration": 0,
      "metrics": [
        {
          "admission_treshold": 0,
          "algorithm": "g2clock",
          "byte_inserted": 675861,
          "byte_miss": 675861,
          "byte_read": 1216570,
          "byte_reinserted": 42352,
          "hit": 1216570,
          "inserted": 675861,
          "layer": 0,
          "miss_ratio": 0.3571390449638586,
          "reinserted": 42352,
          "req": 1892431
        }
      ],
      "miss_ratio": 0.3571390449638586,
      "req": 1892431
    }
  ],
  "trace": "tencentBlock.ns5920.oracleGeneral.zst"
}