{
  "dram_cache_size": 144,
  "flash_cache_size": 14478,
  "results": [
    {
      "hit": 5520983,
      "iteration": 0,
      "metrics": [
        {
          "admission_treshold": 0,
          "algorithm": "d3clock",
          "byte_inserted": 3870717,
          "byte_miss": 3870717,
          "byte_read": 5520983,
          "byte_reinserted": 678989,
          "hit": 5520983,
          "inserted": 3870717,
          "layer": 0,
          "miss_ratio": 0.41214231715237926,
          "reinserted": 678989,
          "req": 9391700
        }
      ],
      "miss_ratio": 0.41214231715237926,
      "req": 9391700
    }
  ],
  "trace": "tencentBlock.ns1791.oracleGeneral.zst"
}