{
  "dram_cache_size": 74,
  "flash_cache_size": 7436,
  "results": [
    {
      "hit": 1414597,
      "iteration": 0,
      "metrics": [
        {
          "admission_treshold": 0,
          "algorithm": "gclock",
          "byte_inserted": 2002717,
          "byte_miss": 2002717,
          "byte_read": 1414597,
          "byte_reinserted": 223789,
          "hit": 1414597,
          "inserted": 2002717,
          "layer": 0,
          "miss_ratio": 0.5860500381293612,
          "reinserted": 223789,
          "req": 3417314
        }
      ],
      "miss_ratio": 0.5860500381293612,
      "req": 3417314
    }
  ],
  "trace": "tencentBlock.ns11945.oracleGeneral.zst"
}