{
  "dram_cache_size": 36,
  "flash_cache_size": 3660,
  "results": [
    {
      "hit": 1773452,
      "iteration": 0,
      "metrics": [
        {
          "admission_treshold": 0,
          "algorithm": "qauto",
          "byte_inserted": 1194856,
          "byte_miss": 1194856,
          "byte_read": 1773452,
          "byte_reinserted": 213949,
          "hit": 1773452,
          "inserted": 1194856,
          "layer": 0,
          "miss_ratio": 0.4025377420402465,
          "reinserted": 213949,
          "req": 2968308
        }
      ],
      "miss_ratio": 0.4025377420402465,
      "req": 2968308
    }
  ],
  "trace": "tencentBlock.ns16570.oracleGeneral.zst"
}