{
  "dram_cache_size": 8,
  "flash_cache_size": 827,
  "results": [
    {
      "hit": 1977500,
      "iteration": 0,
      "metrics": [
        {
          "admission_treshold": 0,
          "algorithm": "g2clock",
          "byte_inserted": 388081,
          "byte_miss": 388081,
          "byte_read": 1977500,
          "byte_reinserted": 134790,
          "hit": 1977500,
          "inserted": 388081,
          "layer": 0,
          "miss_ratio": 0.16405314381540936,
          "reinserted": 134790,
          "req": 2365581
        }
      ],
      "miss_ratio": 0.16405314381540936,
      "req": 2365581
    }
  ],
  "trace": "tencentBlock.ns2620.oracleGeneral.zst"
}