{
  "dram_cache_size": 4,
  "flash_cache_size": 429,
  "results": [
    {
      "hit": 1122784,
      "iteration": 0,
      "metrics": [
        {
          "admission_treshold": 0,
          "algorithm": "g2clock",
          "byte_inserted": 209730,
          "byte_miss": 209730,
          "byte_read": 1122784,
          "byte_reinserted": 179320,
          "hit": 1122784,
          "inserted": 209730,
          "layer": 0,
          "miss_ratio": 0.15739421874742032,
          "reinserted": 179320,
          "req": 1332514
        }
      ],
      "miss_ratio": 0.15739421874742032,
      "req": 1332514
    }
  ],
  "trace": "tencentBlock.ns7052.oracleGeneral.zst"
}