{
  "dram_cache_size": 16,
  "flash_cache_size": 1694,
  "results": [
    {
      "hit": 2112706,
      "iteration": 0,
      "metrics": [
        {
          "admission_treshold": 0,
          "algorithm": "g2clock",
          "byte_inserted": 390976,
          "byte_miss": 390976,
          "byte_read": 2112706,
          "byte_reinserted": 233153,
          "hit": 2112706,
          "inserted": 390976,
          "layer": 0,
          "miss_ratio": 0.1561604069526401,
          "reinserted": 233153,
          "req": 2503682
        }
      ],
      "miss_ratio": 0.1561604069526401,
      "req": 2503682
    }
  ],
  "trace": "cf_allcolo.ns3965.oracleGeneral.zst"
}