{
  "dram_cache_size": 7,
  "flash_cache_size": 763,
  "results": [
    {
      "hit": 1346642,
      "iteration": 0,
      "metrics": [
        {
          "admission_treshold": 0,
          "algorithm": "g2clock",
          "byte_inserted": 1044543,
          "byte_miss": 1044543,
          "byte_read": 1346642,
          "byte_reinserted": 361018,
          "hit": 1346642,
          "inserted": 1044543,
          "layer": 0,
          "miss_ratio": 0.4368306927318464,
          "reinserted": 361018,
          "req": 2391185
        }
      ],
      "miss_ratio": 0.4368306927318464,
      "req": 2391185
    }
  ],
  "trace": "cf_allcolo.ns3559.oracleGeneral.zst"
}