{
  "dram_cache_size": 513,
  "flash_cache_size": 51388,
  "results": [
    {
      "hit": 837191594,
      "iteration": 0,
      "metrics": [
        {
          "admission_treshold": 0,
          "algorithm": "dclock",
          "byte_inserted": 348517169,
          "byte_miss": 348517169,
          "byte_read": 837191594,
          "byte_reinserted": 240126259,
          "hit": 837191594,
          "inserted": 348517169,
          "layer": 0,
          "miss_ratio": 0.29393151157810915,
          "reinserted": 240126259,
          "req": 1185708763
        }
      ],
      "miss_ratio": 0.29393151157810915,
      "req": 1185708763
    }
  ],
  "trace": "cluster54.oracleGeneral.sample10.zst"
}