{
  "dram_cache_size": 17,
  "flash_cache_size": 1741,
  "results": [
    {
      "hit": 896651,
      "iteration": 0,
      "metrics": [
        {
          "admission_treshold": 0,
          "algorithm": "d3clock",
          "byte_inserted": 763845,
          "byte_miss": 763845,
          "byte_read": 896651,
          "byte_reinserted": 69040,
          "hit": 896651,
          "inserted": 763845,
          "layer": 0,
          "miss_ratio": 0.4600101415480675,
          "reinserted": 69040,
          "req": 1660496
        }
      ],
      "miss_ratio": 0.4600101415480675,
      "req": 1660496
    }
  ],
  "trace": "tencentBlock.ns15915.oracleGeneral.zst"
}