{
  "dram_cache_size": 61,
  "flash_cache_size": 6103,
  "results": [
    {
      "hit": 2539721,
      "iteration": 0,
      "metrics": [
        {
          "admission_treshold": 0,
          "algorithm": "clock",
          "byte_inserted": 2582728,
          "byte_miss": 2582728,
          "byte_read": 2539721,
          "byte_reinserted": 1835431,
          "hit": 2539721,
          "inserted": 2582728,
          "layer": 0,
          "miss_ratio": 0.504197894405586,
          "reinserted": 1835431,
          "req": 5122449
        }
      ],
      "miss_ratio": 0.504197894405586,
      "req": 5122449
    }
  ],
  "trace": "tencentBlock.ns14158.oracleGeneral.zst"
}