{
  "dram_cache_size": 31,
  "flash_cache_size": 3163,
  "results": [
    {
      "hit": 1180328,
      "iteration": 0,
      "metrics": [
        {
          "admission_treshold": 0,
          "algorithm": "t6auto",
          "byte_inserted": 1209196,
          "byte_miss": 1209196,
          "byte_read": 1180328,
          "byte_reinserted": 92330,
          "hit": 1180328,
          "inserted": 1209196,
          "layer": 0,
          "miss_ratio": 0.5060405335958125,
          "reinserted": 92330,
          "req": 2389524
        }
      ],
      "miss_ratio": 0.5060405335958125,
      "req": 2389524
    }
  ],
  "trace": "tencentBlock.ns6137.oracleGeneral.zst"
}