{
  "dram_cache_size": 23,
  "flash_cache_size": 2397,
  "results": [
    {
      "hit": 1311078,
      "iteration": 0,
      "metrics": [
        {
          "admission_treshold": 0,
          "algorithm": "gclock",
          "byte_inserted": 833242,
          "byte_miss": 833242,
          "byte_read": 1311078,
          "byte_reinserted": 109362,
          "hit": 1311078,
          "inserted": 833242,
          "layer": 0,
          "miss_ratio": 0.38858099537382484,
          "reinserted": 109362,
          "req": 2144320
        }
      ],
      "miss_ratio": 0.38858099537382484,
      "req": 2144320
    }
  ],
  "trace": "tencentBlock.ns10044.oracleGeneral.zst"
}