{
  "dram_cache_size": 87,
  "flash_cache_size": 8735,
  "results": [
    {
      "hit": 3322028,
      "iteration": 0,
      "metrics": [
        {
          "admission_treshold": 0,
          "algorithm": "qtime-clock",
          "byte_inserted": 3669621,
          "byte_miss": 3669621,
          "byte_read": 3322028,
          "byte_reinserted": 8710,
          "hit": 3322028,
          "inserted": 3669621,
          "layer": 0,
          "miss_ratio": 0.5248577266965204,
          "reinserted": 8710,
          "req": 6991649
        }
      ],
      "miss_ratio": 0.5248577266965204,
      "req": 6991649
    }
  ],
  "trace": "tencentBlock.ns9133.oracleGeneral.zst"
}