{
  "dram_cache_size": 13,
  "flash_cache_size": 1371,
  "results": [
    {
      "hit": 3462648,
      "iteration": 0,
      "metrics": [
        {
          "admission_treshold": 0,
          "algorithm": "g2clock",
          "byte_inserted": 823658,
          "byte_miss": 823658,
          "byte_read": 3462648,
          "byte_reinserted": 402766,
          "hit": 3462648,
          "inserted": 823658,
          "layer": 0,
          "miss_ratio": 0.19216033572964697,
          "reinserted": 402766,
          "req": 4286306
        }
      ],
      "miss_ratio": 0.19216033572964697,
      "req": 4286306
    }
  ],
  "trace": "tencentBlock.ns15686.oracleGeneral.zst"
}