{
  "dram_cache_size": 14,
  "flash_cache_size": 1469,
  "results": [
    {
      "hit": 3176936,
      "iteration": 0,
      "metrics": [
        {
          "admission_treshold": 0,
          "algorithm": "g2clock",
          "byte_inserted": 1657771,
          "byte_miss": 1657771,
          "byte_read": 3176936,
          "byte_reinserted": 879057,
          "hit": 3176936,
          "inserted": 1657771,
          "layer": 0,
          "miss_ratio": 0.3428896518444654,
          "reinserted": 879057,
          "req": 4834707
        }
      ],
      "miss_ratio": 0.3428896518444654,
      "req": 4834707
    }
  ],
  "trace": "cf_allcolo.ns1849.oracleGeneral.zst"
}