{
  "dram_cache_size": 18,
  "flash_cache_size": 1825,
  "results": [
    {
      "hit": 1808113,
      "iteration": 0,
      "metrics": [
        {
          "admission_treshold": 0,
          "algorithm": "g2clock",
          "byte_inserted": 2403935,
          "byte_miss": 2403935,
          "byte_read": 1808113,
          "byte_reinserted": 810556,
          "hit": 1808113,
          "inserted": 2403935,
          "layer": 0,
          "miss_ratio": 0.5707283012919131,
          "reinserted": 810556,
          "req": 4212048
        }
      ],
      "miss_ratio": 0.5707283012919131,
      "req": 4212048
    }
  ],
  "trace": "cf_allcolo.ns1185.oracleGeneral.zst"
}