{
  "dram_cache_size": 403,
  "flash_cache_size": 40341,
  "results": [
    {
      "hit": 110808218,
      "iteration": 0,
      "metrics": [
        {
          "admission_treshold": 0,
          "algorithm": "gclock",
          "byte_inserted": 39718177,
          "byte_miss": 39718177,
          "byte_read": 110808218,
          "byte_reinserted": 19075642,
          "hit": 110808218,
          "inserted": 39718177,
          "layer": 0,
          "miss_ratio": 0.26386187618457213,
          "reinserted": 19075642,
          "req": 150526395
        }
      ],
      "miss_ratio": 0.26386187618457213,
      "req": 150526395
    }
  ],
  "trace": "cf_colo28.ns3.oracleGeneral.zst"
}