{
  "dram_cache_size": 1151929,
  "flash_cache_size": 115192920,
  "results": [
    {
      "hit": 2710797207,
      "iteration": 0,
      "metrics": [
        {
          "admission_treshold": 0,
          "algorithm": "time-auto",
          "byte_inserted": 35046488796,
          "byte_miss": 35046488796,
          "byte_read": 3844945393078,
          "byte_reinserted": 88349626103,
          "hit": 2710797207,
          "inserted": 503547657,
          "layer": 0,
          "miss_ratio": 0.15665638825492245,
          "reinserted": 1020178438,
          "req": 3214344864
        }
      ],
      "miss_ratio": 0.15665638825492245,
      "req": 3214344864
    }
  ],
  "trace": "cluster41.oracleGeneral.zst"
}