{
  "dram_cache_size": 15,
  "flash_cache_size": 1516,
  "results": [
    {
      "hit": 1184925,
      "iteration": 0,
      "metrics": [
        {
          "admission_treshold": 0,
          "algorithm": "gclock",
          "byte_inserted": 1415075,
          "byte_miss": 1415075,
          "byte_read": 1184925,
          "byte_reinserted": 324523,
          "hit": 1184925,
          "inserted": 1415075,
          "layer": 0,
          "miss_ratio": 0.5442596153846153,
          "reinserted": 324523,
          "req": 2600000
        }
      ],
      "miss_ratio": 0.5442596153846153,
      "req": 2600000
    }
  ],
  "trace": "io_traces.ns101.oracleGeneral.zst"
}