{
  "dram_cache_size": 26,
  "flash_cache_size": 2622,
  "results": [
    {
      "hit": 1515364,
      "iteration": 0,
      "metrics": [
        {
          "admission_treshold": 0,
          "algorithm": "d3clock",
          "byte_inserted": 792423,
          "byte_miss": 792423,
          "byte_read": 1515364,
          "byte_reinserted": 61235,
          "hit": 1515364,
          "inserted": 792423,
          "layer": 0,
          "miss_ratio": 0.3433692104167325,
          "reinserted": 61235,
          "req": 2307787
        }
      ],
      "miss_ratio": 0.3433692104167325,
      "req": 2307787
    }
  ],
  "trace": "tencentBlock.ns1727.oracleGeneral.zst"
}