{
  "dram_cache_size": 9,
  "flash_cache_size": 966,
  "results": [
    {
      "hit": 733764,
      "iteration": 0,
      "metrics": [
        {
          "admission_treshold": 0,
          "algorithm": "time2-auto",
          "byte_inserted": 475060,
          "byte_miss": 475060,
          "byte_read": 733764,
          "byte_reinserted": 35593,
          "hit": 733764,
          "inserted": 475060,
          "layer": 0,
          "miss_ratio": 0.39299352097575824,
          "reinserted": 35593,
          "req": 1208824
        }
      ],
      "miss_ratio": 0.39299352097575824,
      "req": 1208824
    }
  ],
  "trace": "tencentBlock.ns15236.oracleGeneral.zst"
}