{
  "dram_cache_size": 30,
  "flash_cache_size": 3029,
  "results": [
    {
      "hit": 7898938,
      "iteration": 0,
      "metrics": [
        {
          "admission_treshold": 0,
          "algorithm": "dclock",
          "byte_inserted": 2092403,
          "byte_miss": 2092403,
          "byte_read": 7898938,
          "byte_reinserted": 900142,
          "hit": 7898938,
          "inserted": 2092403,
          "layer": 0,
          "miss_ratio": 0.20942163819651438,
          "reinserted": 900142,
          "req": 9991341
        }
      ],
      "miss_ratio": 0.20942163819651438,
      "req": 9991341
    }
  ],
  "trace": "tencentBlock.ns1666.oracleGeneral.zst"
}