{
  "dram_cache_size": 290,
  "flash_cache_size": 29085,
  "results": [
    {
      "hit": 25373397,
      "iteration": 0,
      "metrics": [
        {
          "admission_treshold": 0,
          "algorithm": "clock",
          "byte_inserted": 30486722,
          "byte_miss": 30486722,
          "byte_read": 25373397,
          "byte_reinserted": 20284231,
          "hit": 25373397,
          "inserted": 30486722,
          "layer": 0,
          "miss_ratio": 0.5457690127727798,
          "reinserted": 20284231,
          "req": 55860119
        }
      ],
      "miss_ratio": 0.5457690127727798,
      "req": 55860119
    }
  ],
  "trace": "tencentBlock.ns12704.oracleGeneral.zst"
}