{
  "dram_cache_size": 59,
  "flash_cache_size": 5945,
  "results": [
    {
      "hit": 1842258,
      "iteration": 0,
      "metrics": [
        {
          "admission_treshold": 0,
          "algorithm": "time-auto",
          "byte_inserted": 3062840,
          "byte_miss": 3062840,
          "byte_read": 1842258,
          "byte_reinserted": 2439730,
          "hit": 1842258,
          "inserted": 3062840,
          "layer": 0,
          "miss_ratio": 0.6244197363640849,
          "reinserted": 2439730,
          "req": 4905098
        }
      ],
      "miss_ratio": 0.6244197363640849,
      "req": 4905098
    }
  ],
  "trace": "tencentBlock.ns13985.oracleGeneral.zst"
}