{
  "dram_cache_size": 23,
  "flash_cache_size": 2383,
  "results": [
    {
      "hit": 716747,
      "iteration": 0,
      "metrics": [
        {
          "admission_treshold": 0,
          "algorithm": "s3fclock",
          "byte_inserted": 765128,
          "byte_miss": 765128,
          "byte_read": 716747,
          "byte_reinserted": 127848,
          "hit": 716747,
          "inserted": 765128,
          "layer": 0,
          "miss_ratio": 0.5163242513707296,
          "reinserted": 127848,
          "req": 1481875
        }
      ],
      "miss_ratio": 0.5163242513707296,
      "req": 1481875
    }
  ],
  "trace": "tencentBlock.ns16810.oracleGeneral.zst"
}