{
  "dram_cache_size": 10,
  "flash_cache_size": 1074,
  "results": [
    {
      "hit": 1038030,
      "iteration": 0,
      "metrics": [
        {
          "admission_treshold": 0,
          "algorithm": "d3clock",
          "byte_inserted": 785865,
          "byte_miss": 785865,
          "byte_read": 1038030,
          "byte_reinserted": 130001,
          "hit": 1038030,
          "inserted": 785865,
          "layer": 0,
          "miss_ratio": 0.43087184295148573,
          "reinserted": 130001,
          "req": 1823895
        }
      ],
      "miss_ratio": 0.43087184295148573,
      "req": 1823895
    }
  ],
  "trace": "tencentBlock.ns3015.oracleGeneral.zst"
}