{
  "dram_cache_size": 273,
  "flash_cache_size": 27314,
  "results": [
    {
      "hit": 19962335,
      "iteration": 0,
      "metrics": [
        {
          "admission_treshold": 0,
          "algorithm": "gclock",
          "byte_inserted": 11435754,
          "byte_miss": 11435754,
          "byte_read": 19962335,
          "byte_reinserted": 4178159,
          "hit": 19962335,
          "inserted": 11435754,
          "layer": 0,
          "miss_ratio": 0.36421815353157316,
          "reinserted": 4178159,
          "req": 31398089
        }
      ],
      "miss_ratio": 0.36421815353157316,
      "req": 31398089
    }
  ],
  "trace": "w17.oracleGeneral.bin.zst"
}