{
  "dram_cache_size": 23,
  "flash_cache_size": 2322,
  "results": [
    {
      "hit": 1760618,
      "iteration": 0,
      "metrics": [
        {
          "admission_treshold": 0,
          "algorithm": "clock",
          "byte_inserted": 784279,
          "byte_miss": 784279,
          "byte_read": 1760618,
          "byte_reinserted": 1105489,
          "hit": 1760618,
          "inserted": 784279,
          "layer": 0,
          "miss_ratio": 0.30817710893603945,
          "reinserted": 1105489,
          "req": 2544897
        }
      ],
      "miss_ratio": 0.30817710893603945,
      "req": 2544897
    }
  ],
  "trace": "tencentBlock.ns23266.oracleGeneral.zst"
}