{
  "dram_cache_size": 14,
  "flash_cache_size": 1434,
  "results": [
    {
      "hit": 613777,
      "iteration": 0,
      "metrics": [
        {
          "admission_treshold": 0,
          "algorithm": "cm-clock",
          "byte_inserted": 601475,
          "byte_miss": 601475,
          "byte_read": 613777,
          "byte_reinserted": 23153,
          "hit": 613777,
          "inserted": 601475,
          "layer": 0,
          "miss_ratio": 0.49493849835260506,
          "reinserted": 23153,
          "req": 1215252
        }
      ],
      "miss_ratio": 0.49493849835260506,
      "req": 1215252
    }
  ],
  "trace": "tencentBlock.ns4373.oracleGeneral.zst"
}