{
  "dram_cache_size": 30,
  "flash_cache_size": 3098,
  "results": [
    {
      "hit": 2087140,
      "iteration": 0,
      "metrics": [
        {
          "admission_treshold": 0,
          "algorithm": "s3fclock-sequential",
          "byte_inserted": 1085799,
          "byte_miss": 1085799,
          "byte_read": 2087140,
          "byte_reinserted": 191668,
          "hit": 2087140,
          "inserted": 1085799,
          "layer": 0,
          "miss_ratio": 0.34220607455737406,
          "reinserted": 191668,
          "req": 3172939
        }
      ],
      "miss_ratio": 0.34220607455737406,
      "req": 3172939
    }
  ],
  "trace": "tencentBlock.ns22555.oracleGeneral.zst"
}