{
  "dram_cache_size": 9,
  "flash_cache_size": 955,
  "results": [
    {
      "hit": 2130163,
      "iteration": 0,
      "metrics": [
        {
          "admission_treshold": 0,
          "algorithm": "qand-clock-v2",
          "byte_inserted": 6300204,
          "byte_miss": 6300204,
          "byte_read": 2130163,
          "byte_reinserted": 1975767,
          "hit": 2130163,
          "inserted": 6300204,
          "layer": 0,
          "miss_ratio": 0.747322625456282,
          "reinserted": 1975767,
          "req": 8430367
        }
      ],
      "miss_ratio": 0.747322625456282,
      "req": 8430367
    }
  ],
  "trace": "akamai_sjc.ns921.oracleGeneral.bin.zst"
}