{
  "dram_cache_size": 13,
  "flash_cache_size": 1316,
  "results": [
    {
      "hit": 2233912,
      "iteration": 0,
      "metrics": [
        {
          "admission_treshold": 0,
          "algorithm": "g2clock",
          "byte_inserted": 442842,
          "byte_miss": 442842,
          "byte_read": 2233912,
          "byte_reinserted": 872209,
          "hit": 2233912,
          "inserted": 442842,
          "layer": 0,
          "miss_ratio": 0.1654399320968606,
          "reinserted": 872209,
          "req": 2676754
        }
      ],
      "miss_ratio": 0.1654399320968606,
      "req": 2676754
    }
  ],
  "trace": "akamai_sjc.ns689.oracleGeneral.bin.zst"
}