{
  "dram_cache_size": 397,
  "flash_cache_size": 39773,
  "results": [
    {
      "hit": 35106936,
      "iteration": 0,
      "metrics": [
        {
          "admission_treshold": 0,
          "algorithm": "t4auto",
          "byte_inserted": 7124448,
          "byte_miss": 7124448,
          "byte_read": 35106936,
          "byte_reinserted": 1935072,
          "hit": 35106936,
          "inserted": 7124448,
          "layer": 0,
          "miss_ratio": 0.16870032012211578,
          "reinserted": 1935072,
          "req": 42231384
        }
      ],
      "miss_ratio": 0.16870032012211578,
      "req": 42231384
    }
  ],
  "trace": "akamai_nyc.oracleGeneral.sample10.zst"
}