{
  "dram_cache_size": 19,
  "flash_cache_size": 1915,
  "results": [
    {
      "hit": 1760560,
      "iteration": 0,
      "metrics": [
        {
          "admission_treshold": 0,
          "algorithm": "cm-clock",
          "byte_inserted": 2575180,
          "byte_miss": 2575180,
          "byte_read": 1760560,
          "byte_reinserted": 460291,
          "hit": 1760560,
          "inserted": 2575180,
          "layer": 0,
          "miss_ratio": 0.5939424411980423,
          "reinserted": 460291,
          "req": 4335740
        }
      ],
      "miss_ratio": 0.5939424411980423,
      "req": 4335740
    }
  ],
  "trace": "cf_allcolo.ns1236.oracleGeneral.zst"
}