{
  "dram_cache_size": 0,
  "flash_cache_size": 47,
  "results": [
    {
      "hit": 1989771,
      "iteration": 0,
      "metrics": [
        {
          "admission_treshold": 0,
          "algorithm": "q2auto",
          "byte_inserted": 261063,
          "byte_miss": 261063,
          "byte_read": 1989771,
          "byte_reinserted": 443847,
          "hit": 1989771,
          "inserted": 261063,
          "layer": 0,
          "miss_ratio": 0.11598500822361846,
          "reinserted": 443847,
          "req": 2250834
        }
      ],
      "miss_ratio": 0.11598500822361846,
      "req": 2250834
    }
  ],
  "trace": "cf_colo28.ns6364.oracleGeneral.zst"
}