{
  "dram_cache_size": 63,
  "flash_cache_size": 6353,
  "results": [
    {
      "hit": 2747602,
      "iteration": 0,
      "metrics": [
        {
          "admission_treshold": 0,
          "algorithm": "g2clock",
          "byte_inserted": 1350443,
          "byte_miss": 1350443,
          "byte_read": 2747602,
          "byte_reinserted": 32265,
          "hit": 2747602,
          "inserted": 1350443,
          "layer": 0,
          "miss_ratio": 0.3295334726680649,
          "reinserted": 32265,
          "req": 4098045
        }
      ],
      "miss_ratio": 0.3295334726680649,
      "req": 4098045
    }
  ],
  "trace": "cf_colo28.ns195.oracleGeneral.zst"
}