{
  "dram_cache_size": 51,
  "flash_cache_size": 5168,
  "results": [
    {
      "hit": 2728910,
      "iteration": 0,
      "metrics": [
        {
          "admission_treshold": 0,
          "algorithm": "dclock",
          "byte_inserted": 1647907,
          "byte_miss": 1647907,
          "byte_read": 2728910,
          "byte_reinserted": 665498,
          "hit": 2728910,
          "inserted": 1647907,
          "layer": 0,
          "miss_ratio": 0.3765080879552424,
          "reinserted": 665498,
          "req": 4376817
        }
      ],
      "miss_ratio": 0.3765080879552424,
      "req": 4376817
    }
  ],
  "trace": "tencentBlock.ns20861.oracleGeneral.zst"
}