{
  "dram_cache_size": 4,
  "flash_cache_size": 474,
  "results": [
    {
      "hit": 1620123,
      "iteration": 0,
      "metrics": [
        {
          "admission_treshold": 0,
          "algorithm": "q3auto",
          "byte_inserted": 200916,
          "byte_miss": 200916,
          "byte_read": 1620123,
          "byte_reinserted": 59214,
          "hit": 1620123,
          "inserted": 200916,
          "layer": 0,
          "miss_ratio": 0.11033042125951176,
          "reinserted": 59214,
          "req": 1821039
        }
      ],
      "miss_ratio": 0.11033042125951176,
      "req": 1821039
    }
  ],
  "trace": "tencentBlock.ns11362.oracleGeneral.zst"
}