{
  "dram_cache_size": 31,
  "flash_cache_size": 3120,
  "results": [
    {
      "hit": 2637217,
      "iteration": 0,
      "metrics": [
        {
          "admission_treshold": 0,
          "algorithm": "clock",
          "byte_inserted": 902085,
          "byte_miss": 902085,
          "byte_read": 2637217,
          "byte_reinserted": 515811,
          "hit": 2637217,
          "inserted": 902085,
          "layer": 0,
          "miss_ratio": 0.2548765265015531,
          "reinserted": 515811,
          "req": 3539302
        }
      ],
      "miss_ratio": 0.2548765265015531,
      "req": 3539302
    }
  ],
  "trace": "tencentBlock.ns9171.oracleGeneral.zst"
}