{
  "dram_cache_size": 2,
  "flash_cache_size": 236,
  "results": [
    {
      "hit": 584414,
      "iteration": 0,
      "metrics": [
        {
          "admission_treshold": 0,
          "algorithm": "t6auto",
          "byte_inserted": 642632,
          "byte_miss": 642632,
          "byte_read": 584414,
          "byte_reinserted": 184399,
          "hit": 584414,
          "inserted": 642632,
          "layer": 0,
          "miss_ratio": 0.5237228270170801,
          "reinserted": 184399,
          "req": 1227046
        }
      ],
      "miss_ratio": 0.5237228270170801,
      "req": 1227046
    }
  ],
  "trace": "cf_colo28.ns13998.oracleGeneral.zst"
}