{
  "dram_cache_size": 33,
  "flash_cache_size": 3389,
  "results": [
    {
      "hit": 4541696,
      "iteration": 0,
      "metrics": [
        {
          "admission_treshold": 0,
          "algorithm": "d3clock",
          "byte_inserted": 2258304,
          "byte_miss": 2258304,
          "byte_read": 4541696,
          "byte_reinserted": 89280,
          "hit": 4541696,
          "inserted": 2258304,
          "layer": 0,
          "miss_ratio": 0.3321035294117647,
          "reinserted": 89280,
          "req": 6800000
        }
      ],
      "miss_ratio": 0.3321035294117647,
      "req": 6800000
    }
  ],
  "trace": "io_traces.ns558.oracleGeneral.zst"
}