{
  "dram_cache_size": 12,
  "flash_cache_size": 1252,
  "results": [
    {
      "hit": 1840030,
      "iteration": 0,
      "metrics": [
        {
          "admission_treshold": 0,
          "algorithm": "s3fclock",
          "byte_inserted": 709217,
          "byte_miss": 709217,
          "byte_read": 1840030,
          "byte_reinserted": 38361,
          "hit": 1840030,
          "inserted": 709217,
          "layer": 0,
          "miss_ratio": 0.27820646645852676,
          "reinserted": 38361,
          "req": 2549247
        }
      ],
      "miss_ratio": 0.27820646645852676,
      "req": 2549247
    }
  ],
  "trace": "tencentBlock.ns15019.oracleGeneral.zst"
}