{
  "dram_cache_size": 22,
  "flash_cache_size": 2235,
  "results": [
    {
      "hit": 15286661,
      "iteration": 0,
      "metrics": [
        {
          "admission_treshold": 0,
          "algorithm": "q2auto",
          "byte_inserted": 1264644,
          "byte_miss": 1264644,
          "byte_read": 15286661,
          "byte_reinserted": 759233,
          "hit": 15286661,
          "inserted": 1264644,
          "layer": 0,
          "miss_ratio": 0.07640750986100486,
          "reinserted": 759233,
          "req": 16551305
        }
      ],
      "miss_ratio": 0.07640750986100486,
      "req": 16551305
    }
  ],
  "trace": "tencentBlock.ns21908.oracleGeneral.zst"
}