{
  "dram_cache_size": 65,
  "flash_cache_size": 6589,
  "results": [
    {
      "hit": 3028746,
      "iteration": 0,
      "metrics": [
        {
          "admission_treshold": 0,
          "algorithm": "g2clock",
          "byte_inserted": 2565828,
          "byte_miss": 2565828,
          "byte_read": 3028746,
          "byte_reinserted": 1936946,
          "hit": 3028746,
          "inserted": 2565828,
          "layer": 0,
          "miss_ratio": 0.45862794915216065,
          "reinserted": 1936946,
          "req": 5594574
        }
      ],
      "miss_ratio": 0.45862794915216065,
      "req": 5594574
    }
  ],
  "trace": "tencentBlock.ns14602.oracleGeneral.zst"
}