{
  "dram_cache_size": 75647,
  "flash_cache_size": 7564702,
  "results": [
    {
      "hit": 1147157,
      "iteration": 0,
      "metrics": [
        {
          "admission_treshold": 0,
          "algorithm": "time-auto",
          "byte_inserted": 3407678976,
          "byte_miss": 3407678976,
          "byte_read": 3995894784,
          "byte_reinserted": 2438281728,
          "hit": 1147157,
          "inserted": 198355,
          "layer": 0,
          "miss_ratio": 0.14741971829311074,
          "reinserted": 179653,
          "req": 1345512
        }
      ],
      "miss_ratio": 0.14741971829311074,
      "req": 1345512
    }
  ],
  "trace": "tencentBlock.ns6934.oracleGeneral.zst"
}