{
  "dram_cache_size": 15,
  "flash_cache_size": 1514,
  "results": [
    {
      "hit": 520431,
      "iteration": 0,
      "metrics": [
        {
          "admission_treshold": 0,
          "algorithm": "dclock",
          "byte_inserted": 655064,
          "byte_miss": 655064,
          "byte_read": 520431,
          "byte_reinserted": 118745,
          "hit": 520431,
          "inserted": 655064,
          "layer": 0,
          "miss_ratio": 0.5572665132561176,
          "reinserted": 118745,
          "req": 1175495
        }
      ],
      "miss_ratio": 0.5572665132561176,
      "req": 1175495
    }
  ],
  "trace": "tencentBlock.ns10982.oracleGeneral.zst"
}