{
  "dram_cache_size": 5,
  "flash_cache_size": 554,
  "results": [
    {
      "hit": 1570855,
      "iteration": 0,
      "metrics": [
        {
          "admission_treshold": 0,
          "algorithm": "dclock",
          "byte_inserted": 552532,
          "byte_miss": 552532,
          "byte_read": 1570855,
          "byte_reinserted": 382993,
          "hit": 1570855,
          "inserted": 552532,
          "layer": 0,
          "miss_ratio": 0.2602125754749369,
          "reinserted": 382993,
          "req": 2123387
        }
      ],
      "miss_ratio": 0.2602125754749369,
      "req": 2123387
    }
  ],
  "trace": "tencentBlock.ns8941.oracleGeneral.zst"
}