{
  "dram_cache_size": 9,
  "flash_cache_size": 914,
  "results": [
    {
      "hit": 3127481,
      "iteration": 0,
      "metrics": [
        {
          "admission_treshold": 0,
          "algorithm": "s3fclock",
          "byte_inserted": 6040065,
          "byte_miss": 6040065,
          "byte_read": 3127481,
          "byte_reinserted": 158608,
          "hit": 3127481,
          "inserted": 6040065,
          "layer": 0,
          "miss_ratio": 0.6588529798486966,
          "reinserted": 158608,
          "req": 9167546
        }
      ],
      "miss_ratio": 0.6588529798486966,
      "req": 9167546
    }
  ],
  "trace": "tencentBlock.ns8933.oracleGeneral.zst"
}