{
  "dram_cache_size": 4,
  "flash_cache_size": 457,
  "results": [
    {
      "hit": 1091272,
      "iteration": 0,
      "metrics": [
        {
          "admission_treshold": 0,
          "algorithm": "gclock",
          "byte_inserted": 192794,
          "byte_miss": 192794,
          "byte_read": 1091272,
          "byte_reinserted": 52156,
          "hit": 1091272,
          "inserted": 192794,
          "layer": 0,
          "miss_ratio": 0.15014337269268085,
          "reinserted": 52156,
          "req": 1284066
        }
      ],
      "miss_ratio": 0.15014337269268085,
      "req": 1284066
    }
  ],
  "trace": "tencentBlock.ns4550.oracleGeneral.zst"
}