{
  "dram_cache_size": 6,
  "flash_cache_size": 654,
  "results": [
    {
      "hit": 18970121,
      "iteration": 0,
      "metrics": [
        {
          "admission_treshold": 0,
          "algorithm": "t2auto",
          "byte_inserted": 249369219,
          "byte_miss": 249369219,
          "byte_read": 18970121,
          "byte_reinserted": 5569506,
          "hit": 18970121,
          "inserted": 249369219,
          "layer": 0,
          "miss_ratio": 0.92930547939784,
          "reinserted": 5569506,
          "req": 268339340
        }
      ],
      "miss_ratio": 0.92930547939784,
      "req": 268339340
    }
  ],
  "trace": "akamai_sjc.ns3.oracleGeneral.bin.zst"
}