{
  "dram_cache_size": 12,
  "flash_cache_size": 1230,
  "results": [
    {
      "hit": 10645271,
      "iteration": 0,
      "metrics": [
        {
          "admission_treshold": 0,
          "algorithm": "s3fclock-sequential",
          "byte_inserted": 282310,
          "byte_miss": 282310,
          "byte_read": 10645271,
          "byte_reinserted": 30444,
          "hit": 10645271,
          "inserted": 282310,
          "layer": 0,
          "miss_ratio": 0.02583462890826438,
          "reinserted": 30444,
          "req": 10927581
        }
      ],
      "miss_ratio": 0.02583462890826438,
      "req": 10927581
    }
  ],
  "trace": "akamai_lax.ns6.oracleGeneral.bin.zst"
}