{
  "dram_cache_size": 3,
  "flash_cache_size": 351,
  "results": [
    {
      "hit": 6091605,
      "iteration": 0,
      "metrics": [
        {
          "admission_treshold": 0,
          "algorithm": "d3clock",
          "byte_inserted": 874132,
          "byte_miss": 874132,
          "byte_read": 6091605,
          "byte_reinserted": 1313890,
          "hit": 6091605,
          "inserted": 874132,
          "layer": 0,
          "miss_ratio": 0.12549023886488964,
          "reinserted": 1313890,
          "req": 6965737
        }
      ],
      "miss_ratio": 0.12549023886488964,
      "req": 6965737
    }
  ],
  "trace": "cf_allcolo.ns591.oracleGeneral.zst"
}