{
  "dram_cache_size": 35,
  "flash_cache_size": 3566,
  "results": [
    {
      "hit": 15303516,
      "iteration": 0,
      "metrics": [
        {
          "admission_treshold": 0,
          "algorithm": "clock",
          "byte_inserted": 11184612,
          "byte_miss": 11184612,
          "byte_read": 15303516,
          "byte_reinserted": 12763405,
          "hit": 15303516,
          "inserted": 11184612,
          "layer": 0,
          "miss_ratio": 0.42224999818786746,
          "reinserted": 12763405,
          "req": 26488128
        }
      ],
      "miss_ratio": 0.42224999818786746,
      "req": 26488128
    }
  ],
  "trace": "search_signal_embeds_cache.1.oracleGeneral.sample10.zst"
}