{
  "dram_cache_size": 47,
  "flash_cache_size": 4797,
  "results": [
    {
      "hit": 3001757,
      "iteration": 0,
      "metrics": [
        {
          "admission_treshold": 0,
          "algorithm": "dclock",
          "byte_inserted": 1320074,
          "byte_miss": 1320074,
          "byte_read": 3001757,
          "byte_reinserted": 1307125,
          "hit": 3001757,
          "inserted": 1320074,
          "layer": 0,
          "miss_ratio": 0.3054432253366687,
          "reinserted": 1307125,
          "req": 4321831
        }
      ],
      "miss_ratio": 0.3054432253366687,
      "req": 4321831
    }
  ],
  "trace": "tencentBlock.ns6390.oracleGeneral.zst"
}