{
  "dram_cache_size": 31,
  "flash_cache_size": 3171,
  "results": [
    {
      "hit": 2565530,
      "iteration": 0,
      "metrics": [
        {
          "admission_treshold": 0,
          "algorithm": "g2clock",
          "byte_inserted": 909537,
          "byte_miss": 909537,
          "byte_read": 2565530,
          "byte_reinserted": 737899,
          "hit": 2565530,
          "inserted": 909537,
          "layer": 0,
          "miss_ratio": 0.2617322198392146,
          "reinserted": 737899,
          "req": 3475067
        }
      ],
      "miss_ratio": 0.2617322198392146,
      "req": 3475067
    }
  ],
  "trace": "tencentBlock.ns16017.oracleGeneral.zst"
}