{
  "dram_cache_size": 35,
  "flash_cache_size": 3567,
  "results": [
    {
      "hit": 2909130,
      "iteration": 0,
      "metrics": [
        {
          "admission_treshold": 0,
          "algorithm": "clock",
          "byte_inserted": 929849,
          "byte_miss": 929849,
          "byte_read": 2909130,
          "byte_reinserted": 1307934,
          "hit": 2909130,
          "inserted": 929849,
          "layer": 0,
          "miss_ratio": 0.24221257787552364,
          "reinserted": 1307934,
          "req": 3838979
        }
      ],
      "miss_ratio": 0.24221257787552364,
      "req": 3838979
    }
  ],
  "trace": "tencentBlock.ns17269.oracleGeneral.zst"
}