{
  "dram_cache_size": 47,
  "flash_cache_size": 4712,
  "results": [
    {
      "hit": 2657043,
      "iteration": 0,
      "metrics": [
        {
          "admission_treshold": 0,
          "algorithm": "s3fclock-sequential",
          "byte_inserted": 1098320,
          "byte_miss": 1098320,
          "byte_read": 2657043,
          "byte_reinserted": 381467,
          "hit": 2657043,
          "inserted": 1098320,
          "layer": 0,
          "miss_ratio": 0.2924670664327257,
          "reinserted": 381467,
          "req": 3755363
        }
      ],
      "miss_ratio": 0.2924670664327257,
      "req": 3755363
    }
  ],
  "trace": "tencentBlock.ns7784.oracleGeneral.zst"
}