{
  "dram_cache_size": 101,
  "flash_cache_size": 10138,
  "results": [
    {
      "hit": 2202047,
      "iteration": 0,
      "metrics": [
        {
          "admission_treshold": 0,
          "algorithm": "gclock",
          "byte_inserted": 1880142,
          "byte_miss": 1880142,
          "byte_read": 2202047,
          "byte_reinserted": 1151692,
          "hit": 2202047,
          "inserted": 1880142,
          "layer": 0,
          "miss_ratio": 0.46057201173194084,
          "reinserted": 1151692,
          "req": 4082189
        }
      ],
      "miss_ratio": 0.46057201173194084,
      "req": 4082189
    }
  ],
  "trace": "cf_allcolo.ns4301.oracleGeneral.zst"
}