{
  "dram_cache_size": 14,
  "flash_cache_size": 1408,
  "results": [
    {
      "hit": 1022568,
      "iteration": 0,
      "metrics": [
        {
          "admission_treshold": 0,
          "algorithm": "qauto",
          "byte_inserted": 162334,
          "byte_miss": 162334,
          "byte_read": 1022568,
          "byte_reinserted": 90088,
          "hit": 1022568,
          "inserted": 162334,
          "layer": 0,
          "miss_ratio": 0.13700204742670707,
          "reinserted": 90088,
          "req": 1184902
        }
      ],
      "miss_ratio": 0.13700204742670707,
      "req": 1184902
    }
  ],
  "trace": "cf_allcolo.ns719.oracleGeneral.zst"
}