{
  "dram_cache_size": 87,
  "flash_cache_size": 8722,
  "results": [
    {
      "hit": 1443459818,
      "iteration": 0,
      "metrics": [
        {
          "admission_treshold": 0,
          "algorithm": "sxfifo",
          "byte_inserted": 102544640,
          "byte_miss": 102544640,
          "byte_read": 1443459818,
          "byte_reinserted": 51010471,
          "hit": 1443459818,
          "inserted": 102544640,
          "layer": 0,
          "miss_ratio": 0.06632881261717549,
          "reinserted": 51010471,
          "req": 1546004458
        }
      ],
      "miss_ratio": 0.06632881261717549,
      "req": 1546004458
    }
  ],
  "trace": "cf_colo28.ns1.oracleGeneral.zst"
}