{
  "dram_cache_size": 5182,
  "flash_cache_size": 518281,
  "results": [
    {
      "hit": 30715363,
      "iteration": 0,
      "metrics": [
        {
          "admission_treshold": 0,
          "algorithm": "gclock",
          "byte_inserted": 51830744,
          "byte_miss": 51830744,
          "byte_read": 30715363,
          "byte_reinserted": 5604,
          "hit": 30715363,
          "inserted": 51830744,
          "layer": 0,
          "miss_ratio": 0.6279005259448516,
          "reinserted": 5604,
          "req": 82546107
        }
      ],
      "miss_ratio": 0.6279005259448516,
      "req": 82546107
    }
  ],
  "trace": "cluster13.oracleGeneral.sample10.zst"
}