{
  "dram_cache_size": 53,
  "flash_cache_size": 5383,
  "results": [
    {
      "hit": 2971201,
      "iteration": 0,
      "metrics": [
        {
          "admission_treshold": 0,
          "algorithm": "g2clock",
          "byte_inserted": 1296108,
          "byte_miss": 1296108,
          "byte_read": 2971201,
          "byte_reinserted": 482441,
          "hit": 2971201,
          "inserted": 1296108,
          "layer": 0,
          "miss_ratio": 0.3037295869598382,
          "reinserted": 482441,
          "req": 4267309
        }
      ],
      "miss_ratio": 0.3037295869598382,
      "req": 4267309
    }
  ],
  "trace": "tencentBlock.ns17149.oracleGeneral.zst"
}