{
  "dram_cache_size": 4,
  "flash_cache_size": 435,
  "results": [
    {
      "hit": 1355646,
      "iteration": 0,
      "metrics": [
        {
          "admission_treshold": 0,
          "algorithm": "gclock",
          "byte_inserted": 234638,
          "byte_miss": 234638,
          "byte_read": 1355646,
          "byte_reinserted": 144629,
          "hit": 1355646,
          "inserted": 234638,
          "layer": 0,
          "miss_ratio": 0.1475447152835594,
          "reinserted": 144629,
          "req": 1590284
        }
      ],
      "miss_ratio": 0.1475447152835594,
      "req": 1590284
    }
  ],
  "trace": "tencentBlock.ns23260.oracleGeneral.zst"
}