{
  "dram_cache_size": 12,
  "flash_cache_size": 1296,
  "results": [
    {
      "hit": 736088,
      "iteration": 0,
      "metrics": [
        {
          "admission_treshold": 0,
          "algorithm": "g2clock",
          "byte_inserted": 423608,
          "byte_miss": 423608,
          "byte_read": 736088,
          "byte_reinserted": 418348,
          "hit": 736088,
          "inserted": 423608,
          "layer": 0,
          "miss_ratio": 0.3652750375960596,
          "reinserted": 418348,
          "req": 1159696
        }
      ],
      "miss_ratio": 0.3652750375960596,
      "req": 1159696
    }
  ],
  "trace": "tencentBlock.ns23007.oracleGeneral.zst"
}