{
  "dram_cache_size": 96,
  "flash_cache_size": 9654,
  "results": [
    {
      "hit": 1430753,
      "iteration": 0,
      "metrics": [
        {
          "admission_treshold": 0,
          "algorithm": "dclock",
          "byte_inserted": 1808546,
          "byte_miss": 1808546,
          "byte_read": 1430753,
          "byte_reinserted": 76418,
          "hit": 1430753,
          "inserted": 1808546,
          "layer": 0,
          "miss_ratio": 0.5583140055919507,
          "reinserted": 76418,
          "req": 3239299
        }
      ],
      "miss_ratio": 0.5583140055919507,
      "req": 3239299
    }
  ],
  "trace": "tencentBlock.ns3847.oracleGeneral.zst"
}