{
  "dram_cache_size": 25,
  "flash_cache_size": 2530,
  "results": [
    {
      "hit": 2069175,
      "iteration": 0,
      "metrics": [
        {
          "admission_treshold": 0,
          "algorithm": "qor-clock",
          "byte_inserted": 817963,
          "byte_miss": 817963,
          "byte_read": 2069175,
          "byte_reinserted": 252872,
          "hit": 2069175,
          "inserted": 817963,
          "layer": 0,
          "miss_ratio": 0.2833127477799814,
          "reinserted": 252872,
          "req": 2887138
        }
      ],
      "miss_ratio": 0.2833127477799814,
      "req": 2887138
    }
  ],
  "trace": "tencentBlock.ns11968.oracleGeneral.zst"
}