{
  "dram_cache_size": 407782,
  "flash_cache_size": 40778248,
  "results": [
    {
      "hit": 2215514,
      "iteration": 0,
      "metrics": [
        {
          "admission_treshold": 0,
          "algorithm": "time2-auto",
          "byte_inserted": 15324701184,
          "byte_miss": 15324701184,
          "byte_read": 26619946496,
          "byte_reinserted": 1722706432,
          "hit": 2215514,
          "inserted": 967082,
          "layer": 0,
          "miss_ratio": 0.3038657749836926,
          "reinserted": 183045,
          "req": 3182596
        }
      ],
      "miss_ratio": 0.3038657749836926,
      "req": 3182596
    }
  ],
  "trace": "tencentBlock.ns6048.oracleGeneral.zst"
}