{
  "dram_cache_size": 22,
  "flash_cache_size": 2273,
  "results": [
    {
      "hit": 847123,
      "iteration": 0,
      "metrics": [
        {
          "admission_treshold": 0,
          "algorithm": "q-clock",
          "byte_inserted": 678042,
          "byte_miss": 678042,
          "byte_read": 847123,
          "byte_reinserted": 39112,
          "hit": 847123,
          "inserted": 678042,
          "layer": 0,
          "miss_ratio": 0.4445696039444913,
          "reinserted": 39112,
          "req": 1525165
        }
      ],
      "miss_ratio": 0.4445696039444913,
      "req": 1525165
    }
  ],
  "trace": "tencentBlock.ns17785.oracleGeneral.zst"
}