{
  "dram_cache_size": 1,
  "flash_cache_size": 122,
  "results": [
    {
      "hit": 37628010,
      "iteration": 0,
      "metrics": [
        {
          "admission_treshold": 0,
          "algorithm": "qand-clock",
          "byte_inserted": 51515,
          "byte_miss": 51515,
          "byte_read": 37628010,
          "byte_reinserted": 6949,
          "hit": 37628010,
          "inserted": 51515,
          "layer": 0,
          "miss_ratio": 0.0013671881479397907,
          "reinserted": 6949,
          "req": 37679525
        }
      ],
      "miss_ratio": 0.0013671881479397907,
      "req": 37679525
    }
  ],
  "trace": "akamai_sjc.ns5.oracleGeneral.bin.zst"
}