{
  "dram_cache_size": 50,
  "flash_cache_size": 5037,
  "results": [
    {
      "hit": 1574867,
      "iteration": 0,
      "metrics": [
        {
          "admission_treshold": 0,
          "algorithm": "qtime-clock",
          "byte_inserted": 3237569,
          "byte_miss": 3237569,
          "byte_read": 1574867,
          "byte_reinserted": 606263,
          "hit": 1574867,
          "inserted": 3237569,
          "layer": 0,
          "miss_ratio": 0.6727505570983178,
          "reinserted": 606263,
          "req": 4812436
        }
      ],
      "miss_ratio": 0.6727505570983178,
      "req": 4812436
    }
  ],
  "trace": "akamai_sjc.ns682.oracleGeneral.bin.zst"
}