{
  "dram_cache_size": 31,
  "flash_cache_size": 3143,
  "results": [
    {
      "hit": 3768997,
      "iteration": 0,
      "metrics": [
        {
          "admission_treshold": 0,
          "algorithm": "q-clock",
          "byte_inserted": 391691,
          "byte_miss": 391691,
          "byte_read": 3768997,
          "byte_reinserted": 79587,
          "hit": 3768997,
          "inserted": 391691,
          "layer": 0,
          "miss_ratio": 0.09414092092461634,
          "reinserted": 79587,
          "req": 4160688
        }
      ],
      "miss_ratio": 0.09414092092461634,
      "req": 4160688
    }
  ],
  "trace": "akamai_lax.ns968.oracleGeneral.bin.zst"
}