{
  "dram_cache_size": 80,
  "flash_cache_size": 8098,
  "results": [
    {
      "hit": 5872208,
      "iteration": 0,
      "metrics": [
        {
          "admission_treshold": 0,
          "algorithm": "qauto",
          "byte_inserted": 1283178,
          "byte_miss": 1283178,
          "byte_read": 5872208,
          "byte_reinserted": 341840,
          "hit": 5872208,
          "inserted": 1283178,
          "layer": 0,
          "miss_ratio": 0.17933036736243158,
          "reinserted": 341840,
          "req": 7155386
        }
      ],
      "miss_ratio": 0.17933036736243158,
      "req": 7155386
    }
  ],
  "trace": "akamai_nyc.ns356.oracleGeneral.bin.zst"
}