{
  "dram_cache_size": 43,
  "flash_cache_size": 4368,
  "results": [
    {
      "hit": 6745697,
      "iteration": 0,
      "metrics": [
        {
          "admission_treshold": 0,
          "algorithm": "qand-clock",
          "byte_inserted": 6015442,
          "byte_miss": 6015442,
          "byte_read": 6745697,
          "byte_reinserted": 475320,
          "hit": 6745697,
          "inserted": 6015442,
          "layer": 0,
          "miss_ratio": 0.471387546205711,
          "reinserted": 475320,
          "req": 12761139
        }
      ],
      "miss_ratio": 0.471387546205711,
      "req": 12761139
    }
  ],
  "trace": "akamai_sjc.ns193.oracleGeneral.bin.zst"
}