{
  "dram_cache_size": 201,
  "flash_cache_size": 20174,
  "results": [
    {
      "hit": 25294154,
      "iteration": 0,
      "metrics": [
        {
          "admission_treshold": 0,
          "algorithm": "qor-clock",
          "byte_inserted": 10399471,
          "byte_miss": 10399471,
          "byte_read": 25294154,
          "byte_reinserted": 1555,
          "hit": 25294154,
          "inserted": 10399471,
          "layer": 0,
          "miss_ratio": 0.29135373613635485,
          "reinserted": 1555,
          "req": 35693625
        }
      ],
      "miss_ratio": 0.29135373613635485,
      "req": 35693625
    }
  ],
  "trace": "akamai_sjc.ns156.oracleGeneral.bin.zst"
}