{
  "dram_cache_size": 2937,
  "flash_cache_size": 293762,
  "results": [
    {
      "hit": 11682751,
      "iteration": 0,
      "metrics": [
        {
          "admission_treshold": 0,
          "algorithm": "q-clock",
          "byte_inserted": 2938890,
          "byte_miss": 2938890,
          "byte_read": 11682751,
          "byte_reinserted": 394369,
          "hit": 11682751,
          "inserted": 2938890,
          "layer": 0,
          "miss_ratio": 0.2009959073677161,
          "reinserted": 394369,
          "req": 14621641
        }
      ],
      "miss_ratio": 0.2009959073677161,
      "req": 14621641
    }
  ],
  "trace": "akamai_sjc.ns29.oracleGeneral.bin.zst"
}