{
  "dram_cache_size": 131,
  "flash_cache_size": 13165,
  "results": [
    {
      "hit": 2519144,
      "iteration": 0,
      "metrics": [
        {
          "admission_treshold": 0,
          "algorithm": "qtime-clock",
          "byte_inserted": 157610,
          "byte_miss": 157610,
          "byte_read": 2519144,
          "byte_reinserted": 77143,
          "hit": 2519144,
          "inserted": 157610,
          "layer": 0,
          "miss_ratio": 0.05888101782980426,
          "reinserted": 77143,
          "req": 2676754
        }
      ],
      "miss_ratio": 0.05888101782980426,
      "req": 2676754
    }
  ],
  "trace": "akamai_sjc.ns689.oracleGeneral.bin.zst"
}