{
  "dram_cache_size": 1,
  "flash_cache_size": 134,
  "results": [
    {
      "hit": 2619415,
      "iteration": 0,
      "metrics": [
        {
          "admission_treshold": 0,
          "algorithm": "q-clock",
          "byte_inserted": 347020,
          "byte_miss": 347020,
          "byte_read": 2619415,
          "byte_reinserted": 78702,
          "hit": 2619415,
          "inserted": 347020,
          "layer": 0,
          "miss_ratio": 0.11698216883228518,
          "reinserted": 78702,
          "req": 2966435
        }
      ],
      "miss_ratio": 0.11698216883228518,
      "req": 2966435
    }
  ],
  "trace": "akamai_lax.ns728.oracleGeneral.bin.zst"
}