{
  "dram_cache_size": 25,
  "flash_cache_size": 2599,
  "results": [
    {
      "hit": 1072181,
      "iteration": 0,
      "metrics": [
        {
          "admission_treshold": 0,
          "algorithm": "qand-clock",
          "byte_inserted": 297017,
          "byte_miss": 297017,
          "byte_read": 1072181,
          "byte_reinserted": 38210,
          "hit": 1072181,
          "inserted": 297017,
          "layer": 0,
          "miss_ratio": 0.21692771973082048,
          "reinserted": 38210,
          "req": 1369198
        }
      ],
      "miss_ratio": 0.21692771973082048,
      "req": 1369198
    }
  ],
  "trace": "akamai_sjc.ns361.oracleGeneral.bin.zst"
}