{
  "dram_cache_size": 2,
  "flash_cache_size": 222,
  "results": [
    {
      "hit": 5916424,
      "iteration": 0,
      "metrics": [
        {
          "admission_treshold": 0,
          "algorithm": "qand-clock",
          "byte_inserted": 6216322,
          "byte_miss": 6216322,
          "byte_read": 5916424,
          "byte_reinserted": 2673030,
          "hit": 5916424,
          "inserted": 6216322,
          "layer": 0,
          "miss_ratio": 0.5123590323245867,
          "reinserted": 2673030,
          "req": 12132746
        }
      ],
      "miss_ratio": 0.5123590323245867,
      "req": 12132746
    }
  ],
  "trace": "akamai_sjc.ns66.oracleGeneral.bin.zst"
}