{
  "dram_cache_size": 60,
  "flash_cache_size": 6082,
  "results": [
    {
      "hit": 74063667,
      "iteration": 0,
      "metrics": [
        {
          "admission_treshold": 0,
          "algorithm": "qand-clock",
          "byte_inserted": 5807414,
          "byte_miss": 5807414,
          "byte_read": 74063667,
          "byte_reinserted": 5472960,
          "hit": 74063667,
          "inserted": 5807414,
          "layer": 0,
          "miss_ratio": 0.07270984600796881,
          "reinserted": 5472960,
          "req": 79871081
        }
      ],
      "miss_ratio": 0.07270984600796881,
      "req": 79871081
    }
  ],
  "trace": "ancestor_store_cache.0.oracleGeneral.sample10.zst"
}