{
  "dram_cache_size": 100,
  "flash_cache_size": 10071,
  "results": [
    {
      "hit": 13678685,
      "iteration": 0,
      "metrics": [
        {
          "admission_treshold": 0,
          "algorithm": "qor-clock",
          "byte_inserted": 15744194,
          "byte_miss": 15744194,
          "byte_read": 13678685,
          "byte_reinserted": 7359271,
          "hit": 13678685,
          "inserted": 15744194,
          "layer": 0,
          "miss_ratio": 0.5351003890543817,
          "reinserted": 7359271,
          "req": 29422879
        }
      ],
      "miss_ratio": 0.5351003890543817,
      "req": 29422879
    }
  ],
  "trace": "brand_surveys_segment_cache.0.oracleGeneral.sample10.zst"
}