{
  "dram_cache_size": 1,
  "flash_cache_size": 193,
  "results": [
    {
      "hit": 962953,
      "iteration": 0,
      "metrics": [
        {
          "admission_treshold": 0,
          "algorithm": "lru",
          "byte_inserted": 141274,
          "byte_miss": 141274,
          "byte_read": 962953,
          "byte_reinserted": 962953,
          "hit": 962953,
          "inserted": 141274,
          "layer": 0,
          "miss_ratio": 0.12793927335593136,
          "reinserted": 962953,
          "req": 1104227
        }
      ],
      "miss_ratio": 0.12793927335593136,
      "req": 1104227
    }
  ],
  "trace": "cf_allcolo.ns3943.oracleGeneral.zst"
}