{
  "dram_cache_size": 21,
  "flash_cache_size": 2119,
  "results": [
    {
      "hit": 71418553,
      "iteration": 0,
      "metrics": [
        {
          "admission_treshold": 0,
          "algorithm": "qor-clock",
          "byte_inserted": 248407,
          "byte_miss": 248407,
          "byte_read": 71418553,
          "byte_reinserted": 21207,
          "hit": 71418553,
          "inserted": 248407,
          "layer": 0,
          "miss_ratio": 0.0034661299990957906,
          "reinserted": 21207,
          "req": 71666960
        }
      ],
      "miss_ratio": 0.0034661299990957906,
      "req": 71666960
    }
  ],
  "trace": "cf_allcolo.ns102.oracleGeneral.zst"
}