{
  "dram_cache_size": 92,
  "flash_cache_size": 9253,
  "results": [
    {
      "hit": 6436782,
      "iteration": 0,
      "metrics": [
        {
          "admission_treshold": 0,
          "algorithm": "qtime-clock",
          "byte_inserted": 1736345,
          "byte_miss": 1736345,
          "byte_read": 6436782,
          "byte_reinserted": 1100023,
          "hit": 6436782,
          "inserted": 1736345,
          "layer": 0,
          "miss_ratio": 0.2124456159802729,
          "reinserted": 1100023,
          "req": 8173127
        }
      ],
      "miss_ratio": 0.2124456159802729,
      "req": 8173127
    }
  ],
  "trace": "cf_allcolo.ns817.oracleGeneral.zst"
}