{
  "dram_cache_size": 1,
  "flash_cache_size": 179,
  "results": [
    {
      "hit": 10051149,
      "iteration": 0,
      "metrics": [
        {
          "admission_treshold": 0,
          "algorithm": "q-clock",
          "byte_inserted": 26593,
          "byte_miss": 26593,
          "byte_read": 10051149,
          "byte_reinserted": 10331,
          "hit": 10051149,
          "inserted": 26593,
          "layer": 0,
          "miss_ratio": 0.002638785553351175,
          "reinserted": 10331,
          "req": 10077742
        }
      ],
      "miss_ratio": 0.002638785553351175,
      "req": 10077742
    }
  ],
  "trace": "cf_allcolo.ns2846.oracleGeneral.zst"
}