{
  "dram_cache_size": 2,
  "flash_cache_size": 223,
  "results": [
    {
      "hit": 4706014,
      "iteration": 0,
      "metrics": [
        {
          "admission_treshold": 0,
          "algorithm": "qand-clock",
          "byte_inserted": 184714,
          "byte_miss": 184714,
          "byte_read": 4706014,
          "byte_reinserted": 66841,
          "hit": 4706014,
          "inserted": 184714,
          "layer": 0,
          "miss_ratio": 0.03776820138024439,
          "reinserted": 66841,
          "req": 4890728
        }
      ],
      "miss_ratio": 0.03776820138024439,
      "req": 4890728
    }
  ],
  "trace": "cf_allcolo.ns686.oracleGeneral.zst"
}