{
  "dram_cache_size": 9,
  "flash_cache_size": 903,
  "results": [
    {
      "hit": 1022471,
      "iteration": 0,
      "metrics": [
        {
          "admission_treshold": 0,
          "algorithm": "lru",
          "byte_inserted": 20258,
          "byte_miss": 20258,
          "byte_read": 1022471,
          "byte_reinserted": 1022471,
          "hit": 1022471,
          "inserted": 20258,
          "layer": 0,
          "miss_ratio": 0.01942786668444052,
          "reinserted": 1022471,
          "req": 1042729
        }
      ],
      "miss_ratio": 0.01942786668444052,
      "req": 1042729
    }
  ],
  "trace": "cf_allcolo.ns10040.oracleGeneral.zst"
}