{
  "dram_cache_size": 1,
  "flash_cache_size": 134,
  "results": [
    {
      "hit": 10463614,
      "iteration": 0,
      "metrics": [
        {
          "admission_treshold": 0,
          "algorithm": "qor-clock",
          "byte_inserted": 4932658,
          "byte_miss": 4932658,
          "byte_read": 10463614,
          "byte_reinserted": 50153,
          "hit": 10463614,
          "inserted": 4932658,
          "layer": 0,
          "miss_ratio": 0.3203800244630648,
          "reinserted": 50153,
          "req": 15396272
        }
      ],
      "miss_ratio": 0.3203800244630648,
      "req": 15396272
    }
  ],
  "trace": "cf_allcolo.ns383.oracleGeneral.zst"
}