{
  "dram_cache_size": 26,
  "flash_cache_size": 2640,
  "results": [
    {
      "hit": 1288316,
      "iteration": 0,
      "metrics": [
        {
          "admission_treshold": 0,
          "algorithm": "qtime-clock",
          "byte_inserted": 246718,
          "byte_miss": 246718,
          "byte_read": 1288316,
          "byte_reinserted": 100834,
          "hit": 1288316,
          "inserted": 246718,
          "layer": 0,
          "miss_ratio": 0.16072477873454272,
          "reinserted": 100834,
          "req": 1535034
        }
      ],
      "miss_ratio": 0.16072477873454272,
      "req": 1535034
    }
  ],
  "trace": "cf_allcolo.ns1545.oracleGeneral.zst"
}