{
  "dram_cache_size": 39,
  "flash_cache_size": 3994,
  "results": [
    {
      "hit": 11278612,
      "iteration": 0,
      "metrics": [
        {
          "admission_treshold": 0,
          "algorithm": "qor-clock",
          "byte_inserted": 598646,
          "byte_miss": 598646,
          "byte_read": 11278612,
          "byte_reinserted": 9452,
          "hit": 11278612,
          "inserted": 598646,
          "layer": 0,
          "miss_ratio": 0.050402710794023364,
          "reinserted": 9452,
          "req": 11877258
        }
      ],
      "miss_ratio": 0.050402710794023364,
      "req": 11877258
    }
  ],
  "trace": "cf_allcolo.ns1782.oracleGeneral.zst"
}