{
  "dram_cache_size": 424,
  "flash_cache_size": 42429,
  "results": [
    {
      "hit": 45058832,
      "iteration": 0,
      "metrics": [
        {
          "admission_treshold": 0,
          "algorithm": "qtime-clock",
          "byte_inserted": 21940655,
          "byte_miss": 21940655,
          "byte_read": 45058832,
          "byte_reinserted": 1874647,
          "hit": 45058832,
          "inserted": 21940655,
          "layer": 0,
          "miss_ratio": 0.32747497006954696,
          "reinserted": 1874647,
          "req": 66999487
        }
      ],
      "miss_ratio": 0.32747497006954696,
      "req": 66999487
    }
  ],
  "trace": "cf_allcolo.ns56.oracleGeneral.zst"
}