{
  "dram_cache_size": 37,
  "flash_cache_size": 3720,
  "results": [
    {
      "hit": 3362738,
      "iteration": 0,
      "metrics": [
        {
          "admission_treshold": 0,
          "algorithm": "offline-clock",
          "byte_inserted": 62713,
          "byte_miss": 62713,
          "byte_read": 3362738,
          "byte_reinserted": 91691,
          "hit": 3362738,
          "inserted": 62713,
          "layer": 0,
          "miss_ratio": 0.018307954193476972,
          "reinserted": 91691,
          "req": 3425451
        }
      ],
      "miss_ratio": 0.018307954193476972,
      "req": 3425451
    },
    {
      "hit": 3363419,
      "iteration": 1,
      "metrics": [
        {
          "admission_treshold": 0,
          "algorithm": "offline-clock",
          "byte_inserted": 124745,
          "byte_miss": 124745,
          "byte_read": 6726157,
          "byte_reinserted": 106694,
          "hit": 3363419,
          "inserted": 62032,
          "layer": 0,
          "miss_ratio": 0.018109148255222474,
          "reinserted": 15003,
          "req": 3425451
        }
      ],
      "miss_ratio": 0.018109148255222474,
      "req": 3425451
    }
  ],
  "trace": "cf_allcolo.ns858.oracleGeneral.zst"
}