{
  "dram_cache_size": 67,
  "flash_cache_size": 6739,
  "results": [
    {
      "hit": 2469146,
      "iteration": 0,
      "metrics": [
        {
          "admission_treshold": 0,
          "algorithm": "qand-clock",
          "byte_inserted": 2393045,
          "byte_miss": 2393045,
          "byte_read": 2469146,
          "byte_reinserted": 1160150,
          "hit": 2469146,
          "inserted": 2393045,
          "layer": 0,
          "miss_ratio": 0.49217420706015047,
          "reinserted": 1160150,
          "req": 4862191
        }
      ],
      "miss_ratio": 0.49217420706015047,
      "req": 4862191
    }
  ],
  "trace": "cf_allcolo.ns2908.oracleGeneral.zst"
}