{
  "dram_cache_size": 66,
  "flash_cache_size": 6688,
  "results": [
    {
      "hit": 25373775,
      "iteration": 0,
      "metrics": [
        {
          "admission_treshold": 0,
          "algorithm": "qand-clock",
          "byte_inserted": 673727,
          "byte_miss": 673727,
          "byte_read": 25373775,
          "byte_reinserted": 306206,
          "hit": 25373775,
          "inserted": 673727,
          "layer": 0,
          "miss_ratio": 0.025865320981643514,
          "reinserted": 306206,
          "req": 26047502
        }
      ],
      "miss_ratio": 0.025865320981643514,
      "req": 26047502
    }
  ],
  "trace": "cf_allcolo.ns857.oracleGeneral.zst"
}