{
  "dram_cache_size": 2,
  "flash_cache_size": 294,
  "results": [
    {
      "hit": 16569318,
      "iteration": 0,
      "metrics": [
        {
          "admission_treshold": 0,
          "algorithm": "qand-clock",
          "byte_inserted": 3198190,
          "byte_miss": 3198190,
          "byte_read": 16569318,
          "byte_reinserted": 1459814,
          "hit": 16569318,
          "inserted": 3198190,
          "layer": 0,
          "miss_ratio": 0.1617902469041621,
          "reinserted": 1459814,
          "req": 19767508
        }
      ],
      "miss_ratio": 0.1617902469041621,
      "req": 19767508
    }
  ],
  "trace": "cf_allcolo.ns72.oracleGeneral.zst"
}