{
  "dram_cache_size": 21,
  "flash_cache_size": 2141,
  "results": [
    {
      "hit": 3724370,
      "iteration": 0,
      "metrics": [
        {
          "admission_treshold": 0,
          "algorithm": "q-clock",
          "byte_inserted": 4835501,
          "byte_miss": 4835501,
          "byte_read": 3724370,
          "byte_reinserted": 1582690,
          "hit": 3724370,
          "inserted": 4835501,
          "layer": 0,
          "miss_ratio": 0.5649034897838998,
          "reinserted": 1582690,
          "req": 8559871
        }
      ],
      "miss_ratio": 0.5649034897838998,
      "req": 8559871
    }
  ],
  "trace": "cf_allcolo.ns294.oracleGeneral.zst"
}