{
  "dram_cache_size": 195,
  "flash_cache_size": 19539,
  "results": [
    {
      "hit": 232696915,
      "iteration": 0,
      "metrics": [
        {
          "admission_treshold": 0,
          "algorithm": "qand-clock",
          "byte_inserted": 15561747,
          "byte_miss": 15561747,
          "byte_read": 232696915,
          "byte_reinserted": 4797306,
          "hit": 232696915,
          "inserted": 15561747,
          "layer": 0,
          "miss_ratio": 0.06268360134801665,
          "reinserted": 4797306,
          "req": 248258662
        }
      ],
      "miss_ratio": 0.06268360134801665,
      "req": 248258662
    }
  ],
  "trace": "cf_allcolo.ns101.oracleGeneral.zst"
}