{
  "dram_cache_size": 18,
  "flash_cache_size": 1817,
  "results": [
    {
      "hit": 1642914,
      "iteration": 0,
      "metrics": [
        {
          "admission_treshold": 0,
          "algorithm": "qor-clock",
          "byte_inserted": 2529345,
          "byte_miss": 2529345,
          "byte_read": 1642914,
          "byte_reinserted": 246621,
          "hit": 1642914,
          "inserted": 2529345,
          "layer": 0,
          "miss_ratio": 0.6062291434927698,
          "reinserted": 246621,
          "req": 4172259
        }
      ],
      "miss_ratio": 0.6062291434927698,
      "req": 4172259
    }
  ],
  "trace": "cf_allcolo.ns1907.oracleGeneral.zst"
}