{
  "dram_cache_size": 957,
  "flash_cache_size": 95739,
  "results": [
    {
      "hit": 16439842,
      "iteration": 0,
      "metrics": [
        {
          "admission_treshold": 0,
          "algorithm": "qtime-clock",
          "byte_inserted": 975135,
          "byte_miss": 975135,
          "byte_read": 16439842,
          "byte_reinserted": 6000,
          "hit": 16439842,
          "inserted": 975135,
          "layer": 0,
          "miss_ratio": 0.05599404466626623,
          "reinserted": 6000,
          "req": 17414977
        }
      ],
      "miss_ratio": 0.05599404466626623,
      "req": 17414977
    }
  ],
  "trace": "cf_allcolo.ns270.oracleGeneral.zst"
}