{
  "dram_cache_size": 0,
  "flash_cache_size": 25,
  "results": [
    {
      "hit": 2634155,
      "iteration": 0,
      "metrics": [
        {
          "admission_treshold": 0,
          "algorithm": "qtime-clock",
          "byte_inserted": 266828,
          "byte_miss": 266828,
          "byte_read": 2634155,
          "byte_reinserted": 85088,
          "hit": 2634155,
          "inserted": 266828,
          "layer": 0,
          "miss_ratio": 0.09197847764016542,
          "reinserted": 85088,
          "req": 2900983
        }
      ],
      "miss_ratio": 0.09197847764016542,
      "req": 2900983
    }
  ],
  "trace": "cf_allcolo.ns1379.oracleGeneral.zst"
}