{
  "dram_cache_size": 1,
  "flash_cache_size": 182,
  "results": [
    {
      "hit": 1147452,
      "iteration": 0,
      "metrics": [
        {
          "admission_treshold": 0,
          "algorithm": "qtime-clock",
          "byte_inserted": 33822,
          "byte_miss": 33822,
          "byte_read": 1147452,
          "byte_reinserted": 14939,
          "hit": 1147452,
          "inserted": 33822,
          "layer": 0,
          "miss_ratio": 0.028631799226936372,
          "reinserted": 14939,
          "req": 1181274
        }
      ],
      "miss_ratio": 0.028631799226936372,
      "req": 1181274
    }
  ],
  "trace": "cf_allcolo.ns2609.oracleGeneral.zst"
}