{
  "dram_cache_size": 19,
  "flash_cache_size": 1914,
  "results": [
    {
      "hit": 1561620,
      "iteration": 0,
      "metrics": [
        {
          "admission_treshold": 0,
          "algorithm": "qor-clock",
          "byte_inserted": 2758447,
          "byte_miss": 2758447,
          "byte_read": 1561620,
          "byte_reinserted": 7559,
          "hit": 1561620,
          "inserted": 2758447,
          "layer": 0,
          "miss_ratio": 0.6385194951837552,
          "reinserted": 7559,
          "req": 4320067
        }
      ],
      "miss_ratio": 0.6385194951837552,
      "req": 4320067
    }
  ],
  "trace": "cf_allcolo.ns374.oracleGeneral.zst"
}