{
  "dram_cache_size": 0,
  "flash_cache_size": 85,
  "results": [
    {
      "hit": 1098336,
      "iteration": 0,
      "metrics": [
        {
          "admission_treshold": 0,
          "algorithm": "q-clock",
          "byte_inserted": 14618,
          "byte_miss": 14618,
          "byte_read": 1098336,
          "byte_reinserted": 42757,
          "hit": 1098336,
          "inserted": 14618,
          "layer": 0,
          "miss_ratio": 0.013134415258851617,
          "reinserted": 42757,
          "req": 1112954
        }
      ],
      "miss_ratio": 0.013134415258851617,
      "req": 1112954
    }
  ],
  "trace": "cf_allcolo.ns54664.oracleGeneral.zst"
}