{
  "dram_cache_size": 10,
  "flash_cache_size": 1003,
  "results": [
    {
      "hit": 1829520,
      "iteration": 0,
      "metrics": [
        {
          "admission_treshold": 0,
          "algorithm": "qtime-clock",
          "byte_inserted": 293917,
          "byte_miss": 293917,
          "byte_read": 1829520,
          "byte_reinserted": 250727,
          "hit": 1829520,
          "inserted": 293917,
          "layer": 0,
          "miss_ratio": 0.13841569116484265,
          "reinserted": 250727,
          "req": 2123437
        }
      ],
      "miss_ratio": 0.13841569116484265,
      "req": 2123437
    }
  ],
  "trace": "cf_allcolo.ns2930.oracleGeneral.zst"
}