{
  "dram_cache_size": 1,
  "flash_cache_size": 100,
  "results": [
    {
      "hit": 1975276,
      "iteration": 0,
      "metrics": [
        {
          "admission_treshold": 0,
          "algorithm": "qor-clock",
          "byte_inserted": 4403278,
          "byte_miss": 4403278,
          "byte_read": 1975276,
          "byte_reinserted": 12464,
          "hit": 1975276,
          "inserted": 4403278,
          "layer": 0,
          "miss_ratio": 0.6903254248533446,
          "reinserted": 12464,
          "req": 6378554
        }
      ],
      "miss_ratio": 0.6903254248533446,
      "req": 6378554
    }
  ],
  "trace": "cf_allcolo.ns301.oracleGeneral.zst"
}