{
  "dram_cache_size": 13,
  "flash_cache_size": 1368,
  "results": [
    {
      "hit": 1341009,
      "iteration": 0,
      "metrics": [
        {
          "admission_treshold": 0,
          "algorithm": "qor-clock",
          "byte_inserted": 1639752,
          "byte_miss": 1639752,
          "byte_read": 1341009,
          "byte_reinserted": 519,
          "hit": 1341009,
          "inserted": 1639752,
          "layer": 0,
          "miss_ratio": 0.5501118674056726,
          "reinserted": 519,
          "req": 2980761
        }
      ],
      "miss_ratio": 0.5501118674056726,
      "req": 2980761
    }
  ],
  "trace": "cf_allcolo.ns2117.oracleGeneral.zst"
}