{
  "dram_cache_size": 47,
  "flash_cache_size": 4751,
  "results": [
    {
      "hit": 816691,
      "iteration": 0,
      "metrics": [
        {
          "admission_treshold": 0,
          "algorithm": "qand-clock",
          "byte_inserted": 2000101,
          "byte_miss": 2000101,
          "byte_read": 816691,
          "byte_reinserted": 337445,
          "hit": 816691,
          "inserted": 2000101,
          "layer": 0,
          "miss_ratio": 0.7100634338637712,
          "reinserted": 337445,
          "req": 2816792
        }
      ],
      "miss_ratio": 0.7100634338637712,
      "req": 2816792
    }
  ],
  "trace": "cf_allcolo.ns444.oracleGeneral.zst"
}