{
  "dram_cache_size": 1,
  "flash_cache_size": 109,
  "results": [
    {
      "hit": 3708068,
      "iteration": 0,
      "metrics": [
        {
          "admission_treshold": 0,
          "algorithm": "lru",
          "byte_inserted": 1519,
          "byte_miss": 1519,
          "byte_read": 3708068,
          "byte_reinserted": 3708068,
          "hit": 3708068,
          "inserted": 1519,
          "layer": 0,
          "miss_ratio": 0.00040947954583625545,
          "reinserted": 3708068,
          "req": 3709587
        }
      ],
      "miss_ratio": 0.00040947954583625545,
      "req": 3709587
    }
  ],
  "trace": "cf_allcolo.ns1809.oracleGeneral.zst"
}