{
  "dram_cache_size": 19,
  "flash_cache_size": 1911,
  "results": [
    {
      "hit": 1805984,
      "iteration": 0,
      "metrics": [
        {
          "admission_treshold": 0,
          "algorithm": "lru",
          "byte_inserted": 2565211,
          "byte_miss": 2565211,
          "byte_read": 1805984,
          "byte_reinserted": 1805984,
          "hit": 1805984,
          "inserted": 2565211,
          "layer": 0,
          "miss_ratio": 0.5868443297542205,
          "reinserted": 1805984,
          "req": 4371195
        }
      ],
      "miss_ratio": 0.5868443297542205,
      "req": 4371195
    }
  ],
  "trace": "cf_allcolo.ns3397.oracleGeneral.zst"
}