{
  "dram_cache_size": 115,
  "flash_cache_size": 11560,
  "results": [
    {
      "hit": 4037083,
      "iteration": 0,
      "metrics": [
        {
          "admission_treshold": 0,
          "algorithm": "q-clock",
          "byte_inserted": 612729,
          "byte_miss": 612729,
          "byte_read": 4037083,
          "byte_reinserted": 259383,
          "hit": 4037083,
          "inserted": 612729,
          "layer": 0,
          "miss_ratio": 0.13177500509698026,
          "reinserted": 259383,
          "req": 4649812
        }
      ],
      "miss_ratio": 0.13177500509698026,
      "req": 4649812
    }
  ],
  "trace": "cf_allcolo.ns2096.oracleGeneral.zst"
}