{
  "dram_cache_size": 9,
  "flash_cache_size": 921,
  "results": [
    {
      "hit": 35539099,
      "iteration": 0,
      "metrics": [
        {
          "admission_treshold": 0,
          "algorithm": "qor-clock",
          "byte_inserted": 10793106,
          "byte_miss": 10793106,
          "byte_read": 35539099,
          "byte_reinserted": 131073,
          "hit": 35539099,
          "inserted": 10793106,
          "layer": 0,
          "miss_ratio": 0.23295040674191958,
          "reinserted": 131073,
          "req": 46332205
        }
      ],
      "miss_ratio": 0.23295040674191958,
      "req": 46332205
    }
  ],
  "trace": "cf_allcolo.ns284.oracleGeneral.zst"
}