{
  "dram_cache_size": 4,
  "flash_cache_size": 413,
  "results": [
    {
      "hit": 20322467,
      "iteration": 0,
      "metrics": [
        {
          "admission_treshold": 0,
          "algorithm": "qor-clock",
          "byte_inserted": 1003075,
          "byte_miss": 1003075,
          "byte_read": 20322467,
          "byte_reinserted": 109949,
          "hit": 20322467,
          "inserted": 1003075,
          "layer": 0,
          "miss_ratio": 0.047036319170692176,
          "reinserted": 109949,
          "req": 21325542
        }
      ],
      "miss_ratio": 0.047036319170692176,
      "req": 21325542
    }
  ],
  "trace": "cf_allcolo.ns166.oracleGeneral.zst"
}