{
  "dram_cache_size": 4,
  "flash_cache_size": 403,
  "results": [
    {
      "hit": 10015126,
      "iteration": 0,
      "metrics": [
        {
          "admission_treshold": 0,
          "algorithm": "q-clock",
          "byte_inserted": 1086331,
          "byte_miss": 1086331,
          "byte_read": 10015126,
          "byte_reinserted": 505278,
          "hit": 10015126,
          "inserted": 1086331,
          "layer": 0,
          "miss_ratio": 0.09785481311146815,
          "reinserted": 505278,
          "req": 11101457
        }
      ],
      "miss_ratio": 0.09785481311146815,
      "req": 11101457
    }
  ],
  "trace": "cf_allcolo.ns977.oracleGeneral.zst"
}