{
  "dram_cache_size": 2,
  "flash_cache_size": 225,
  "results": [
    {
      "hit": 8433596,
      "iteration": 0,
      "metrics": [
        {
          "admission_treshold": 0,
          "algorithm": "qor-clock",
          "byte_inserted": 276269,
          "byte_miss": 276269,
          "byte_read": 8433596,
          "byte_reinserted": 21688,
          "hit": 8433596,
          "inserted": 276269,
          "layer": 0,
          "miss_ratio": 0.031719090938837735,
          "reinserted": 21688,
          "req": 8709865
        }
      ],
      "miss_ratio": 0.031719090938837735,
      "req": 8709865
    }
  ],
  "trace": "cf_allcolo.ns952.oracleGeneral.zst"
}