{
  "dram_cache_size": 0,
  "flash_cache_size": 3,
  "results": [
    {
      "hit": 2004770,
      "iteration": 0,
      "metrics": [
        {
          "admission_treshold": 0,
          "algorithm": "qtime-clock",
          "byte_inserted": 6828823,
          "byte_miss": 6828823,
          "byte_read": 2004770,
          "byte_reinserted": 1542005,
          "hit": 2004770,
          "inserted": 6828823,
          "layer": 0,
          "miss_ratio": 0.7730515770876019,
          "reinserted": 1542005,
          "req": 8833593
        }
      ],
      "miss_ratio": 0.7730515770876019,
      "req": 8833593
    }
  ],
  "trace": "cf_allcolo.ns831.oracleGeneral.zst"
}