{
  "dram_cache_size": 0,
  "flash_cache_size": 24,
  "results": [
    {
      "hit": 20344745,
      "iteration": 0,
      "metrics": [
        {
          "admission_treshold": 0,
          "algorithm": "qor-clock",
          "byte_inserted": 3545238,
          "byte_miss": 3545238,
          "byte_read": 20344745,
          "byte_reinserted": 187570,
          "hit": 20344745,
          "inserted": 3545238,
          "layer": 0,
          "miss_ratio": 0.14839851497592105,
          "reinserted": 187570,
          "req": 23889983
        }
      ],
      "miss_ratio": 0.14839851497592105,
      "req": 23889983
    }
  ],
  "trace": "cf_allcolo.ns390.oracleGeneral.zst"
}