{
  "dram_cache_size": 7,
  "flash_cache_size": 785,
  "results": [
    {
      "hit": 1050957,
      "iteration": 0,
      "metrics": [
        {
          "admission_treshold": 0,
          "algorithm": "qor-clock",
          "byte_inserted": 420927,
          "byte_miss": 420927,
          "byte_read": 1050957,
          "byte_reinserted": 63891,
          "hit": 1050957,
          "inserted": 420927,
          "layer": 0,
          "miss_ratio": 0.28597837873093257,
          "reinserted": 63891,
          "req": 1471884
        }
      ],
      "miss_ratio": 0.28597837873093257,
      "req": 1471884
    }
  ],
  "trace": "cf_allcolo.ns2161.oracleGeneral.zst"
}