{
  "dram_cache_size": 7,
  "flash_cache_size": 707,
  "results": [
    {
      "hit": 2128259,
      "iteration": 0,
      "metrics": [
        {
          "admission_treshold": 0,
          "algorithm": "qand-clock",
          "byte_inserted": 2228514,
          "byte_miss": 2228514,
          "byte_read": 2128259,
          "byte_reinserted": 683810,
          "hit": 2128259,
          "inserted": 2228514,
          "layer": 0,
          "miss_ratio": 0.5115056487909744,
          "reinserted": 683810,
          "req": 4356773
        }
      ],
      "miss_ratio": 0.5115056487909744,
      "req": 4356773
    }
  ],
  "trace": "cf_allcolo.ns724.oracleGeneral.zst"
}