{
  "dram_cache_size": 0,
  "flash_cache_size": 10,
  "results": [
    {
      "hit": 4509347,
      "iteration": 0,
      "metrics": [
        {
          "admission_treshold": 0,
          "algorithm": "qor-clock",
          "byte_inserted": 14683,
          "byte_miss": 14683,
          "byte_read": 4509347,
          "byte_reinserted": 10879,
          "hit": 4509347,
          "inserted": 14683,
          "layer": 0,
          "miss_ratio": 0.003245557611244787,
          "reinserted": 10879,
          "req": 4524030
        }
      ],
      "miss_ratio": 0.003245557611244787,
      "req": 4524030
    }
  ],
  "trace": "cf_allcolo.ns1234.oracleGeneral.zst"
}