{
  "dram_cache_size": 1,
  "flash_cache_size": 175,
  "results": [
    {
      "hit": 5622373,
      "iteration": 0,
      "metrics": [
        {
          "admission_treshold": 0,
          "algorithm": "qor-clock",
          "byte_inserted": 20160,
          "byte_miss": 20160,
          "byte_read": 5622373,
          "byte_reinserted": 5304,
          "hit": 5622373,
          "inserted": 20160,
          "layer": 0,
          "miss_ratio": 0.0035728634639797807,
          "reinserted": 5304,
          "req": 5642533
        }
      ],
      "miss_ratio": 0.0035728634639797807,
      "req": 5642533
    }
  ],
  "trace": "cf_allcolo.ns481.oracleGeneral.zst"
}