{
  "dram_cache_size": 0,
  "flash_cache_size": 17,
  "results": [
    {
      "hit": 1129709,
      "iteration": 0,
      "metrics": [
        {
          "admission_treshold": 0,
          "algorithm": "qtime-clock",
          "byte_inserted": 774706,
          "byte_miss": 774706,
          "byte_read": 1129709,
          "byte_reinserted": 510692,
          "hit": 1129709,
          "inserted": 774706,
          "layer": 0,
          "miss_ratio": 0.4067947374915657,
          "reinserted": 510692,
          "req": 1904415
        }
      ],
      "miss_ratio": 0.4067947374915657,
      "req": 1904415
    }
  ],
  "trace": "cf_allcolo.ns1814.oracleGeneral.zst"
}