{
  "dram_cache_size": 965,
  "flash_cache_size": 96560,
  "results": [
    {
      "hit": 5180503,
      "iteration": 0,
      "metrics": [
        {
          "admission_treshold": 0,
          "algorithm": "q-clock",
          "byte_inserted": 1284940,
          "byte_miss": 1284940,
          "byte_read": 5180503,
          "byte_reinserted": 589852,
          "hit": 5180503,
          "inserted": 1284940,
          "layer": 0,
          "miss_ratio": 0.19873966872803617,
          "reinserted": 589852,
          "req": 6465443
        }
      ],
      "miss_ratio": 0.19873966872803617,
      "req": 6465443
    }
  ],
  "trace": "cf_allcolo.ns2533.oracleGeneral.zst"
}