{
  "dram_cache_size": 52,
  "flash_cache_size": 5200,
  "results": [
    {
      "hit": 2207332,
      "iteration": 0,
      "metrics": [
        {
          "admission_treshold": 0,
          "algorithm": "offline-clock",
          "byte_inserted": 91949,
          "byte_miss": 91949,
          "byte_read": 2207332,
          "byte_reinserted": 99769,
          "hit": 2207332,
          "inserted": 91949,
          "layer": 0,
          "miss_ratio": 0.039990327411047244,
          "reinserted": 99769,
          "req": 2299281
        }
      ],
      "miss_ratio": 0.039990327411047244,
      "req": 2299281
    },
    {
      "hit": 2207816,
      "iteration": 1,
      "metrics": [
        {
          "admission_treshold": 0,
          "algorithm": "offline-clock",
          "byte_inserted": 183414,
          "byte_miss": 183414,
          "byte_read": 4415148,
          "byte_reinserted": 102625,
          "hit": 2207816,
          "inserted": 91465,
          "layer": 0,
          "miss_ratio": 0.03977982682412462,
          "reinserted": 2856,
          "req": 2299281
        }
      ],
      "miss_ratio": 0.03977982682412462,
      "req": 2299281
    }
  ],
  "trace": "cf_allcolo.ns1644.oracleGeneral.zst"
}