{
  "dram_cache_size": 104,
  "flash_cache_size": 10426,
  "results": [
    {
      "hit": 2103876,
      "iteration": 0,
      "metrics": [
        {
          "admission_treshold": 0,
          "algorithm": "qand-clock",
          "byte_inserted": 5826439,
          "byte_miss": 5826439,
          "byte_read": 2103876,
          "byte_reinserted": 710792,
          "hit": 2103876,
          "inserted": 5826439,
          "layer": 0,
          "miss_ratio": 0.7347046113552866,
          "reinserted": 710792,
          "req": 7930315
        }
      ],
      "miss_ratio": 0.7347046113552866,
      "req": 7930315
    }
  ],
  "trace": "cf_allcolo.ns692.oracleGeneral.zst"
}