{
  "dram_cache_size": 6,
  "flash_cache_size": 644,
  "results": [
    {
      "hit": 2608110,
      "iteration": 0,
      "metrics": [
        {
          "admission_treshold": 0,
          "algorithm": "qor-clock",
          "byte_inserted": 113418,
          "byte_miss": 113418,
          "byte_read": 2608110,
          "byte_reinserted": 38138,
          "hit": 2608110,
          "inserted": 113418,
          "layer": 0,
          "miss_ratio": 0.041674382920183106,
          "reinserted": 38138,
          "req": 2721528
        }
      ],
      "miss_ratio": 0.041674382920183106,
      "req": 2721528
    }
  ],
  "trace": "cf_allcolo.ns2343.oracleGeneral.zst"
}