{
  "dram_cache_size": 5,
  "flash_cache_size": 596,
  "results": [
    {
      "hit": 10659129,
      "iteration": 0,
      "metrics": [
        {
          "admission_treshold": 0,
          "algorithm": "qtime-clock",
          "byte_inserted": 706750,
          "byte_miss": 706750,
          "byte_read": 10659129,
          "byte_reinserted": 383943,
          "hit": 10659129,
          "inserted": 706750,
          "layer": 0,
          "miss_ratio": 0.06218172831155422,
          "reinserted": 383943,
          "req": 11365879
        }
      ],
      "miss_ratio": 0.06218172831155422,
      "req": 11365879
    }
  ],
  "trace": "cf_allcolo.ns454.oracleGeneral.zst"
}