{
  "dram_cache_size": 0,
  "flash_cache_size": 12,
  "results": [
    {
      "hit": 801027,
      "iteration": 0,
      "metrics": [
        {
          "admission_treshold": 0,
          "algorithm": "qor-clock",
          "byte_inserted": 611045,
          "byte_miss": 611045,
          "byte_read": 801027,
          "byte_reinserted": 263690,
          "hit": 801027,
          "inserted": 611045,
          "layer": 0,
          "miss_ratio": 0.43272935091128495,
          "reinserted": 263690,
          "req": 1412072
        }
      ],
      "miss_ratio": 0.43272935091128495,
      "req": 1412072
    }
  ],
  "trace": "cf_allcolo.ns2601.oracleGeneral.zst"
}