{
  "dram_cache_size": 65,
  "flash_cache_size": 6570,
  "results": [
    {
      "hit": 2239482,
      "iteration": 0,
      "metrics": [
        {
          "admission_treshold": 0,
          "algorithm": "qor-clock",
          "byte_inserted": 715799,
          "byte_miss": 715799,
          "byte_read": 2239482,
          "byte_reinserted": 3991,
          "hit": 2239482,
          "inserted": 715799,
          "layer": 0,
          "miss_ratio": 0.24221013162538518,
          "reinserted": 3991,
          "req": 2955281
        }
      ],
      "miss_ratio": 0.24221013162538518,
      "req": 2955281
    }
  ],
  "trace": "cf_allcolo.ns597.oracleGeneral.zst"
}