{
  "dram_cache_size": 0,
  "flash_cache_size": 2,
  "results": [
    {
      "hit": 2917533,
      "iteration": 0,
      "metrics": [
        {
          "admission_treshold": 0,
          "algorithm": "lru",
          "byte_inserted": 1970071,
          "byte_miss": 1970071,
          "byte_read": 2917533,
          "byte_reinserted": 2917533,
          "hit": 2917533,
          "inserted": 1970071,
          "layer": 0,
          "miss_ratio": 0.40307500362140636,
          "reinserted": 2917533,
          "req": 4887604
        }
      ],
      "miss_ratio": 0.40307500362140636,
      "req": 4887604
    }
  ],
  "trace": "cf_allcolo.ns2172.oracleGeneral.zst"
}