{
  "dram_cache_size": 17,
  "flash_cache_size": 1770,
  "results": [
    {
      "hit": 1328911,
      "iteration": 0,
      "metrics": [
        {
          "admission_treshold": 0,
          "algorithm": "offline-clock",
          "byte_inserted": 52094,
          "byte_miss": 52094,
          "byte_read": 1328911,
          "byte_reinserted": 25503,
          "hit": 1328911,
          "inserted": 52094,
          "layer": 0,
          "miss_ratio": 0.037721804048500895,
          "reinserted": 25503,
          "req": 1381005
        }
      ],
      "miss_ratio": 0.037721804048500895,
      "req": 1381005
    },
    {
      "hit": 1330617,
      "iteration": 1,
      "metrics": [
        {
          "admission_treshold": 0,
          "algorithm": "offline-clock",
          "byte_inserted": 102482,
          "byte_miss": 102482,
          "byte_read": 2659528,
          "byte_reinserted": 35850,
          "hit": 1330617,
          "inserted": 50388,
          "layer": 0,
          "miss_ratio": 0.03648647180857423,
          "reinserted": 10347,
          "req": 1381005
        }
      ],
      "miss_ratio": 0.03648647180857423,
      "req": 1381005
    }
  ],
  "trace": "cf_allcolo.ns3797.oracleGeneral.zst"
}