{
  "dram_cache_size": 0,
  "flash_cache_size": 23,
  "results": [
    {
      "hit": 1564172,
      "iteration": 0,
      "metrics": [
        {
          "admission_treshold": 0,
          "algorithm": "qtime-clock",
          "byte_inserted": 255819,
          "byte_miss": 255819,
          "byte_read": 1564172,
          "byte_reinserted": 47225,
          "hit": 1564172,
          "inserted": 255819,
          "layer": 0,
          "miss_ratio": 0.14056058518970693,
          "reinserted": 47225,
          "req": 1819991
        }
      ],
      "miss_ratio": 0.14056058518970693,
      "req": 1819991
    }
  ],
  "trace": "cf_allcolo.ns3490.oracleGeneral.zst"
}