{
  "dram_cache_size": 608,
  "flash_cache_size": 60871,
  "results": [
    {
      "hit": 21296411,
      "iteration": 0,
      "metrics": [
        {
          "admission_treshold": 0,
          "algorithm": "offline-clock",
          "byte_inserted": 610400,
          "byte_miss": 610400,
          "byte_read": 21296411,
          "byte_reinserted": 31864,
          "hit": 21296411,
          "inserted": 610400,
          "layer": 0,
          "miss_ratio": 0.027863480449071276,
          "reinserted": 31864,
          "req": 21906811
        }
      ],
      "miss_ratio": 0.027863480449071276,
      "req": 21906811
    },
    {
      "hit": 21296409,
      "iteration": 1,
      "metrics": [
        {
          "admission_treshold": 0,
          "algorithm": "offline-clock",
          "byte_inserted": 1220802,
          "byte_miss": 1220802,
          "byte_read": 42592820,
          "byte_reinserted": 41625,
          "hit": 21296409,
          "inserted": 610402,
          "layer": 0,
          "miss_ratio": 0.027863571744878746,
          "reinserted": 9761,
          "req": 21906811
        }
      ],
      "miss_ratio": 0.027863571744878746,
      "req": 21906811
    }
  ],
  "trace": "cf_allcolo.ns175.oracleGeneral.zst"
}