{
  "dram_cache_size": 66,
  "flash_cache_size": 6675,
  "results": [
    {
      "hit": 54730289,
      "iteration": 0,
      "metrics": [
        {
          "admission_treshold": 0,
          "algorithm": "qauto",
          "byte_inserted": 672605,
          "byte_miss": 672605,
          "byte_read": 54730289,
          "byte_reinserted": 237461,
          "hit": 54730289,
          "inserted": 672605,
          "layer": 0,
          "miss_ratio": 0.012140250290896382,
          "reinserted": 237461,
          "req": 55402894
        }
      ],
      "miss_ratio": 0.012140250290896382,
      "req": 55402894
    }
  ],
  "trace": "cf_allcolo.ns417.oracleGeneral.zst"
}