{
  "dram_cache_size": 3,
  "flash_cache_size": 303,
  "results": [
    {
      "hit": 1081945,
      "iteration": 0,
      "metrics": [
        {
          "admission_treshold": 0,
          "algorithm": "lru",
          "byte_inserted": 6298,
          "byte_miss": 6298,
          "byte_read": 1081945,
          "byte_reinserted": 1081945,
          "hit": 1081945,
          "inserted": 6298,
          "layer": 0,
          "miss_ratio": 0.005787310370937382,
          "reinserted": 1081945,
          "req": 1088243
        }
      ],
      "miss_ratio": 0.005787310370937382,
      "req": 1088243
    }
  ],
  "trace": "cf_allcolo.ns5054.oracleGeneral.zst"
}