{
  "dram_cache_size": 25,
  "flash_cache_size": 2503,
  "results": [
    {
      "hit": 1835891,
      "iteration": 0,
      "metrics": [
        {
          "admission_treshold": 0,
          "algorithm": "qor-clock",
          "byte_inserted": 528706,
          "byte_miss": 528706,
          "byte_read": 1835891,
          "byte_reinserted": 5872,
          "hit": 1835891,
          "inserted": 528706,
          "layer": 0,
          "miss_ratio": 0.22359243456707423,
          "reinserted": 5872,
          "req": 2364597
        }
      ],
      "miss_ratio": 0.22359243456707423,
      "req": 2364597
    }
  ],
  "trace": "cf_allcolo.ns981.oracleGeneral.zst"
}