{
  "dram_cache_size": 19,
  "flash_cache_size": 1908,
  "results": [
    {
      "hit": 1668252,
      "iteration": 0,
      "metrics": [
        {
          "admission_treshold": 0,
          "algorithm": "qand-clock",
          "byte_inserted": 2595051,
          "byte_miss": 2595051,
          "byte_read": 1668252,
          "byte_reinserted": 274597,
          "hit": 1668252,
          "inserted": 2595051,
          "layer": 0,
          "miss_ratio": 0.6086949484941605,
          "reinserted": 274597,
          "req": 4263303
        }
      ],
      "miss_ratio": 0.6086949484941605,
      "req": 4263303
    }
  ],
  "trace": "cf_allcolo.ns1174.oracleGeneral.zst"
}