{
  "dram_cache_size": 42,
  "flash_cache_size": 4263,
  "results": [
    {
      "hit": 1610381,
      "iteration": 0,
      "metrics": [
        {
          "admission_treshold": 0,
          "algorithm": "q-clock",
          "byte_inserted": 584899,
          "byte_miss": 584899,
          "byte_read": 1610381,
          "byte_reinserted": 136821,
          "hit": 1610381,
          "inserted": 584899,
          "layer": 0,
          "miss_ratio": 0.2664348055828869,
          "reinserted": 136821,
          "req": 2195280
        }
      ],
      "miss_ratio": 0.2664348055828869,
      "req": 2195280
    }
  ],
  "trace": "cf_allcolo.ns2374.oracleGeneral.zst"
}