{
  "dram_cache_size": 18,
  "flash_cache_size": 1808,
  "results": [
    {
      "hit": 1462676,
      "iteration": 0,
      "metrics": [
        {
          "admission_treshold": 0,
          "algorithm": "qtime-clock",
          "byte_inserted": 2277164,
          "byte_miss": 2277164,
          "byte_read": 1462676,
          "byte_reinserted": 608795,
          "hit": 1462676,
          "inserted": 2277164,
          "layer": 0,
          "miss_ratio": 0.6088934285958758,
          "reinserted": 608795,
          "req": 3739840
        }
      ],
      "miss_ratio": 0.6088934285958758,
      "req": 3739840
    }
  ],
  "trace": "cf_allcolo.ns1247.oracleGeneral.zst"
}