{
  "dram_cache_size": 230,
  "flash_cache_size": 23052,
  "results": [
    {
      "hit": 337966,
      "iteration": 0,
      "metrics": [
        {
          "admission_treshold": 0,
          "algorithm": "qor-clock",
          "byte_inserted": 2308768,
          "byte_miss": 2308768,
          "byte_read": 337966,
          "byte_reinserted": 65362,
          "hit": 337966,
          "inserted": 2308768,
          "layer": 0,
          "miss_ratio": 0.8723082863634956,
          "reinserted": 65362,
          "req": 2646734
        }
      ],
      "miss_ratio": 0.8723082863634956,
      "req": 2646734
    }
  ],
  "trace": "cf_allcolo.ns129.oracleGeneral.zst"
}