{
  "dram_cache_size": 87,
  "flash_cache_size": 8728,
  "results": [
    {
      "hit": 1310000,
      "iteration": 0,
      "metrics": [
        {
          "admission_treshold": 0,
          "algorithm": "qand-clock",
          "byte_inserted": 893612,
          "byte_miss": 893612,
          "byte_read": 1310000,
          "byte_reinserted": 128003,
          "hit": 1310000,
          "inserted": 893612,
          "layer": 0,
          "miss_ratio": 0.4055214801879823,
          "reinserted": 128003,
          "req": 2203612
        }
      ],
      "miss_ratio": 0.4055214801879823,
      "req": 2203612
    }
  ],
  "trace": "cf_allcolo.ns2208.oracleGeneral.zst"
}