{
  "dram_cache_size": 27,
  "flash_cache_size": 2760,
  "results": [
    {
      "hit": 251475875,
      "iteration": 0,
      "metrics": [
        {
          "admission_treshold": 0,
          "algorithm": "qand-clock",
          "byte_inserted": 1740845,
          "byte_miss": 1740845,
          "byte_read": 251475875,
          "byte_reinserted": 2533191,
          "hit": 251475875,
          "inserted": 1740845,
          "layer": 0,
          "miss_ratio": 0.006874921213733454,
          "reinserted": 2533191,
          "req": 253216720
        }
      ],
      "miss_ratio": 0.006874921213733454,
      "req": 253216720
    }
  ],
  "trace": "cf_allcolo.ns111.oracleGeneral.zst"
}