{
  "dram_cache_size": 76,
  "flash_cache_size": 7601,
  "results": [
    {
      "hit": 2738358,
      "iteration": 0,
      "metrics": [
        {
          "admission_treshold": 0,
          "algorithm": "qtime-clock",
          "byte_inserted": 424323,
          "byte_miss": 424323,
          "byte_read": 2738358,
          "byte_reinserted": 120257,
          "hit": 2738358,
          "inserted": 424323,
          "layer": 0,
          "miss_ratio": 0.134165601905472,
          "reinserted": 120257,
          "req": 3162681
        }
      ],
      "miss_ratio": 0.134165601905472,
      "req": 3162681
    }
  ],
  "trace": "cf_allcolo.ns388.oracleGeneral.zst"
}