{
  "dram_cache_size": 43,
  "flash_cache_size": 4370,
  "results": [
    {
      "hit": 1449871,
      "iteration": 0,
      "metrics": [
        {
          "admission_treshold": 0,
          "algorithm": "qtime-clock",
          "byte_inserted": 2372977,
          "byte_miss": 2372977,
          "byte_read": 1449871,
          "byte_reinserted": 126080,
          "hit": 1449871,
          "inserted": 2372977,
          "layer": 0,
          "miss_ratio": 0.620735378440367,
          "reinserted": 126080,
          "req": 3822848
        }
      ],
      "miss_ratio": 0.620735378440367,
      "req": 3822848
    }
  ],
  "trace": "cf_allcolo.ns1190.oracleGeneral.zst"
}