{
  "dram_cache_size": 1,
  "flash_cache_size": 146,
  "results": [
    {
      "hit": 4787413,
      "iteration": 0,
      "metrics": [
        {
          "admission_treshold": 0,
          "algorithm": "qand-clock",
          "byte_inserted": 122233,
          "byte_miss": 122233,
          "byte_read": 4787413,
          "byte_reinserted": 138036,
          "hit": 4787413,
          "inserted": 122233,
          "layer": 0,
          "miss_ratio": 0.02489649966616736,
          "reinserted": 138036,
          "req": 4909646
        }
      ],
      "miss_ratio": 0.02489649966616736,
      "req": 4909646
    }
  ],
  "trace": "cf_allcolo.ns913.oracleGeneral.zst"
}