{
  "dram_cache_size": 22,
  "flash_cache_size": 2242,
  "results": [
    {
      "hit": 1493159,
      "iteration": 0,
      "metrics": [
        {
          "admission_treshold": 0,
          "algorithm": "q-clock",
          "byte_inserted": 110384,
          "byte_miss": 110384,
          "byte_read": 1493159,
          "byte_reinserted": 63231,
          "hit": 1493159,
          "inserted": 110384,
          "layer": 0,
          "miss_ratio": 0.06883756781077899,
          "reinserted": 63231,
          "req": 1603543
        }
      ],
      "miss_ratio": 0.06883756781077899,
      "req": 1603543
    }
  ],
  "trace": "cf_allcolo.ns731.oracleGeneral.zst"
}