{
  "dram_cache_size": 3,
  "flash_cache_size": 337,
  "results": [
    {
      "hit": 6872847,
      "iteration": 0,
      "metrics": [
        {
          "admission_treshold": 0,
          "algorithm": "qtime-clock",
          "byte_inserted": 80933,
          "byte_miss": 80933,
          "byte_read": 6872847,
          "byte_reinserted": 95903,
          "hit": 6872847,
          "inserted": 80933,
          "layer": 0,
          "miss_ratio": 0.011638705854945086,
          "reinserted": 95903,
          "req": 6953780
        }
      ],
      "miss_ratio": 0.011638705854945086,
      "req": 6953780
    }
  ],
  "trace": "cf_allcolo.ns2326.oracleGeneral.zst"
}