{
  "dram_cache_size": 39,
  "flash_cache_size": 3994,
  "results": [
    {
      "hit": 11277944,
      "iteration": 0,
      "metrics": [
        {
          "admission_treshold": 0,
          "algorithm": "qauto",
          "byte_inserted": 599314,
          "byte_miss": 599314,
          "byte_read": 11277944,
          "byte_reinserted": 16719,
          "hit": 11277944,
          "inserted": 599314,
          "layer": 0,
          "miss_ratio": 0.05045895273134593,
          "reinserted": 16719,
          "req": 11877258
        }
      ],
      "miss_ratio": 0.05045895273134593,
      "req": 11877258
    }
  ],
  "trace": "cf_allcolo.ns1782.oracleGeneral.zst"
}