{
  "dram_cache_size": 9,
  "flash_cache_size": 915,
  "results": [
    {
      "hit": 33815224,
      "iteration": 0,
      "metrics": [
        {
          "admission_treshold": 0,
          "algorithm": "qand-clock",
          "byte_inserted": 522574,
          "byte_miss": 522574,
          "byte_read": 33815224,
          "byte_reinserted": 777130,
          "hit": 33815224,
          "inserted": 522574,
          "layer": 0,
          "miss_ratio": 0.015218622929752179,
          "reinserted": 777130,
          "req": 34337798
        }
      ],
      "miss_ratio": 0.015218622929752179,
      "req": 34337798
    }
  ],
  "trace": "cf_allcolo.ns283.oracleGeneral.zst"
}