{
  "dram_cache_size": 2,
  "flash_cache_size": 271,
  "results": [
    {
      "hit": 966971,
      "iteration": 0,
      "metrics": [
        {
          "admission_treshold": 0,
          "algorithm": "qor-clock",
          "byte_inserted": 167974,
          "byte_miss": 167974,
          "byte_read": 966971,
          "byte_reinserted": 26326,
          "hit": 966971,
          "inserted": 167974,
          "layer": 0,
          "miss_ratio": 0.14800188555392557,
          "reinserted": 26326,
          "req": 1134945
        }
      ],
      "miss_ratio": 0.14800188555392557,
      "req": 1134945
    }
  ],
  "trace": "cf_colo28.ns976.oracleGeneral.zst"
}