{
  "dram_cache_size": 8,
  "flash_cache_size": 869,
  "results": [
    {
      "hit": 4594414,
      "iteration": 0,
      "metrics": [
        {
          "admission_treshold": 0,
          "algorithm": "qor-clock",
          "byte_inserted": 189568,
          "byte_miss": 189568,
          "byte_read": 4594414,
          "byte_reinserted": 13193,
          "hit": 4594414,
          "inserted": 189568,
          "layer": 0,
          "miss_ratio": 0.039625567153053654,
          "reinserted": 13193,
          "req": 4783982
        }
      ],
      "miss_ratio": 0.039625567153053654,
      "req": 4783982
    }
  ],
  "trace": "cf_colo28.ns106.oracleGeneral.zst"
}