{
  "dram_cache_size": 1081,
  "flash_cache_size": 108186,
  "results": [
    {
      "hit": 48928,
      "iteration": 0,
      "metrics": [
        {
          "admission_treshold": 0,
          "algorithm": "fifo",
          "byte_inserted": 1138763,
          "byte_miss": 1138763,
          "byte_read": 48928,
          "byte_reinserted": 0,
          "hit": 48928,
          "inserted": 1138763,
          "layer": 0,
          "miss_ratio": 0.9588040997195398,
          "reinserted": 0,
          "req": 1187691
        }
      ],
      "miss_ratio": 0.9588040997195398,
      "req": 1187691
    }
  ],
  "trace": "cf_colo28.ns13301.oracleGeneral.zst"
}