{
  "dram_cache_size": 15,
  "flash_cache_size": 1563,
  "results": [
    {
      "hit": 4627382,
      "iteration": 0,
      "metrics": [
        {
          "admission_treshold": 0,
          "algorithm": "qtime-clock",
          "byte_inserted": 1634859,
          "byte_miss": 1634859,
          "byte_read": 4627382,
          "byte_reinserted": 613647,
          "hit": 4627382,
          "inserted": 1634859,
          "layer": 0,
          "miss_ratio": 0.26106612632761983,
          "reinserted": 613647,
          "req": 6262241
        }
      ],
      "miss_ratio": 0.26106612632761983,
      "req": 6262241
    }
  ],
  "trace": "cf_colo28.ns152.oracleGeneral.zst"
}