{
  "dram_cache_size": 7,
  "flash_cache_size": 758,
  "results": [
    {
      "hit": 1143526,
      "iteration": 0,
      "metrics": [
        {
          "admission_treshold": 0,
          "algorithm": "qand-clock",
          "byte_inserted": 134143,
          "byte_miss": 134143,
          "byte_read": 1143526,
          "byte_reinserted": 43853,
          "hit": 1143526,
          "inserted": 134143,
          "layer": 0,
          "miss_ratio": 0.10499041614064364,
          "reinserted": 43853,
          "req": 1277669
        }
      ],
      "miss_ratio": 0.10499041614064364,
      "req": 1277669
    }
  ],
  "trace": "cf_colo28.ns227.oracleGeneral.zst"
}