{
  "dram_cache_size": 97,
  "flash_cache_size": 9748,
  "results": [
    {
      "hit": 1536236,
      "iteration": 0,
      "metrics": [
        {
          "admission_treshold": 0,
          "algorithm": "qand-clock",
          "byte_inserted": 2236820,
          "byte_miss": 2236820,
          "byte_read": 1536236,
          "byte_reinserted": 235228,
          "hit": 1536236,
          "inserted": 2236820,
          "layer": 0,
          "miss_ratio": 0.5928403925094141,
          "reinserted": 235228,
          "req": 3773056
        }
      ],
      "miss_ratio": 0.5928403925094141,
      "req": 3773056
    }
  ],
  "trace": "cf_colo28.ns304.oracleGeneral.zst"
}