{
  "dram_cache_size": 0,
  "flash_cache_size": 5,
  "results": [
    {
      "hit": 960296,
      "iteration": 0,
      "metrics": [
        {
          "admission_treshold": 0,
          "algorithm": "qor-clock",
          "byte_inserted": 269865,
          "byte_miss": 269865,
          "byte_read": 960296,
          "byte_reinserted": 132363,
          "hit": 960296,
          "inserted": 269865,
          "layer": 0,
          "miss_ratio": 0.2193737242523539,
          "reinserted": 132363,
          "req": 1230161
        }
      ],
      "miss_ratio": 0.2193737242523539,
      "req": 1230161
    }
  ],
  "trace": "cf_colo28.ns1320.oracleGeneral.zst"
}