{
  "dram_cache_size": 11,
  "flash_cache_size": 1149,
  "results": [
    {
      "hit": 1205492,
      "iteration": 0,
      "metrics": [
        {
          "admission_treshold": 0,
          "algorithm": "qtime-clock",
          "byte_inserted": 2982598,
          "byte_miss": 2982598,
          "byte_read": 1205492,
          "byte_reinserted": 609613,
          "hit": 1205492,
          "inserted": 2982598,
          "layer": 0,
          "miss_ratio": 0.7121618685367315,
          "reinserted": 609613,
          "req": 4188090
        }
      ],
      "miss_ratio": 0.7121618685367315,
      "req": 4188090
    }
  ],
  "trace": "cf_colo28.ns181.oracleGeneral.zst"
}