{
  "dram_cache_size": 4,
  "flash_cache_size": 486,
  "results": [
    {
      "hit": 719086,
      "iteration": 0,
      "metrics": [
        {
          "admission_treshold": 0,
          "algorithm": "qand-clock",
          "byte_inserted": 503549,
          "byte_miss": 503549,
          "byte_read": 719086,
          "byte_reinserted": 200021,
          "hit": 719086,
          "inserted": 503549,
          "layer": 0,
          "miss_ratio": 0.41185554151484294,
          "reinserted": 200021,
          "req": 1222635
        }
      ],
      "miss_ratio": 0.41185554151484294,
      "req": 1222635
    }
  ],
  "trace": "cf_colo28.ns1481466.oracleGeneral.zst"
}