{
  "dram_cache_size": 30,
  "flash_cache_size": 3022,
  "results": [
    {
      "hit": 3260860,
      "iteration": 0,
      "metrics": [
        {
          "admission_treshold": 0,
          "algorithm": "qtime-clock",
          "byte_inserted": 688558,
          "byte_miss": 688558,
          "byte_read": 3260860,
          "byte_reinserted": 116590,
          "hit": 3260860,
          "inserted": 688558,
          "layer": 0,
          "miss_ratio": 0.1743441691915113,
          "reinserted": 116590,
          "req": 3949418
        }
      ],
      "miss_ratio": 0.1743441691915113,
      "req": 3949418
    }
  ],
  "trace": "cf_colo28.ns335.oracleGeneral.zst"
}