{
  "dram_cache_size": 1004,
  "flash_cache_size": 100488,
  "results": [
    {
      "hit": 48324893,
      "iteration": 0,
      "metrics": [
        {
          "admission_treshold": 0,
          "algorithm": "qor-clock",
          "byte_inserted": 24140909,
          "byte_miss": 24140909,
          "byte_read": 48324893,
          "byte_reinserted": 4289109,
          "hit": 48324893,
          "inserted": 24140909,
          "layer": 0,
          "miss_ratio": 0.33313519389463186,
          "reinserted": 4289109,
          "req": 72465802
        }
      ],
      "miss_ratio": 0.33313519389463186,
      "req": 72465802
    }
  ],
  "trace": "cf_colo28.ns132.oracleGeneral.zst"
}