{
  "dram_cache_size": 15,
  "flash_cache_size": 1563,
  "results": [
    {
      "hit": 4553444,
      "iteration": 0,
      "metrics": [
        {
          "admission_treshold": 0,
          "algorithm": "q-clock",
          "byte_inserted": 1708797,
          "byte_miss": 1708797,
          "byte_read": 4553444,
          "byte_reinserted": 183620,
          "hit": 4553444,
          "inserted": 1708797,
          "layer": 0,
          "miss_ratio": 0.27287308169711133,
          "reinserted": 183620,
          "req": 6262241
        }
      ],
      "miss_ratio": 0.27287308169711133,
      "req": 6262241
    }
  ],
  "trace": "cf_colo28.ns152.oracleGeneral.zst"
}