{
  "dram_cache_size": 3,
  "flash_cache_size": 352,
  "results": [
    {
      "hit": 4747755,
      "iteration": 0,
      "metrics": [
        {
          "admission_treshold": 0,
          "algorithm": "qor-clock",
          "byte_inserted": 207049,
          "byte_miss": 207049,
          "byte_read": 4747755,
          "byte_reinserted": 18697,
          "hit": 4747755,
          "inserted": 207049,
          "layer": 0,
          "miss_ratio": 0.04178752580324063,
          "reinserted": 18697,
          "req": 4954804
        }
      ],
      "miss_ratio": 0.04178752580324063,
      "req": 4954804
    }
  ],
  "trace": "cf_colo28.ns133.oracleGeneral.zst"
}