{
  "dram_cache_size": 0,
  "flash_cache_size": 15,
  "results": [
    {
      "hit": 1172935,
      "iteration": 0,
      "metrics": [
        {
          "admission_treshold": 0,
          "algorithm": "qauto",
          "byte_inserted": 1134359,
          "byte_miss": 1134359,
          "byte_read": 1172935,
          "byte_reinserted": 64421,
          "hit": 1172935,
          "inserted": 1134359,
          "layer": 0,
          "miss_ratio": 0.49164042380381523,
          "reinserted": 64421,
          "req": 2307294
        }
      ],
      "miss_ratio": 0.49164042380381523,
      "req": 2307294
    }
  ],
  "trace": "cf_colo28.ns2266.oracleGeneral.zst"
}