{
  "dram_cache_size": 7,
  "flash_cache_size": 744,
  "results": [
    {
      "hit": 6021382,
      "iteration": 0,
      "metrics": [
        {
          "admission_treshold": 0,
          "algorithm": "qor-clock",
          "byte_inserted": 1532100,
          "byte_miss": 1532100,
          "byte_read": 6021382,
          "byte_reinserted": 1260614,
          "hit": 6021382,
          "inserted": 1532100,
          "layer": 0,
          "miss_ratio": 0.2028336070702227,
          "reinserted": 1260614,
          "req": 7553482
        }
      ],
      "miss_ratio": 0.2028336070702227,
      "req": 7553482
    }
  ],
  "trace": "cf_colo28.ns212.oracleGeneral.zst"
}