{
  "dram_cache_size": 62,
  "flash_cache_size": 6279,
  "results": [
    {
      "hit": 143282,
      "iteration": 0,
      "metrics": [
        {
          "admission_treshold": 0,
          "algorithm": "qor-clock",
          "byte_inserted": 898441,
          "byte_miss": 898441,
          "byte_read": 143282,
          "byte_reinserted": 11777,
          "hit": 143282,
          "inserted": 898441,
          "layer": 0,
          "miss_ratio": 0.8624567183406722,
          "reinserted": 11777,
          "req": 1041723
        }
      ],
      "miss_ratio": 0.8624567183406722,
      "req": 1041723
    }
  ],
  "trace": "cf_colo28.ns2937.oracleGeneral.zst"
}