{
  "dram_cache_size": 2,
  "flash_cache_size": 237,
  "results": [
    {
      "hit": 919863,
      "iteration": 0,
      "metrics": [
        {
          "admission_treshold": 0,
          "algorithm": "q-clock",
          "byte_inserted": 1388268,
          "byte_miss": 1388268,
          "byte_read": 919863,
          "byte_reinserted": 156985,
          "hit": 919863,
          "inserted": 1388268,
          "layer": 0,
          "miss_ratio": 0.6014684608455932,
          "reinserted": 156985,
          "req": 2308131
        }
      ],
      "miss_ratio": 0.6014684608455932,
      "req": 2308131
    }
  ],
  "trace": "cf_colo28.ns3047.oracleGeneral.zst"
}