{
  "dram_cache_size": 3,
  "flash_cache_size": 343,
  "results": [
    {
      "hit": 2161622,
      "iteration": 0,
      "metrics": [
        {
          "admission_treshold": 0,
          "algorithm": "qauto",
          "byte_inserted": 1026699,
          "byte_miss": 1026699,
          "byte_read": 2161622,
          "byte_reinserted": 197587,
          "hit": 2161622,
          "inserted": 1026699,
          "layer": 0,
          "miss_ratio": 0.3220187051429263,
          "reinserted": 197587,
          "req": 3188321
        }
      ],
      "miss_ratio": 0.3220187051429263,
      "req": 3188321
    }
  ],
  "trace": "cf_colo28.ns990.oracleGeneral.zst"
}