{
  "dram_cache_size": 1,
  "flash_cache_size": 123,
  "results": [
    {
      "hit": 1195927,
      "iteration": 0,
      "metrics": [
        {
          "admission_treshold": 0,
          "algorithm": "q-clock",
          "byte_inserted": 1754985,
          "byte_miss": 1754985,
          "byte_read": 1195927,
          "byte_reinserted": 452648,
          "hit": 1195927,
          "inserted": 1754985,
          "layer": 0,
          "miss_ratio": 0.5947263083412857,
          "reinserted": 452648,
          "req": 2950912
        }
      ],
      "miss_ratio": 0.5947263083412857,
      "req": 2950912
    }
  ],
  "trace": "cf_colo28.ns219.oracleGeneral.zst"
}