{
  "dram_cache_size": 478,
  "flash_cache_size": 47860,
  "results": [
    {
      "hit": 6441506,
      "iteration": 0,
      "metrics": [
        {
          "admission_treshold": 0,
          "algorithm": "qtime-clock",
          "byte_inserted": 18058086,
          "byte_miss": 18058086,
          "byte_read": 6441506,
          "byte_reinserted": 465665,
          "hit": 6441506,
          "inserted": 18058086,
          "layer": 0,
          "miss_ratio": 0.7370770092824404,
          "reinserted": 465665,
          "req": 24499592
        }
      ],
      "miss_ratio": 0.7370770092824404,
      "req": 24499592
    }
  ],
  "trace": "cf_colo28.ns266.oracleGeneral.zst"
}