{
  "dram_cache_size": 20,
  "flash_cache_size": 2074,
  "results": [
    {
      "hit": 792616,
      "iteration": 0,
      "metrics": [
        {
          "admission_treshold": 0,
          "algorithm": "qand-clock",
          "byte_inserted": 387756,
          "byte_miss": 387756,
          "byte_read": 792616,
          "byte_reinserted": 187103,
          "hit": 792616,
          "inserted": 387756,
          "layer": 0,
          "miss_ratio": 0.32850321762969636,
          "reinserted": 187103,
          "req": 1180372
        }
      ],
      "miss_ratio": 0.32850321762969636,
      "req": 1180372
    }
  ],
  "trace": "cf_colo28.ns2817.oracleGeneral.zst"
}