{
  "dram_cache_size": 0,
  "flash_cache_size": 38,
  "results": [
    {
      "hit": 5114541,
      "iteration": 0,
      "metrics": [
        {
          "admission_treshold": 0,
          "algorithm": "q-clock",
          "byte_inserted": 820913,
          "byte_miss": 820913,
          "byte_read": 5114541,
          "byte_reinserted": 101212,
          "hit": 5114541,
          "inserted": 820913,
          "layer": 0,
          "miss_ratio": 0.13830669060867118,
          "reinserted": 101212,
          "req": 5935454
        }
      ],
      "miss_ratio": 0.13830669060867118,
      "req": 5935454
    }
  ],
  "trace": "cf_colo28.ns1669.oracleGeneral.zst"
}