{
  "dram_cache_size": 207,
  "flash_cache_size": 20756,
  "results": [
    {
      "hit": 918726,
      "iteration": 0,
      "metrics": [
        {
          "admission_treshold": 0,
          "algorithm": "qtime-clock",
          "byte_inserted": 4435702,
          "byte_miss": 4435702,
          "byte_read": 918726,
          "byte_reinserted": 512740,
          "hit": 918726,
          "inserted": 4435702,
          "layer": 0,
          "miss_ratio": 0.8284175265780024,
          "reinserted": 512740,
          "req": 5354428
        }
      ],
      "miss_ratio": 0.8284175265780024,
      "req": 5354428
    }
  ],
  "trace": "cf_colo28.ns329.oracleGeneral.zst"
}