{
  "dram_cache_size": 1,
  "flash_cache_size": 129,
  "results": [
    {
      "hit": 263698,
      "iteration": 0,
      "metrics": [
        {
          "admission_treshold": 0,
          "algorithm": "qtime-clock",
          "byte_inserted": 2181582,
          "byte_miss": 2181582,
          "byte_read": 263698,
          "byte_reinserted": 59445,
          "hit": 263698,
          "inserted": 2181582,
          "layer": 0,
          "miss_ratio": 0.8921604069881568,
          "reinserted": 59445,
          "req": 2445280
        }
      ],
      "miss_ratio": 0.8921604069881568,
      "req": 2445280
    }
  ],
  "trace": "cf_colo28.ns57.oracleGeneral.zst"
}