{
  "dram_cache_size": 0,
  "flash_cache_size": 21,
  "results": [
    {
      "hit": 1084714,
      "iteration": 0,
      "metrics": [
        {
          "admission_treshold": 0,
          "algorithm": "qtime-clock",
          "byte_inserted": 12066,
          "byte_miss": 12066,
          "byte_read": 1084714,
          "byte_reinserted": 6586,
          "hit": 1084714,
          "inserted": 12066,
          "layer": 0,
          "miss_ratio": 0.011001294699028108,
          "reinserted": 6586,
          "req": 1096780
        }
      ],
      "miss_ratio": 0.011001294699028108,
      "req": 1096780
    }
  ],
  "trace": "cf_colo28.ns4843.oracleGeneral.zst"
}