{
  "dram_cache_size": 3,
  "flash_cache_size": 398,
  "results": [
    {
      "hit": 4929930,
      "iteration": 0,
      "metrics": [
        {
          "admission_treshold": 0,
          "algorithm": "qand-clock",
          "byte_inserted": 1954167,
          "byte_miss": 1954167,
          "byte_read": 4929930,
          "byte_reinserted": 486491,
          "hit": 4929930,
          "inserted": 1954167,
          "layer": 0,
          "miss_ratio": 0.2838668600979911,
          "reinserted": 486491,
          "req": 6884097
        }
      ],
      "miss_ratio": 0.2838668600979911,
      "req": 6884097
    }
  ],
  "trace": "cf_colo28.ns660.oracleGeneral.zst"
}