{
  "dram_cache_size": 0,
  "flash_cache_size": 24,
  "results": [
    {
      "hit": 1138470,
      "iteration": 0,
      "metrics": [
        {
          "admission_treshold": 0,
          "algorithm": "qor-clock",
          "byte_inserted": 40551,
          "byte_miss": 40551,
          "byte_read": 1138470,
          "byte_reinserted": 15761,
          "hit": 1138470,
          "inserted": 40551,
          "layer": 0,
          "miss_ratio": 0.034393789423598053,
          "reinserted": 15761,
          "req": 1179021
        }
      ],
      "miss_ratio": 0.034393789423598053,
      "req": 1179021
    }
  ],
  "trace": "cf_colo28.ns32369.oracleGeneral.zst"
}