{
  "dram_cache_size": 5,
  "flash_cache_size": 584,
  "results": [
    {
      "hit": 1459297,
      "iteration": 0,
      "metrics": [
        {
          "admission_treshold": 0,
          "algorithm": "q-clock",
          "byte_inserted": 9057,
          "byte_miss": 9057,
          "byte_read": 1459297,
          "byte_reinserted": 1828,
          "hit": 1459297,
          "inserted": 9057,
          "layer": 0,
          "miss_ratio": 0.0061681311182453236,
          "reinserted": 1828,
          "req": 1468354
        }
      ],
      "miss_ratio": 0.0061681311182453236,
      "req": 1468354
    }
  ],
  "trace": "cf_colo28.ns865.oracleGeneral.zst"
}