{
  "dram_cache_size": 16,
  "flash_cache_size": 1609,
  "results": [
    {
      "hit": 3003310,
      "iteration": 0,
      "metrics": [
        {
          "admission_treshold": 0,
          "algorithm": "qor-clock",
          "byte_inserted": 1037053,
          "byte_miss": 1037053,
          "byte_read": 3003310,
          "byte_reinserted": 21583,
          "hit": 3003310,
          "inserted": 1037053,
          "layer": 0,
          "miss_ratio": 0.25667322465827946,
          "reinserted": 21583,
          "req": 4040363
        }
      ],
      "miss_ratio": 0.25667322465827946,
      "req": 4040363
    }
  ],
  "trace": "cf_colo28.ns588.oracleGeneral.zst"
}