{
  "dram_cache_size": 0,
  "flash_cache_size": 53,
  "results": [
    {
      "hit": 2603760,
      "iteration": 0,
      "metrics": [
        {
          "admission_treshold": 0,
          "algorithm": "qtime-clock",
          "byte_inserted": 45066,
          "byte_miss": 45066,
          "byte_read": 2603760,
          "byte_reinserted": 61868,
          "hit": 2603760,
          "inserted": 45066,
          "layer": 0,
          "miss_ratio": 0.017013575070616183,
          "reinserted": 61868,
          "req": 2648826
        }
      ],
      "miss_ratio": 0.017013575070616183,
      "req": 2648826
    }
  ],
  "trace": "cf_colo28.ns1441.oracleGeneral.zst"
}