{
  "dram_cache_size": 125,
  "flash_cache_size": 12516,
  "results": [
    {
      "hit": 4785528,
      "iteration": 0,
      "metrics": [
        {
          "admission_treshold": 0,
          "algorithm": "qor-clock",
          "byte_inserted": 6204654,
          "byte_miss": 6204654,
          "byte_read": 4785528,
          "byte_reinserted": 2133803,
          "hit": 4785528,
          "inserted": 6204654,
          "layer": 0,
          "miss_ratio": 0.5645633529999776,
          "reinserted": 2133803,
          "req": 10990182
        }
      ],
      "miss_ratio": 0.5645633529999776,
      "req": 10990182
    }
  ],
  "trace": "cf_colo28.ns252.oracleGeneral.zst"
}