{
  "dram_cache_size": 0,
  "flash_cache_size": 51,
  "results": [
    {
      "hit": 1774032,
      "iteration": 0,
      "metrics": [
        {
          "admission_treshold": 0,
          "algorithm": "qand-clock",
          "byte_inserted": 22759,
          "byte_miss": 22759,
          "byte_read": 1774032,
          "byte_reinserted": 14769,
          "hit": 1774032,
          "inserted": 22759,
          "layer": 0,
          "miss_ratio": 0.01266647039082458,
          "reinserted": 14769,
          "req": 1796791
        }
      ],
      "miss_ratio": 0.01266647039082458,
      "req": 1796791
    }
  ],
  "trace": "cf_colo28.ns1050.oracleGeneral.zst"
}