{
  "dram_cache_size": 2,
  "flash_cache_size": 238,
  "results": [
    {
      "hit": 2379740,
      "iteration": 0,
      "metrics": [
        {
          "admission_treshold": 0,
          "algorithm": "qauto",
          "byte_inserted": 24186,
          "byte_miss": 24186,
          "byte_read": 2379740,
          "byte_reinserted": 1223,
          "hit": 2379740,
          "inserted": 24186,
          "layer": 0,
          "miss_ratio": 0.010061041812435167,
          "reinserted": 1223,
          "req": 2403926
        }
      ],
      "miss_ratio": 0.010061041812435167,
      "req": 2403926
    }
  ],
  "trace": "cf_colo28.ns1625.oracleGeneral.zst"
}