{
  "dram_cache_size": 0,
  "flash_cache_size": 6,
  "results": [
    {
      "hit": 1356457,
      "iteration": 0,
      "metrics": [
        {
          "admission_treshold": 0,
          "algorithm": "qand-clock",
          "byte_inserted": 1933828,
          "byte_miss": 1933828,
          "byte_read": 1356457,
          "byte_reinserted": 563406,
          "hit": 1356457,
          "inserted": 1933828,
          "layer": 0,
          "miss_ratio": 0.5877387521141786,
          "reinserted": 563406,
          "req": 3290285
        }
      ],
      "miss_ratio": 0.5877387521141786,
      "req": 3290285
    }
  ],
  "trace": "cf_colo28.ns1216.oracleGeneral.zst"
}