{
  "dram_cache_size": 7,
  "flash_cache_size": 784,
  "results": [
    {
      "hit": 1677109,
      "iteration": 0,
      "metrics": [
        {
          "admission_treshold": 0,
          "algorithm": "qand-clock",
          "byte_inserted": 465445,
          "byte_miss": 465445,
          "byte_read": 1677109,
          "byte_reinserted": 138733,
          "hit": 1677109,
          "inserted": 465445,
          "layer": 0,
          "miss_ratio": 0.2172383986587969,
          "reinserted": 138733,
          "req": 2142554
        }
      ],
      "miss_ratio": 0.2172383986587969,
      "req": 2142554
    }
  ],
  "trace": "cf_colo28.ns642.oracleGeneral.zst"
}