{
  "dram_cache_size": 16,
  "flash_cache_size": 1640,
  "results": [
    {
      "hit": 1334380,
      "iteration": 0,
      "metrics": [
        {
          "admission_treshold": 0,
          "algorithm": "q-clock",
          "byte_inserted": 197668,
          "byte_miss": 197668,
          "byte_read": 1334380,
          "byte_reinserted": 156,
          "hit": 1334380,
          "inserted": 197668,
          "layer": 0,
          "miss_ratio": 0.12902206719371712,
          "reinserted": 156,
          "req": 1532048
        }
      ],
      "miss_ratio": 0.12902206719371712,
      "req": 1532048
    }
  ],
  "trace": "cf_colo28.ns2544.oracleGeneral.zst"
}