{
  "dram_cache_size": 127,
  "flash_cache_size": 12795,
  "results": [
    {
      "hit": 26384791,
      "iteration": 0,
      "metrics": [
        {
          "admission_treshold": 0,
          "algorithm": "qand-clock",
          "byte_inserted": 4450514,
          "byte_miss": 4450514,
          "byte_read": 26384791,
          "byte_reinserted": 561224,
          "hit": 26384791,
          "inserted": 4450514,
          "layer": 0,
          "miss_ratio": 0.14433176516334123,
          "reinserted": 561224,
          "req": 30835305
        }
      ],
      "miss_ratio": 0.14433176516334123,
      "req": 30835305
    }
  ],
  "trace": "cf_colo28.ns188.oracleGeneral.zst"
}