{
  "dram_cache_size": 11,
  "flash_cache_size": 1152,
  "results": [
    {
      "hit": 1763277,
      "iteration": 0,
      "metrics": [
        {
          "admission_treshold": 0,
          "algorithm": "q-clock",
          "byte_inserted": 604710,
          "byte_miss": 604710,
          "byte_read": 1763277,
          "byte_reinserted": 262348,
          "hit": 1763277,
          "inserted": 604710,
          "layer": 0,
          "miss_ratio": 0.2553688005888546,
          "reinserted": 262348,
          "req": 2367987
        }
      ],
      "miss_ratio": 0.2553688005888546,
      "req": 2367987
    }
  ],
  "trace": "cf_colo28.ns988.oracleGeneral.zst"
}