{
  "dram_cache_size": 217,
  "flash_cache_size": 21783,
  "results": [
    {
      "hit": 1495539,
      "iteration": 0,
      "metrics": [
        {
          "admission_treshold": 0,
          "algorithm": "qand-clock",
          "byte_inserted": 2238220,
          "byte_miss": 2238220,
          "byte_read": 1495539,
          "byte_reinserted": 478128,
          "hit": 1495539,
          "inserted": 2238220,
          "layer": 0,
          "miss_ratio": 0.5994548657264702,
          "reinserted": 478128,
          "req": 3733759
        }
      ],
      "miss_ratio": 0.5994548657264702,
      "req": 3733759
    }
  ],
  "trace": "cf_colo28.ns253.oracleGeneral.zst"
}