{
  "dram_cache_size": 21,
  "flash_cache_size": 2126,
  "results": [
    {
      "hit": 1888021,
      "iteration": 0,
      "metrics": [
        {
          "admission_treshold": 0,
          "algorithm": "qtime-clock",
          "byte_inserted": 139767,
          "byte_miss": 139767,
          "byte_read": 1888021,
          "byte_reinserted": 20373,
          "hit": 1888021,
          "inserted": 139767,
          "layer": 0,
          "miss_ratio": 0.06892584431903137,
          "reinserted": 20373,
          "req": 2027788
        }
      ],
      "miss_ratio": 0.06892584431903137,
      "req": 2027788
    }
  ],
  "trace": "cf_colo28.ns1833.oracleGeneral.zst"
}