{
  "dram_cache_size": 19,
  "flash_cache_size": 1915,
  "results": [
    {
      "hit": 452133,
      "iteration": 0,
      "metrics": [
        {
          "admission_treshold": 0,
          "algorithm": "qauto",
          "byte_inserted": 665312,
          "byte_miss": 665312,
          "byte_read": 452133,
          "byte_reinserted": 72718,
          "hit": 452133,
          "inserted": 665312,
          "layer": 0,
          "miss_ratio": 0.5953867975605063,
          "reinserted": 72718,
          "req": 1117445
        }
      ],
      "miss_ratio": 0.5953867975605063,
      "req": 1117445
    }
  ],
  "trace": "cf_colo28.ns862.oracleGeneral.zst"
}