{
  "dram_cache_size": 166,
  "flash_cache_size": 16618,
  "results": [
    {
      "hit": 21474401,
      "iteration": 0,
      "metrics": [
        {
          "admission_treshold": 0,
          "algorithm": "qor-clock",
          "byte_inserted": 15919000,
          "byte_miss": 15919000,
          "byte_read": 21474401,
          "byte_reinserted": 1,
          "hit": 21474401,
          "inserted": 15919000,
          "layer": 0,
          "miss_ratio": 0.42571682634591057,
          "reinserted": 1,
          "req": 37393401
        }
      ],
      "miss_ratio": 0.42571682634591057,
      "req": 37393401
    }
  ],
  "trace": "cf_colo28.ns79.oracleGeneral.zst"
}