{
  "dram_cache_size": 0,
  "flash_cache_size": 60,
  "results": [
    {
      "hit": 4864348,
      "iteration": 0,
      "metrics": [
        {
          "admission_treshold": 0,
          "algorithm": "q-clock",
          "byte_inserted": 339283,
          "byte_miss": 339283,
          "byte_read": 4864348,
          "byte_reinserted": 97040,
          "hit": 4864348,
          "inserted": 339283,
          "layer": 0,
          "miss_ratio": 0.06520120277552344,
          "reinserted": 97040,
          "req": 5203631
        }
      ],
      "miss_ratio": 0.06520120277552344,
      "req": 5203631
    }
  ],
  "trace": "cf_colo28.ns420.oracleGeneral.zst"
}