{
  "dram_cache_size": 16,
  "flash_cache_size": 1688,
  "results": [
    {
      "hit": 1216718,
      "iteration": 0,
      "metrics": [
        {
          "admission_treshold": 0,
          "algorithm": "qand-clock",
          "byte_inserted": 1195194,
          "byte_miss": 1195194,
          "byte_read": 1216718,
          "byte_reinserted": 183869,
          "hit": 1216718,
          "inserted": 1195194,
          "layer": 0,
          "miss_ratio": 0.49553797982679304,
          "reinserted": 183869,
          "req": 2411912
        }
      ],
      "miss_ratio": 0.49553797982679304,
      "req": 2411912
    }
  ],
  "trace": "cf_colo28.ns1666.oracleGeneral.zst"
}