{
  "dram_cache_size": 0,
  "flash_cache_size": 22,
  "results": [
    {
      "hit": 1488691,
      "iteration": 0,
      "metrics": [
        {
          "admission_treshold": 0,
          "algorithm": "qor-clock",
          "byte_inserted": 710111,
          "byte_miss": 710111,
          "byte_read": 1488691,
          "byte_reinserted": 77907,
          "hit": 1488691,
          "inserted": 710111,
          "layer": 0,
          "miss_ratio": 0.3229535901822902,
          "reinserted": 77907,
          "req": 2198802
        }
      ],
      "miss_ratio": 0.3229535901822902,
      "req": 2198802
    }
  ],
  "trace": "cf_colo28.ns1453.oracleGeneral.zst"
}