{
  "dram_cache_size": 16,
  "flash_cache_size": 1634,
  "results": [
    {
      "hit": 54016658,
      "iteration": 0,
      "metrics": [
        {
          "admission_treshold": 0,
          "algorithm": "qand-clock",
          "byte_inserted": 1644892,
          "byte_miss": 1644892,
          "byte_read": 54016658,
          "byte_reinserted": 1653350,
          "hit": 54016658,
          "inserted": 1644892,
          "layer": 0,
          "miss_ratio": 0.029551674360487667,
          "reinserted": 1653350,
          "req": 55661550
        }
      ],
      "miss_ratio": 0.029551674360487667,
      "req": 55661550
    }
  ],
  "trace": "cf_colo28.ns237.oracleGeneral.zst"
}