{
  "dram_cache_size": 2,
  "flash_cache_size": 238,
  "results": [
    {
      "hit": 2379675,
      "iteration": 0,
      "metrics": [
        {
          "admission_treshold": 0,
          "algorithm": "qor-clock",
          "byte_inserted": 24251,
          "byte_miss": 24251,
          "byte_read": 2379675,
          "byte_reinserted": 1913,
          "hit": 2379675,
          "inserted": 24251,
          "layer": 0,
          "miss_ratio": 0.010088080914304354,
          "reinserted": 1913,
          "req": 2403926
        }
      ],
      "miss_ratio": 0.010088080914304354,
      "req": 2403926
    }
  ],
  "trace": "cf_colo28.ns1625.oracleGeneral.zst"
}