{
  "dram_cache_size": 62,
  "flash_cache_size": 6277,
  "results": [
    {
      "hit": 80614025,
      "iteration": 0,
      "metrics": [
        {
          "admission_treshold": 0,
          "algorithm": "qand-clock",
          "byte_inserted": 6336499,
          "byte_miss": 6336499,
          "byte_read": 80614025,
          "byte_reinserted": 2653510,
          "hit": 80614025,
          "inserted": 6336499,
          "layer": 0,
          "miss_ratio": 0.07287476496403866,
          "reinserted": 2653510,
          "req": 86950524
        }
      ],
      "miss_ratio": 0.07287476496403866,
      "req": 86950524
    }
  ],
  "trace": "cluster3.oracleGeneral.sample10.zst"
}