{
  "dram_cache_size": 14537,
  "flash_cache_size": 1453730,
  "results": [
    {
      "hit": 8939594,
      "iteration": 0,
      "metrics": [
        {
          "admission_treshold": 0,
          "algorithm": "qand-clock",
          "byte_inserted": 146132307,
          "byte_miss": 146132307,
          "byte_read": 8939594,
          "byte_reinserted": 1974163,
          "hit": 8939594,
          "inserted": 146132307,
          "layer": 0,
          "miss_ratio": 0.9423519416325463,
          "reinserted": 1974163,
          "req": 155071901
        }
      ],
      "miss_ratio": 0.9423519416325463,
      "req": 155071901
    }
  ],
  "trace": "cluster21.oracleGeneral.sample10.zst"
}