{
  "dram_cache_size": 67,
  "flash_cache_size": 6760,
  "results": [
    {
      "hit": 839942618,
      "iteration": 0,
      "metrics": [
        {
          "admission_treshold": 0,
          "algorithm": "qor-clock",
          "byte_inserted": 43104888,
          "byte_miss": 43104888,
          "byte_read": 839942618,
          "byte_reinserted": 50756047,
          "hit": 839942618,
          "inserted": 43104888,
          "layer": 0,
          "miss_ratio": 0.04881378148640625,
          "reinserted": 50756047,
          "req": 883047506
        }
      ],
      "miss_ratio": 0.04881378148640625,
      "req": 883047506
    }
  ],
  "trace": "cluster17.oracleGeneral.sample10.zst"
}