{
  "dram_cache_size": 32831,
  "flash_cache_size": 3283131,
  "results": [
    {
      "hit": 154329374,
      "iteration": 0,
      "metrics": [
        {
          "admission_treshold": 0,
          "algorithm": "qtime-clock",
          "byte_inserted": 46367476,
          "byte_miss": 46367476,
          "byte_read": 154329374,
          "byte_reinserted": 26349718,
          "hit": 154329374,
          "inserted": 46367476,
          "layer": 0,
          "miss_ratio": 0.23103240534168823,
          "reinserted": 26349718,
          "req": 200696850
        }
      ],
      "miss_ratio": 0.23103240534168823,
      "req": 200696850
    }
  ],
  "trace": "cluster19.oracleGeneral.sample10.zst"
}