{
  "dram_cache_size": 69732,
  "flash_cache_size": 6973202,
  "results": [
    {
      "hit": 2438265127,
      "iteration": 0,
      "metrics": [
        {
          "admission_treshold": 0,
          "algorithm": "qtime-clock",
          "byte_inserted": 730005582,
          "byte_miss": 730005582,
          "byte_read": 2438265127,
          "byte_reinserted": 641184075,
          "hit": 2438265127,
          "inserted": 730005582,
          "layer": 0,
          "miss_ratio": 0.23041136602573065,
          "reinserted": 641184075,
          "req": 3168270709
        }
      ],
      "miss_ratio": 0.23041136602573065,
      "req": 3168270709
    }
  ],
  "trace": "cluster37.oracleGeneral.zst"
}