{
  "dram_cache_size": 6548,
  "flash_cache_size": 654840,
  "results": [
    {
      "hit": 126671295,
      "iteration": 0,
      "metrics": [
        {
          "admission_treshold": 0,
          "algorithm": "qand-clock",
          "byte_inserted": 101102444,
          "byte_miss": 101102444,
          "byte_read": 126671295,
          "byte_reinserted": 7697,
          "hit": 126671295,
          "inserted": 101102444,
          "layer": 0,
          "miss_ratio": 0.44387225868913716,
          "reinserted": 7697,
          "req": 227773739
        }
      ],
      "miss_ratio": 0.44387225868913716,
      "req": 227773739
    }
  ],
  "trace": "cluster45.oracleGeneral.zst"
}