{
  "dram_cache_size": 60,
  "flash_cache_size": 6006,
  "results": [
    {
      "hit": 31414056,
      "iteration": 0,
      "metrics": [
        {
          "admission_treshold": 0,
          "algorithm": "qor-clock",
          "byte_inserted": 12555046,
          "byte_miss": 12555046,
          "byte_read": 31414056,
          "byte_reinserted": 1550888,
          "hit": 31414056,
          "inserted": 12555046,
          "layer": 0,
          "miss_ratio": 0.28554247025559,
          "reinserted": 1550888,
          "req": 43969102
        }
      ],
      "miss_ratio": 0.28554247025559,
      "req": 43969102
    }
  ],
  "trace": "entity_real_graph_cache.1.oracleGeneral.sample10.zst"
}