{
  "dram_cache_size": 60,
  "flash_cache_size": 6006,
  "results": [
    {
      "hit": 30937515,
      "iteration": 0,
      "metrics": [
        {
          "admission_treshold": 0,
          "algorithm": "fifo",
          "byte_inserted": 13031587,
          "byte_miss": 13031587,
          "byte_read": 30937515,
          "byte_reinserted": 0,
          "hit": 30937515,
          "inserted": 13031587,
          "layer": 0,
          "miss_ratio": 0.29638055832934684,
          "reinserted": 0,
          "req": 43969102
        }
      ],
      "miss_ratio": 0.29638055832934684,
      "req": 43969102
    }
  ],
  "trace": "entity_real_graph_cache.1.oracleGeneral.sample10.zst"
}