{
  "dram_cache_size": 5269,
  "flash_cache_size": 526999,
  "results": [
    {
      "hit": 1091067997,
      "iteration": 0,
      "metrics": [
        {
          "admission_treshold": 0,
          "algorithm": "qand-clock",
          "byte_inserted": 144293856,
          "byte_miss": 144293856,
          "byte_read": 1091067997,
          "byte_reinserted": 141139591,
          "hit": 1091067997,
          "inserted": 144293856,
          "layer": 0,
          "miss_ratio": 0.11680290730168763,
          "reinserted": 141139591,
          "req": 1235361853
        }
      ],
      "miss_ratio": 0.11680290730168763,
      "req": 1235361853
    }
  ],
  "trace": "exchange_adgroup_metadata_cache.1.oracleGeneral.sample10.zst"
}