{
  "dram_cache_size": 47,
  "flash_cache_size": 4725,
  "results": [
    {
      "hit": 8236828,
      "iteration": 0,
      "metrics": [
        {
          "admission_treshold": 0,
          "algorithm": "qtime-clock",
          "byte_inserted": 4117229,
          "byte_miss": 4117229,
          "byte_read": 8236828,
          "byte_reinserted": 3657117,
          "hit": 8236828,
          "inserted": 4117229,
          "layer": 0,
          "miss_ratio": 0.3332693867285864,
          "reinserted": 3657117,
          "req": 12354057
        }
      ],
      "miss_ratio": 0.3332693867285864,
      "req": 12354057
    }
  ],
  "trace": "frigate_email_cas_cache.0.oracleGeneral.sample10.zst"
}