{
  "dram_cache_size": 33,
  "flash_cache_size": 3379,
  "results": [
    {
      "hit": 5419097,
      "iteration": 0,
      "metrics": [
        {
          "admission_treshold": 0,
          "algorithm": "qor-clock",
          "byte_inserted": 2180903,
          "byte_miss": 2180903,
          "byte_read": 5419097,
          "byte_reinserted": 741243,
          "hit": 5419097,
          "inserted": 2180903,
          "layer": 0,
          "miss_ratio": 0.2869609210526316,
          "reinserted": 741243,
          "req": 7600000
        }
      ],
      "miss_ratio": 0.2869609210526316,
      "req": 7600000
    }
  ],
  "trace": "io_traces.ns398.oracleGeneral.zst"
}