{
  "dram_cache_size": 36,
  "flash_cache_size": 3614,
  "results": [
    {
      "hit": 802015,
      "iteration": 0,
      "metrics": [
        {
          "admission_treshold": 0,
          "algorithm": "qtime-clock",
          "byte_inserted": 2997985,
          "byte_miss": 2997985,
          "byte_read": 802015,
          "byte_reinserted": 236856,
          "hit": 802015,
          "inserted": 2997985,
          "layer": 0,
          "miss_ratio": 0.7889434210526316,
          "reinserted": 236856,
          "req": 3800000
        }
      ],
      "miss_ratio": 0.7889434210526316,
      "req": 3800000
    }
  ],
  "trace": "io_traces.ns783.oracleGeneral.zst"
}