{
  "dram_cache_size": 160,
  "flash_cache_size": 16005,
  "results": [
    {
      "hit": 16644213,
      "iteration": 0,
      "metrics": [
        {
          "admission_treshold": 0,
          "algorithm": "qand-clock",
          "byte_inserted": 2155787,
          "byte_miss": 2155787,
          "byte_read": 16644213,
          "byte_reinserted": 39478,
          "hit": 16644213,
          "inserted": 2155787,
          "layer": 0,
          "miss_ratio": 0.1146695212765958,
          "reinserted": 39478,
          "req": 18800000
        }
      ],
      "miss_ratio": 0.1146695212765958,
      "req": 18800000
    }
  ],
  "trace": "io_traces.ns133.oracleGeneral.zst"
}