{
  "dram_cache_size": 48,
  "flash_cache_size": 4881,
  "results": [
    {
      "hit": 2640217,
      "iteration": 0,
      "metrics": [
        {
          "admission_treshold": 0,
          "algorithm": "qauto",
          "byte_inserted": 1559783,
          "byte_miss": 1559783,
          "byte_read": 2640217,
          "byte_reinserted": 59969,
          "hit": 2640217,
          "inserted": 1559783,
          "layer": 0,
          "miss_ratio": 0.37137690476190477,
          "reinserted": 59969,
          "req": 4200000
        }
      ],
      "miss_ratio": 0.37137690476190477,
      "req": 4200000
    }
  ],
  "trace": "io_traces.ns577.oracleGeneral.zst"
}