{
  "dram_cache_size": 603,
  "flash_cache_size": 60392,
  "results": [
    {
      "hit": 6385717,
      "iteration": 0,
      "metrics": [
        {
          "admission_treshold": 0,
          "algorithm": "q-clock",
          "byte_inserted": 1014283,
          "byte_miss": 1014283,
          "byte_read": 6385717,
          "byte_reinserted": 5844,
          "hit": 6385717,
          "inserted": 1014283,
          "layer": 0,
          "miss_ratio": 0.13706527027027027,
          "reinserted": 5844,
          "req": 7400000
        }
      ],
      "miss_ratio": 0.13706527027027027,
      "req": 7400000
    }
  ],
  "trace": "io_traces.ns512.oracleGeneral.zst"
}