{
  "dram_cache_size": 90,
  "flash_cache_size": 9086,
  "results": [
    {
      "hit": 1307250,
      "iteration": 0,
      "metrics": [
        {
          "admission_treshold": 0,
          "algorithm": "qand-clock",
          "byte_inserted": 2492750,
          "byte_miss": 2492750,
          "byte_read": 1307250,
          "byte_reinserted": 28274,
          "hit": 1307250,
          "inserted": 2492750,
          "layer": 0,
          "miss_ratio": 0.6559868421052631,
          "reinserted": 28274,
          "req": 3800000
        }
      ],
      "miss_ratio": 0.6559868421052631,
      "req": 3800000
    }
  ],
  "trace": "io_traces.ns623.oracleGeneral.zst"
}