{
  "dram_cache_size": 110,
  "flash_cache_size": 11002,
  "results": [
    {
      "hit": 664259,
      "iteration": 0,
      "metrics": [
        {
          "admission_treshold": 0,
          "algorithm": "qand-clock",
          "byte_inserted": 10335741,
          "byte_miss": 10335741,
          "byte_read": 664259,
          "byte_reinserted": 116006,
          "hit": 664259,
          "inserted": 10335741,
          "layer": 0,
          "miss_ratio": 0.9396128181818182,
          "reinserted": 116006,
          "req": 11000000
        }
      ],
      "miss_ratio": 0.9396128181818182,
      "req": 11000000
    }
  ],
  "trace": "io_traces.ns742.oracleGeneral.zst"
}