{
  "dram_cache_size": 173,
  "flash_cache_size": 17396,
  "results": [
    {
      "hit": 2671416,
      "iteration": 0,
      "metrics": [
        {
          "admission_treshold": 0,
          "algorithm": "q-clock",
          "byte_inserted": 1328584,
          "byte_miss": 1328584,
          "byte_read": 2671416,
          "byte_reinserted": 205185,
          "hit": 2671416,
          "inserted": 1328584,
          "layer": 0,
          "miss_ratio": 0.33214600000000005,
          "reinserted": 205185,
          "req": 4000000
        }
      ],
      "miss_ratio": 0.33214600000000005,
      "req": 4000000
    }
  ],
  "trace": "io_traces.ns502.oracleGeneral.zst"
}