{
  "dram_cache_size": 8,
  "flash_cache_size": 883,
  "results": [
    {
      "hit": 2848381,
      "iteration": 0,
      "metrics": [
        {
          "admission_treshold": 0,
          "algorithm": "qtime-clock",
          "byte_inserted": 1551619,
          "byte_miss": 1551619,
          "byte_read": 2848381,
          "byte_reinserted": 230797,
          "hit": 2848381,
          "inserted": 1551619,
          "layer": 0,
          "miss_ratio": 0.35264068181818187,
          "reinserted": 230797,
          "req": 4400000
        }
      ],
      "miss_ratio": 0.35264068181818187,
      "req": 4400000
    }
  ],
  "trace": "io_traces.ns370.oracleGeneral.zst"
}