{
  "dram_cache_size": 106,
  "flash_cache_size": 10684,
  "results": [
    {
      "hit": 1465320,
      "iteration": 0,
      "metrics": [
        {
          "admission_treshold": 0,
          "algorithm": "offline-clock",
          "byte_inserted": 2134680,
          "byte_miss": 2134680,
          "byte_read": 1465320,
          "byte_reinserted": 335775,
          "hit": 1465320,
          "inserted": 2134680,
          "layer": 0,
          "miss_ratio": 0.5929666666666666,
          "reinserted": 335775,
          "req": 3600000
        }
      ],
      "miss_ratio": 0.5929666666666666,
      "req": 3600000
    },
    {
      "hit": 1514025,
      "iteration": 1,
      "metrics": [
        {
          "admission_treshold": 0,
          "algorithm": "offline-clock",
          "byte_inserted": 4220655,
          "byte_miss": 4220655,
          "byte_read": 2979345,
          "byte_reinserted": 477108,
          "hit": 1514025,
          "inserted": 2085975,
          "layer": 0,
          "miss_ratio": 0.5794375,
          "reinserted": 141333,
          "req": 3600000
        }
      ],
      "miss_ratio": 0.5794375,
      "req": 3600000
    }
  ],
  "trace": "io_traces.ns717.oracleGeneral.zst"
}