{
  "dram_cache_size": 875,
  "flash_cache_size": 87575,
  "results": [
    {
      "hit": 2772984,
      "iteration": 0,
      "metrics": [
        {
          "admission_treshold": 0,
          "algorithm": "qand-clock",
          "byte_inserted": 11427016,
          "byte_miss": 11427016,
          "byte_read": 2772984,
          "byte_reinserted": 651254,
          "hit": 2772984,
          "inserted": 11427016,
          "layer": 0,
          "miss_ratio": 0.8047194366197183,
          "reinserted": 651254,
          "req": 14200000
        }
      ],
      "miss_ratio": 0.8047194366197183,
      "req": 14200000
    }
  ],
  "trace": "io_traces.ns213.oracleGeneral.zst"
}