{
  "dram_cache_size": 18,
  "flash_cache_size": 1801,
  "results": [
    {
      "hit": 726608,
      "iteration": 0,
      "metrics": [
        {
          "admission_treshold": 0,
          "algorithm": "qand-clock",
          "byte_inserted": 1873392,
          "byte_miss": 1873392,
          "byte_read": 726608,
          "byte_reinserted": 63331,
          "hit": 726608,
          "inserted": 1873392,
          "layer": 0,
          "miss_ratio": 0.7205353846153846,
          "reinserted": 63331,
          "req": 2600000
        }
      ],
      "miss_ratio": 0.7205353846153846,
      "req": 2600000
    }
  ],
  "trace": "io_traces.ns634.oracleGeneral.zst"
}