{
  "dram_cache_size": 14,
  "flash_cache_size": 1400,
  "results": [
    {
      "hit": 423778,
      "iteration": 0,
      "metrics": [
        {
          "admission_treshold": 0,
          "algorithm": "qtime-clock",
          "byte_inserted": 1976222,
          "byte_miss": 1976222,
          "byte_read": 423778,
          "byte_reinserted": 74563,
          "hit": 423778,
          "inserted": 1976222,
          "layer": 0,
          "miss_ratio": 0.8234258333333333,
          "reinserted": 74563,
          "req": 2400000
        }
      ],
      "miss_ratio": 0.8234258333333333,
      "req": 2400000
    }
  ],
  "trace": "io_traces.ns140.oracleGeneral.zst"
}