{
  "dram_cache_size": 7,
  "flash_cache_size": 778,
  "results": [
    {
      "hit": 772978,
      "iteration": 0,
      "metrics": [
        {
          "admission_treshold": 0,
          "algorithm": "qauto",
          "byte_inserted": 1627022,
          "byte_miss": 1627022,
          "byte_read": 772978,
          "byte_reinserted": 46803,
          "hit": 772978,
          "inserted": 1627022,
          "layer": 0,
          "miss_ratio": 0.6779258333333333,
          "reinserted": 46803,
          "req": 2400000
        }
      ],
      "miss_ratio": 0.6779258333333333,
      "req": 2400000
    }
  ],
  "trace": "io_traces.ns763.oracleGeneral.zst"
}