{
  "dram_cache_size": 869,
  "flash_cache_size": 86970,
  "results": [
    {
      "hit": 2778511,
      "iteration": 0,
      "metrics": [
        {
          "admission_treshold": 0,
          "algorithm": "qor-clock",
          "byte_inserted": 11621489,
          "byte_miss": 11621489,
          "byte_read": 2778511,
          "byte_reinserted": 1661066,
          "hit": 2778511,
          "inserted": 11621489,
          "layer": 0,
          "miss_ratio": 0.8070478472222222,
          "reinserted": 1661066,
          "req": 14400000
        }
      ],
      "miss_ratio": 0.8070478472222222,
      "req": 14400000
    }
  ],
  "trace": "io_traces.ns109.oracleGeneral.zst"
}