{
  "dram_cache_size": 17,
  "flash_cache_size": 1706,
  "results": [
    {
      "hit": 3317051,
      "iteration": 0,
      "metrics": [
        {
          "admission_treshold": 0,
          "algorithm": "qand-clock",
          "byte_inserted": 1082949,
          "byte_miss": 1082949,
          "byte_read": 3317051,
          "byte_reinserted": 409392,
          "hit": 3317051,
          "inserted": 1082949,
          "layer": 0,
          "miss_ratio": 0.24612477272727273,
          "reinserted": 409392,
          "req": 4400000
        }
      ],
      "miss_ratio": 0.24612477272727273,
      "req": 4400000
    }
  ],
  "trace": "io_traces.ns439.oracleGeneral.zst"
}