{
  "dram_cache_size": 8,
  "flash_cache_size": 888,
  "results": [
    {
      "hit": 1464733,
      "iteration": 0,
      "metrics": [
        {
          "admission_treshold": 0,
          "algorithm": "qtime-clock",
          "byte_inserted": 535267,
          "byte_miss": 535267,
          "byte_read": 1464733,
          "byte_reinserted": 148811,
          "hit": 1464733,
          "inserted": 535267,
          "layer": 0,
          "miss_ratio": 0.26763349999999997,
          "reinserted": 148811,
          "req": 2000000
        }
      ],
      "miss_ratio": 0.26763349999999997,
      "req": 2000000
    }
  ],
  "trace": "io_traces.ns443.oracleGeneral.zst"
}