{
  "dram_cache_size": 33,
  "flash_cache_size": 3379,
  "results": [
    {
      "hit": 5425122,
      "iteration": 0,
      "metrics": [
        {
          "admission_treshold": 0,
          "algorithm": "qand-clock",
          "byte_inserted": 2174878,
          "byte_miss": 2174878,
          "byte_read": 5425122,
          "byte_reinserted": 672507,
          "hit": 5425122,
          "inserted": 2174878,
          "layer": 0,
          "miss_ratio": 0.2861681578947368,
          "reinserted": 672507,
          "req": 7600000
        }
      ],
      "miss_ratio": 0.2861681578947368,
      "req": 7600000
    }
  ],
  "trace": "io_traces.ns398.oracleGeneral.zst"
}