{
  "dram_cache_size": 16,
  "flash_cache_size": 1697,
  "results": [
    {
      "hit": 1246183,
      "iteration": 0,
      "metrics": [
        {
          "admission_treshold": 0,
          "algorithm": "qor-clock",
          "byte_inserted": 1153817,
          "byte_miss": 1153817,
          "byte_read": 1246183,
          "byte_reinserted": 50095,
          "hit": 1246183,
          "inserted": 1153817,
          "layer": 0,
          "miss_ratio": 0.48075708333333333,
          "reinserted": 50095,
          "req": 2400000
        }
      ],
      "miss_ratio": 0.48075708333333333,
      "req": 2400000
    }
  ],
  "trace": "io_traces.ns258.oracleGeneral.zst"
}