{
  "dram_cache_size": 155,
  "flash_cache_size": 15520,
  "results": [
    {
      "hit": 10675516,
      "iteration": 0,
      "metrics": [
        {
          "admission_treshold": 0,
          "algorithm": "qtime-clock",
          "byte_inserted": 3524484,
          "byte_miss": 3524484,
          "byte_read": 10675516,
          "byte_reinserted": 1205459,
          "hit": 10675516,
          "inserted": 3524484,
          "layer": 0,
          "miss_ratio": 0.24820309859154932,
          "reinserted": 1205459,
          "req": 14200000
        }
      ],
      "miss_ratio": 0.24820309859154932,
      "req": 14200000
    }
  ],
  "trace": "io_traces.ns211.oracleGeneral.zst"
}