{
  "dram_cache_size": 167,
  "flash_cache_size": 16703,
  "results": [
    {
      "hit": 36860936,
      "iteration": 0,
      "metrics": [
        {
          "admission_treshold": 0,
          "algorithm": "q-clock",
          "byte_inserted": 7339064,
          "byte_miss": 7339064,
          "byte_read": 36860936,
          "byte_reinserted": 3475400,
          "hit": 36860936,
          "inserted": 7339064,
          "layer": 0,
          "miss_ratio": 0.16604217194570137,
          "reinserted": 3475400,
          "req": 44200000
        }
      ],
      "miss_ratio": 0.16604217194570137,
      "req": 44200000
    }
  ],
  "trace": "io_traces.ns131.oracleGeneral.zst"
}