{
  "dram_cache_size": 166,
  "flash_cache_size": 16630,
  "results": [
    {
      "hit": 10048196,
      "iteration": 0,
      "metrics": [
        {
          "admission_treshold": 0,
          "algorithm": "qand-clock",
          "byte_inserted": 3951804,
          "byte_miss": 3951804,
          "byte_read": 10048196,
          "byte_reinserted": 1061642,
          "hit": 10048196,
          "inserted": 3951804,
          "layer": 0,
          "miss_ratio": 0.2822717142857143,
          "reinserted": 1061642,
          "req": 14000000
        }
      ],
      "miss_ratio": 0.2822717142857143,
      "req": 14000000
    }
  ],
  "trace": "io_traces.ns189.oracleGeneral.zst"
}