{
  "dram_cache_size": 15,
  "flash_cache_size": 1553,
  "results": [
    {
      "hit": 1055324,
      "iteration": 0,
      "metrics": [
        {
          "admission_treshold": 0,
          "algorithm": "q-clock",
          "byte_inserted": 2144676,
          "byte_miss": 2144676,
          "byte_read": 1055324,
          "byte_reinserted": 107917,
          "hit": 1055324,
          "inserted": 2144676,
          "layer": 0,
          "miss_ratio": 0.6702112499999999,
          "reinserted": 107917,
          "req": 3200000
        }
      ],
      "miss_ratio": 0.6702112499999999,
      "req": 3200000
    }
  ],
  "trace": "io_traces.ns351.oracleGeneral.zst"
}