{
  "dram_cache_size": 165,
  "flash_cache_size": 16589,
  "results": [
    {
      "hit": 30241228,
      "iteration": 0,
      "metrics": [
        {
          "admission_treshold": 0,
          "algorithm": "qand-clock",
          "byte_inserted": 6558772,
          "byte_miss": 6558772,
          "byte_read": 30241228,
          "byte_reinserted": 2055067,
          "hit": 30241228,
          "inserted": 6558772,
          "layer": 0,
          "miss_ratio": 0.17822749999999998,
          "reinserted": 2055067,
          "req": 36800000
        }
      ],
      "miss_ratio": 0.17822749999999998,
      "req": 36800000
    }
  ],
  "trace": "io_traces.ns135.oracleGeneral.zst"
}