{
  "dram_cache_size": 41,
  "flash_cache_size": 4174,
  "results": [
    {
      "hit": 5638395,
      "iteration": 0,
      "metrics": [
        {
          "admission_treshold": 0,
          "algorithm": "qtime-clock",
          "byte_inserted": 2161605,
          "byte_miss": 2161605,
          "byte_read": 5638395,
          "byte_reinserted": 600389,
          "hit": 5638395,
          "inserted": 2161605,
          "layer": 0,
          "miss_ratio": 0.27712884615384614,
          "reinserted": 600389,
          "req": 7800000
        }
      ],
      "miss_ratio": 0.27712884615384614,
      "req": 7800000
    }
  ],
  "trace": "io_traces.ns240.oracleGeneral.zst"
}