{
  "dram_cache_size": 870,
  "flash_cache_size": 87084,
  "results": [
    {
      "hit": 2786818,
      "iteration": 0,
      "metrics": [
        {
          "admission_treshold": 0,
          "algorithm": "qauto",
          "byte_inserted": 11613182,
          "byte_miss": 11613182,
          "byte_read": 2786818,
          "byte_reinserted": 995600,
          "hit": 2786818,
          "inserted": 11613182,
          "layer": 0,
          "miss_ratio": 0.8064709722222222,
          "reinserted": 995600,
          "req": 14400000
        }
      ],
      "miss_ratio": 0.8064709722222222,
      "req": 14400000
    }
  ],
  "trace": "io_traces.ns201.oracleGeneral.zst"
}