{
  "dram_cache_size": 867,
  "flash_cache_size": 86784,
  "results": [
    {
      "hit": 2803875,
      "iteration": 0,
      "metrics": [
        {
          "admission_treshold": 0,
          "algorithm": "qand-clock",
          "byte_inserted": 11596125,
          "byte_miss": 11596125,
          "byte_read": 2803875,
          "byte_reinserted": 605583,
          "hit": 2803875,
          "inserted": 11596125,
          "layer": 0,
          "miss_ratio": 0.8052864583333333,
          "reinserted": 605583,
          "req": 14400000
        }
      ],
      "miss_ratio": 0.8052864583333333,
      "req": 14400000
    }
  ],
  "trace": "io_traces.ns28.oracleGeneral.zst"
}