{
  "dram_cache_size": 24,
  "flash_cache_size": 2449,
  "results": [
    {
      "hit": 4979240,
      "iteration": 0,
      "metrics": [
        {
          "admission_treshold": 0,
          "algorithm": "qand-clock",
          "byte_inserted": 2220760,
          "byte_miss": 2220760,
          "byte_read": 4979240,
          "byte_reinserted": 281568,
          "hit": 4979240,
          "inserted": 2220760,
          "layer": 0,
          "miss_ratio": 0.30843888888888893,
          "reinserted": 281568,
          "req": 7200000
        }
      ],
      "miss_ratio": 0.30843888888888893,
      "req": 7200000
    }
  ],
  "trace": "io_traces.ns319.oracleGeneral.zst"
}