{
  "dram_cache_size": 71,
  "flash_cache_size": 7113,
  "results": [
    {
      "hit": 18975996,
      "iteration": 0,
      "metrics": [
        {
          "admission_treshold": 0,
          "algorithm": "qand-clock",
          "byte_inserted": 3024004,
          "byte_miss": 3024004,
          "byte_read": 18975996,
          "byte_reinserted": 1601939,
          "hit": 18975996,
          "inserted": 3024004,
          "layer": 0,
          "miss_ratio": 0.13745472727272723,
          "reinserted": 1601939,
          "req": 22000000
        }
      ],
      "miss_ratio": 0.13745472727272723,
      "req": 22000000
    }
  ],
  "trace": "io_traces.ns259.oracleGeneral.zst"
}