{
  "dram_cache_size": 81,
  "flash_cache_size": 8100,
  "results": [
    {
      "hit": 4483190,
      "iteration": 0,
      "metrics": [
        {
          "admission_treshold": 0,
          "algorithm": "qor-clock",
          "byte_inserted": 36316810,
          "byte_miss": 36316810,
          "byte_read": 4483190,
          "byte_reinserted": 138577,
          "hit": 4483190,
          "inserted": 36316810,
          "layer": 0,
          "miss_ratio": 0.8901178921568628,
          "reinserted": 138577,
          "req": 40800000
        }
      ],
      "miss_ratio": 0.8901178921568628,
      "req": 40800000
    }
  ],
  "trace": "io_traces.ns49.oracleGeneral.zst"
}