{
  "dram_cache_size": 41,
  "flash_cache_size": 4131,
  "results": [
    {
      "hit": 9595817,
      "iteration": 0,
      "metrics": [
        {
          "admission_treshold": 0,
          "algorithm": "qand-clock",
          "byte_inserted": 34804183,
          "byte_miss": 34804183,
          "byte_read": 9595817,
          "byte_reinserted": 2314325,
          "hit": 9595817,
          "inserted": 34804183,
          "layer": 0,
          "miss_ratio": 0.7838779954954955,
          "reinserted": 2314325,
          "req": 44400000
        }
      ],
      "miss_ratio": 0.7838779954954955,
      "req": 44400000
    }
  ],
  "trace": "io_traces.ns721.oracleGeneral.zst"
}