{
  "dram_cache_size": 52,
  "flash_cache_size": 5218,
  "results": [
    {
      "hit": 132767781,
      "iteration": 0,
      "metrics": [
        {
          "admission_treshold": 0,
          "algorithm": "qtime-clock",
          "byte_inserted": 15378881,
          "byte_miss": 15378881,
          "byte_read": 132767781,
          "byte_reinserted": 25721807,
          "hit": 132767781,
          "inserted": 15378881,
          "layer": 0,
          "miss_ratio": 0.10380848810484844,
          "reinserted": 25721807,
          "req": 148146662
        }
      ],
      "miss_ratio": 0.10380848810484844,
      "req": 148146662
    }
  ],
  "trace": "media_engagements_cache.1.oracleGeneral.sample10.zst"
}