{
  "dram_cache_size": 55,
  "flash_cache_size": 5507,
  "results": [
    {
      "hit": 137472857,
      "iteration": 0,
      "metrics": [
        {
          "admission_treshold": 0,
          "algorithm": "qtime-clock",
          "byte_inserted": 16240614,
          "byte_miss": 16240614,
          "byte_read": 137472857,
          "byte_reinserted": 26495166,
          "hit": 137472857,
          "inserted": 16240614,
          "layer": 0,
          "miss_ratio": 0.10565511203634192,
          "reinserted": 26495166,
          "req": 153713471
        }
      ],
      "miss_ratio": 0.10565511203634192,
      "req": 153713471
    }
  ],
  "trace": "media_engagements_cache.0.oracleGeneral.sample10.zst"
}