{
  "dram_cache_size": 711,
  "flash_cache_size": 71138,
  "results": [
    {
      "hit": 4291078,
      "iteration": 0,
      "metrics": [
        {
          "admission_treshold": 0,
          "algorithm": "q-clock",
          "byte_inserted": 1294808,
          "byte_miss": 1294808,
          "byte_read": 4291078,
          "byte_reinserted": 421704,
          "hit": 4291078,
          "inserted": 1294808,
          "layer": 0,
          "miss_ratio": 0.23179993290231848,
          "reinserted": 421704,
          "req": 5585886
        }
      ],
      "miss_ratio": 0.23179993290231848,
      "req": 5585886
    }
  ],
  "trace": "msr_prn_0.oracleGeneral.zst"
}