{
  "dram_cache_size": 111,
  "flash_cache_size": 11149,
  "results": [
    {
      "hit": 13209379,
      "iteration": 0,
      "metrics": [
        {
          "admission_treshold": 0,
          "algorithm": "qand-clock",
          "byte_inserted": 1128864,
          "byte_miss": 1128864,
          "byte_read": 13209379,
          "byte_reinserted": 960783,
          "hit": 13209379,
          "inserted": 1128864,
          "layer": 0,
          "miss_ratio": 0.07873098537944989,
          "reinserted": 960783,
          "req": 14338243
        }
      ],
      "miss_ratio": 0.07873098537944989,
      "req": 14338243
    }
  ],
  "trace": "observability_cache.1.oracleGeneral.sample10.zst"
}