{
  "dram_cache_size": 602,
  "flash_cache_size": 60230,
  "results": [
    {
      "hit": 480363812,
      "iteration": 0,
      "metrics": [
        {
          "admission_treshold": 0,
          "algorithm": "qtime-clock",
          "byte_inserted": 16347992,
          "byte_miss": 16347992,
          "byte_read": 480363812,
          "byte_reinserted": 15355941,
          "hit": 480363812,
          "inserted": 16347992,
          "layer": 0,
          "miss_ratio": 0.03291242903500635,
          "reinserted": 15355941,
          "req": 496711804
        }
      ],
      "miss_ratio": 0.03291242903500635,
      "req": 496711804
    }
  ],
  "trace": "passbird_cache.1.oracleGeneral.sample10.zst"
}