{
  "dram_cache_size": 181,
  "flash_cache_size": 18167,
  "results": [
    {
      "hit": 535955710,
      "iteration": 0,
      "metrics": [
        {
          "admission_treshold": 0,
          "algorithm": "qand-clock",
          "byte_inserted": 35918283,
          "byte_miss": 35918283,
          "byte_read": 535955710,
          "byte_reinserted": 32743720,
          "hit": 535955710,
          "inserted": 35918283,
          "layer": 0,
          "miss_ratio": 0.06280803715443661,
          "reinserted": 32743720,
          "req": 571873993
        }
      ],
      "miss_ratio": 0.06280803715443661,
      "req": 571873993
    }
  ],
  "trace": "pushservice_core_svcs_cache.0.oracleGeneral.sample10.zst"
}