{
  "dram_cache_size": 13,
  "flash_cache_size": 1364,
  "results": [
    {
      "hit": 2386985,
      "iteration": 0,
      "metrics": [
        {
          "admission_treshold": 0,
          "algorithm": "qand-clock",
          "byte_inserted": 1693620,
          "byte_miss": 1693620,
          "byte_read": 2386985,
          "byte_reinserted": 1139072,
          "hit": 2386985,
          "inserted": 1693620,
          "layer": 0,
          "miss_ratio": 0.4150413970477417,
          "reinserted": 1139072,
          "req": 4080605
        }
      ],
      "miss_ratio": 0.4150413970477417,
      "req": 4080605
    }
  ],
  "trace": "sc_knownfors_cache.0.oracleGeneral.sample10.zst"
}