{
  "dram_cache_size": 969,
  "flash_cache_size": 96904,
  "results": [
    {
      "hit": 97246602,
      "iteration": 0,
      "metrics": [
        {
          "admission_treshold": 0,
          "algorithm": "qand-clock",
          "byte_inserted": 14395026,
          "byte_miss": 14395026,
          "byte_read": 97246602,
          "byte_reinserted": 5033952,
          "hit": 97246602,
          "inserted": 14395026,
          "layer": 0,
          "miss_ratio": 0.12893959231766128,
          "reinserted": 5033952,
          "req": 111641628
        }
      ],
      "miss_ratio": 0.12893959231766128,
      "req": 111641628
    }
  ],
  "trace": "search_signal_ingester_cache.1.oracleGeneral.sample10.zst"
}