{
  "dram_cache_size": 208,
  "flash_cache_size": 20871,
  "results": [
    {
      "hit": 117983189,
      "iteration": 0,
      "metrics": [
        {
          "admission_treshold": 0,
          "algorithm": "qand-clock",
          "byte_inserted": 20432757,
          "byte_miss": 20432757,
          "byte_read": 117983189,
          "byte_reinserted": 165591,
          "hit": 117983189,
          "inserted": 20432757,
          "layer": 0,
          "miss_ratio": 0.14761851932869063,
          "reinserted": 165591,
          "req": 138415946
        }
      ],
      "miss_ratio": 0.14761851932869063,
      "req": 138415946
    }
  ],
  "trace": "simclusters_v2_entity_summingbird_scores_cache.1.oracleGeneral.sample10.zst"
}