{
  "dram_cache_size": 54,
  "flash_cache_size": 5457,
  "results": [
    {
      "hit": 3155584,
      "iteration": 0,
      "metrics": [
        {
          "admission_treshold": 0,
          "algorithm": "qtime-clock",
          "byte_inserted": 1587599,
          "byte_miss": 1587599,
          "byte_read": 3155584,
          "byte_reinserted": 72877,
          "hit": 3155584,
          "inserted": 1587599,
          "layer": 0,
          "miss_ratio": 0.33471173260656395,
          "reinserted": 72877,
          "req": 4743183
        }
      ],
      "miss_ratio": 0.33471173260656395,
      "req": 4743183
    }
  ],
  "trace": "tencentBlock.ns15800.oracleGeneral.zst"
}