{
  "dram_cache_size": 33,
  "flash_cache_size": 3312,
  "results": [
    {
      "hit": 4001270,
      "iteration": 0,
      "metrics": [
        {
          "admission_treshold": 0,
          "algorithm": "q-clock",
          "byte_inserted": 505402,
          "byte_miss": 505402,
          "byte_read": 4001270,
          "byte_reinserted": 433293,
          "hit": 4001270,
          "inserted": 505402,
          "layer": 0,
          "miss_ratio": 0.11214528148487402,
          "reinserted": 433293,
          "req": 4506672
        }
      ],
      "miss_ratio": 0.11214528148487402,
      "req": 4506672
    }
  ],
  "trace": "tencentBlock.ns11074.oracleGeneral.zst"
}