{
  "dram_cache_size": 2849,
  "flash_cache_size": 284903,
  "results": [
    {
      "hit": 40411206,
      "iteration": 0,
      "metrics": [
        {
          "admission_treshold": 0,
          "algorithm": "qtime-clock",
          "byte_inserted": 10596942,
          "byte_miss": 10596942,
          "byte_read": 40411206,
          "byte_reinserted": 2206597,
          "hit": 40411206,
          "inserted": 10596942,
          "layer": 0,
          "miss_ratio": 0.2077499853552809,
          "reinserted": 2206597,
          "req": 51008148
        }
      ],
      "miss_ratio": 0.2077499853552809,
      "req": 51008148
    }
  ],
  "trace": "tencentBlock.ns11784.oracleGeneral.zst"
}