{
  "dram_cache_size": 19,
  "flash_cache_size": 1956,
  "results": [
    {
      "hit": 1632135,
      "iteration": 0,
      "metrics": [
        {
          "admission_treshold": 0,
          "algorithm": "qand-clock",
          "byte_inserted": 1069727,
          "byte_miss": 1069727,
          "byte_read": 1632135,
          "byte_reinserted": 161427,
          "hit": 1632135,
          "inserted": 1069727,
          "layer": 0,
          "miss_ratio": 0.39592214554259253,
          "reinserted": 161427,
          "req": 2701862
        }
      ],
      "miss_ratio": 0.39592214554259253,
      "req": 2701862
    }
  ],
  "trace": "tencentBlock.ns15646.oracleGeneral.zst"
}