{
  "dram_cache_size": 160,
  "flash_cache_size": 16074,
  "results": [
    {
      "hit": 508107,
      "iteration": 0,
      "metrics": [
        {
          "admission_treshold": 0,
          "algorithm": "qtime-clock",
          "byte_inserted": 847434,
          "byte_miss": 847434,
          "byte_read": 508107,
          "byte_reinserted": 56962,
          "hit": 508107,
          "inserted": 847434,
          "layer": 0,
          "miss_ratio": 0.6251629423233971,
          "reinserted": 56962,
          "req": 1355541
        }
      ],
      "miss_ratio": 0.6251629423233971,
      "req": 1355541
    }
  ],
  "trace": "tencentBlock.ns20552.oracleGeneral.zst"
}