{
  "dram_cache_size": 308,
  "flash_cache_size": 30848,
  "results": [
    {
      "hit": 2166421,
      "iteration": 0,
      "metrics": [
        {
          "admission_treshold": 0,
          "algorithm": "lru",
          "byte_inserted": 735742,
          "byte_miss": 735742,
          "byte_read": 2166421,
          "byte_reinserted": 2166421,
          "hit": 2166421,
          "inserted": 735742,
          "layer": 0,
          "miss_ratio": 0.25351505067082725,
          "reinserted": 2166421,
          "req": 2902163
        }
      ],
      "miss_ratio": 0.25351505067082725,
      "req": 2902163
    }
  ],
  "trace": "tencentBlock.ns20776.oracleGeneral.zst"
}