{
  "dram_cache_size": 431,
  "flash_cache_size": 43197,
  "results": [
    {
      "hit": 3137440,
      "iteration": 0,
      "metrics": [
        {
          "admission_treshold": 0,
          "algorithm": "q-clock",
          "byte_inserted": 920068,
          "byte_miss": 920068,
          "byte_read": 3137440,
          "byte_reinserted": 271504,
          "hit": 3137440,
          "inserted": 920068,
          "layer": 0,
          "miss_ratio": 0.22675691582123803,
          "reinserted": 271504,
          "req": 4057508
        }
      ],
      "miss_ratio": 0.22675691582123803,
      "req": 4057508
    }
  ],
  "trace": "tencentBlock.ns13877.oracleGeneral.zst"
}