{
  "dram_cache_size": 50,
  "flash_cache_size": 5096,
  "results": [
    {
      "hit": 3218915,
      "iteration": 0,
      "metrics": [
        {
          "admission_treshold": 0,
          "algorithm": "qor-clock",
          "byte_inserted": 3256242,
          "byte_miss": 3256242,
          "byte_read": 3218915,
          "byte_reinserted": 74330,
          "hit": 3218915,
          "inserted": 3256242,
          "layer": 0,
          "miss_ratio": 0.5028823239343849,
          "reinserted": 74330,
          "req": 6475157
        }
      ],
      "miss_ratio": 0.5028823239343849,
      "req": 6475157
    }
  ],
  "trace": "tencentBlock.ns15315.oracleGeneral.zst"
}