{
  "dram_cache_size": 15,
  "flash_cache_size": 1555,
  "results": [
    {
      "hit": 2414316,
      "iteration": 0,
      "metrics": [
        {
          "admission_treshold": 0,
          "algorithm": "qand-clock",
          "byte_inserted": 707685,
          "byte_miss": 707685,
          "byte_read": 2414316,
          "byte_reinserted": 144911,
          "hit": 2414316,
          "inserted": 707685,
          "layer": 0,
          "miss_ratio": 0.22667673713108993,
          "reinserted": 144911,
          "req": 3122001
        }
      ],
      "miss_ratio": 0.22667673713108993,
      "req": 3122001
    }
  ],
  "trace": "tencentBlock.ns2877.oracleGeneral.zst"
}