{
  "dram_cache_size": 49,
  "flash_cache_size": 4925,
  "results": [
    {
      "hit": 4122723,
      "iteration": 0,
      "metrics": [
        {
          "admission_treshold": 0,
          "algorithm": "qauto",
          "byte_inserted": 2319692,
          "byte_miss": 2319692,
          "byte_read": 4122723,
          "byte_reinserted": 185185,
          "hit": 4122723,
          "inserted": 2319692,
          "layer": 0,
          "miss_ratio": 0.3600655965193177,
          "reinserted": 185185,
          "req": 6442415
        }
      ],
      "miss_ratio": 0.3600655965193177,
      "req": 6442415
    }
  ],
  "trace": "tencentBlock.ns2339.oracleGeneral.zst"
}