{
  "dram_cache_size": 136,
  "flash_cache_size": 13640,
  "results": [
    {
      "hit": 1085369,
      "iteration": 0,
      "metrics": [
        {
          "admission_treshold": 0,
          "algorithm": "lru",
          "byte_inserted": 472732,
          "byte_miss": 472732,
          "byte_read": 1085369,
          "byte_reinserted": 1085369,
          "hit": 1085369,
          "inserted": 472732,
          "layer": 0,
          "miss_ratio": 0.3034026677346334,
          "reinserted": 1085369,
          "req": 1558101
        }
      ],
      "miss_ratio": 0.3034026677346334,
      "req": 1558101
    }
  ],
  "trace": "tencentBlock.ns22436.oracleGeneral.zst"
}