{
  "dram_cache_size": 66,
  "flash_cache_size": 6676,
  "results": [
    {
      "hit": 3917310,
      "iteration": 0,
      "metrics": [
        {
          "admission_treshold": 0,
          "algorithm": "qor-clock",
          "byte_inserted": 4414141,
          "byte_miss": 4414141,
          "byte_read": 3917310,
          "byte_reinserted": 126667,
          "hit": 3917310,
          "inserted": 4414141,
          "layer": 0,
          "miss_ratio": 0.5298165949724724,
          "reinserted": 126667,
          "req": 8331451
        }
      ],
      "miss_ratio": 0.5298165949724724,
      "req": 8331451
    }
  ],
  "trace": "tencentBlock.ns3397.oracleGeneral.zst"
}