{
  "dram_cache_size": 1393,
  "flash_cache_size": 139351,
  "results": [
    {
      "hit": 20861171,
      "iteration": 0,
      "metrics": [
        {
          "admission_treshold": 0,
          "algorithm": "qtime-clock",
          "byte_inserted": 5260846,
          "byte_miss": 5260846,
          "byte_read": 20861171,
          "byte_reinserted": 1460331,
          "hit": 20861171,
          "inserted": 5260846,
          "layer": 0,
          "miss_ratio": 0.20139509135148326,
          "reinserted": 1460331,
          "req": 26122017
        }
      ],
      "miss_ratio": 0.20139509135148326,
      "req": 26122017
    }
  ],
  "trace": "tencentBlock.ns16433.oracleGeneral.zst"
}