{
  "dram_cache_size": 25,
  "flash_cache_size": 2590,
  "results": [
    {
      "hit": 1556794,
      "iteration": 0,
      "metrics": [
        {
          "admission_treshold": 0,
          "algorithm": "qand-clock",
          "byte_inserted": 609752,
          "byte_miss": 609752,
          "byte_read": 1556794,
          "byte_reinserted": 285130,
          "hit": 1556794,
          "inserted": 609752,
          "layer": 0,
          "miss_ratio": 0.28143967402492265,
          "reinserted": 285130,
          "req": 2166546
        }
      ],
      "miss_ratio": 0.28143967402492265,
      "req": 2166546
    }
  ],
  "trace": "tencentBlock.ns13132.oracleGeneral.zst"
}