{
  "dram_cache_size": 8,
  "flash_cache_size": 877,
  "results": [
    {
      "hit": 1613227,
      "iteration": 0,
      "metrics": [
        {
          "admission_treshold": 0,
          "algorithm": "qor-clock",
          "byte_inserted": 328713,
          "byte_miss": 328713,
          "byte_read": 1613227,
          "byte_reinserted": 69521,
          "hit": 1613227,
          "inserted": 328713,
          "layer": 0,
          "miss_ratio": 0.1692704203013481,
          "reinserted": 69521,
          "req": 1941940
        }
      ],
      "miss_ratio": 0.1692704203013481,
      "req": 1941940
    }
  ],
  "trace": "tencentBlock.ns21864.oracleGeneral.zst"
}