{
  "dram_cache_size": 14,
  "flash_cache_size": 1464,
  "results": [
    {
      "hit": 780641,
      "iteration": 0,
      "metrics": [
        {
          "admission_treshold": 0,
          "algorithm": "qand-clock",
          "byte_inserted": 622449,
          "byte_miss": 622449,
          "byte_read": 780641,
          "byte_reinserted": 122097,
          "hit": 780641,
          "inserted": 622449,
          "layer": 0,
          "miss_ratio": 0.44362727978960725,
          "reinserted": 122097,
          "req": 1403090
        }
      ],
      "miss_ratio": 0.44362727978960725,
      "req": 1403090
    }
  ],
  "trace": "tencentBlock.ns5836.oracleGeneral.zst"
}