{
  "dram_cache_size": 10,
  "flash_cache_size": 1082,
  "results": [
    {
      "hit": 3601849,
      "iteration": 0,
      "metrics": [
        {
          "admission_treshold": 0,
          "algorithm": "qor-clock",
          "byte_inserted": 834945,
          "byte_miss": 834945,
          "byte_read": 3601849,
          "byte_reinserted": 1430,
          "hit": 3601849,
          "inserted": 834945,
          "layer": 0,
          "miss_ratio": 0.18818655993494404,
          "reinserted": 1430,
          "req": 4436794
        }
      ],
      "miss_ratio": 0.18818655993494404,
      "req": 4436794
    }
  ],
  "trace": "tencentBlock.ns12495.oracleGeneral.zst"
}