{
  "dram_cache_size": 329,
  "flash_cache_size": 32959,
  "results": [
    {
      "hit": 1195530,
      "iteration": 0,
      "metrics": [
        {
          "admission_treshold": 0,
          "algorithm": "qtime-clock",
          "byte_inserted": 745701,
          "byte_miss": 745701,
          "byte_read": 1195530,
          "byte_reinserted": 108761,
          "hit": 1195530,
          "inserted": 745701,
          "layer": 0,
          "miss_ratio": 0.38413820920848674,
          "reinserted": 108761,
          "req": 1941231
        }
      ],
      "miss_ratio": 0.38413820920848674,
      "req": 1941231
    }
  ],
  "trace": "tencentBlock.ns5814.oracleGeneral.zst"
}