{
  "dram_cache_size": 3,
  "flash_cache_size": 336,
  "results": [
    {
      "hit": 1065712,
      "iteration": 0,
      "metrics": [
        {
          "admission_treshold": 0,
          "algorithm": "q-clock",
          "byte_inserted": 177876,
          "byte_miss": 177876,
          "byte_read": 1065712,
          "byte_reinserted": 99037,
          "hit": 1065712,
          "inserted": 177876,
          "layer": 0,
          "miss_ratio": 0.14303450982158084,
          "reinserted": 99037,
          "req": 1243588
        }
      ],
      "miss_ratio": 0.14303450982158084,
      "req": 1243588
    }
  ],
  "trace": "tencentBlock.ns1863.oracleGeneral.zst"
}