{
  "dram_cache_size": 57,
  "flash_cache_size": 5705,
  "results": [
    {
      "hit": 3000688,
      "iteration": 0,
      "metrics": [
        {
          "admission_treshold": 0,
          "algorithm": "qor-clock",
          "byte_inserted": 1726332,
          "byte_miss": 1726332,
          "byte_read": 3000688,
          "byte_reinserted": 32829,
          "hit": 3000688,
          "inserted": 1726332,
          "layer": 0,
          "miss_ratio": 0.3652051398132439,
          "reinserted": 32829,
          "req": 4727020
        }
      ],
      "miss_ratio": 0.3652051398132439,
      "req": 4727020
    }
  ],
  "trace": "tencentBlock.ns14578.oracleGeneral.zst"
}