{
  "dram_cache_size": 12,
  "flash_cache_size": 1221,
  "results": [
    {
      "hit": 1073281,
      "iteration": 0,
      "metrics": [
        {
          "admission_treshold": 0,
          "algorithm": "qor-clock",
          "byte_inserted": 534831,
          "byte_miss": 534831,
          "byte_read": 1073281,
          "byte_reinserted": 53113,
          "hit": 1073281,
          "inserted": 534831,
          "layer": 0,
          "miss_ratio": 0.3325831782860895,
          "reinserted": 53113,
          "req": 1608112
        }
      ],
      "miss_ratio": 0.3325831782860895,
      "req": 1608112
    }
  ],
  "trace": "tencentBlock.ns7287.oracleGeneral.zst"
}