{
  "dram_cache_size": 25,
  "flash_cache_size": 2565,
  "results": [
    {
      "hit": 8034499,
      "iteration": 0,
      "metrics": [
        {
          "admission_treshold": 0,
          "algorithm": "qtime-clock",
          "byte_inserted": 1753385,
          "byte_miss": 1753385,
          "byte_read": 8034499,
          "byte_reinserted": 7006,
          "hit": 8034499,
          "inserted": 1753385,
          "layer": 0,
          "miss_ratio": 0.17913831018021875,
          "reinserted": 7006,
          "req": 9787884
        }
      ],
      "miss_ratio": 0.17913831018021875,
      "req": 9787884
    }
  ],
  "trace": "tencentBlock.ns22284.oracleGeneral.zst"
}