{
  "dram_cache_size": 11,
  "flash_cache_size": 1124,
  "results": [
    {
      "hit": 2534846,
      "iteration": 0,
      "metrics": [
        {
          "admission_treshold": 0,
          "algorithm": "qtime-clock",
          "byte_inserted": 1175732,
          "byte_miss": 1175732,
          "byte_read": 2534846,
          "byte_reinserted": 203349,
          "hit": 2534846,
          "inserted": 1175732,
          "layer": 0,
          "miss_ratio": 0.3168595297013026,
          "reinserted": 203349,
          "req": 3710578
        }
      ],
      "miss_ratio": 0.3168595297013026,
      "req": 3710578
    }
  ],
  "trace": "tencentBlock.ns8000.oracleGeneral.zst"
}