{
  "dram_cache_size": 358,
  "flash_cache_size": 35842,
  "results": [
    {
      "hit": 2361501,
      "iteration": 0,
      "metrics": [
        {
          "admission_treshold": 0,
          "algorithm": "fifo",
          "byte_inserted": 931518,
          "byte_miss": 931518,
          "byte_read": 2361501,
          "byte_reinserted": 0,
          "hit": 2361501,
          "inserted": 931518,
          "layer": 0,
          "miss_ratio": 0.28287659439559865,
          "reinserted": 0,
          "req": 3293019
        }
      ],
      "miss_ratio": 0.28287659439559865,
      "req": 3293019
    }
  ],
  "trace": "tencentBlock.ns16109.oracleGeneral.zst"
}