{
  "dram_cache_size": 200,
  "flash_cache_size": 20033,
  "results": [
    {
      "hit": 11716782,
      "iteration": 0,
      "metrics": [
        {
          "admission_treshold": 0,
          "algorithm": "qor-clock",
          "byte_inserted": 4886047,
          "byte_miss": 4886047,
          "byte_read": 11716782,
          "byte_reinserted": 11173,
          "hit": 11716782,
          "inserted": 4886047,
          "layer": 0,
          "miss_ratio": 0.29429002732004284,
          "reinserted": 11173,
          "req": 16602829
        }
      ],
      "miss_ratio": 0.29429002732004284,
      "req": 16602829
    }
  ],
  "trace": "tencentBlock.ns19202.oracleGeneral.zst"
}