{
  "dram_cache_size": 40,
  "flash_cache_size": 4029,
  "results": [
    {
      "hit": 2458523,
      "iteration": 0,
      "metrics": [
        {
          "admission_treshold": 0,
          "algorithm": "qand-clock",
          "byte_inserted": 3940703,
          "byte_miss": 3940703,
          "byte_read": 2458523,
          "byte_reinserted": 492135,
          "hit": 2458523,
          "inserted": 3940703,
          "layer": 0,
          "miss_ratio": 0.6158093181894185,
          "reinserted": 492135,
          "req": 6399226
        }
      ],
      "miss_ratio": 0.6158093181894185,
      "req": 6399226
    }
  ],
  "trace": "tencentBlock.ns12823.oracleGeneral.zst"
}