{
  "dram_cache_size": 14,
  "flash_cache_size": 1436,
  "results": [
    {
      "hit": 771794,
      "iteration": 0,
      "metrics": [
        {
          "admission_treshold": 0,
          "algorithm": "qand-clock",
          "byte_inserted": 468459,
          "byte_miss": 468459,
          "byte_read": 771794,
          "byte_reinserted": 166095,
          "hit": 771794,
          "inserted": 468459,
          "layer": 0,
          "miss_ratio": 0.37771245060483627,
          "reinserted": 166095,
          "req": 1240253
        }
      ],
      "miss_ratio": 0.37771245060483627,
      "req": 1240253
    }
  ],
  "trace": "tencentBlock.ns17546.oracleGeneral.zst"
}