{
  "dram_cache_size": 529,
  "flash_cache_size": 52907,
  "results": [
    {
      "hit": 3111582,
      "iteration": 0,
      "metrics": [
        {
          "admission_treshold": 0,
          "algorithm": "offline-clock",
          "byte_inserted": 1110708,
          "byte_miss": 1110708,
          "byte_read": 3111582,
          "byte_reinserted": 445463,
          "hit": 3111582,
          "inserted": 1110708,
          "layer": 0,
          "miss_ratio": 0.26305819827629084,
          "reinserted": 445463,
          "req": 4222290
        }
      ],
      "miss_ratio": 0.26305819827629084,
      "req": 4222290
    },
    {
      "hit": 3132863,
      "iteration": 1,
      "metrics": [
        {
          "admission_treshold": 0,
          "algorithm": "offline-clock",
          "byte_inserted": 2200135,
          "byte_miss": 2200135,
          "byte_read": 6244445,
          "byte_reinserted": 582067,
          "hit": 3132863,
          "inserted": 1089427,
          "layer": 0,
          "miss_ratio": 0.2580180423419519,
          "reinserted": 136604,
          "req": 4222290
        }
      ],
      "miss_ratio": 0.2580180423419519,
      "req": 4222290
    }
  ],
  "trace": "tencentBlock.ns22174.oracleGeneral.zst"
}