{
  "dram_cache_size": 92,
  "flash_cache_size": 9274,
  "results": [
    {
      "hit": 1401614,
      "iteration": 0,
      "metrics": [
        {
          "admission_treshold": 0,
          "algorithm": "q-clock",
          "byte_inserted": 421305,
          "byte_miss": 421305,
          "byte_read": 1401614,
          "byte_reinserted": 1633,
          "hit": 1401614,
          "inserted": 421305,
          "layer": 0,
          "miss_ratio": 0.23111558988633063,
          "reinserted": 1633,
          "req": 1822919
        }
      ],
      "miss_ratio": 0.23111558988633063,
      "req": 1822919
    }
  ],
  "trace": "tencentBlock.ns3449.oracleGeneral.zst"
}