{
  "dram_cache_size": 21,
  "flash_cache_size": 2138,
  "results": [
    {
      "hit": 15356688,
      "iteration": 0,
      "metrics": [
        {
          "admission_treshold": 0,
          "algorithm": "qtime-clock",
          "byte_inserted": 1246140,
          "byte_miss": 1246140,
          "byte_read": 15356688,
          "byte_reinserted": 289647,
          "hit": 15356688,
          "inserted": 1246140,
          "layer": 0,
          "miss_ratio": 0.07505588806918917,
          "reinserted": 289647,
          "req": 16602828
        }
      ],
      "miss_ratio": 0.07505588806918917,
      "req": 16602828
    }
  ],
  "trace": "tencentBlock.ns10364.oracleGeneral.zst"
}