{
  "dram_cache_size": 22,
  "flash_cache_size": 2272,
  "results": [
    {
      "hit": 483544,
      "iteration": 0,
      "metrics": [
        {
          "admission_treshold": 0,
          "algorithm": "q-clock",
          "byte_inserted": 700300,
          "byte_miss": 700300,
          "byte_read": 483544,
          "byte_reinserted": 97403,
          "hit": 483544,
          "inserted": 700300,
          "layer": 0,
          "miss_ratio": 0.5915475349792709,
          "reinserted": 97403,
          "req": 1183844
        }
      ],
      "miss_ratio": 0.5915475349792709,
      "req": 1183844
    }
  ],
  "trace": "tencentBlock.ns17771.oracleGeneral.zst"
}