{
  "dram_cache_size": 40,
  "flash_cache_size": 4018,
  "results": [
    {
      "hit": 3865889,
      "iteration": 0,
      "metrics": [
        {
          "admission_treshold": 0,
          "algorithm": "qand-clock",
          "byte_inserted": 1330584,
          "byte_miss": 1330584,
          "byte_read": 3865889,
          "byte_reinserted": 399037,
          "hit": 3865889,
          "inserted": 1330584,
          "layer": 0,
          "miss_ratio": 0.25605521283378163,
          "reinserted": 399037,
          "req": 5196473
        }
      ],
      "miss_ratio": 0.25605521283378163,
      "req": 5196473
    }
  ],
  "trace": "tencentBlock.ns18212.oracleGeneral.zst"
}