{
  "dram_cache_size": 8,
  "flash_cache_size": 800,
  "results": [
    {
      "hit": 1966979,
      "iteration": 0,
      "metrics": [
        {
          "admission_treshold": 0,
          "algorithm": "qand-clock",
          "byte_inserted": 606802,
          "byte_miss": 606802,
          "byte_read": 1966979,
          "byte_reinserted": 27381,
          "hit": 1966979,
          "inserted": 606802,
          "layer": 0,
          "miss_ratio": 0.23576287182165068,
          "reinserted": 27381,
          "req": 2573781
        }
      ],
      "miss_ratio": 0.23576287182165068,
      "req": 2573781
    }
  ],
  "trace": "tencentBlock.ns4279.oracleGeneral.zst"
}