{
  "dram_cache_size": 19,
  "flash_cache_size": 1973,
  "results": [
    {
      "hit": 939411,
      "iteration": 0,
      "metrics": [
        {
          "admission_treshold": 0,
          "algorithm": "qor-clock",
          "byte_inserted": 737628,
          "byte_miss": 737628,
          "byte_read": 939411,
          "byte_reinserted": 27481,
          "hit": 939411,
          "inserted": 737628,
          "layer": 0,
          "miss_ratio": 0.43983950283803774,
          "reinserted": 27481,
          "req": 1677039
        }
      ],
      "miss_ratio": 0.43983950283803774,
      "req": 1677039
    }
  ],
  "trace": "tencentBlock.ns15352.oracleGeneral.zst"
}