{
  "dram_cache_size": 128,
  "flash_cache_size": 12863,
  "results": [
    {
      "hit": 36136894,
      "iteration": 0,
      "metrics": [
        {
          "admission_treshold": 0,
          "algorithm": "qtime-clock",
          "byte_inserted": 10721303,
          "byte_miss": 10721303,
          "byte_read": 36136894,
          "byte_reinserted": 3827996,
          "hit": 36136894,
          "inserted": 10721303,
          "layer": 0,
          "miss_ratio": 0.22880314835843985,
          "reinserted": 3827996,
          "req": 46858197
        }
      ],
      "miss_ratio": 0.22880314835843985,
      "req": 46858197
    }
  ],
  "trace": "tencentBlock.ns3994.oracleGeneral.zst"
}