{
  "dram_cache_size": 19,
  "flash_cache_size": 1984,
  "results": [
    {
      "hit": 2340574,
      "iteration": 0,
      "metrics": [
        {
          "admission_treshold": 0,
          "algorithm": "qor-clock",
          "byte_inserted": 1259676,
          "byte_miss": 1259676,
          "byte_read": 2340574,
          "byte_reinserted": 2790,
          "hit": 2340574,
          "inserted": 1259676,
          "layer": 0,
          "miss_ratio": 0.3498857023817791,
          "reinserted": 2790,
          "req": 3600250
        }
      ],
      "miss_ratio": 0.3498857023817791,
      "req": 3600250
    }
  ],
  "trace": "tencentBlock.ns8173.oracleGeneral.zst"
}