{
  "dram_cache_size": 30,
  "flash_cache_size": 3090,
  "results": [
    {
      "hit": 1240250,
      "iteration": 0,
      "metrics": [
        {
          "admission_treshold": 0,
          "algorithm": "offline-clock",
          "byte_inserted": 691744,
          "byte_miss": 691744,
          "byte_read": 1240250,
          "byte_reinserted": 217154,
          "hit": 1240250,
          "inserted": 691744,
          "layer": 0,
          "miss_ratio": 0.35804666060039525,
          "reinserted": 217154,
          "req": 1931994
        }
      ],
      "miss_ratio": 0.35804666060039525,
      "req": 1931994
    },
    {
      "hit": 1241404,
      "iteration": 1,
      "metrics": [
        {
          "admission_treshold": 0,
          "algorithm": "offline-clock",
          "byte_inserted": 1382334,
          "byte_miss": 1382334,
          "byte_read": 2481654,
          "byte_reinserted": 233939,
          "hit": 1241404,
          "inserted": 690590,
          "layer": 0,
          "miss_ratio": 0.3574493502567814,
          "reinserted": 16785,
          "req": 1931994
        }
      ],
      "miss_ratio": 0.3574493502567814,
      "req": 1931994
    }
  ],
  "trace": "tencentBlock.ns16977.oracleGeneral.zst"
}