{
  "dram_cache_size": 50,
  "flash_cache_size": 5023,
  "results": [
    {
      "hit": 3668731,
      "iteration": 0,
      "metrics": [
        {
          "admission_treshold": 0,
          "algorithm": "qand-clock",
          "byte_inserted": 2149296,
          "byte_miss": 2149296,
          "byte_read": 3668731,
          "byte_reinserted": 188472,
          "hit": 3668731,
          "inserted": 2149296,
          "layer": 0,
          "miss_ratio": 0.3694200800374422,
          "reinserted": 188472,
          "req": 5818027
        }
      ],
      "miss_ratio": 0.3694200800374422,
      "req": 5818027
    }
  ],
  "trace": "tencentBlock.ns22521.oracleGeneral.zst"
}