{
  "dram_cache_size": 6,
  "flash_cache_size": 606,
  "results": [
    {
      "hit": 1913069,
      "iteration": 0,
      "metrics": [
        {
          "admission_treshold": 0,
          "algorithm": "qtime-clock",
          "byte_inserted": 307669,
          "byte_miss": 307669,
          "byte_read": 1913069,
          "byte_reinserted": 110862,
          "hit": 1913069,
          "inserted": 307669,
          "layer": 0,
          "miss_ratio": 0.13854358325925886,
          "reinserted": 110862,
          "req": 2220738
        }
      ],
      "miss_ratio": 0.13854358325925886,
      "req": 2220738
    }
  ],
  "trace": "tencentBlock.ns2703.oracleGeneral.zst"
}