{
  "dram_cache_size": 267,
  "flash_cache_size": 26743,
  "results": [
    {
      "hit": 18669222,
      "iteration": 0,
      "metrics": [
        {
          "admission_treshold": 0,
          "algorithm": "qauto",
          "byte_inserted": 22177296,
          "byte_miss": 22177296,
          "byte_read": 18669222,
          "byte_reinserted": 4864005,
          "hit": 18669222,
          "inserted": 22177296,
          "layer": 0,
          "miss_ratio": 0.5429421425836102,
          "reinserted": 4864005,
          "req": 40846518
        }
      ],
      "miss_ratio": 0.5429421425836102,
      "req": 40846518
    }
  ],
  "trace": "tencentBlock.ns1505.oracleGeneral.zst"
}