{
  "dram_cache_size": 293,
  "flash_cache_size": 29380,
  "results": [
    {
      "hit": 1070214,
      "iteration": 0,
      "metrics": [
        {
          "admission_treshold": 0,
          "algorithm": "qtime-clock",
          "byte_inserted": 748184,
          "byte_miss": 748184,
          "byte_read": 1070214,
          "byte_reinserted": 81252,
          "hit": 1070214,
          "inserted": 748184,
          "layer": 0,
          "miss_ratio": 0.41145227832410725,
          "reinserted": 81252,
          "req": 1818398
        }
      ],
      "miss_ratio": 0.41145227832410725,
      "req": 1818398
    }
  ],
  "trace": "tencentBlock.ns11767.oracleGeneral.zst"
}