{
  "dram_cache_size": 153,
  "flash_cache_size": 15361,
  "results": [
    {
      "hit": 803386,
      "iteration": 0,
      "metrics": [
        {
          "admission_treshold": 0,
          "algorithm": "q-clock",
          "byte_inserted": 636825,
          "byte_miss": 636825,
          "byte_read": 803386,
          "byte_reinserted": 47268,
          "hit": 803386,
          "inserted": 636825,
          "layer": 0,
          "miss_ratio": 0.44217479244360725,
          "reinserted": 47268,
          "req": 1440211
        }
      ],
      "miss_ratio": 0.44217479244360725,
      "req": 1440211
    }
  ],
  "trace": "tencentBlock.ns20226.oracleGeneral.zst"
}