{
  "dram_cache_size": 9,
  "flash_cache_size": 956,
  "results": [
    {
      "hit": 1800206,
      "iteration": 0,
      "metrics": [
        {
          "admission_treshold": 0,
          "algorithm": "qtime-clock",
          "byte_inserted": 284360,
          "byte_miss": 284360,
          "byte_read": 1800206,
          "byte_reinserted": 99579,
          "hit": 1800206,
          "inserted": 284360,
          "layer": 0,
          "miss_ratio": 0.13641208769595203,
          "reinserted": 99579,
          "req": 2084566
        }
      ],
      "miss_ratio": 0.13641208769595203,
      "req": 2084566
    }
  ],
  "trace": "tencentBlock.ns6535.oracleGeneral.zst"
}