{
  "dram_cache_size": 108,
  "flash_cache_size": 10883,
  "results": [
    {
      "hit": 3775395,
      "iteration": 0,
      "metrics": [
        {
          "admission_treshold": 0,
          "algorithm": "qand-clock",
          "byte_inserted": 2329819,
          "byte_miss": 2329819,
          "byte_read": 3775395,
          "byte_reinserted": 258891,
          "hit": 3775395,
          "inserted": 2329819,
          "layer": 0,
          "miss_ratio": 0.381611357112134,
          "reinserted": 258891,
          "req": 6105214
        }
      ],
      "miss_ratio": 0.381611357112134,
      "req": 6105214
    }
  ],
  "trace": "tencentBlock.ns12754.oracleGeneral.zst"
}