{
  "dram_cache_size": 13,
  "flash_cache_size": 1332,
  "results": [
    {
      "hit": 1349487,
      "iteration": 0,
      "metrics": [
        {
          "admission_treshold": 0,
          "algorithm": "qtime-clock",
          "byte_inserted": 604460,
          "byte_miss": 604460,
          "byte_read": 1349487,
          "byte_reinserted": 101818,
          "hit": 1349487,
          "inserted": 604460,
          "layer": 0,
          "miss_ratio": 0.3093533243225123,
          "reinserted": 101818,
          "req": 1953947
        }
      ],
      "miss_ratio": 0.3093533243225123,
      "req": 1953947
    }
  ],
  "trace": "tencentBlock.ns9422.oracleGeneral.zst"
}