{
  "dram_cache_size": 9,
  "flash_cache_size": 969,
  "results": [
    {
      "hit": 4550480,
      "iteration": 0,
      "metrics": [
        {
          "admission_treshold": 0,
          "algorithm": "qand-clock",
          "byte_inserted": 686300,
          "byte_miss": 686300,
          "byte_read": 4550480,
          "byte_reinserted": 722306,
          "hit": 4550480,
          "inserted": 686300,
          "layer": 0,
          "miss_ratio": 0.131053815512586,
          "reinserted": 722306,
          "req": 5236780
        }
      ],
      "miss_ratio": 0.131053815512586,
      "req": 5236780
    }
  ],
  "trace": "tencentBlock.ns12890.oracleGeneral.zst"
}