{
  "dram_cache_size": 502,
  "flash_cache_size": 50292,
  "results": [
    {
      "hit": 4157536,
      "iteration": 0,
      "metrics": [
        {
          "admission_treshold": 0,
          "algorithm": "qtime-clock",
          "byte_inserted": 746825,
          "byte_miss": 746825,
          "byte_read": 4157536,
          "byte_reinserted": 189309,
          "hit": 4157536,
          "inserted": 746825,
          "layer": 0,
          "miss_ratio": 0.15227773811919632,
          "reinserted": 189309,
          "req": 4904361
        }
      ],
      "miss_ratio": 0.15227773811919632,
      "req": 4904361
    }
  ],
  "trace": "tencentBlock.ns14808.oracleGeneral.zst"
}