{
  "dram_cache_size": 15,
  "flash_cache_size": 1578,
  "results": [
    {
      "hit": 1335624,
      "iteration": 0,
      "metrics": [
        {
          "admission_treshold": 0,
          "algorithm": "qtime-clock",
          "byte_inserted": 728832,
          "byte_miss": 728832,
          "byte_read": 1335624,
          "byte_reinserted": 1125,
          "hit": 1335624,
          "inserted": 728832,
          "layer": 0,
          "miss_ratio": 0.35303828223997025,
          "reinserted": 1125,
          "req": 2064456
        }
      ],
      "miss_ratio": 0.35303828223997025,
      "req": 2064456
    }
  ],
  "trace": "tencentBlock.ns13723.oracleGeneral.zst"
}