{
  "dram_cache_size": 17,
  "flash_cache_size": 1793,
  "results": [
    {
      "hit": 485656,
      "iteration": 0,
      "metrics": [
        {
          "admission_treshold": 0,
          "algorithm": "q-clock",
          "byte_inserted": 545667,
          "byte_miss": 545667,
          "byte_read": 485656,
          "byte_reinserted": 32349,
          "hit": 485656,
          "inserted": 545667,
          "layer": 0,
          "miss_ratio": 0.5290941829087492,
          "reinserted": 32349,
          "req": 1031323
        }
      ],
      "miss_ratio": 0.5290941829087492,
      "req": 1031323
    }
  ],
  "trace": "tencentBlock.ns19473.oracleGeneral.zst"
}