{
  "dram_cache_size": 212,
  "flash_cache_size": 21287,
  "results": [
    {
      "hit": 885715,
      "iteration": 0,
      "metrics": [
        {
          "admission_treshold": 0,
          "algorithm": "qtime-clock",
          "byte_inserted": 545438,
          "byte_miss": 545438,
          "byte_read": 885715,
          "byte_reinserted": 94550,
          "hit": 885715,
          "inserted": 545438,
          "layer": 0,
          "miss_ratio": 0.38111788187566253,
          "reinserted": 94550,
          "req": 1431153
        }
      ],
      "miss_ratio": 0.38111788187566253,
      "req": 1431153
    }
  ],
  "trace": "tencentBlock.ns20443.oracleGeneral.zst"
}