{
  "dram_cache_size": 11,
  "flash_cache_size": 1196,
  "results": [
    {
      "hit": 4669816,
      "iteration": 0,
      "metrics": [
        {
          "admission_treshold": 0,
          "algorithm": "qor-clock",
          "byte_inserted": 836804,
          "byte_miss": 836804,
          "byte_read": 4669816,
          "byte_reinserted": 7664,
          "hit": 4669816,
          "inserted": 836804,
          "layer": 0,
          "miss_ratio": 0.15196327329650494,
          "reinserted": 7664,
          "req": 5506620
        }
      ],
      "miss_ratio": 0.15196327329650494,
      "req": 5506620
    }
  ],
  "trace": "tencentBlock.ns9790.oracleGeneral.zst"
}