{
  "dram_cache_size": 8,
  "flash_cache_size": 879,
  "results": [
    {
      "hit": 1774532,
      "iteration": 0,
      "metrics": [
        {
          "admission_treshold": 0,
          "algorithm": "qand-clock",
          "byte_inserted": 366205,
          "byte_miss": 366205,
          "byte_read": 1774532,
          "byte_reinserted": 132730,
          "hit": 1774532,
          "inserted": 366205,
          "layer": 0,
          "miss_ratio": 0.17106491829682957,
          "reinserted": 132730,
          "req": 2140737
        }
      ],
      "miss_ratio": 0.17106491829682957,
      "req": 2140737
    }
  ],
  "trace": "tencentBlock.ns10534.oracleGeneral.zst"
}