{
  "dram_cache_size": 72,
  "flash_cache_size": 7285,
  "results": [
    {
      "hit": 4146771,
      "iteration": 0,
      "metrics": [
        {
          "admission_treshold": 0,
          "algorithm": "qor-clock",
          "byte_inserted": 7348726,
          "byte_miss": 7348726,
          "byte_read": 4146771,
          "byte_reinserted": 621670,
          "hit": 4146771,
          "inserted": 7348726,
          "layer": 0,
          "miss_ratio": 0.6392699680579274,
          "reinserted": 621670,
          "req": 11495497
        }
      ],
      "miss_ratio": 0.6392699680579274,
      "req": 11495497
    }
  ],
  "trace": "tencentBlock.ns3484.oracleGeneral.zst"
}