{
  "dram_cache_size": 9,
  "flash_cache_size": 989,
  "results": [
    {
      "hit": 3874868,
      "iteration": 0,
      "metrics": [
        {
          "admission_treshold": 0,
          "algorithm": "q-clock",
          "byte_inserted": 916084,
          "byte_miss": 916084,
          "byte_read": 3874868,
          "byte_reinserted": 109422,
          "hit": 3874868,
          "inserted": 916084,
          "layer": 0,
          "miss_ratio": 0.19121126657081933,
          "reinserted": 109422,
          "req": 4790952
        }
      ],
      "miss_ratio": 0.19121126657081933,
      "req": 4790952
    }
  ],
  "trace": "tencentBlock.ns6171.oracleGeneral.zst"
}