{
  "dram_cache_size": 96,
  "flash_cache_size": 9629,
  "results": [
    {
      "hit": 1020432,
      "iteration": 0,
      "metrics": [
        {
          "admission_treshold": 0,
          "algorithm": "qtime-clock",
          "byte_inserted": 2476249,
          "byte_miss": 2476249,
          "byte_read": 1020432,
          "byte_reinserted": 69765,
          "hit": 1020432,
          "inserted": 2476249,
          "layer": 0,
          "miss_ratio": 0.7081712629776638,
          "reinserted": 69765,
          "req": 3496681
        }
      ],
      "miss_ratio": 0.7081712629776638,
      "req": 3496681
    }
  ],
  "trace": "tencentBlock.ns22404.oracleGeneral.zst"
}