{
  "dram_cache_size": 245,
  "flash_cache_size": 24562,
  "results": [
    {
      "hit": 4464691,
      "iteration": 0,
      "metrics": [
        {
          "admission_treshold": 0,
          "algorithm": "q-clock",
          "byte_inserted": 5258318,
          "byte_miss": 5258318,
          "byte_read": 4464691,
          "byte_reinserted": 518901,
          "hit": 4464691,
          "inserted": 5258318,
          "layer": 0,
          "miss_ratio": 0.5408118001330657,
          "reinserted": 518901,
          "req": 9723009
        }
      ],
      "miss_ratio": 0.5408118001330657,
      "req": 9723009
    }
  ],
  "trace": "tencentBlock.ns24332.oracleGeneral.zst"
}