{
  "dram_cache_size": 206,
  "flash_cache_size": 20616,
  "results": [
    {
      "hit": 1461115,
      "iteration": 0,
      "metrics": [
        {
          "admission_treshold": 0,
          "algorithm": "offline-clock",
          "byte_inserted": 709692,
          "byte_miss": 709692,
          "byte_read": 1461115,
          "byte_reinserted": 272331,
          "hit": 1461115,
          "inserted": 709692,
          "layer": 0,
          "miss_ratio": 0.32692542450802853,
          "reinserted": 272331,
          "req": 2170807
        }
      ],
      "miss_ratio": 0.32692542450802853,
      "req": 2170807
    },
    {
      "hit": 1475679,
      "iteration": 1,
      "metrics": [
        {
          "admission_treshold": 0,
          "algorithm": "offline-clock",
          "byte_inserted": 1404820,
          "byte_miss": 1404820,
          "byte_read": 2936794,
          "byte_reinserted": 332627,
          "hit": 1475679,
          "inserted": 695128,
          "layer": 0,
          "miss_ratio": 0.32021639878625785,
          "reinserted": 60296,
          "req": 2170807
        }
      ],
      "miss_ratio": 0.32021639878625785,
      "req": 2170807
    }
  ],
  "trace": "tencentBlock.ns13837.oracleGeneral.zst"
}