{
  "dram_cache_size": 241,
  "flash_cache_size": 24117,
  "results": [
    {
      "hit": 2278548,
      "iteration": 0,
      "metrics": [
        {
          "admission_treshold": 0,
          "algorithm": "q-clock",
          "byte_inserted": 541773,
          "byte_miss": 541773,
          "byte_read": 2278548,
          "byte_reinserted": 76590,
          "hit": 2278548,
          "inserted": 541773,
          "layer": 0,
          "miss_ratio": 0.19209621883466454,
          "reinserted": 76590,
          "req": 2820321
        }
      ],
      "miss_ratio": 0.19209621883466454,
      "req": 2820321
    }
  ],
  "trace": "tencentBlock.ns16880.oracleGeneral.zst"
}