{
  "dram_cache_size": 33,
  "flash_cache_size": 3376,
  "results": [
    {
      "hit": 1647344,
      "iteration": 0,
      "metrics": [
        {
          "admission_treshold": 0,
          "algorithm": "qor-clock",
          "byte_inserted": 4020335,
          "byte_miss": 4020335,
          "byte_read": 1647344,
          "byte_reinserted": 42554,
          "hit": 1647344,
          "inserted": 4020335,
          "layer": 0,
          "miss_ratio": 0.7093441601050448,
          "reinserted": 42554,
          "req": 5667679
        }
      ],
      "miss_ratio": 0.7093441601050448,
      "req": 5667679
    }
  ],
  "trace": "tencentBlock.ns8155.oracleGeneral.zst"
}