{
  "dram_cache_size": 7,
  "flash_cache_size": 798,
  "results": [
    {
      "hit": 2393486,
      "iteration": 0,
      "metrics": [
        {
          "admission_treshold": 0,
          "algorithm": "qtime-clock",
          "byte_inserted": 384132,
          "byte_miss": 384132,
          "byte_read": 2393486,
          "byte_reinserted": 178326,
          "hit": 2393486,
          "inserted": 384132,
          "layer": 0,
          "miss_ratio": 0.13829547475570791,
          "reinserted": 178326,
          "req": 2777618
        }
      ],
      "miss_ratio": 0.13829547475570791,
      "req": 2777618
    }
  ],
  "trace": "tencentBlock.ns12114.oracleGeneral.zst"
}