{
  "dram_cache_size": 13,
  "flash_cache_size": 1380,
  "results": [
    {
      "hit": 980134,
      "iteration": 0,
      "metrics": [
        {
          "admission_treshold": 0,
          "algorithm": "qand-clock",
          "byte_inserted": 511887,
          "byte_miss": 511887,
          "byte_read": 980134,
          "byte_reinserted": 26645,
          "hit": 980134,
          "inserted": 511887,
          "layer": 0,
          "miss_ratio": 0.34308297269274357,
          "reinserted": 26645,
          "req": 1492021
        }
      ],
      "miss_ratio": 0.34308297269274357,
      "req": 1492021
    }
  ],
  "trace": "tencentBlock.ns1834.oracleGeneral.zst"
}