{
  "dram_cache_size": 11,
  "flash_cache_size": 1155,
  "results": [
    {
      "hit": 1680737,
      "iteration": 0,
      "metrics": [
        {
          "admission_treshold": 0,
          "algorithm": "qand-clock",
          "byte_inserted": 3954121,
          "byte_miss": 3954121,
          "byte_read": 1680737,
          "byte_reinserted": 177786,
          "hit": 1680737,
          "inserted": 3954121,
          "layer": 0,
          "miss_ratio": 0.7017250479071522,
          "reinserted": 177786,
          "req": 5634858
        }
      ],
      "miss_ratio": 0.7017250479071522,
      "req": 5634858
    }
  ],
  "trace": "tencentBlock.ns4871.oracleGeneral.zst"
}