{
  "dram_cache_size": 11,
  "flash_cache_size": 1108,
  "results": [
    {
      "hit": 2605002,
      "iteration": 0,
      "metrics": [
        {
          "admission_treshold": 0,
          "algorithm": "q-clock",
          "byte_inserted": 454038,
          "byte_miss": 454038,
          "byte_read": 2605002,
          "byte_reinserted": 162559,
          "hit": 2605002,
          "inserted": 454038,
          "layer": 0,
          "miss_ratio": 0.14842499607720072,
          "reinserted": 162559,
          "req": 3059040
        }
      ],
      "miss_ratio": 0.14842499607720072,
      "req": 3059040
    }
  ],
  "trace": "tencentBlock.ns6233.oracleGeneral.zst"
}