{
  "dram_cache_size": 8,
  "flash_cache_size": 887,
  "results": [
    {
      "hit": 1499026,
      "iteration": 0,
      "metrics": [
        {
          "admission_treshold": 0,
          "algorithm": "qor-clock",
          "byte_inserted": 501405,
          "byte_miss": 501405,
          "byte_read": 1499026,
          "byte_reinserted": 93979,
          "hit": 1499026,
          "inserted": 501405,
          "layer": 0,
          "miss_ratio": 0.25064848525142835,
          "reinserted": 93979,
          "req": 2000431
        }
      ],
      "miss_ratio": 0.25064848525142835,
      "req": 2000431
    }
  ],
  "trace": "tencentBlock.ns3418.oracleGeneral.zst"
}