{
  "dram_cache_size": 57,
  "flash_cache_size": 5798,
  "results": [
    {
      "hit": 1833574,
      "iteration": 0,
      "metrics": [
        {
          "admission_treshold": 0,
          "algorithm": "qor-clock",
          "byte_inserted": 3132273,
          "byte_miss": 3132273,
          "byte_read": 1833574,
          "byte_reinserted": 173939,
          "hit": 1833574,
          "inserted": 3132273,
          "layer": 0,
          "miss_ratio": 0.6307630903650475,
          "reinserted": 173939,
          "req": 4965847
        }
      ],
      "miss_ratio": 0.6307630903650475,
      "req": 4965847
    }
  ],
  "trace": "tencentBlock.ns5147.oracleGeneral.zst"
}