{
  "dram_cache_size": 1270,
  "flash_cache_size": 127008,
  "results": [
    {
      "hit": 10614570,
      "iteration": 0,
      "metrics": [
        {
          "admission_treshold": 0,
          "algorithm": "q-clock",
          "byte_inserted": 2216335,
          "byte_miss": 2216335,
          "byte_read": 10614570,
          "byte_reinserted": 749849,
          "hit": 10614570,
          "inserted": 2216335,
          "layer": 0,
          "miss_ratio": 0.17273411345497458,
          "reinserted": 749849,
          "req": 12830905
        }
      ],
      "miss_ratio": 0.17273411345497458,
      "req": 12830905
    }
  ],
  "trace": "tencentBlock.ns18417.oracleGeneral.zst"
}