{
  "dram_cache_size": 17,
  "flash_cache_size": 1773,
  "results": [
    {
      "hit": 609485,
      "iteration": 0,
      "metrics": [
        {
          "admission_treshold": 0,
          "algorithm": "q-clock",
          "byte_inserted": 395854,
          "byte_miss": 395854,
          "byte_read": 609485,
          "byte_reinserted": 95998,
          "hit": 609485,
          "inserted": 395854,
          "layer": 0,
          "miss_ratio": 0.3937517593567941,
          "reinserted": 95998,
          "req": 1005339
        }
      ],
      "miss_ratio": 0.3937517593567941,
      "req": 1005339
    }
  ],
  "trace": "tencentBlock.ns23687.oracleGeneral.zst"
}