{
  "dram_cache_size": 28,
  "flash_cache_size": 2898,
  "results": [
    {
      "hit": 5745000,
      "iteration": 0,
      "metrics": [
        {
          "admission_treshold": 0,
          "algorithm": "qor-clock",
          "byte_inserted": 872055,
          "byte_miss": 872055,
          "byte_read": 5745000,
          "byte_reinserted": 251874,
          "hit": 5745000,
          "inserted": 872055,
          "layer": 0,
          "miss_ratio": 0.13178899072170325,
          "reinserted": 251874,
          "req": 6617055
        }
      ],
      "miss_ratio": 0.13178899072170325,
      "req": 6617055
    }
  ],
  "trace": "tencentBlock.ns21442.oracleGeneral.zst"
}