{
  "dram_cache_size": 24,
  "flash_cache_size": 2462,
  "results": [
    {
      "hit": 1615988,
      "iteration": 0,
      "metrics": [
        {
          "admission_treshold": 0,
          "algorithm": "qtime-clock",
          "byte_inserted": 841877,
          "byte_miss": 841877,
          "byte_read": 1615988,
          "byte_reinserted": 4601,
          "hit": 1615988,
          "inserted": 841877,
          "layer": 0,
          "miss_ratio": 0.34252369434448193,
          "reinserted": 4601,
          "req": 2457865
        }
      ],
      "miss_ratio": 0.34252369434448193,
      "req": 2457865
    }
  ],
  "trace": "tencentBlock.ns21242.oracleGeneral.zst"
}