{
  "dram_cache_size": 7,
  "flash_cache_size": 731,
  "results": [
    {
      "hit": 3801256,
      "iteration": 0,
      "metrics": [
        {
          "admission_treshold": 0,
          "algorithm": "qand-clock",
          "byte_inserted": 696136,
          "byte_miss": 696136,
          "byte_read": 3801256,
          "byte_reinserted": 138094,
          "hit": 3801256,
          "inserted": 696136,
          "layer": 0,
          "miss_ratio": 0.15478659632071212,
          "reinserted": 138094,
          "req": 4497392
        }
      ],
      "miss_ratio": 0.15478659632071212,
      "req": 4497392
    }
  ],
  "trace": "tencentBlock.ns12360.oracleGeneral.zst"
}