{
  "dram_cache_size": 50,
  "flash_cache_size": 5077,
  "results": [
    {
      "hit": 3184113,
      "iteration": 0,
      "metrics": [
        {
          "admission_treshold": 0,
          "algorithm": "qand-clock",
          "byte_inserted": 1379393,
          "byte_miss": 1379393,
          "byte_read": 3184113,
          "byte_reinserted": 656234,
          "hit": 3184113,
          "inserted": 1379393,
          "layer": 0,
          "miss_ratio": 0.3022660647318093,
          "reinserted": 656234,
          "req": 4563506
        }
      ],
      "miss_ratio": 0.3022660647318093,
      "req": 4563506
    }
  ],
  "trace": "tencentBlock.ns11287.oracleGeneral.zst"
}