{
  "dram_cache_size": 315,
  "flash_cache_size": 31594,
  "results": [
    {
      "hit": 3020160,
      "iteration": 0,
      "metrics": [
        {
          "admission_treshold": 0,
          "algorithm": "qtime-clock",
          "byte_inserted": 537821,
          "byte_miss": 537821,
          "byte_read": 3020160,
          "byte_reinserted": 122659,
          "hit": 3020160,
          "inserted": 537821,
          "layer": 0,
          "miss_ratio": 0.15115904216464338,
          "reinserted": 122659,
          "req": 3557981
        }
      ],
      "miss_ratio": 0.15115904216464338,
      "req": 3557981
    }
  ],
  "trace": "tencentBlock.ns15766.oracleGeneral.zst"
}