{
  "dram_cache_size": 50,
  "flash_cache_size": 5089,
  "results": [
    {
      "hit": 2926038,
      "iteration": 0,
      "metrics": [
        {
          "admission_treshold": 0,
          "algorithm": "qand-clock",
          "byte_inserted": 1405768,
          "byte_miss": 1405768,
          "byte_read": 2926038,
          "byte_reinserted": 583254,
          "hit": 2926038,
          "inserted": 1405768,
          "layer": 0,
          "miss_ratio": 0.32452238165790437,
          "reinserted": 583254,
          "req": 4331806
        }
      ],
      "miss_ratio": 0.32452238165790437,
      "req": 4331806
    }
  ],
  "trace": "tencentBlock.ns13361.oracleGeneral.zst"
}