{
  "dram_cache_size": 369,
  "flash_cache_size": 36930,
  "results": [
    {
      "hit": 4976764,
      "iteration": 0,
      "metrics": [
        {
          "admission_treshold": 0,
          "algorithm": "qtime-clock",
          "byte_inserted": 927441,
          "byte_miss": 927441,
          "byte_read": 4976764,
          "byte_reinserted": 219606,
          "hit": 4976764,
          "inserted": 927441,
          "layer": 0,
          "miss_ratio": 0.15708143602737368,
          "reinserted": 219606,
          "req": 5904205
        }
      ],
      "miss_ratio": 0.15708143602737368,
      "req": 5904205
    }
  ],
  "trace": "tencentBlock.ns4724.oracleGeneral.zst"
}