{
  "dram_cache_size": 29,
  "flash_cache_size": 2980,
  "results": [
    {
      "hit": 2087203,
      "iteration": 0,
      "metrics": [
        {
          "admission_treshold": 0,
          "algorithm": "qtime-clock",
          "byte_inserted": 830354,
          "byte_miss": 830354,
          "byte_read": 2087203,
          "byte_reinserted": 153061,
          "hit": 2087203,
          "inserted": 830354,
          "layer": 0,
          "miss_ratio": 0.28460592200940715,
          "reinserted": 153061,
          "req": 2917557
        }
      ],
      "miss_ratio": 0.28460592200940715,
      "req": 2917557
    }
  ],
  "trace": "tencentBlock.ns8722.oracleGeneral.zst"
}