{
  "dram_cache_size": 19,
  "flash_cache_size": 1941,
  "results": [
    {
      "hit": 3542971,
      "iteration": 0,
      "metrics": [
        {
          "admission_treshold": 0,
          "algorithm": "qand-clock",
          "byte_inserted": 1274601,
          "byte_miss": 1274601,
          "byte_read": 3542971,
          "byte_reinserted": 41014,
          "hit": 3542971,
          "inserted": 1274601,
          "layer": 0,
          "miss_ratio": 0.26457331618499946,
          "reinserted": 41014,
          "req": 4817572
        }
      ],
      "miss_ratio": 0.26457331618499946,
      "req": 4817572
    }
  ],
  "trace": "tencentBlock.ns14824.oracleGeneral.zst"
}