{
  "dram_cache_size": 608,
  "flash_cache_size": 60839,
  "results": [
    {
      "hit": 32360979,
      "iteration": 0,
      "metrics": [
        {
          "admission_treshold": 0,
          "algorithm": "q-clock",
          "byte_inserted": 2937689,
          "byte_miss": 2937689,
          "byte_read": 32360979,
          "byte_reinserted": 34370,
          "hit": 32360979,
          "inserted": 2937689,
          "layer": 0,
          "miss_ratio": 0.0832237919005896,
          "reinserted": 34370,
          "req": 35298668
        }
      ],
      "miss_ratio": 0.0832237919005896,
      "req": 35298668
    }
  ],
  "trace": "tencentBlock.ns19728.oracleGeneral.zst"
}