{
  "dram_cache_size": 39,
  "flash_cache_size": 3925,
  "results": [
    {
      "hit": 2500602,
      "iteration": 0,
      "metrics": [
        {
          "admission_treshold": 0,
          "algorithm": "q-clock",
          "byte_inserted": 1299508,
          "byte_miss": 1299508,
          "byte_read": 2500602,
          "byte_reinserted": 45704,
          "hit": 2500602,
          "inserted": 1299508,
          "layer": 0,
          "miss_ratio": 0.3419658904610656,
          "reinserted": 45704,
          "req": 3800110
        }
      ],
      "miss_ratio": 0.3419658904610656,
      "req": 3800110
    }
  ],
  "trace": "tencentBlock.ns19648.oracleGeneral.zst"
}