{
  "dram_cache_size": 180,
  "flash_cache_size": 18082,
  "results": [
    {
      "hit": 5607196,
      "iteration": 0,
      "metrics": [
        {
          "admission_treshold": 0,
          "algorithm": "qand-clock",
          "byte_inserted": 7847736,
          "byte_miss": 7847736,
          "byte_read": 5607196,
          "byte_reinserted": 3398,
          "hit": 5607196,
          "inserted": 7847736,
          "layer": 0,
          "miss_ratio": 0.5832609187471182,
          "reinserted": 3398,
          "req": 13454932
        }
      ],
      "miss_ratio": 0.5832609187471182,
      "req": 13454932
    }
  ],
  "trace": "tencentBlock.ns1633.oracleGeneral.zst"
}