{
  "dram_cache_size": 782,
  "flash_cache_size": 78234,
  "results": [
    {
      "hit": 87954965,
      "iteration": 0,
      "metrics": [
        {
          "admission_treshold": 0,
          "algorithm": "qand-clock",
          "byte_inserted": 15613653,
          "byte_miss": 15613653,
          "byte_read": 87954965,
          "byte_reinserted": 1552078,
          "hit": 87954965,
          "inserted": 15613653,
          "layer": 0,
          "miss_ratio": 0.1507566027384859,
          "reinserted": 1552078,
          "req": 103568618
        }
      ],
      "miss_ratio": 0.1507566027384859,
      "req": 103568618
    }
  ],
  "trace": "tencentBlock.ns1625.oracleGeneral.zst"
}