{
  "dram_cache_size": 34,
  "flash_cache_size": 3478,
  "results": [
    {
      "hit": 2393162,
      "iteration": 0,
      "metrics": [
        {
          "admission_treshold": 0,
          "algorithm": "qand-clock",
          "byte_inserted": 1273936,
          "byte_miss": 1273936,
          "byte_read": 2393162,
          "byte_reinserted": 5083,
          "hit": 2393162,
          "inserted": 1273936,
          "layer": 0,
          "miss_ratio": 0.347396224480502,
          "reinserted": 5083,
          "req": 3667098
        }
      ],
      "miss_ratio": 0.347396224480502,
      "req": 3667098
    }
  ],
  "trace": "tencentBlock.ns2495.oracleGeneral.zst"
}