{
  "dram_cache_size": 194,
  "flash_cache_size": 19465,
  "results": [
    {
      "hit": 20937973,
      "iteration": 0,
      "metrics": [
        {
          "admission_treshold": 0,
          "algorithm": "qtime-clock",
          "byte_inserted": 30858805,
          "byte_miss": 30858805,
          "byte_read": 20937973,
          "byte_reinserted": 11006903,
          "hit": 20937973,
          "inserted": 30858805,
          "layer": 0,
          "miss_ratio": 0.5957668834150263,
          "reinserted": 11006903,
          "req": 51796778
        }
      ],
      "miss_ratio": 0.5957668834150263,
      "req": 51796778
    }
  ],
  "trace": "tencentBlock.ns13439.oracleGeneral.zst"
}