{
  "dram_cache_size": 47,
  "flash_cache_size": 4765,
  "results": [
    {
      "hit": 2983800,
      "iteration": 0,
      "metrics": [
        {
          "admission_treshold": 0,
          "algorithm": "qtime-clock",
          "byte_inserted": 1342735,
          "byte_miss": 1342735,
          "byte_read": 2983800,
          "byte_reinserted": 584042,
          "hit": 2983800,
          "inserted": 1342735,
          "layer": 0,
          "miss_ratio": 0.31034881261794944,
          "reinserted": 584042,
          "req": 4326535
        }
      ],
      "miss_ratio": 0.31034881261794944,
      "req": 4326535
    }
  ],
  "trace": "tencentBlock.ns21078.oracleGeneral.zst"
}