{
  "dram_cache_size": 527,
  "flash_cache_size": 52745,
  "results": [
    {
      "hit": 5252909,
      "iteration": 0,
      "metrics": [
        {
          "admission_treshold": 0,
          "algorithm": "lru",
          "byte_inserted": 1372769,
          "byte_miss": 1372769,
          "byte_read": 5252909,
          "byte_reinserted": 5252909,
          "hit": 5252909,
          "inserted": 1372769,
          "layer": 0,
          "miss_ratio": 0.20718921142862667,
          "reinserted": 5252909,
          "req": 6625678
        }
      ],
      "miss_ratio": 0.20718921142862667,
      "req": 6625678
    }
  ],
  "trace": "tencentBlock.ns23026.oracleGeneral.zst"
}