{
  "dram_cache_size": 290,
  "flash_cache_size": 29061,
  "results": [
    {
      "hit": 697908,
      "iteration": 0,
      "metrics": [
        {
          "admission_treshold": 0,
          "algorithm": "qtime-clock",
          "byte_inserted": 673284,
          "byte_miss": 673284,
          "byte_read": 697908,
          "byte_reinserted": 130078,
          "hit": 697908,
          "inserted": 673284,
          "layer": 0,
          "miss_ratio": 0.4910209511140672,
          "reinserted": 130078,
          "req": 1371192
        }
      ],
      "miss_ratio": 0.4910209511140672,
      "req": 1371192
    }
  ],
  "trace": "tencentBlock.ns11663.oracleGeneral.zst"
}