{
  "dram_cache_size": 7,
  "flash_cache_size": 751,
  "results": [
    {
      "hit": 1196449,
      "iteration": 0,
      "metrics": [
        {
          "admission_treshold": 0,
          "algorithm": "qtime-clock",
          "byte_inserted": 428900,
          "byte_miss": 428900,
          "byte_read": 1196449,
          "byte_reinserted": 80574,
          "hit": 1196449,
          "inserted": 428900,
          "layer": 0,
          "miss_ratio": 0.26388178784987104,
          "reinserted": 80574,
          "req": 1625349
        }
      ],
      "miss_ratio": 0.26388178784987104,
      "req": 1625349
    }
  ],
  "trace": "tencentBlock.ns9828.oracleGeneral.zst"
}