{
  "dram_cache_size": 172,
  "flash_cache_size": 17292,
  "results": [
    {
      "hit": 6130536,
      "iteration": 0,
      "metrics": [
        {
          "admission_treshold": 0,
          "algorithm": "q-clock",
          "byte_inserted": 1211918,
          "byte_miss": 1211918,
          "byte_read": 6130536,
          "byte_reinserted": 25135,
          "hit": 6130536,
          "inserted": 1211918,
          "layer": 0,
          "miss_ratio": 0.16505626048184985,
          "reinserted": 25135,
          "req": 7342454
        }
      ],
      "miss_ratio": 0.16505626048184985,
      "req": 7342454
    }
  ],
  "trace": "tencentBlock.ns17983.oracleGeneral.zst"
}