{
  "dram_cache_size": 20,
  "flash_cache_size": 2006,
  "results": [
    {
      "hit": 4356434,
      "iteration": 0,
      "metrics": [
        {
          "admission_treshold": 0,
          "algorithm": "q-clock",
          "byte_inserted": 2007523,
          "byte_miss": 2007523,
          "byte_read": 4356434,
          "byte_reinserted": 380922,
          "hit": 4356434,
          "inserted": 2007523,
          "layer": 0,
          "miss_ratio": 0.3154520057253687,
          "reinserted": 380922,
          "req": 6363957
        }
      ],
      "miss_ratio": 0.3154520057253687,
      "req": 6363957
    }
  ],
  "trace": "tencentBlock.ns6491.oracleGeneral.zst"
}