{
  "dram_cache_size": 133,
  "flash_cache_size": 13311,
  "results": [
    {
      "hit": 9884305,
      "iteration": 0,
      "metrics": [
        {
          "admission_treshold": 0,
          "algorithm": "qauto",
          "byte_inserted": 13778472,
          "byte_miss": 13778472,
          "byte_read": 9884305,
          "byte_reinserted": 2522307,
          "hit": 9884305,
          "inserted": 13778472,
          "layer": 0,
          "miss_ratio": 0.5822846574601113,
          "reinserted": 2522307,
          "req": 23662777
        }
      ],
      "miss_ratio": 0.5822846574601113,
      "req": 23662777
    }
  ],
  "trace": "tencentBlock.ns9863.oracleGeneral.zst"
}