{
  "dram_cache_size": 20,
  "flash_cache_size": 2030,
  "results": [
    {
      "hit": 2105864,
      "iteration": 0,
      "metrics": [
        {
          "admission_treshold": 0,
          "algorithm": "qor-clock",
          "byte_inserted": 632246,
          "byte_miss": 632246,
          "byte_read": 2105864,
          "byte_reinserted": 34343,
          "hit": 2105864,
          "inserted": 632246,
          "layer": 0,
          "miss_ratio": 0.23090598989814137,
          "reinserted": 34343,
          "req": 2738110
        }
      ],
      "miss_ratio": 0.23090598989814137,
      "req": 2738110
    }
  ],
  "trace": "tencentBlock.ns13061.oracleGeneral.zst"
}