{
  "dram_cache_size": 29,
  "flash_cache_size": 2930,
  "results": [
    {
      "hit": 2506829,
      "iteration": 0,
      "metrics": [
        {
          "admission_treshold": 0,
          "algorithm": "qand-clock",
          "byte_inserted": 1240884,
          "byte_miss": 1240884,
          "byte_read": 2506829,
          "byte_reinserted": 155699,
          "hit": 2506829,
          "inserted": 1240884,
          "layer": 0,
          "miss_ratio": 0.33110432949374724,
          "reinserted": 155699,
          "req": 3747713
        }
      ],
      "miss_ratio": 0.33110432949374724,
      "req": 3747713
    }
  ],
  "trace": "tencentBlock.ns11159.oracleGeneral.zst"
}