{
  "dram_cache_size": 12,
  "flash_cache_size": 1210,
  "results": [
    {
      "hit": 3244622,
      "iteration": 0,
      "metrics": [
        {
          "admission_treshold": 0,
          "algorithm": "qand-clock",
          "byte_inserted": 1219490,
          "byte_miss": 1219490,
          "byte_read": 3244622,
          "byte_reinserted": 4129,
          "hit": 3244622,
          "inserted": 1219490,
          "layer": 0,
          "miss_ratio": 0.2731763898396814,
          "reinserted": 4129,
          "req": 4464112
        }
      ],
      "miss_ratio": 0.2731763898396814,
      "req": 4464112
    }
  ],
  "trace": "tencentBlock.ns5632.oracleGeneral.zst"
}