{
  "dram_cache_size": 11,
  "flash_cache_size": 1183,
  "results": [
    {
      "hit": 1891969,
      "iteration": 0,
      "metrics": [
        {
          "admission_treshold": 0,
          "algorithm": "qand-clock",
          "byte_inserted": 898444,
          "byte_miss": 898444,
          "byte_read": 1891969,
          "byte_reinserted": 408732,
          "hit": 1891969,
          "inserted": 898444,
          "layer": 0,
          "miss_ratio": 0.32197527749476507,
          "reinserted": 408732,
          "req": 2790413
        }
      ],
      "miss_ratio": 0.32197527749476507,
      "req": 2790413
    }
  ],
  "trace": "tencentBlock.ns3351.oracleGeneral.zst"
}