{
  "dram_cache_size": 30,
  "flash_cache_size": 3049,
  "results": [
    {
      "hit": 1727940,
      "iteration": 0,
      "metrics": [
        {
          "admission_treshold": 0,
          "algorithm": "qtime-clock",
          "byte_inserted": 1199433,
          "byte_miss": 1199433,
          "byte_read": 1727940,
          "byte_reinserted": 271485,
          "hit": 1727940,
          "inserted": 1199433,
          "layer": 0,
          "miss_ratio": 0.4097301573800127,
          "reinserted": 271485,
          "req": 2927373
        }
      ],
      "miss_ratio": 0.4097301573800127,
      "req": 2927373
    }
  ],
  "trace": "tencentBlock.ns14956.oracleGeneral.zst"
}