{
  "dram_cache_size": 4,
  "flash_cache_size": 435,
  "results": [
    {
      "hit": 1352878,
      "iteration": 0,
      "metrics": [
        {
          "admission_treshold": 0,
          "algorithm": "qtime-clock",
          "byte_inserted": 237406,
          "byte_miss": 237406,
          "byte_read": 1352878,
          "byte_reinserted": 194435,
          "hit": 1352878,
          "inserted": 237406,
          "layer": 0,
          "miss_ratio": 0.1492852848925098,
          "reinserted": 194435,
          "req": 1590284
        }
      ],
      "miss_ratio": 0.1492852848925098,
      "req": 1590284
    }
  ],
  "trace": "tencentBlock.ns23260.oracleGeneral.zst"
}