{
  "dram_cache_size": 22,
  "flash_cache_size": 2201,
  "results": [
    {
      "hit": 3292507,
      "iteration": 0,
      "metrics": [
        {
          "admission_treshold": 0,
          "algorithm": "qand-clock",
          "byte_inserted": 1074874,
          "byte_miss": 1074874,
          "byte_read": 3292507,
          "byte_reinserted": 155008,
          "hit": 3292507,
          "inserted": 1074874,
          "layer": 0,
          "miss_ratio": 0.24611408988590644,
          "reinserted": 155008,
          "req": 4367381
        }
      ],
      "miss_ratio": 0.24611408988590644,
      "req": 4367381
    }
  ],
  "trace": "tencentBlock.ns10525.oracleGeneral.zst"
}