{
  "dram_cache_size": 31,
  "flash_cache_size": 3154,
  "results": [
    {
      "hit": 5906674,
      "iteration": 0,
      "metrics": [
        {
          "admission_treshold": 0,
          "algorithm": "qor-clock",
          "byte_inserted": 1199861,
          "byte_miss": 1199861,
          "byte_read": 5906674,
          "byte_reinserted": 878847,
          "hit": 5906674,
          "inserted": 1199861,
          "layer": 0,
          "miss_ratio": 0.1688391037263589,
          "reinserted": 878847,
          "req": 7106535
        }
      ],
      "miss_ratio": 0.1688391037263589,
      "req": 7106535
    }
  ],
  "trace": "tencentBlock.ns3223.oracleGeneral.zst"
}