{
  "dram_cache_size": 71,
  "flash_cache_size": 7167,
  "results": [
    {
      "hit": 2863722,
      "iteration": 0,
      "metrics": [
        {
          "admission_treshold": 0,
          "algorithm": "qtime-clock",
          "byte_inserted": 2106796,
          "byte_miss": 2106796,
          "byte_read": 2863722,
          "byte_reinserted": 412783,
          "hit": 2863722,
          "inserted": 2106796,
          "layer": 0,
          "miss_ratio": 0.4238584388991248,
          "reinserted": 412783,
          "req": 4970518
        }
      ],
      "miss_ratio": 0.4238584388991248,
      "req": 4970518
    }
  ],
  "trace": "tencentBlock.ns12099.oracleGeneral.zst"
}