{
  "dram_cache_size": 290,
  "flash_cache_size": 29095,
  "results": [
    {
      "hit": 2094701,
      "iteration": 0,
      "metrics": [
        {
          "admission_treshold": 0,
          "algorithm": "q-clock",
          "byte_inserted": 1067793,
          "byte_miss": 1067793,
          "byte_read": 2094701,
          "byte_reinserted": 240250,
          "hit": 2094701,
          "inserted": 1067793,
          "layer": 0,
          "miss_ratio": 0.3376426959229013,
          "reinserted": 240250,
          "req": 3162494
        }
      ],
      "miss_ratio": 0.3376426959229013,
      "req": 3162494
    }
  ],
  "trace": "tencentBlock.ns15358.oracleGeneral.zst"
}