{
  "dram_cache_size": 14,
  "flash_cache_size": 1483,
  "results": [
    {
      "hit": 767245,
      "iteration": 0,
      "metrics": [
        {
          "admission_treshold": 0,
          "algorithm": "qand-clock",
          "byte_inserted": 490486,
          "byte_miss": 490486,
          "byte_read": 767245,
          "byte_reinserted": 86151,
          "hit": 767245,
          "inserted": 490486,
          "layer": 0,
          "miss_ratio": 0.38997687104794265,
          "reinserted": 86151,
          "req": 1257731
        }
      ],
      "miss_ratio": 0.38997687104794265,
      "req": 1257731
    }
  ],
  "trace": "tencentBlock.ns23219.oracleGeneral.zst"
}