{
  "dram_cache_size": 207,
  "flash_cache_size": 20751,
  "results": [
    {
      "hit": 1523098,
      "iteration": 0,
      "metrics": [
        {
          "admission_treshold": 0,
          "algorithm": "q-clock",
          "byte_inserted": 423218,
          "byte_miss": 423218,
          "byte_read": 1523098,
          "byte_reinserted": 84317,
          "hit": 1523098,
          "inserted": 423218,
          "layer": 0,
          "miss_ratio": 0.21744567685822858,
          "reinserted": 84317,
          "req": 1946316
        }
      ],
      "miss_ratio": 0.21744567685822858,
      "req": 1946316
    }
  ],
  "trace": "tencentBlock.ns17209.oracleGeneral.zst"
}