{
  "dram_cache_size": 47,
  "flash_cache_size": 4710,
  "results": [
    {
      "hit": 2866828,
      "iteration": 0,
      "metrics": [
        {
          "admission_treshold": 0,
          "algorithm": "qtime-clock",
          "byte_inserted": 1333684,
          "byte_miss": 1333684,
          "byte_read": 2866828,
          "byte_reinserted": 260004,
          "hit": 2866828,
          "inserted": 1333684,
          "layer": 0,
          "miss_ratio": 0.3175051041396858,
          "reinserted": 260004,
          "req": 4200512
        }
      ],
      "miss_ratio": 0.3175051041396858,
      "req": 4200512
    }
  ],
  "trace": "tencentBlock.ns17645.oracleGeneral.zst"
}