{
  "dram_cache_size": 10,
  "flash_cache_size": 1000,
  "results": [
    {
      "hit": 2350824,
      "iteration": 0,
      "metrics": [
        {
          "admission_treshold": 0,
          "algorithm": "qand-clock",
          "byte_inserted": 574945,
          "byte_miss": 574945,
          "byte_read": 2350824,
          "byte_reinserted": 22612,
          "hit": 2350824,
          "inserted": 574945,
          "layer": 0,
          "miss_ratio": 0.19651072931595082,
          "reinserted": 22612,
          "req": 2925769
        }
      ],
      "miss_ratio": 0.19651072931595082,
      "req": 2925769
    }
  ],
  "trace": "tencentBlock.ns8964.oracleGeneral.zst"
}