{
  "dram_cache_size": 131,
  "flash_cache_size": 13185,
  "results": [
    {
      "hit": 930509,
      "iteration": 0,
      "metrics": [
        {
          "admission_treshold": 0,
          "algorithm": "q-clock",
          "byte_inserted": 392255,
          "byte_miss": 392255,
          "byte_read": 930509,
          "byte_reinserted": 95095,
          "hit": 930509,
          "inserted": 392255,
          "layer": 0,
          "miss_ratio": 0.29654193794206674,
          "reinserted": 95095,
          "req": 1322764
        }
      ],
      "miss_ratio": 0.29654193794206674,
      "req": 1322764
    }
  ],
  "trace": "tencentBlock.ns18808.oracleGeneral.zst"
}