{
  "dram_cache_size": 13,
  "flash_cache_size": 1395,
  "results": [
    {
      "hit": 1172185,
      "iteration": 0,
      "metrics": [
        {
          "admission_treshold": 0,
          "algorithm": "qtime-clock",
          "byte_inserted": 606260,
          "byte_miss": 606260,
          "byte_read": 1172185,
          "byte_reinserted": 83205,
          "hit": 1172185,
          "inserted": 606260,
          "layer": 0,
          "miss_ratio": 0.3408933084801611,
          "reinserted": 83205,
          "req": 1778445
        }
      ],
      "miss_ratio": 0.3408933084801611,
      "req": 1778445
    }
  ],
  "trace": "tencentBlock.ns23119.oracleGeneral.zst"
}