{
  "dram_cache_size": 60,
  "flash_cache_size": 6024,
  "results": [
    {
      "hit": 3700263,
      "iteration": 0,
      "metrics": [
        {
          "admission_treshold": 0,
          "algorithm": "qtime-clock",
          "byte_inserted": 2205308,
          "byte_miss": 2205308,
          "byte_read": 3700263,
          "byte_reinserted": 151822,
          "hit": 3700263,
          "inserted": 2205308,
          "layer": 0,
          "miss_ratio": 0.3734284119181701,
          "reinserted": 151822,
          "req": 5905571
        }
      ],
      "miss_ratio": 0.3734284119181701,
      "req": 5905571
    }
  ],
  "trace": "tencentBlock.ns14665.oracleGeneral.zst"
}