{
  "dram_cache_size": 52,
  "flash_cache_size": 5290,
  "results": [
    {
      "hit": 2625987,
      "iteration": 0,
      "metrics": [
        {
          "admission_treshold": 0,
          "algorithm": "qauto",
          "byte_inserted": 1596303,
          "byte_miss": 1596303,
          "byte_read": 2625987,
          "byte_reinserted": 298536,
          "hit": 2625987,
          "inserted": 1596303,
          "layer": 0,
          "miss_ratio": 0.37806569420859293,
          "reinserted": 298536,
          "req": 4222290
        }
      ],
      "miss_ratio": 0.37806569420859293,
      "req": 4222290
    }
  ],
  "trace": "tencentBlock.ns22174.oracleGeneral.zst"
}