{
  "dram_cache_size": 268,
  "flash_cache_size": 26835,
  "results": [
    {
      "hit": 20175643,
      "iteration": 0,
      "metrics": [
        {
          "admission_treshold": 0,
          "algorithm": "qor-clock",
          "byte_inserted": 24979585,
          "byte_miss": 24979585,
          "byte_read": 20175643,
          "byte_reinserted": 1018438,
          "hit": 20175643,
          "inserted": 24979585,
          "layer": 0,
          "miss_ratio": 0.5531936412767089,
          "reinserted": 1018438,
          "req": 45155228
        }
      ],
      "miss_ratio": 0.5531936412767089,
      "req": 45155228
    }
  ],
  "trace": "tencentBlock.ns3109.oracleGeneral.zst"
}