{
  "dram_cache_size": 11,
  "flash_cache_size": 1152,
  "results": [
    {
      "hit": 1475421,
      "iteration": 0,
      "metrics": [
        {
          "admission_treshold": 0,
          "algorithm": "q-clock",
          "byte_inserted": 582930,
          "byte_miss": 582930,
          "byte_read": 1475421,
          "byte_reinserted": 70589,
          "hit": 1475421,
          "inserted": 582930,
          "layer": 0,
          "miss_ratio": 0.2832024275743058,
          "reinserted": 70589,
          "req": 2058351
        }
      ],
      "miss_ratio": 0.2832024275743058,
      "req": 2058351
    }
  ],
  "trace": "tencentBlock.ns6543.oracleGeneral.zst"
}