{
  "dram_cache_size": 42,
  "flash_cache_size": 4258,
  "results": [
    {
      "hit": 4973470,
      "iteration": 0,
      "metrics": [
        {
          "admission_treshold": 0,
          "algorithm": "qand-clock",
          "byte_inserted": 1384049,
          "byte_miss": 1384049,
          "byte_read": 4973470,
          "byte_reinserted": 738024,
          "hit": 4973470,
          "inserted": 1384049,
          "layer": 0,
          "miss_ratio": 0.21770269188342184,
          "reinserted": 738024,
          "req": 6357519
        }
      ],
      "miss_ratio": 0.21770269188342184,
      "req": 6357519
    }
  ],
  "trace": "tencentBlock.ns19571.oracleGeneral.zst"
}