{
  "dram_cache_size": 170,
  "flash_cache_size": 17047,
  "results": [
    {
      "hit": 1063224,
      "iteration": 0,
      "metrics": [
        {
          "admission_treshold": 0,
          "algorithm": "qtime-clock",
          "byte_inserted": 688088,
          "byte_miss": 688088,
          "byte_read": 1063224,
          "byte_reinserted": 147835,
          "hit": 1063224,
          "inserted": 688088,
          "layer": 0,
          "miss_ratio": 0.3928985811779968,
          "reinserted": 147835,
          "req": 1751312
        }
      ],
      "miss_ratio": 0.3928985811779968,
      "req": 1751312
    }
  ],
  "trace": "tencentBlock.ns2447.oracleGeneral.zst"
}