{
  "dram_cache_size": 54,
  "flash_cache_size": 5462,
  "results": [
    {
      "hit": 3677193,
      "iteration": 0,
      "metrics": [
        {
          "admission_treshold": 0,
          "algorithm": "qand-clock",
          "byte_inserted": 1641996,
          "byte_miss": 1641996,
          "byte_read": 3677193,
          "byte_reinserted": 245474,
          "hit": 3677193,
          "inserted": 1641996,
          "layer": 0,
          "miss_ratio": 0.3086929229249046,
          "reinserted": 245474,
          "req": 5319189
        }
      ],
      "miss_ratio": 0.3086929229249046,
      "req": 5319189
    }
  ],
  "trace": "tencentBlock.ns12651.oracleGeneral.zst"
}