{
  "dram_cache_size": 43,
  "flash_cache_size": 4322,
  "results": [
    {
      "hit": 2473969,
      "iteration": 0,
      "metrics": [
        {
          "admission_treshold": 0,
          "algorithm": "qand-clock",
          "byte_inserted": 1250891,
          "byte_miss": 1250891,
          "byte_read": 2473969,
          "byte_reinserted": 337257,
          "hit": 2473969,
          "inserted": 1250891,
          "layer": 0,
          "miss_ratio": 0.33582228593826347,
          "reinserted": 337257,
          "req": 3724860
        }
      ],
      "miss_ratio": 0.33582228593826347,
      "req": 3724860
    }
  ],
  "trace": "tencentBlock.ns18712.oracleGeneral.zst"
}