{
  "dram_cache_size": 24,
  "flash_cache_size": 2452,
  "results": [
    {
      "hit": 1714304,
      "iteration": 0,
      "metrics": [
        {
          "admission_treshold": 0,
          "algorithm": "qand-clock",
          "byte_inserted": 754158,
          "byte_miss": 754158,
          "byte_read": 1714304,
          "byte_reinserted": 133710,
          "hit": 1714304,
          "inserted": 754158,
          "layer": 0,
          "miss_ratio": 0.30551736263308893,
          "reinserted": 133710,
          "req": 2468462
        }
      ],
      "miss_ratio": 0.30551736263308893,
      "req": 2468462
    }
  ],
  "trace": "tencentBlock.ns5083.oracleGeneral.zst"
}