{
  "dram_cache_size": 8,
  "flash_cache_size": 842,
  "results": [
    {
      "hit": 2798983,
      "iteration": 0,
      "metrics": [
        {
          "admission_treshold": 0,
          "algorithm": "qor-clock",
          "byte_inserted": 1293334,
          "byte_miss": 1293334,
          "byte_read": 2798983,
          "byte_reinserted": 311191,
          "hit": 2798983,
          "inserted": 1293334,
          "layer": 0,
          "miss_ratio": 0.3160395443461491,
          "reinserted": 311191,
          "req": 4092317
        }
      ],
      "miss_ratio": 0.3160395443461491,
      "req": 4092317
    }
  ],
  "trace": "tencentBlock.ns10676.oracleGeneral.zst"
}