{
  "dram_cache_size": 148,
  "flash_cache_size": 14873,
  "results": [
    {
      "hit": 656389,
      "iteration": 0,
      "metrics": [
        {
          "admission_treshold": 0,
          "algorithm": "lru",
          "byte_inserted": 719926,
          "byte_miss": 719926,
          "byte_read": 656389,
          "byte_reinserted": 656389,
          "hit": 656389,
          "inserted": 719926,
          "layer": 0,
          "miss_ratio": 0.5230822885749264,
          "reinserted": 656389,
          "req": 1376315
        }
      ],
      "miss_ratio": 0.5230822885749264,
      "req": 1376315
    }
  ],
  "trace": "tencentBlock.ns16441.oracleGeneral.zst"
}