{
  "dram_cache_size": 143,
  "flash_cache_size": 14306,
  "results": [
    {
      "hit": 2883243,
      "iteration": 0,
      "metrics": [
        {
          "admission_treshold": 0,
          "algorithm": "qtime-clock",
          "byte_inserted": 1329195,
          "byte_miss": 1329195,
          "byte_read": 2883243,
          "byte_reinserted": 231137,
          "hit": 2883243,
          "inserted": 1329195,
          "layer": 0,
          "miss_ratio": 0.31554054920214847,
          "reinserted": 231137,
          "req": 4212438
        }
      ],
      "miss_ratio": 0.31554054920214847,
      "req": 4212438
    }
  ],
  "trace": "tencentBlock.ns11714.oracleGeneral.zst"
}