{
  "dram_cache_size": 10,
  "flash_cache_size": 1070,
  "results": [
    {
      "hit": 1920318,
      "iteration": 0,
      "metrics": [
        {
          "admission_treshold": 0,
          "algorithm": "qand-clock",
          "byte_inserted": 6692354,
          "byte_miss": 6692354,
          "byte_read": 1920318,
          "byte_reinserted": 163694,
          "hit": 1920318,
          "inserted": 6692354,
          "layer": 0,
          "miss_ratio": 0.7770357445401381,
          "reinserted": 163694,
          "req": 8612672
        }
      ],
      "miss_ratio": 0.7770357445401381,
      "req": 8612672
    }
  ],
  "trace": "tencentBlock.ns7807.oracleGeneral.zst"
}