{
  "dram_cache_size": 781,
  "flash_cache_size": 78109,
  "results": [
    {
      "hit": 81513129,
      "iteration": 0,
      "metrics": [
        {
          "admission_treshold": 0,
          "algorithm": "qand-clock",
          "byte_inserted": 48110981,
          "byte_miss": 48110981,
          "byte_read": 81513129,
          "byte_reinserted": 15392219,
          "hit": 81513129,
          "inserted": 48110981,
          "layer": 0,
          "miss_ratio": 0.3711576573216202,
          "reinserted": 15392219,
          "req": 129624110
        }
      ],
      "miss_ratio": 0.3711576573216202,
      "req": 129624110
    }
  ],
  "trace": "tencentBlock.ns1730.oracleGeneral.zst"
}