{
  "dram_cache_size": 460,
  "flash_cache_size": 46069,
  "results": [
    {
      "hit": 3391975,
      "iteration": 0,
      "metrics": [
        {
          "admission_treshold": 0,
          "algorithm": "q-clock",
          "byte_inserted": 975162,
          "byte_miss": 975162,
          "byte_read": 3391975,
          "byte_reinserted": 162396,
          "hit": 3391975,
          "inserted": 975162,
          "layer": 0,
          "miss_ratio": 0.22329549084445943,
          "reinserted": 162396,
          "req": 4367137
        }
      ],
      "miss_ratio": 0.22329549084445943,
      "req": 4367137
    }
  ],
  "trace": "tencentBlock.ns19286.oracleGeneral.zst"
}