{
  "dram_cache_size": 13,
  "flash_cache_size": 1395,
  "results": [
    {
      "hit": 1172177,
      "iteration": 0,
      "metrics": [
        {
          "admission_treshold": 0,
          "algorithm": "qtime-clock",
          "byte_inserted": 606268,
          "byte_miss": 606268,
          "byte_read": 1172177,
          "byte_reinserted": 81540,
          "hit": 1172177,
          "inserted": 606268,
          "layer": 0,
          "miss_ratio": 0.3408978067918884,
          "reinserted": 81540,
          "req": 1778445
        }
      ],
      "miss_ratio": 0.3408978067918884,
      "req": 1778445
    }
  ],
  "trace": "tencentBlock.ns23119.oracleGeneral.zst"
}