{
  "dram_cache_size": 7,
  "flash_cache_size": 762,
  "results": [
    {
      "hit": 1215842,
      "iteration": 0,
      "metrics": [
        {
          "admission_treshold": 0,
          "algorithm": "qand-clock",
          "byte_inserted": 279895,
          "byte_miss": 279895,
          "byte_read": 1215842,
          "byte_reinserted": 95643,
          "hit": 1215842,
          "inserted": 279895,
          "layer": 0,
          "miss_ratio": 0.1871284858233767,
          "reinserted": 95643,
          "req": 1495737
        }
      ],
      "miss_ratio": 0.1871284858233767,
      "req": 1495737
    }
  ],
  "trace": "tencentBlock.ns17897.oracleGeneral.zst"
}