{
  "dram_cache_size": 155,
  "flash_cache_size": 15522,
  "results": [
    {
      "hit": 1195365,
      "iteration": 0,
      "metrics": [
        {
          "admission_treshold": 0,
          "algorithm": "q-clock",
          "byte_inserted": 308466,
          "byte_miss": 308466,
          "byte_read": 1195365,
          "byte_reinserted": 109033,
          "hit": 1195365,
          "inserted": 308466,
          "layer": 0,
          "miss_ratio": 0.20512012320533357,
          "reinserted": 109033,
          "req": 1503831
        }
      ],
      "miss_ratio": 0.20512012320533357,
      "req": 1503831
    }
  ],
  "trace": "tencentBlock.ns20080.oracleGeneral.zst"
}