{
  "dram_cache_size": 1561,
  "flash_cache_size": 156164,
  "results": [
    {
      "hit": 3038241,
      "iteration": 0,
      "metrics": [
        {
          "admission_treshold": 0,
          "algorithm": "fifo",
          "byte_inserted": 2773675,
          "byte_miss": 2773675,
          "byte_read": 3038241,
          "byte_reinserted": 0,
          "hit": 3038241,
          "inserted": 2773675,
          "layer": 0,
          "miss_ratio": 0.47723934757487896,
          "reinserted": 0,
          "req": 5811916
        }
      ],
      "miss_ratio": 0.47723934757487896,
      "req": 5811916
    }
  ],
  "trace": "tencentBlock.ns7299.oracleGeneral.zst"
}