{
  "dram_cache_size": 34,
  "flash_cache_size": 3472,
  "results": [
    {
      "hit": 2533464,
      "iteration": 0,
      "metrics": [
        {
          "admission_treshold": 0,
          "algorithm": "qand-clock",
          "byte_inserted": 1063855,
          "byte_miss": 1063855,
          "byte_read": 2533464,
          "byte_reinserted": 5371,
          "hit": 2533464,
          "inserted": 1063855,
          "layer": 0,
          "miss_ratio": 0.2957355185903724,
          "reinserted": 5371,
          "req": 3597319
        }
      ],
      "miss_ratio": 0.2957355185903724,
      "req": 3597319
    }
  ],
  "trace": "tencentBlock.ns5250.oracleGeneral.zst"
}