{
  "dram_cache_size": 323,
  "flash_cache_size": 32376,
  "results": [
    {
      "hit": 1295359,
      "iteration": 0,
      "metrics": [
        {
          "admission_treshold": 0,
          "algorithm": "q-clock",
          "byte_inserted": 909590,
          "byte_miss": 909590,
          "byte_read": 1295359,
          "byte_reinserted": 138727,
          "hit": 1295359,
          "inserted": 909590,
          "layer": 0,
          "miss_ratio": 0.41252201298079916,
          "reinserted": 138727,
          "req": 2204949
        }
      ],
      "miss_ratio": 0.41252201298079916,
      "req": 2204949
    }
  ],
  "trace": "tencentBlock.ns22533.oracleGeneral.zst"
}