{
  "dram_cache_size": 529,
  "flash_cache_size": 52922,
  "results": [
    {
      "hit": 3081287,
      "iteration": 0,
      "metrics": [
        {
          "admission_treshold": 0,
          "algorithm": "qtime-clock",
          "byte_inserted": 1191240,
          "byte_miss": 1191240,
          "byte_read": 3081287,
          "byte_reinserted": 132194,
          "hit": 3081287,
          "inserted": 1191240,
          "layer": 0,
          "miss_ratio": 0.2788139197247905,
          "reinserted": 132194,
          "req": 4272527
        }
      ],
      "miss_ratio": 0.2788139197247905,
      "req": 4272527
    }
  ],
  "trace": "tencentBlock.ns4205.oracleGeneral.zst"
}