{
  "dram_cache_size": 9,
  "flash_cache_size": 951,
  "results": [
    {
      "hit": 2478122,
      "iteration": 0,
      "metrics": [
        {
          "admission_treshold": 0,
          "algorithm": "qauto",
          "byte_inserted": 780920,
          "byte_miss": 780920,
          "byte_read": 2478122,
          "byte_reinserted": 119896,
          "hit": 2478122,
          "inserted": 780920,
          "layer": 0,
          "miss_ratio": 0.23961642715865583,
          "reinserted": 119896,
          "req": 3259042
        }
      ],
      "miss_ratio": 0.23961642715865583,
      "req": 3259042
    }
  ],
  "trace": "tencentBlock.ns11847.oracleGeneral.zst"
}