{
  "dram_cache_size": 19,
  "flash_cache_size": 1959,
  "results": [
    {
      "hit": 796083,
      "iteration": 0,
      "metrics": [
        {
          "admission_treshold": 0,
          "algorithm": "qtime-clock",
          "byte_inserted": 821018,
          "byte_miss": 821018,
          "byte_read": 796083,
          "byte_reinserted": 100174,
          "hit": 796083,
          "inserted": 821018,
          "layer": 0,
          "miss_ratio": 0.5077097843610263,
          "reinserted": 100174,
          "req": 1617101
        }
      ],
      "miss_ratio": 0.5077097843610263,
      "req": 1617101
    }
  ],
  "trace": "tencentBlock.ns13844.oracleGeneral.zst"
}