{
  "dram_cache_size": 31,
  "flash_cache_size": 3163,
  "results": [
    {
      "hit": 1193950,
      "iteration": 0,
      "metrics": [
        {
          "admission_treshold": 0,
          "algorithm": "qtime-clock",
          "byte_inserted": 1195574,
          "byte_miss": 1195574,
          "byte_read": 1193950,
          "byte_reinserted": 153727,
          "hit": 1193950,
          "inserted": 1195574,
          "layer": 0,
          "miss_ratio": 0.500339816632936,
          "reinserted": 153727,
          "req": 2389524
        }
      ],
      "miss_ratio": 0.500339816632936,
      "req": 2389524
    }
  ],
  "trace": "tencentBlock.ns6137.oracleGeneral.zst"
}