{
  "dram_cache_size": 14,
  "flash_cache_size": 1480,
  "results": [
    {
      "hit": 1104767,
      "iteration": 0,
      "metrics": [
        {
          "admission_treshold": 0,
          "algorithm": "qand-clock",
          "byte_inserted": 524520,
          "byte_miss": 524520,
          "byte_read": 1104767,
          "byte_reinserted": 159728,
          "hit": 1104767,
          "inserted": 524520,
          "layer": 0,
          "miss_ratio": 0.32193223170626173,
          "reinserted": 159728,
          "req": 1629287
        }
      ],
      "miss_ratio": 0.32193223170626173,
      "req": 1629287
    }
  ],
  "trace": "tencentBlock.ns22488.oracleGeneral.zst"
}