{
  "dram_cache_size": 58,
  "flash_cache_size": 5849,
  "results": [
    {
      "hit": 2815220,
      "iteration": 0,
      "metrics": [
        {
          "admission_treshold": 0,
          "algorithm": "qand-clock",
          "byte_inserted": 8556128,
          "byte_miss": 8556128,
          "byte_read": 2815220,
          "byte_reinserted": 482929,
          "hit": 2815220,
          "inserted": 8556128,
          "layer": 0,
          "miss_ratio": 0.7524286478612738,
          "reinserted": 482929,
          "req": 11371348
        }
      ],
      "miss_ratio": 0.7524286478612738,
      "req": 11371348
    }
  ],
  "trace": "tencentBlock.ns5359.oracleGeneral.zst"
}