{
  "dram_cache_size": 196,
  "flash_cache_size": 19664,
  "results": [
    {
      "hit": 1465304,
      "iteration": 0,
      "metrics": [
        {
          "admission_treshold": 0,
          "algorithm": "offline-clock",
          "byte_inserted": 345874,
          "byte_miss": 345874,
          "byte_read": 1465304,
          "byte_reinserted": 175170,
          "hit": 1465304,
          "inserted": 345874,
          "layer": 0,
          "miss_ratio": 0.19096632136653602,
          "reinserted": 175170,
          "req": 1811178
        }
      ],
      "miss_ratio": 0.19096632136653602,
      "req": 1811178
    },
    {
      "hit": 1476099,
      "iteration": 1,
      "metrics": [
        {
          "admission_treshold": 0,
          "algorithm": "offline-clock",
          "byte_inserted": 680953,
          "byte_miss": 680953,
          "byte_read": 2941403,
          "byte_reinserted": 236982,
          "hit": 1476099,
          "inserted": 335079,
          "layer": 0,
          "miss_ratio": 0.18500611204420547,
          "reinserted": 61812,
          "req": 1811178
        }
      ],
      "miss_ratio": 0.18500611204420547,
      "req": 1811178
    }
  ],
  "trace": "tencentBlock.ns15353.oracleGeneral.zst"
}