{
  "dram_cache_size": 11,
  "flash_cache_size": 1126,
  "results": [
    {
      "hit": 433488,
      "iteration": 0,
      "metrics": [
        {
          "admission_treshold": 0,
          "algorithm": "q-clock",
          "byte_inserted": 573110,
          "byte_miss": 573110,
          "byte_read": 433488,
          "byte_reinserted": 43122,
          "hit": 433488,
          "inserted": 573110,
          "layer": 0,
          "miss_ratio": 0.5693534062257226,
          "reinserted": 43122,
          "req": 1006598
        }
      ],
      "miss_ratio": 0.5693534062257226,
      "req": 1006598
    }
  ],
  "trace": "tencentBlock.ns20498.oracleGeneral.zst"
}