{
  "dram_cache_size": 286,
  "flash_cache_size": 28674,
  "results": [
    {
      "hit": 21258759,
      "iteration": 0,
      "metrics": [
        {
          "admission_treshold": 0,
          "algorithm": "qtime-clock",
          "byte_inserted": 24027276,
          "byte_miss": 24027276,
          "byte_read": 21258759,
          "byte_reinserted": 9324534,
          "hit": 21258759,
          "inserted": 24027276,
          "layer": 0,
          "miss_ratio": 0.5305670059213619,
          "reinserted": 9324534,
          "req": 45286035
        }
      ],
      "miss_ratio": 0.5305670059213619,
      "req": 45286035
    }
  ],
  "trace": "tencentBlock.ns13057.oracleGeneral.zst"
}