{
  "dram_cache_size": 21,
  "flash_cache_size": 2133,
  "results": [
    {
      "hit": 1805942,
      "iteration": 0,
      "metrics": [
        {
          "admission_treshold": 0,
          "algorithm": "qtime-clock",
          "byte_inserted": 1058126,
          "byte_miss": 1058126,
          "byte_read": 1805942,
          "byte_reinserted": 198256,
          "hit": 1805942,
          "inserted": 1058126,
          "layer": 0,
          "miss_ratio": 0.3694486304096132,
          "reinserted": 198256,
          "req": 2864068
        }
      ],
      "miss_ratio": 0.3694486304096132,
      "req": 2864068
    }
  ],
  "trace": "tencentBlock.ns21168.oracleGeneral.zst"
}