{
  "dram_cache_size": 23,
  "flash_cache_size": 2325,
  "results": [
    {
      "hit": 792516,
      "iteration": 0,
      "metrics": [
        {
          "admission_treshold": 0,
          "algorithm": "qtime-clock",
          "byte_inserted": 492974,
          "byte_miss": 492974,
          "byte_read": 792516,
          "byte_reinserted": 140625,
          "hit": 792516,
          "inserted": 492974,
          "layer": 0,
          "miss_ratio": 0.38349112011762054,
          "reinserted": 140625,
          "req": 1285490
        }
      ],
      "miss_ratio": 0.38349112011762054,
      "req": 1285490
    }
  ],
  "trace": "tencentBlock.ns18789.oracleGeneral.zst"
}