{
  "dram_cache_size": 36,
  "flash_cache_size": 3688,
  "results": [
    {
      "hit": 2900382,
      "iteration": 0,
      "metrics": [
        {
          "admission_treshold": 0,
          "algorithm": "qand-clock",
          "byte_inserted": 1096381,
          "byte_miss": 1096381,
          "byte_read": 2900382,
          "byte_reinserted": 551488,
          "hit": 2900382,
          "inserted": 1096381,
          "layer": 0,
          "miss_ratio": 0.27431724122746337,
          "reinserted": 551488,
          "req": 3996763
        }
      ],
      "miss_ratio": 0.27431724122746337,
      "req": 3996763
    }
  ],
  "trace": "tencentBlock.ns22158.oracleGeneral.zst"
}