{
  "dram_cache_size": 52,
  "flash_cache_size": 5270,
  "results": [
    {
      "hit": 2695448,
      "iteration": 0,
      "metrics": [
        {
          "admission_treshold": 0,
          "algorithm": "qand-clock",
          "byte_inserted": 1484113,
          "byte_miss": 1484113,
          "byte_read": 2695448,
          "byte_reinserted": 63549,
          "hit": 2695448,
          "inserted": 1484113,
          "layer": 0,
          "miss_ratio": 0.3550882496989516,
          "reinserted": 63549,
          "req": 4179561
        }
      ],
      "miss_ratio": 0.3550882496989516,
      "req": 4179561
    }
  ],
  "trace": "tencentBlock.ns23834.oracleGeneral.zst"
}