{
  "dram_cache_size": 24,
  "flash_cache_size": 2491,
  "results": [
    {
      "hit": 922481,
      "iteration": 0,
      "metrics": [
        {
          "admission_treshold": 0,
          "algorithm": "qor-clock",
          "byte_inserted": 805878,
          "byte_miss": 805878,
          "byte_read": 922481,
          "byte_reinserted": 109016,
          "hit": 922481,
          "inserted": 805878,
          "layer": 0,
          "miss_ratio": 0.4662677140570911,
          "reinserted": 109016,
          "req": 1728359
        }
      ],
      "miss_ratio": 0.4662677140570911,
      "req": 1728359
    }
  ],
  "trace": "tencentBlock.ns20405.oracleGeneral.zst"
}