{
  "dram_cache_size": 1128,
  "flash_cache_size": 112851,
  "results": [
    {
      "hit": 5989462,
      "iteration": 0,
      "metrics": [
        {
          "admission_treshold": 0,
          "algorithm": "qtime-clock",
          "byte_inserted": 2288299,
          "byte_miss": 2288299,
          "byte_read": 5989462,
          "byte_reinserted": 489849,
          "hit": 5989462,
          "inserted": 2288299,
          "layer": 0,
          "miss_ratio": 0.2764393656690499,
          "reinserted": 489849,
          "req": 8277761
        }
      ],
      "miss_ratio": 0.2764393656690499,
      "req": 8277761
    }
  ],
  "trace": "tencentBlock.ns11633.oracleGeneral.zst"
}