{
  "dram_cache_size": 32,
  "flash_cache_size": 3264,
  "results": [
    {
      "hit": 3881267,
      "iteration": 0,
      "metrics": [
        {
          "admission_treshold": 0,
          "algorithm": "qor-clock",
          "byte_inserted": 2981694,
          "byte_miss": 2981694,
          "byte_read": 3881267,
          "byte_reinserted": 101378,
          "hit": 3881267,
          "inserted": 2981694,
          "layer": 0,
          "miss_ratio": 0.4344617432621284,
          "reinserted": 101378,
          "req": 6862961
        }
      ],
      "miss_ratio": 0.4344617432621284,
      "req": 6862961
    }
  ],
  "trace": "tencentBlock.ns4980.oracleGeneral.zst"
}