{
  "dram_cache_size": 217,
  "flash_cache_size": 21739,
  "results": [
    {
      "hit": 942047,
      "iteration": 0,
      "metrics": [
        {
          "admission_treshold": 0,
          "algorithm": "qtime-clock",
          "byte_inserted": 578856,
          "byte_miss": 578856,
          "byte_read": 942047,
          "byte_reinserted": 58989,
          "hit": 942047,
          "inserted": 578856,
          "layer": 0,
          "miss_ratio": 0.38060020921781335,
          "reinserted": 58989,
          "req": 1520903
        }
      ],
      "miss_ratio": 0.38060020921781335,
      "req": 1520903
    }
  ],
  "trace": "tencentBlock.ns23337.oracleGeneral.zst"
}