{
  "dram_cache_size": 56,
  "flash_cache_size": 5691,
  "results": [
    {
      "hit": 469256,
      "iteration": 0,
      "metrics": [
        {
          "admission_treshold": 0,
          "algorithm": "qand-clock",
          "byte_inserted": 2752033,
          "byte_miss": 2752033,
          "byte_read": 469256,
          "byte_reinserted": 42605,
          "hit": 469256,
          "inserted": 2752033,
          "layer": 0,
          "miss_ratio": 0.8543266375665145,
          "reinserted": 42605,
          "req": 3221289
        }
      ],
      "miss_ratio": 0.8543266375665145,
      "req": 3221289
    }
  ],
  "trace": "tencentBlock.ns23354.oracleGeneral.zst"
}