{
  "dram_cache_size": 9,
  "flash_cache_size": 989,
  "results": [
    {
      "hit": 3833514,
      "iteration": 0,
      "metrics": [
        {
          "admission_treshold": 0,
          "algorithm": "qand-clock",
          "byte_inserted": 957438,
          "byte_miss": 957438,
          "byte_read": 3833514,
          "byte_reinserted": 49415,
          "hit": 3833514,
          "inserted": 957438,
          "layer": 0,
          "miss_ratio": 0.19984295396823015,
          "reinserted": 49415,
          "req": 4790952
        }
      ],
      "miss_ratio": 0.19984295396823015,
      "req": 4790952
    }
  ],
  "trace": "tencentBlock.ns6171.oracleGeneral.zst"
}