{
  "dram_cache_size": 9,
  "flash_cache_size": 956,
  "results": [
    {
      "hit": 1703938,
      "iteration": 0,
      "metrics": [
        {
          "admission_treshold": 0,
          "algorithm": "qand-clock",
          "byte_inserted": 513384,
          "byte_miss": 513384,
          "byte_read": 1703938,
          "byte_reinserted": 104160,
          "hit": 1703938,
          "inserted": 513384,
          "layer": 0,
          "miss_ratio": 0.23153335419934495,
          "reinserted": 104160,
          "req": 2217322
        }
      ],
      "miss_ratio": 0.23153335419934495,
      "req": 2217322
    }
  ],
  "trace": "tencentBlock.ns2845.oracleGeneral.zst"
}