{
  "dram_cache_size": 9,
  "flash_cache_size": 966,
  "results": [
    {
      "hit": 2858650,
      "iteration": 0,
      "metrics": [
        {
          "admission_treshold": 0,
          "algorithm": "qand-clock",
          "byte_inserted": 456325,
          "byte_miss": 456325,
          "byte_read": 2858650,
          "byte_reinserted": 269682,
          "hit": 2858650,
          "inserted": 456325,
          "layer": 0,
          "miss_ratio": 0.1376556384286458,
          "reinserted": 269682,
          "req": 3314975
        }
      ],
      "miss_ratio": 0.1376556384286458,
      "req": 3314975
    }
  ],
  "trace": "tencentBlock.ns11587.oracleGeneral.zst"
}