{
  "dram_cache_size": 22,
  "flash_cache_size": 2264,
  "results": [
    {
      "hit": 1719228,
      "iteration": 0,
      "metrics": [
        {
          "admission_treshold": 0,
          "algorithm": "qand-clock",
          "byte_inserted": 940792,
          "byte_miss": 940792,
          "byte_read": 1719228,
          "byte_reinserted": 155319,
          "hit": 1719228,
          "inserted": 940792,
          "layer": 0,
          "miss_ratio": 0.3536785437703476,
          "reinserted": 155319,
          "req": 2660020
        }
      ],
      "miss_ratio": 0.3536785437703476,
      "req": 2660020
    }
  ],
  "trace": "tencentBlock.ns7773.oracleGeneral.zst"
}