{
  "dram_cache_size": 197,
  "flash_cache_size": 19788,
  "results": [
    {
      "hit": 1193494,
      "iteration": 0,
      "metrics": [
        {
          "admission_treshold": 0,
          "algorithm": "offline-clock",
          "byte_inserted": 588241,
          "byte_miss": 588241,
          "byte_read": 1193494,
          "byte_reinserted": 121995,
          "hit": 1193494,
          "inserted": 588241,
          "layer": 0,
          "miss_ratio": 0.3301506677480097,
          "reinserted": 121995,
          "req": 1781735
        }
      ],
      "miss_ratio": 0.3301506677480097,
      "req": 1781735
    },
    {
      "hit": 1196338,
      "iteration": 1,
      "metrics": [
        {
          "admission_treshold": 0,
          "algorithm": "offline-clock",
          "byte_inserted": 1173638,
          "byte_miss": 1173638,
          "byte_read": 2389832,
          "byte_reinserted": 157753,
          "hit": 1196338,
          "inserted": 585397,
          "layer": 0,
          "miss_ratio": 0.3285544707826922,
          "reinserted": 35758,
          "req": 1781735
        }
      ],
      "miss_ratio": 0.3285544707826922,
      "req": 1781735
    }
  ],
  "trace": "tencentBlock.ns4176.oracleGeneral.zst"
}