{
  "dram_cache_size": 5003,
  "flash_cache_size": 500382,
  "results": [
    {
      "hit": 30101716,
      "iteration": 0,
      "metrics": [
        {
          "admission_treshold": 0,
          "algorithm": "lru",
          "byte_inserted": 7205621,
          "byte_miss": 7205621,
          "byte_read": 30101716,
          "byte_reinserted": 30101716,
          "hit": 30101716,
          "inserted": 7205621,
          "layer": 0,
          "miss_ratio": 0.19314219613155448,
          "reinserted": 30101716,
          "req": 37307337
        }
      ],
      "miss_ratio": 0.19314219613155448,
      "req": 37307337
    }
  ],
  "trace": "tencentBlock.ns5473.oracleGeneral.zst"
}