{
  "dram_cache_size": 82,
  "flash_cache_size": 8235,
  "results": [
    {
      "hit": 1163325,
      "iteration": 0,
      "metrics": [
        {
          "admission_treshold": 0,
          "algorithm": "q-clock",
          "byte_inserted": 437931,
          "byte_miss": 437931,
          "byte_read": 1163325,
          "byte_reinserted": 32803,
          "hit": 1163325,
          "inserted": 437931,
          "layer": 0,
          "miss_ratio": 0.2734921836358458,
          "reinserted": 32803,
          "req": 1601256
        }
      ],
      "miss_ratio": 0.2734921836358458,
      "req": 1601256
    }
  ],
  "trace": "tencentBlock.ns12365.oracleGeneral.zst"
}