{
  "dram_cache_size": 21,
  "flash_cache_size": 2123,
  "results": [
    {
      "hit": 1007409,
      "iteration": 0,
      "metrics": [
        {
          "admission_treshold": 0,
          "algorithm": "qand-clock",
          "byte_inserted": 771473,
          "byte_miss": 771473,
          "byte_read": 1007409,
          "byte_reinserted": 202637,
          "hit": 1007409,
          "inserted": 771473,
          "layer": 0,
          "miss_ratio": 0.43368419040723327,
          "reinserted": 202637,
          "req": 1778882
        }
      ],
      "miss_ratio": 0.43368419040723327,
      "req": 1778882
    }
  ],
  "trace": "tencentBlock.ns13122.oracleGeneral.zst"
}