{
  "dram_cache_size": 1484,
  "flash_cache_size": 148487,
  "results": [
    {
      "hit": 4388695,
      "iteration": 0,
      "metrics": [
        {
          "admission_treshold": 0,
          "algorithm": "fifo",
          "byte_inserted": 2577679,
          "byte_miss": 2577679,
          "byte_read": 4388695,
          "byte_reinserted": 0,
          "hit": 4388695,
          "inserted": 2577679,
          "layer": 0,
          "miss_ratio": 0.37001731460297715,
          "reinserted": 0,
          "req": 6966374
        }
      ],
      "miss_ratio": 0.37001731460297715,
      "req": 6966374
    }
  ],
  "trace": "tencentBlock.ns3036.oracleGeneral.zst"
}