{
  "dram_cache_size": 372,
  "flash_cache_size": 37266,
  "results": [
    {
      "hit": 1910247,
      "iteration": 0,
      "metrics": [
        {
          "admission_treshold": 0,
          "algorithm": "q-clock",
          "byte_inserted": 550323,
          "byte_miss": 550323,
          "byte_read": 1910247,
          "byte_reinserted": 47505,
          "hit": 1910247,
          "inserted": 550323,
          "layer": 0,
          "miss_ratio": 0.22365671368829176,
          "reinserted": 47505,
          "req": 2460570
        }
      ],
      "miss_ratio": 0.22365671368829176,
      "req": 2460570
    }
  ],
  "trace": "tencentBlock.ns25013.oracleGeneral.zst"
}