{
  "dram_cache_size": 30,
  "flash_cache_size": 3075,
  "results": [
    {
      "hit": 2173693,
      "iteration": 0,
      "metrics": [
        {
          "admission_treshold": 0,
          "algorithm": "qand-clock",
          "byte_inserted": 447096,
          "byte_miss": 447096,
          "byte_read": 2173693,
          "byte_reinserted": 150392,
          "hit": 2173693,
          "inserted": 447096,
          "layer": 0,
          "miss_ratio": 0.1705959541191603,
          "reinserted": 150392,
          "req": 2620789
        }
      ],
      "miss_ratio": 0.1705959541191603,
      "req": 2620789
    }
  ],
  "trace": "tencentBlock.ns13253.oracleGeneral.zst"
}