{
  "dram_cache_size": 22,
  "flash_cache_size": 2213,
  "results": [
    {
      "hit": 18736629,
      "iteration": 0,
      "metrics": [
        {
          "admission_treshold": 0,
          "algorithm": "qauto",
          "byte_inserted": 5506281,
          "byte_miss": 5506281,
          "byte_read": 18736629,
          "byte_reinserted": 1004814,
          "hit": 18736629,
          "inserted": 5506281,
          "layer": 0,
          "miss_ratio": 0.2271295401418394,
          "reinserted": 1004814,
          "req": 24242910
        }
      ],
      "miss_ratio": 0.2271295401418394,
      "req": 24242910
    }
  ],
  "trace": "tencentBlock.ns1566.oracleGeneral.zst"
}