{
  "dram_cache_size": 47,
  "flash_cache_size": 4774,
  "results": [
    {
      "hit": 2826325,
      "iteration": 0,
      "metrics": [
        {
          "admission_treshold": 0,
          "algorithm": "qand-clock",
          "byte_inserted": 1194380,
          "byte_miss": 1194380,
          "byte_read": 2826325,
          "byte_reinserted": 575675,
          "hit": 2826325,
          "inserted": 1194380,
          "layer": 0,
          "miss_ratio": 0.2970573568565712,
          "reinserted": 575675,
          "req": 4020705
        }
      ],
      "miss_ratio": 0.2970573568565712,
      "req": 4020705
    }
  ],
  "trace": "tencentBlock.ns13571.oracleGeneral.zst"
}