{
  "dram_cache_size": 12,
  "flash_cache_size": 1286,
  "results": [
    {
      "hit": 2564665,
      "iteration": 0,
      "metrics": [
        {
          "admission_treshold": 0,
          "algorithm": "qand-clock",
          "byte_inserted": 865680,
          "byte_miss": 865680,
          "byte_read": 2564665,
          "byte_reinserted": 270386,
          "hit": 2564665,
          "inserted": 865680,
          "layer": 0,
          "miss_ratio": 0.252359456556119,
          "reinserted": 270386,
          "req": 3430345
        }
      ],
      "miss_ratio": 0.252359456556119,
      "req": 3430345
    }
  ],
  "trace": "tencentBlock.ns5274.oracleGeneral.zst"
}