{
  "dram_cache_size": 177,
  "flash_cache_size": 17737,
  "results": [
    {
      "hit": 968779,
      "iteration": 0,
      "metrics": [
        {
          "admission_treshold": 0,
          "algorithm": "q-clock",
          "byte_inserted": 698079,
          "byte_miss": 698079,
          "byte_read": 968779,
          "byte_reinserted": 34776,
          "hit": 968779,
          "inserted": 698079,
          "layer": 0,
          "miss_ratio": 0.41879932183785307,
          "reinserted": 34776,
          "req": 1666858
        }
      ],
      "miss_ratio": 0.41879932183785307,
      "req": 1666858
    }
  ],
  "trace": "tencentBlock.ns14517.oracleGeneral.zst"
}