{
  "dram_cache_size": 1846,
  "flash_cache_size": 184661,
  "results": [
    {
      "hit": 35483382,
      "iteration": 0,
      "metrics": [
        {
          "admission_treshold": 0,
          "algorithm": "q-clock",
          "byte_inserted": 13189116,
          "byte_miss": 13189116,
          "byte_read": 35483382,
          "byte_reinserted": 11407810,
          "hit": 35483382,
          "inserted": 13189116,
          "layer": 0,
          "miss_ratio": 0.27097676392117787,
          "reinserted": 11407810,
          "req": 48672498
        }
      ],
      "miss_ratio": 0.27097676392117787,
      "req": 48672498
    }
  ],
  "trace": "tencentBlock.ns7015.oracleGeneral.zst"
}