{
  "dram_cache_size": 6,
  "flash_cache_size": 664,
  "results": [
    {
      "hit": 1794448,
      "iteration": 0,
      "metrics": [
        {
          "admission_treshold": 0,
          "algorithm": "q-clock",
          "byte_inserted": 327063,
          "byte_miss": 327063,
          "byte_read": 1794448,
          "byte_reinserted": 88580,
          "hit": 1794448,
          "inserted": 327063,
          "layer": 0,
          "miss_ratio": 0.15416512099159518,
          "reinserted": 88580,
          "req": 2121511
        }
      ],
      "miss_ratio": 0.15416512099159518,
      "req": 2121511
    }
  ],
  "trace": "tencentBlock.ns20584.oracleGeneral.zst"
}