{
  "dram_cache_size": 12,
  "flash_cache_size": 1221,
  "results": [
    {
      "hit": 2983272,
      "iteration": 0,
      "metrics": [
        {
          "admission_treshold": 0,
          "algorithm": "q-clock",
          "byte_inserted": 671583,
          "byte_miss": 671583,
          "byte_read": 2983272,
          "byte_reinserted": 555,
          "hit": 2983272,
          "inserted": 671583,
          "layer": 0,
          "miss_ratio": 0.18375092855940933,
          "reinserted": 555,
          "req": 3654855
        }
      ],
      "miss_ratio": 0.18375092855940933,
      "req": 3654855
    }
  ],
  "trace": "tencentBlock.ns3855.oracleGeneral.zst"
}