{
  "dram_cache_size": 77,
  "flash_cache_size": 7727,
  "results": [
    {
      "hit": 10342208,
      "iteration": 0,
      "metrics": [
        {
          "admission_treshold": 0,
          "algorithm": "q-clock",
          "byte_inserted": 233560,
          "byte_miss": 233560,
          "byte_read": 10342208,
          "byte_reinserted": 2612,
          "hit": 10342208,
          "inserted": 233560,
          "layer": 0,
          "miss_ratio": 0.02208444814598809,
          "reinserted": 2612,
          "req": 10575768
        }
      ],
      "miss_ratio": 0.02208444814598809,
      "req": 10575768
    }
  ],
  "trace": "tencentBlock.ns23638.oracleGeneral.zst"
}