{
  "dram_cache_size": 24,
  "flash_cache_size": 2452,
  "results": [
    {
      "hit": 1746923,
      "iteration": 0,
      "metrics": [
        {
          "admission_treshold": 0,
          "algorithm": "qtime-clock",
          "byte_inserted": 721539,
          "byte_miss": 721539,
          "byte_read": 1746923,
          "byte_reinserted": 312782,
          "hit": 1746923,
          "inserted": 721539,
          "layer": 0,
          "miss_ratio": 0.2923030615824752,
          "reinserted": 312782,
          "req": 2468462
        }
      ],
      "miss_ratio": 0.2923030615824752,
      "req": 2468462
    }
  ],
  "trace": "tencentBlock.ns5083.oracleGeneral.zst"
}