{
  "dram_cache_size": 96,
  "flash_cache_size": 9623,
  "results": [
    {
      "hit": 3231343,
      "iteration": 0,
      "metrics": [
        {
          "admission_treshold": 0,
          "algorithm": "q-clock",
          "byte_inserted": 492234,
          "byte_miss": 492234,
          "byte_read": 3231343,
          "byte_reinserted": 12789,
          "hit": 3231343,
          "inserted": 492234,
          "layer": 0,
          "miss_ratio": 0.1321938555319253,
          "reinserted": 12789,
          "req": 3723577
        }
      ],
      "miss_ratio": 0.1321938555319253,
      "req": 3723577
    }
  ],
  "trace": "tencentBlock.ns4532.oracleGeneral.zst"
}