{
  "dram_cache_size": 3,
  "flash_cache_size": 344,
  "results": [
    {
      "hit": 1640515,
      "iteration": 0,
      "metrics": [
        {
          "admission_treshold": 0,
          "algorithm": "q-clock",
          "byte_inserted": 233275,
          "byte_miss": 233275,
          "byte_read": 1640515,
          "byte_reinserted": 149655,
          "hit": 1640515,
          "inserted": 233275,
          "layer": 0,
          "miss_ratio": 0.124493673250471,
          "reinserted": 149655,
          "req": 1873790
        }
      ],
      "miss_ratio": 0.124493673250471,
      "req": 1873790
    }
  ],
  "trace": "tencentBlock.ns7765.oracleGeneral.zst"
}