{
  "dram_cache_size": 24,
  "flash_cache_size": 2496,
  "results": [
    {
      "hit": 1777483,
      "iteration": 0,
      "metrics": [
        {
          "admission_treshold": 0,
          "algorithm": "qor-clock",
          "byte_inserted": 737002,
          "byte_miss": 737002,
          "byte_read": 1777483,
          "byte_reinserted": 71389,
          "hit": 1777483,
          "inserted": 737002,
          "layer": 0,
          "miss_ratio": 0.2931025637456577,
          "reinserted": 71389,
          "req": 2514485
        }
      ],
      "miss_ratio": 0.2931025637456577,
      "req": 2514485
    }
  ],
  "trace": "tencentBlock.ns23325.oracleGeneral.zst"
}