{
  "dram_cache_size": 25,
  "flash_cache_size": 2587,
  "results": [
    {
      "hit": 947645,
      "iteration": 0,
      "metrics": [
        {
          "admission_treshold": 0,
          "algorithm": "q-clock",
          "byte_inserted": 725980,
          "byte_miss": 725980,
          "byte_read": 947645,
          "byte_reinserted": 114973,
          "hit": 947645,
          "inserted": 725980,
          "layer": 0,
          "miss_ratio": 0.4337769811038913,
          "reinserted": 114973,
          "req": 1673625
        }
      ],
      "miss_ratio": 0.4337769811038913,
      "req": 1673625
    }
  ],
  "trace": "tencentBlock.ns22960.oracleGeneral.zst"
}