{
  "dram_cache_size": 117,
  "flash_cache_size": 11765,
  "results": [
    {
      "hit": 7667745,
      "iteration": 0,
      "metrics": [
        {
          "admission_treshold": 0,
          "algorithm": "qor-clock",
          "byte_inserted": 10792997,
          "byte_miss": 10792997,
          "byte_read": 7667745,
          "byte_reinserted": 231538,
          "hit": 7667745,
          "inserted": 10792997,
          "layer": 0,
          "miss_ratio": 0.5846458934315858,
          "reinserted": 231538,
          "req": 18460742
        }
      ],
      "miss_ratio": 0.5846458934315858,
      "req": 18460742
    }
  ],
  "trace": "tencentBlock.ns9673.oracleGeneral.zst"
}