{
  "dram_cache_size": 20,
  "flash_cache_size": 2007,
  "results": [
    {
      "hit": 1239623,
      "iteration": 0,
      "metrics": [
        {
          "admission_treshold": 0,
          "algorithm": "offline-clock",
          "byte_inserted": 796911,
          "byte_miss": 796911,
          "byte_read": 1239623,
          "byte_reinserted": 217247,
          "hit": 1239623,
          "inserted": 796911,
          "layer": 0,
          "miss_ratio": 0.39130748615048905,
          "reinserted": 217247,
          "req": 2036534
        }
      ],
      "miss_ratio": 0.39130748615048905,
      "req": 2036534
    },
    {
      "hit": 1239806,
      "iteration": 1,
      "metrics": [
        {
          "admission_treshold": 0,
          "algorithm": "offline-clock",
          "byte_inserted": 1593639,
          "byte_miss": 1593639,
          "byte_read": 2479429,
          "byte_reinserted": 236545,
          "hit": 1239806,
          "inserted": 796728,
          "layer": 0,
          "miss_ratio": 0.3912176275966912,
          "reinserted": 19298,
          "req": 2036534
        }
      ],
      "miss_ratio": 0.3912176275966912,
      "req": 2036534
    }
  ],
  "trace": "tencentBlock.ns16839.oracleGeneral.zst"
}