{
  "dram_cache_size": 30,
  "flash_cache_size": 3071,
  "results": [
    {
      "hit": 1110364,
      "iteration": 0,
      "metrics": [
        {
          "admission_treshold": 0,
          "algorithm": "qor-clock",
          "byte_inserted": 991698,
          "byte_miss": 991698,
          "byte_read": 1110364,
          "byte_reinserted": 20115,
          "hit": 1110364,
          "inserted": 991698,
          "layer": 0,
          "miss_ratio": 0.47177390581248313,
          "reinserted": 20115,
          "req": 2102062
        }
      ],
      "miss_ratio": 0.47177390581248313,
      "req": 2102062
    }
  ],
  "trace": "tencentBlock.ns17495.oracleGeneral.zst"
}