{
  "dram_cache_size": 71,
  "flash_cache_size": 7125,
  "results": [
    {
      "hit": 4392260,
      "iteration": 0,
      "metrics": [
        {
          "admission_treshold": 0,
          "algorithm": "qtime-clock",
          "byte_inserted": 2330229,
          "byte_miss": 2330229,
          "byte_read": 4392260,
          "byte_reinserted": 82110,
          "hit": 4392260,
          "inserted": 2330229,
          "layer": 0,
          "miss_ratio": 0.3466318799480371,
          "reinserted": 82110,
          "req": 6722489
        }
      ],
      "miss_ratio": 0.3466318799480371,
      "req": 6722489
    }
  ],
  "trace": "tencentBlock.ns22752.oracleGeneral.zst"
}