{
  "dram_cache_size": 41,
  "flash_cache_size": 4135,
  "results": [
    {
      "hit": 2029418,
      "iteration": 0,
      "metrics": [
        {
          "admission_treshold": 0,
          "algorithm": "qand-clock",
          "byte_inserted": 1287390,
          "byte_miss": 1287390,
          "byte_read": 2029418,
          "byte_reinserted": 52111,
          "hit": 2029418,
          "inserted": 1287390,
          "layer": 0,
          "miss_ratio": 0.38814124905632164,
          "reinserted": 52111,
          "req": 3316808
        }
      ],
      "miss_ratio": 0.38814124905632164,
      "req": 3316808
    }
  ],
  "trace": "tencentBlock.ns2744.oracleGeneral.zst"
}