{
  "dram_cache_size": 108,
  "flash_cache_size": 10888,
  "results": [
    {
      "hit": 2783064,
      "iteration": 0,
      "metrics": [
        {
          "admission_treshold": 0,
          "algorithm": "qtime-clock",
          "byte_inserted": 3516786,
          "byte_miss": 3516786,
          "byte_read": 2783064,
          "byte_reinserted": 5938,
          "hit": 2783064,
          "inserted": 3516786,
          "layer": 0,
          "miss_ratio": 0.5582332912688397,
          "reinserted": 5938,
          "req": 6299850
        }
      ],
      "miss_ratio": 0.5582332912688397,
      "req": 6299850
    }
  ],
  "trace": "tencentBlock.ns10935.oracleGeneral.zst"
}