{
  "dram_cache_size": 104,
  "flash_cache_size": 10468,
  "results": [
    {
      "hit": 4594646,
      "iteration": 0,
      "metrics": [
        {
          "admission_treshold": 0,
          "algorithm": "qtime-clock",
          "byte_inserted": 270900,
          "byte_miss": 270900,
          "byte_read": 4594646,
          "byte_reinserted": 38177,
          "hit": 4594646,
          "inserted": 270900,
          "layer": 0,
          "miss_ratio": 0.05567720457272418,
          "reinserted": 38177,
          "req": 4865546
        }
      ],
      "miss_ratio": 0.05567720457272418,
      "req": 4865546
    }
  ],
  "trace": "tencentBlock.ns11853.oracleGeneral.zst"
}