{
  "dram_cache_size": 56,
  "flash_cache_size": 5635,
  "results": [
    {
      "hit": 1636343,
      "iteration": 0,
      "metrics": [
        {
          "admission_treshold": 0,
          "algorithm": "qand-clock",
          "byte_inserted": 1731969,
          "byte_miss": 1731969,
          "byte_read": 1636343,
          "byte_reinserted": 266582,
          "hit": 1636343,
          "inserted": 1731969,
          "layer": 0,
          "miss_ratio": 0.5141949439363099,
          "reinserted": 266582,
          "req": 3368312
        }
      ],
      "miss_ratio": 0.5141949439363099,
      "req": 3368312
    }
  ],
  "trace": "tencentBlock.ns12343.oracleGeneral.zst"
}