{
  "dram_cache_size": 425,
  "flash_cache_size": 42559,
  "results": [
    {
      "hit": 3244046,
      "iteration": 0,
      "metrics": [
        {
          "admission_treshold": 0,
          "algorithm": "q-clock",
          "byte_inserted": 1148795,
          "byte_miss": 1148795,
          "byte_read": 3244046,
          "byte_reinserted": 42570,
          "hit": 3244046,
          "inserted": 1148795,
          "layer": 0,
          "miss_ratio": 0.261515269958553,
          "reinserted": 42570,
          "req": 4392841
        }
      ],
      "miss_ratio": 0.261515269958553,
      "req": 4392841
    }
  ],
  "trace": "tencentBlock.ns13422.oracleGeneral.zst"
}