{
  "dram_cache_size": 267,
  "flash_cache_size": 26732,
  "results": [
    {
      "hit": 1234132,
      "iteration": 0,
      "metrics": [
        {
          "admission_treshold": 0,
          "algorithm": "lru",
          "byte_inserted": 632410,
          "byte_miss": 632410,
          "byte_read": 1234132,
          "byte_reinserted": 1234132,
          "hit": 1234132,
          "inserted": 632410,
          "layer": 0,
          "miss_ratio": 0.3388136993434918,
          "reinserted": 1234132,
          "req": 1866542
        }
      ],
      "miss_ratio": 0.3388136993434918,
      "req": 1866542
    }
  ],
  "trace": "tencentBlock.ns20647.oracleGeneral.zst"
}