{
  "dram_cache_size": 10,
  "flash_cache_size": 1004,
  "results": [
    {
      "hit": 2896773,
      "iteration": 0,
      "metrics": [
        {
          "admission_treshold": 0,
          "algorithm": "qtime-clock",
          "byte_inserted": 1141656,
          "byte_miss": 1141656,
          "byte_read": 2896773,
          "byte_reinserted": 307268,
          "hit": 2896773,
          "inserted": 1141656,
          "layer": 0,
          "miss_ratio": 0.28269804916713903,
          "reinserted": 307268,
          "req": 4038429
        }
      ],
      "miss_ratio": 0.28269804916713903,
      "req": 4038429
    }
  ],
  "trace": "tencentBlock.ns8581.oracleGeneral.zst"
}