{
  "dram_cache_size": 9,
  "flash_cache_size": 974,
  "results": [
    {
      "hit": 2332786,
      "iteration": 0,
      "metrics": [
        {
          "admission_treshold": 0,
          "algorithm": "qand-clock",
          "byte_inserted": 376316,
          "byte_miss": 376316,
          "byte_read": 2332786,
          "byte_reinserted": 151511,
          "hit": 2332786,
          "inserted": 376316,
          "layer": 0,
          "miss_ratio": 0.1389080219201787,
          "reinserted": 151511,
          "req": 2709102
        }
      ],
      "miss_ratio": 0.1389080219201787,
      "req": 2709102
    }
  ],
  "trace": "tencentBlock.ns13300.oracleGeneral.zst"
}