{
  "dram_cache_size": 43,
  "flash_cache_size": 4364,
  "results": [
    {
      "hit": 2856035,
      "iteration": 0,
      "metrics": [
        {
          "admission_treshold": 0,
          "algorithm": "q-clock",
          "byte_inserted": 1301785,
          "byte_miss": 1301785,
          "byte_read": 2856035,
          "byte_reinserted": 510127,
          "hit": 2856035,
          "inserted": 1301785,
          "layer": 0,
          "miss_ratio": 0.31309315939602966,
          "reinserted": 510127,
          "req": 4157820
        }
      ],
      "miss_ratio": 0.31309315939602966,
      "req": 4157820
    }
  ],
  "trace": "tencentBlock.ns20547.oracleGeneral.zst"
}