{
  "dram_cache_size": 50,
  "flash_cache_size": 5071,
  "results": [
    {
      "hit": 3054747,
      "iteration": 0,
      "metrics": [
        {
          "admission_treshold": 0,
          "algorithm": "qand-clock",
          "byte_inserted": 1860149,
          "byte_miss": 1860149,
          "byte_read": 3054747,
          "byte_reinserted": 242881,
          "hit": 3054747,
          "inserted": 1860149,
          "layer": 0,
          "miss_ratio": 0.3784716909574486,
          "reinserted": 242881,
          "req": 4914896
        }
      ],
      "miss_ratio": 0.3784716909574486,
      "req": 4914896
    }
  ],
  "trace": "tencentBlock.ns16105.oracleGeneral.zst"
}