{
  "dram_cache_size": 97,
  "flash_cache_size": 9734,
  "results": [
    {
      "hit": 7933033,
      "iteration": 0,
      "metrics": [
        {
          "admission_treshold": 0,
          "algorithm": "qor-clock",
          "byte_inserted": 7778826,
          "byte_miss": 7778826,
          "byte_read": 7933033,
          "byte_reinserted": 89911,
          "hit": 7933033,
          "inserted": 7778826,
          "layer": 0,
          "miss_ratio": 0.49509265580858386,
          "reinserted": 89911,
          "req": 15711859
        }
      ],
      "miss_ratio": 0.49509265580858386,
      "req": 15711859
    }
  ],
  "trace": "tencentBlock.ns3218.oracleGeneral.zst"
}