{
  "dram_cache_size": 407,
  "flash_cache_size": 40768,
  "results": [
    {
      "hit": 3975148,
      "iteration": 0,
      "metrics": [
        {
          "admission_treshold": 0,
          "algorithm": "lru",
          "byte_inserted": 581832,
          "byte_miss": 581832,
          "byte_read": 3975148,
          "byte_reinserted": 3975148,
          "hit": 3975148,
          "inserted": 581832,
          "layer": 0,
          "miss_ratio": 0.12767929637610875,
          "reinserted": 3975148,
          "req": 4556980
        }
      ],
      "miss_ratio": 0.12767929637610875,
      "req": 4556980
    }
  ],
  "trace": "tencentBlock.ns11605.oracleGeneral.zst"
}