{
  "dram_cache_size": 747,
  "flash_cache_size": 74745,
  "results": [
    {
      "hit": 3336842,
      "iteration": 0,
      "metrics": [
        {
          "admission_treshold": 0,
          "algorithm": "qtime-clock",
          "byte_inserted": 1262274,
          "byte_miss": 1262274,
          "byte_read": 3336842,
          "byte_reinserted": 117242,
          "hit": 3336842,
          "inserted": 1262274,
          "layer": 0,
          "miss_ratio": 0.2744601353825388,
          "reinserted": 117242,
          "req": 4599116
        }
      ],
      "miss_ratio": 0.2744601353825388,
      "req": 4599116
    }
  ],
  "trace": "tencentBlock.ns4041.oracleGeneral.zst"
}