{
  "dram_cache_size": 97,
  "flash_cache_size": 9789,
  "results": [
    {
      "hit": 3220580,
      "iteration": 0,
      "metrics": [
        {
          "admission_treshold": 0,
          "algorithm": "q-clock",
          "byte_inserted": 293782,
          "byte_miss": 293782,
          "byte_read": 3220580,
          "byte_reinserted": 1932,
          "hit": 3220580,
          "inserted": 293782,
          "layer": 0,
          "miss_ratio": 0.08359468944861115,
          "reinserted": 1932,
          "req": 3514362
        }
      ],
      "miss_ratio": 0.08359468944861115,
      "req": 3514362
    }
  ],
  "trace": "tencentBlock.ns3444.oracleGeneral.zst"
}