{
  "dram_cache_size": 6,
  "flash_cache_size": 685,
  "results": [
    {
      "hit": 1151211,
      "iteration": 0,
      "metrics": [
        {
          "admission_treshold": 0,
          "algorithm": "q-clock",
          "byte_inserted": 272440,
          "byte_miss": 272440,
          "byte_read": 1151211,
          "byte_reinserted": 30718,
          "hit": 1151211,
          "inserted": 272440,
          "layer": 0,
          "miss_ratio": 0.19136712579136317,
          "reinserted": 30718,
          "req": 1423651
        }
      ],
      "miss_ratio": 0.19136712579136317,
      "req": 1423651
    }
  ],
  "trace": "tencentBlock.ns19391.oracleGeneral.zst"
}