{
  "dram_cache_size": 19,
  "flash_cache_size": 1916,
  "results": [
    {
      "hit": 1546698,
      "iteration": 0,
      "metrics": [
        {
          "admission_treshold": 0,
          "algorithm": "qand-clock",
          "byte_inserted": 735240,
          "byte_miss": 735240,
          "byte_read": 1546698,
          "byte_reinserted": 65066,
          "hit": 1546698,
          "inserted": 735240,
          "layer": 0,
          "miss_ratio": 0.32219981436831324,
          "reinserted": 65066,
          "req": 2281938
        }
      ],
      "miss_ratio": 0.32219981436831324,
      "req": 2281938
    }
  ],
  "trace": "tencentBlock.ns22869.oracleGeneral.zst"
}