{
  "dram_cache_size": 80,
  "flash_cache_size": 8087,
  "results": [
    {
      "hit": 2608041,
      "iteration": 0,
      "metrics": [
        {
          "admission_treshold": 0,
          "algorithm": "qor-clock",
          "byte_inserted": 3105109,
          "byte_miss": 3105109,
          "byte_read": 2608041,
          "byte_reinserted": 72061,
          "hit": 2608041,
          "inserted": 3105109,
          "layer": 0,
          "miss_ratio": 0.5435020960415883,
          "reinserted": 72061,
          "req": 5713150
        }
      ],
      "miss_ratio": 0.5435020960415883,
      "req": 5713150
    }
  ],
  "trace": "tencentBlock.ns2647.oracleGeneral.zst"
}