{
  "dram_cache_size": 76,
  "flash_cache_size": 7693,
  "results": [
    {
      "hit": 1105732,
      "iteration": 0,
      "metrics": [
        {
          "admission_treshold": 0,
          "algorithm": "qand-clock",
          "byte_inserted": 2235968,
          "byte_miss": 2235968,
          "byte_read": 1105732,
          "byte_reinserted": 463347,
          "hit": 1105732,
          "inserted": 2235968,
          "layer": 0,
          "miss_ratio": 0.6691109315617799,
          "reinserted": 463347,
          "req": 3341700
        }
      ],
      "miss_ratio": 0.6691109315617799,
      "req": 3341700
    }
  ],
  "trace": "tencentBlock.ns6108.oracleGeneral.zst"
}