{
  "dram_cache_size": 32,
  "flash_cache_size": 3231,
  "results": [
    {
      "hit": 2006280,
      "iteration": 0,
      "metrics": [
        {
          "admission_treshold": 0,
          "algorithm": "qtime-clock",
          "byte_inserted": 1088669,
          "byte_miss": 1088669,
          "byte_read": 2006280,
          "byte_reinserted": 82351,
          "hit": 2006280,
          "inserted": 1088669,
          "layer": 0,
          "miss_ratio": 0.3517566848435951,
          "reinserted": 82351,
          "req": 3094949
        }
      ],
      "miss_ratio": 0.3517566848435951,
      "req": 3094949
    }
  ],
  "trace": "tencentBlock.ns23443.oracleGeneral.zst"
}