{
  "dram_cache_size": 34,
  "flash_cache_size": 3490,
  "results": [
    {
      "hit": 6677035,
      "iteration": 0,
      "metrics": [
        {
          "admission_treshold": 0,
          "algorithm": "qand-clock",
          "byte_inserted": 1574967,
          "byte_miss": 1574967,
          "byte_read": 6677035,
          "byte_reinserted": 460609,
          "hit": 6677035,
          "inserted": 1574967,
          "layer": 0,
          "miss_ratio": 0.1908587758461523,
          "reinserted": 460609,
          "req": 8252002
        }
      ],
      "miss_ratio": 0.1908587758461523,
      "req": 8252002
    }
  ],
  "trace": "tencentBlock.ns5501.oracleGeneral.zst"
}