{
  "dram_cache_size": 19,
  "flash_cache_size": 1931,
  "results": [
    {
      "hit": 1925478,
      "iteration": 0,
      "metrics": [
        {
          "admission_treshold": 0,
          "algorithm": "qand-clock",
          "byte_inserted": 813068,
          "byte_miss": 813068,
          "byte_read": 1925478,
          "byte_reinserted": 334535,
          "hit": 1925478,
          "inserted": 813068,
          "layer": 0,
          "miss_ratio": 0.29689769680699174,
          "reinserted": 334535,
          "req": 2738546
        }
      ],
      "miss_ratio": 0.29689769680699174,
      "req": 2738546
    }
  ],
  "trace": "tencentBlock.ns15133.oracleGeneral.zst"
}