{
  "dram_cache_size": 21,
  "flash_cache_size": 2105,
  "results": [
    {
      "hit": 3780705,
      "iteration": 0,
      "metrics": [
        {
          "admission_treshold": 0,
          "algorithm": "qand-clock",
          "byte_inserted": 854833,
          "byte_miss": 854833,
          "byte_read": 3780705,
          "byte_reinserted": 317001,
          "hit": 3780705,
          "inserted": 854833,
          "layer": 0,
          "miss_ratio": 0.18440858428946116,
          "reinserted": 317001,
          "req": 4635538
        }
      ],
      "miss_ratio": 0.18440858428946116,
      "req": 4635538
    }
  ],
  "trace": "tencentBlock.ns10957.oracleGeneral.zst"
}