{
  "dram_cache_size": 168,
  "flash_cache_size": 16828,
  "results": [
    {
      "hit": 733326,
      "iteration": 0,
      "metrics": [
        {
          "admission_treshold": 0,
          "algorithm": "q-clock",
          "byte_inserted": 427720,
          "byte_miss": 427720,
          "byte_read": 733326,
          "byte_reinserted": 126310,
          "hit": 733326,
          "inserted": 427720,
          "layer": 0,
          "miss_ratio": 0.36839195001748426,
          "reinserted": 126310,
          "req": 1161046
        }
      ],
      "miss_ratio": 0.36839195001748426,
      "req": 1161046
    }
  ],
  "trace": "tencentBlock.ns18369.oracleGeneral.zst"
}