{
  "dram_cache_size": 38,
  "flash_cache_size": 3835,
  "results": [
    {
      "hit": 1910493,
      "iteration": 0,
      "metrics": [
        {
          "admission_treshold": 0,
          "algorithm": "qor-clock",
          "byte_inserted": 1277673,
          "byte_miss": 1277673,
          "byte_read": 1910493,
          "byte_reinserted": 7106,
          "hit": 1910493,
          "inserted": 1277673,
          "layer": 0,
          "miss_ratio": 0.40075485404461375,
          "reinserted": 7106,
          "req": 3188166
        }
      ],
      "miss_ratio": 0.40075485404461375,
      "req": 3188166
    }
  ],
  "trace": "tencentBlock.ns20605.oracleGeneral.zst"
}