{
  "dram_cache_size": 11,
  "flash_cache_size": 1124,
  "results": [
    {
      "hit": 1747010,
      "iteration": 0,
      "metrics": [
        {
          "admission_treshold": 0,
          "algorithm": "qand-clock",
          "byte_inserted": 953137,
          "byte_miss": 953137,
          "byte_read": 1747010,
          "byte_reinserted": 163147,
          "hit": 1747010,
          "inserted": 953137,
          "layer": 0,
          "miss_ratio": 0.3529944851150697,
          "reinserted": 163147,
          "req": 2700147
        }
      ],
      "miss_ratio": 0.3529944851150697,
      "req": 2700147
    }
  ],
  "trace": "tencentBlock.ns11022.oracleGeneral.zst"
}