{
  "dram_cache_size": 146,
  "flash_cache_size": 14669,
  "results": [
    {
      "hit": 1276887,
      "iteration": 0,
      "metrics": [
        {
          "admission_treshold": 0,
          "algorithm": "q-clock",
          "byte_inserted": 476924,
          "byte_miss": 476924,
          "byte_read": 1276887,
          "byte_reinserted": 127779,
          "hit": 1276887,
          "inserted": 476924,
          "layer": 0,
          "miss_ratio": 0.2719358015202322,
          "reinserted": 127779,
          "req": 1753811
        }
      ],
      "miss_ratio": 0.2719358015202322,
      "req": 1753811
    }
  ],
  "trace": "tencentBlock.ns16223.oracleGeneral.zst"
}