{
  "dram_cache_size": 153,
  "flash_cache_size": 15393,
  "results": [
    {
      "hit": 1978160,
      "iteration": 0,
      "metrics": [
        {
          "admission_treshold": 0,
          "algorithm": "qtime-clock",
          "byte_inserted": 604792,
          "byte_miss": 604792,
          "byte_read": 1978160,
          "byte_reinserted": 29507,
          "hit": 1978160,
          "inserted": 604792,
          "layer": 0,
          "miss_ratio": 0.23414759546441433,
          "reinserted": 29507,
          "req": 2582952
        }
      ],
      "miss_ratio": 0.23414759546441433,
      "req": 2582952
    }
  ],
  "trace": "tencentBlock.ns13487.oracleGeneral.zst"
}