{
  "dram_cache_size": 9,
  "flash_cache_size": 984,
  "results": [
    {
      "hit": 1443315,
      "iteration": 0,
      "metrics": [
        {
          "admission_treshold": 0,
          "algorithm": "qtime-clock",
          "byte_inserted": 478257,
          "byte_miss": 478257,
          "byte_read": 1443315,
          "byte_reinserted": 113917,
          "hit": 1443315,
          "inserted": 478257,
          "layer": 0,
          "miss_ratio": 0.24888841011421903,
          "reinserted": 113917,
          "req": 1921572
        }
      ],
      "miss_ratio": 0.24888841011421903,
      "req": 1921572
    }
  ],
  "trace": "tencentBlock.ns6270.oracleGeneral.zst"
}