{
  "dram_cache_size": 61,
  "flash_cache_size": 6113,
  "results": [
    {
      "hit": 2912865,
      "iteration": 0,
      "metrics": [
        {
          "admission_treshold": 0,
          "algorithm": "qand-clock",
          "byte_inserted": 2467451,
          "byte_miss": 2467451,
          "byte_read": 2912865,
          "byte_reinserted": 339859,
          "hit": 2912865,
          "inserted": 2467451,
          "layer": 0,
          "miss_ratio": 0.45860707809727164,
          "reinserted": 339859,
          "req": 5380316
        }
      ],
      "miss_ratio": 0.45860707809727164,
      "req": 5380316
    }
  ],
  "trace": "tencentBlock.ns15581.oracleGeneral.zst"
}