{
  "dram_cache_size": 244,
  "flash_cache_size": 24422,
  "results": [
    {
      "hit": 8419234,
      "iteration": 0,
      "metrics": [
        {
          "admission_treshold": 0,
          "algorithm": "qtime-clock",
          "byte_inserted": 1751964,
          "byte_miss": 1751964,
          "byte_read": 8419234,
          "byte_reinserted": 822940,
          "hit": 8419234,
          "inserted": 1751964,
          "layer": 0,
          "miss_ratio": 0.17224755628589672,
          "reinserted": 822940,
          "req": 10171198
        }
      ],
      "miss_ratio": 0.17224755628589672,
      "req": 10171198
    }
  ],
  "trace": "tencentBlock.ns16206.oracleGeneral.zst"
}