{
  "dram_cache_size": 357,
  "flash_cache_size": 35734,
  "results": [
    {
      "hit": 3276782,
      "iteration": 0,
      "metrics": [
        {
          "admission_treshold": 0,
          "algorithm": "q-clock",
          "byte_inserted": 700129,
          "byte_miss": 700129,
          "byte_read": 3276782,
          "byte_reinserted": 25392,
          "hit": 3276782,
          "inserted": 700129,
          "layer": 0,
          "miss_ratio": 0.1760484456403475,
          "reinserted": 25392,
          "req": 3976911
        }
      ],
      "miss_ratio": 0.1760484456403475,
      "req": 3976911
    }
  ],
  "trace": "tencentBlock.ns4033.oracleGeneral.zst"
}