{
  "dram_cache_size": 25,
  "flash_cache_size": 2590,
  "results": [
    {
      "hit": 1516539,
      "iteration": 0,
      "metrics": [
        {
          "admission_treshold": 0,
          "algorithm": "qand-clock",
          "byte_inserted": 650007,
          "byte_miss": 650007,
          "byte_read": 1516539,
          "byte_reinserted": 122453,
          "hit": 1516539,
          "inserted": 650007,
          "layer": 0,
          "miss_ratio": 0.3000199395720192,
          "reinserted": 122453,
          "req": 2166546
        }
      ],
      "miss_ratio": 0.3000199395720192,
      "req": 2166546
    }
  ],
  "trace": "tencentBlock.ns13132.oracleGeneral.zst"
}