{
  "dram_cache_size": 40,
  "flash_cache_size": 4032,
  "results": [
    {
      "hit": 1281597,
      "iteration": 0,
      "metrics": [
        {
          "admission_treshold": 0,
          "algorithm": "offline-clock",
          "byte_inserted": 129331,
          "byte_miss": 129331,
          "byte_read": 1281597,
          "byte_reinserted": 49013,
          "hit": 1281597,
          "inserted": 129331,
          "layer": 0,
          "miss_ratio": 0.09166378440288947,
          "reinserted": 49013,
          "req": 1410928
        }
      ],
      "miss_ratio": 0.09166378440288947,
      "req": 1410928
    },
    {
      "hit": 1281724,
      "iteration": 1,
      "metrics": [
        {
          "admission_treshold": 0,
          "algorithm": "offline-clock",
          "byte_inserted": 258535,
          "byte_miss": 258535,
          "byte_read": 2563321,
          "byte_reinserted": 63695,
          "hit": 1281724,
          "inserted": 129204,
          "layer": 0,
          "miss_ratio": 0.09157377272263356,
          "reinserted": 14682,
          "req": 1410928
        }
      ],
      "miss_ratio": 0.09157377272263356,
      "req": 1410928
    }
  ],
  "trace": "tencentBlock.ns15126.oracleGeneral.zst"
}