{
  "dram_cache_size": 19,
  "flash_cache_size": 1921,
  "results": [
    {
      "hit": 1282175,
      "iteration": 0,
      "metrics": [
        {
          "admission_treshold": 0,
          "algorithm": "qor-clock",
          "byte_inserted": 1600995,
          "byte_miss": 1600995,
          "byte_read": 1282175,
          "byte_reinserted": 153518,
          "hit": 1282175,
          "inserted": 1600995,
          "layer": 0,
          "miss_ratio": 0.5552898372277736,
          "reinserted": 153518,
          "req": 2883170
        }
      ],
      "miss_ratio": 0.5552898372277736,
      "req": 2883170
    }
  ],
  "trace": "tencentBlock.ns9690.oracleGeneral.zst"
}