{
  "dram_cache_size": 17,
  "flash_cache_size": 1794,
  "results": [
    {
      "hit": 3906307,
      "iteration": 0,
      "metrics": [
        {
          "admission_treshold": 0,
          "algorithm": "qand-clock",
          "byte_inserted": 807017,
          "byte_miss": 807017,
          "byte_read": 3906307,
          "byte_reinserted": 346790,
          "hit": 3906307,
          "inserted": 807017,
          "layer": 0,
          "miss_ratio": 0.17122035319447593,
          "reinserted": 346790,
          "req": 4713324
        }
      ],
      "miss_ratio": 0.17122035319447593,
      "req": 4713324
    }
  ],
  "trace": "tencentBlock.ns14621.oracleGeneral.zst"
}