{
  "dram_cache_size": 38,
  "flash_cache_size": 3802,
  "results": [
    {
      "hit": 2381721,
      "iteration": 0,
      "metrics": [
        {
          "admission_treshold": 0,
          "algorithm": "qand-clock",
          "byte_inserted": 1477893,
          "byte_miss": 1477893,
          "byte_read": 2381721,
          "byte_reinserted": 508152,
          "hit": 2381721,
          "inserted": 1477893,
          "layer": 0,
          "miss_ratio": 0.3829121254094321,
          "reinserted": 508152,
          "req": 3859614
        }
      ],
      "miss_ratio": 0.3829121254094321,
      "req": 3859614
    }
  ],
  "trace": "tencentBlock.ns10198.oracleGeneral.zst"
}