{
  "dram_cache_size": 29,
  "flash_cache_size": 2942,
  "results": [
    {
      "hit": 1114199,
      "iteration": 0,
      "metrics": [
        {
          "admission_treshold": 0,
          "algorithm": "qand-clock",
          "byte_inserted": 1192918,
          "byte_miss": 1192918,
          "byte_read": 1114199,
          "byte_reinserted": 177965,
          "hit": 1114199,
          "inserted": 1192918,
          "layer": 0,
          "miss_ratio": 0.5170600364004079,
          "reinserted": 177965,
          "req": 2307117
        }
      ],
      "miss_ratio": 0.5170600364004079,
      "req": 2307117
    }
  ],
  "trace": "tencentBlock.ns2525.oracleGeneral.zst"
}