{
  "dram_cache_size": 30,
  "flash_cache_size": 3022,
  "results": [
    {
      "hit": 4904225,
      "iteration": 0,
      "metrics": [
        {
          "admission_treshold": 0,
          "algorithm": "qand-clock",
          "byte_inserted": 1421556,
          "byte_miss": 1421556,
          "byte_read": 4904225,
          "byte_reinserted": 73242,
          "hit": 4904225,
          "inserted": 1421556,
          "layer": 0,
          "miss_ratio": 0.22472418820695816,
          "reinserted": 73242,
          "req": 6325781
        }
      ],
      "miss_ratio": 0.22472418820695816,
      "req": 6325781
    }
  ],
  "trace": "tencentBlock.ns6631.oracleGeneral.zst"
}