{
  "dram_cache_size": 9,
  "flash_cache_size": 917,
  "results": [
    {
      "hit": 1549575,
      "iteration": 0,
      "metrics": [
        {
          "admission_treshold": 0,
          "algorithm": "qtime-clock",
          "byte_inserted": 440358,
          "byte_miss": 440358,
          "byte_read": 1549575,
          "byte_reinserted": 62334,
          "hit": 1549575,
          "inserted": 440358,
          "layer": 0,
          "miss_ratio": 0.22129287769990247,
          "reinserted": 62334,
          "req": 1989933
        }
      ],
      "miss_ratio": 0.22129287769990247,
      "req": 1989933
    }
  ],
  "trace": "tencentBlock.ns2697.oracleGeneral.zst"
}