{
  "dram_cache_size": 12,
  "flash_cache_size": 1278,
  "results": [
    {
      "hit": 747096,
      "iteration": 0,
      "metrics": [
        {
          "admission_treshold": 0,
          "algorithm": "qand-clock",
          "byte_inserted": 594692,
          "byte_miss": 594692,
          "byte_read": 747096,
          "byte_reinserted": 28240,
          "hit": 747096,
          "inserted": 594692,
          "layer": 0,
          "miss_ratio": 0.44320861417750046,
          "reinserted": 28240,
          "req": 1341788
        }
      ],
      "miss_ratio": 0.44320861417750046,
      "req": 1341788
    }
  ],
  "trace": "tencentBlock.ns16608.oracleGeneral.zst"
}