{
  "dram_cache_size": 11,
  "flash_cache_size": 1198,
  "results": [
    {
      "hit": 2725054,
      "iteration": 0,
      "metrics": [
        {
          "admission_treshold": 0,
          "algorithm": "qor-clock",
          "byte_inserted": 642182,
          "byte_miss": 642182,
          "byte_read": 2725054,
          "byte_reinserted": 31762,
          "hit": 2725054,
          "inserted": 642182,
          "layer": 0,
          "miss_ratio": 0.19071487712770951,
          "reinserted": 31762,
          "req": 3367236
        }
      ],
      "miss_ratio": 0.19071487712770951,
      "req": 3367236
    }
  ],
  "trace": "tencentBlock.ns3925.oracleGeneral.zst"
}