{
  "dram_cache_size": 5,
  "flash_cache_size": 575,
  "results": [
    {
      "hit": 1011681,
      "iteration": 0,
      "metrics": [
        {
          "admission_treshold": 0,
          "algorithm": "q-clock",
          "byte_inserted": 236088,
          "byte_miss": 236088,
          "byte_read": 1011681,
          "byte_reinserted": 31833,
          "hit": 1011681,
          "inserted": 236088,
          "layer": 0,
          "miss_ratio": 0.18920809861440702,
          "reinserted": 31833,
          "req": 1247769
        }
      ],
      "miss_ratio": 0.18920809861440702,
      "req": 1247769
    }
  ],
  "trace": "tencentBlock.ns15762.oracleGeneral.zst"
}