{
  "dram_cache_size": 43,
  "flash_cache_size": 4306,
  "results": [
    {
      "hit": 3583483,
      "iteration": 0,
      "metrics": [
        {
          "admission_treshold": 0,
          "algorithm": "q-clock",
          "byte_inserted": 1935720,
          "byte_miss": 1935720,
          "byte_read": 3583483,
          "byte_reinserted": 371181,
          "hit": 3583483,
          "inserted": 1935720,
          "layer": 0,
          "miss_ratio": 0.3507245520775373,
          "reinserted": 371181,
          "req": 5519203
        }
      ],
      "miss_ratio": 0.3507245520775373,
      "req": 5519203
    }
  ],
  "trace": "tencentBlock.ns13699.oracleGeneral.zst"
}