{
  "dram_cache_size": 14,
  "flash_cache_size": 1491,
  "results": [
    {
      "hit": 1775069,
      "iteration": 0,
      "metrics": [
        {
          "admission_treshold": 0,
          "algorithm": "qor-clock",
          "byte_inserted": 7317153,
          "byte_miss": 7317153,
          "byte_read": 1775069,
          "byte_reinserted": 103898,
          "hit": 1775069,
          "inserted": 7317153,
          "layer": 0,
          "miss_ratio": 0.8047706050292217,
          "reinserted": 103898,
          "req": 9092222
        }
      ],
      "miss_ratio": 0.8047706050292217,
      "req": 9092222
    }
  ],
  "trace": "tencentBlock.ns11301.oracleGeneral.zst"
}