{
  "dram_cache_size": 40,
  "flash_cache_size": 4061,
  "results": [
    {
      "hit": 3734720,
      "iteration": 0,
      "metrics": [
        {
          "admission_treshold": 0,
          "algorithm": "q-clock",
          "byte_inserted": 1084692,
          "byte_miss": 1084692,
          "byte_read": 3734720,
          "byte_reinserted": 663983,
          "hit": 3734720,
          "inserted": 1084692,
          "layer": 0,
          "miss_ratio": 0.2250672903665426,
          "reinserted": 663983,
          "req": 4819412
        }
      ],
      "miss_ratio": 0.2250672903665426,
      "req": 4819412
    }
  ],
  "trace": "tencentBlock.ns23816.oracleGeneral.zst"
}