{
  "dram_cache_size": 14,
  "flash_cache_size": 1427,
  "results": [
    {
      "hit": 3607499,
      "iteration": 0,
      "metrics": [
        {
          "admission_treshold": 0,
          "algorithm": "qand-clock",
          "byte_inserted": 593232,
          "byte_miss": 593232,
          "byte_read": 3607499,
          "byte_reinserted": 196674,
          "hit": 3607499,
          "inserted": 593232,
          "layer": 0,
          "miss_ratio": 0.14122113508339385,
          "reinserted": 196674,
          "req": 4200731
        }
      ],
      "miss_ratio": 0.14122113508339385,
      "req": 4200731
    }
  ],
  "trace": "tencentBlock.ns4200.oracleGeneral.zst"
}