{
  "dram_cache_size": 40,
  "flash_cache_size": 4077,
  "results": [
    {
      "hit": 2434568,
      "iteration": 0,
      "metrics": [
        {
          "admission_treshold": 0,
          "algorithm": "qand-clock",
          "byte_inserted": 1132084,
          "byte_miss": 1132084,
          "byte_read": 2434568,
          "byte_reinserted": 482279,
          "hit": 2434568,
          "inserted": 1132084,
          "layer": 0,
          "miss_ratio": 0.3174080342012622,
          "reinserted": 482279,
          "req": 3566652
        }
      ],
      "miss_ratio": 0.3174080342012622,
      "req": 3566652
    }
  ],
  "trace": "tencentBlock.ns12390.oracleGeneral.zst"
}