{
  "dram_cache_size": 101,
  "flash_cache_size": 10148,
  "results": [
    {
      "hit": 10696185,
      "iteration": 0,
      "metrics": [
        {
          "admission_treshold": 0,
          "algorithm": "qand-clock",
          "byte_inserted": 2464204,
          "byte_miss": 2464204,
          "byte_read": 10696185,
          "byte_reinserted": 1238881,
          "hit": 10696185,
          "inserted": 2464204,
          "layer": 0,
          "miss_ratio": 0.18724400927662543,
          "reinserted": 1238881,
          "req": 13160389
        }
      ],
      "miss_ratio": 0.18724400927662543,
      "req": 13160389
    }
  ],
  "trace": "tencentBlock.ns9663.oracleGeneral.zst"
}