{
  "dram_cache_size": 52,
  "flash_cache_size": 5277,
  "results": [
    {
      "hit": 3971860,
      "iteration": 0,
      "metrics": [
        {
          "admission_treshold": 0,
          "algorithm": "qor-clock",
          "byte_inserted": 7212893,
          "byte_miss": 7212893,
          "byte_read": 3971860,
          "byte_reinserted": 367084,
          "hit": 3971860,
          "inserted": 7212893,
          "layer": 0,
          "miss_ratio": 0.6448862125073302,
          "reinserted": 367084,
          "req": 11184753
        }
      ],
      "miss_ratio": 0.6448862125073302,
      "req": 11184753
    }
  ],
  "trace": "tencentBlock.ns7327.oracleGeneral.zst"
}