{
  "dram_cache_size": 46,
  "flash_cache_size": 4661,
  "results": [
    {
      "hit": 2371937,
      "iteration": 0,
      "metrics": [
        {
          "admission_treshold": 0,
          "algorithm": "qand-clock",
          "byte_inserted": 1481978,
          "byte_miss": 1481978,
          "byte_read": 2371937,
          "byte_reinserted": 6848,
          "hit": 2371937,
          "inserted": 1481978,
          "layer": 0,
          "miss_ratio": 0.38453832012382216,
          "reinserted": 6848,
          "req": 3853915
        }
      ],
      "miss_ratio": 0.38453832012382216,
      "req": 3853915
    }
  ],
  "trace": "tencentBlock.ns17202.oracleGeneral.zst"
}