{
  "dram_cache_size": 107,
  "flash_cache_size": 10762,
  "results": [
    {
      "hit": 1780761,
      "iteration": 0,
      "metrics": [
        {
          "admission_treshold": 0,
          "algorithm": "lru",
          "byte_inserted": 509090,
          "byte_miss": 509090,
          "byte_read": 1780761,
          "byte_reinserted": 1780761,
          "hit": 1780761,
          "inserted": 509090,
          "layer": 0,
          "miss_ratio": 0.22232450932396908,
          "reinserted": 1780761,
          "req": 2289851
        }
      ],
      "miss_ratio": 0.22232450932396908,
      "req": 2289851
    }
  ],
  "trace": "tencentBlock.ns20856.oracleGeneral.zst"
}