{
  "dram_cache_size": 28,
  "flash_cache_size": 2827,
  "results": [
    {
      "hit": 1089855,
      "iteration": 0,
      "metrics": [
        {
          "admission_treshold": 0,
          "algorithm": "qand-clock",
          "byte_inserted": 933370,
          "byte_miss": 933370,
          "byte_read": 1089855,
          "byte_reinserted": 37364,
          "hit": 1089855,
          "inserted": 933370,
          "layer": 0,
          "miss_ratio": 0.46132783056753446,
          "reinserted": 37364,
          "req": 2023225
        }
      ],
      "miss_ratio": 0.46132783056753446,
      "req": 2023225
    }
  ],
  "trace": "tencentBlock.ns21647.oracleGeneral.zst"
}