{
  "dram_cache_size": 9,
  "flash_cache_size": 966,
  "results": [
    {
      "hit": 2871283,
      "iteration": 0,
      "metrics": [
        {
          "admission_treshold": 0,
          "algorithm": "qtime-clock",
          "byte_inserted": 443692,
          "byte_miss": 443692,
          "byte_read": 2871283,
          "byte_reinserted": 169580,
          "hit": 2871283,
          "inserted": 443692,
          "layer": 0,
          "miss_ratio": 0.13384474996040696,
          "reinserted": 169580,
          "req": 3314975
        }
      ],
      "miss_ratio": 0.13384474996040696,
      "req": 3314975
    }
  ],
  "trace": "tencentBlock.ns11587.oracleGeneral.zst"
}