{
  "dram_cache_size": 13,
  "flash_cache_size": 1334,
  "results": [
    {
      "hit": 1554905,
      "iteration": 0,
      "metrics": [
        {
          "admission_treshold": 0,
          "algorithm": "q-clock",
          "byte_inserted": 622870,
          "byte_miss": 622870,
          "byte_read": 1554905,
          "byte_reinserted": 67660,
          "hit": 1554905,
          "inserted": 622870,
          "layer": 0,
          "miss_ratio": 0.286012099505229,
          "reinserted": 67660,
          "req": 2177775
        }
      ],
      "miss_ratio": 0.286012099505229,
      "req": 2177775
    }
  ],
  "trace": "tencentBlock.ns22632.oracleGeneral.zst"
}