{
  "dram_cache_size": 19,
  "flash_cache_size": 1958,
  "results": [
    {
      "hit": 1177979,
      "iteration": 0,
      "metrics": [
        {
          "admission_treshold": 0,
          "algorithm": "qand-clock",
          "byte_inserted": 973122,
          "byte_miss": 973122,
          "byte_read": 1177979,
          "byte_reinserted": 186207,
          "hit": 1177979,
          "inserted": 973122,
          "layer": 0,
          "miss_ratio": 0.45238322142939824,
          "reinserted": 186207,
          "req": 2151101
        }
      ],
      "miss_ratio": 0.45238322142939824,
      "req": 2151101
    }
  ],
  "trace": "tencentBlock.ns17629.oracleGeneral.zst"
}