{
  "dram_cache_size": 7,
  "flash_cache_size": 708,
  "results": [
    {
      "hit": 1711151,
      "iteration": 0,
      "metrics": [
        {
          "admission_treshold": 0,
          "algorithm": "qor-clock",
          "byte_inserted": 491484,
          "byte_miss": 491484,
          "byte_read": 1711151,
          "byte_reinserted": 99280,
          "hit": 1711151,
          "inserted": 491484,
          "layer": 0,
          "miss_ratio": 0.2231345638292318,
          "reinserted": 99280,
          "req": 2202635
        }
      ],
      "miss_ratio": 0.2231345638292318,
      "req": 2202635
    }
  ],
  "trace": "tencentBlock.ns12411.oracleGeneral.zst"
}