{
  "dram_cache_size": 61,
  "flash_cache_size": 6167,
  "results": [
    {
      "hit": 2852247,
      "iteration": 0,
      "metrics": [
        {
          "admission_treshold": 0,
          "algorithm": "qor-clock",
          "byte_inserted": 1852914,
          "byte_miss": 1852914,
          "byte_read": 2852247,
          "byte_reinserted": 7542,
          "hit": 2852247,
          "inserted": 1852914,
          "layer": 0,
          "miss_ratio": 0.3938045903211389,
          "reinserted": 7542,
          "req": 4705161
        }
      ],
      "miss_ratio": 0.3938045903211389,
      "req": 4705161
    }
  ],
  "trace": "tencentBlock.ns18627.oracleGeneral.zst"
}