{
  "dram_cache_size": 42,
  "flash_cache_size": 4238,
  "results": [
    {
      "hit": 1581110,
      "iteration": 0,
      "metrics": [
        {
          "admission_treshold": 0,
          "algorithm": "qtime-clock",
          "byte_inserted": 3991287,
          "byte_miss": 3991287,
          "byte_read": 1581110,
          "byte_reinserted": 681064,
          "hit": 1581110,
          "inserted": 3991287,
          "layer": 0,
          "miss_ratio": 0.7162603454132934,
          "reinserted": 681064,
          "req": 5572397
        }
      ],
      "miss_ratio": 0.7162603454132934,
      "req": 5572397
    }
  ],
  "trace": "tencentBlock.ns2294.oracleGeneral.zst"
}