{
  "dram_cache_size": 51,
  "flash_cache_size": 5146,
  "results": [
    {
      "hit": 2403397,
      "iteration": 0,
      "metrics": [
        {
          "admission_treshold": 0,
          "algorithm": "qtime-clock",
          "byte_inserted": 167529,
          "byte_miss": 167529,
          "byte_read": 2403397,
          "byte_reinserted": 40869,
          "hit": 2403397,
          "inserted": 167529,
          "layer": 0,
          "miss_ratio": 0.06516290239392342,
          "reinserted": 40869,
          "req": 2570926
        }
      ],
      "miss_ratio": 0.06516290239392342,
      "req": 2570926
    }
  ],
  "trace": "tencentBlock.ns6774.oracleGeneral.zst"
}