{
  "dram_cache_size": 30,
  "flash_cache_size": 3081,
  "results": [
    {
      "hit": 2102744,
      "iteration": 0,
      "metrics": [
        {
          "admission_treshold": 0,
          "algorithm": "qor-clock",
          "byte_inserted": 1116989,
          "byte_miss": 1116989,
          "byte_read": 2102744,
          "byte_reinserted": 39886,
          "hit": 2102744,
          "inserted": 1116989,
          "layer": 0,
          "miss_ratio": 0.34691976011675507,
          "reinserted": 39886,
          "req": 3219733
        }
      ],
      "miss_ratio": 0.34691976011675507,
      "req": 3219733
    }
  ],
  "trace": "tencentBlock.ns19410.oracleGeneral.zst"
}