{
  "dram_cache_size": 9,
  "flash_cache_size": 967,
  "results": [
    {
      "hit": 2119606,
      "iteration": 0,
      "metrics": [
        {
          "admission_treshold": 0,
          "algorithm": "qor-clock",
          "byte_inserted": 559485,
          "byte_miss": 559485,
          "byte_read": 2119606,
          "byte_reinserted": 20985,
          "hit": 2119606,
          "inserted": 559485,
          "layer": 0,
          "miss_ratio": 0.20883389179389578,
          "reinserted": 20985,
          "req": 2679091
        }
      ],
      "miss_ratio": 0.20883389179389578,
      "req": 2679091
    }
  ],
  "trace": "tencentBlock.ns10539.oracleGeneral.zst"
}