{
  "dram_cache_size": 11,
  "flash_cache_size": 1137,
  "results": [
    {
      "hit": 4745410,
      "iteration": 0,
      "metrics": [
        {
          "admission_treshold": 0,
          "algorithm": "qor-clock",
          "byte_inserted": 2560729,
          "byte_miss": 2560729,
          "byte_read": 4745410,
          "byte_reinserted": 200208,
          "hit": 4745410,
          "inserted": 2560729,
          "layer": 0,
          "miss_ratio": 0.35049004679489404,
          "reinserted": 200208,
          "req": 7306139
        }
      ],
      "miss_ratio": 0.35049004679489404,
      "req": 7306139
    }
  ],
  "trace": "tencentBlock.ns1844.oracleGeneral.zst"
}