{
  "dram_cache_size": 11,
  "flash_cache_size": 1142,
  "results": [
    {
      "hit": 2633950,
      "iteration": 0,
      "metrics": [
        {
          "admission_treshold": 0,
          "algorithm": "qand-clock",
          "byte_inserted": 409718,
          "byte_miss": 409718,
          "byte_read": 2633950,
          "byte_reinserted": 181176,
          "hit": 2633950,
          "inserted": 409718,
          "layer": 0,
          "miss_ratio": 0.13461323639766232,
          "reinserted": 181176,
          "req": 3043668
        }
      ],
      "miss_ratio": 0.13461323639766232,
      "req": 3043668
    }
  ],
  "trace": "tencentBlock.ns7563.oracleGeneral.zst"
}