{
  "dram_cache_size": 17,
  "flash_cache_size": 1778,
  "results": [
    {
      "hit": 5029528,
      "iteration": 0,
      "metrics": [
        {
          "admission_treshold": 0,
          "algorithm": "qor-clock",
          "byte_inserted": 926881,
          "byte_miss": 926881,
          "byte_read": 5029528,
          "byte_reinserted": 92041,
          "hit": 5029528,
          "inserted": 926881,
          "layer": 0,
          "miss_ratio": 0.15561070436902502,
          "reinserted": 92041,
          "req": 5956409
        }
      ],
      "miss_ratio": 0.15561070436902502,
      "req": 5956409
    }
  ],
  "trace": "tencentBlock.ns7937.oracleGeneral.zst"
}