{
  "dram_cache_size": 36,
  "flash_cache_size": 3688,
  "results": [
    {
      "hit": 2752192,
      "iteration": 0,
      "metrics": [
        {
          "admission_treshold": 0,
          "algorithm": "qtime-clock",
          "byte_inserted": 1244571,
          "byte_miss": 1244571,
          "byte_read": 2752192,
          "byte_reinserted": 115575,
          "hit": 2752192,
          "inserted": 1244571,
          "layer": 0,
          "miss_ratio": 0.31139474619836105,
          "reinserted": 115575,
          "req": 3996763
        }
      ],
      "miss_ratio": 0.31139474619836105,
      "req": 3996763
    }
  ],
  "trace": "tencentBlock.ns22158.oracleGeneral.zst"
}