{
  "dram_cache_size": 10,
  "flash_cache_size": 1072,
  "results": [
    {
      "hit": 1590556,
      "iteration": 0,
      "metrics": [
        {
          "admission_treshold": 0,
          "algorithm": "qand-clock",
          "byte_inserted": 2967750,
          "byte_miss": 2967750,
          "byte_read": 1590556,
          "byte_reinserted": 212849,
          "hit": 1590556,
          "inserted": 2967750,
          "layer": 0,
          "miss_ratio": 0.6510642330725493,
          "reinserted": 212849,
          "req": 4558306
        }
      ],
      "miss_ratio": 0.6510642330725493,
      "req": 4558306
    }
  ],
  "trace": "tencentBlock.ns3521.oracleGeneral.zst"
}