{
  "dram_cache_size": 402,
  "flash_cache_size": 40228,
  "results": [
    {
      "hit": 9221299,
      "iteration": 0,
      "metrics": [
        {
          "admission_treshold": 0,
          "algorithm": "lru",
          "byte_inserted": 1655455,
          "byte_miss": 1655455,
          "byte_read": 9221299,
          "byte_reinserted": 9221299,
          "hit": 9221299,
          "inserted": 1655455,
          "layer": 0,
          "miss_ratio": 0.15220119899742146,
          "reinserted": 9221299,
          "req": 10876754
        }
      ],
      "miss_ratio": 0.15220119899742146,
      "req": 10876754
    }
  ],
  "trace": "tencentBlock.ns6132.oracleGeneral.zst"
}