{
  "dram_cache_size": 45,
  "flash_cache_size": 4568,
  "results": [
    {
      "hit": 1937405,
      "iteration": 0,
      "metrics": [
        {
          "admission_treshold": 0,
          "algorithm": "qor-clock",
          "byte_inserted": 2128169,
          "byte_miss": 2128169,
          "byte_read": 1937405,
          "byte_reinserted": 234261,
          "hit": 1937405,
          "inserted": 2128169,
          "layer": 0,
          "miss_ratio": 0.523460893836885,
          "reinserted": 234261,
          "req": 4065574
        }
      ],
      "miss_ratio": 0.523460893836885,
      "req": 4065574
    }
  ],
  "trace": "tencentBlock.ns5116.oracleGeneral.zst"
}