{
  "dram_cache_size": 49,
  "flash_cache_size": 4992,
  "results": [
    {
      "hit": 2979967,
      "iteration": 0,
      "metrics": [
        {
          "admission_treshold": 0,
          "algorithm": "qauto",
          "byte_inserted": 1384680,
          "byte_miss": 1384680,
          "byte_read": 2979967,
          "byte_reinserted": 380168,
          "hit": 2979967,
          "inserted": 1384680,
          "layer": 0,
          "miss_ratio": 0.31724902380421605,
          "reinserted": 380168,
          "req": 4364647
        }
      ],
      "miss_ratio": 0.31724902380421605,
      "req": 4364647
    }
  ],
  "trace": "tencentBlock.ns13175.oracleGeneral.zst"
}