{
  "dram_cache_size": 25,
  "flash_cache_size": 2536,
  "results": [
    {
      "hit": 15655582,
      "iteration": 0,
      "metrics": [
        {
          "admission_treshold": 0,
          "algorithm": "q-clock",
          "byte_inserted": 865115,
          "byte_miss": 865115,
          "byte_read": 15655582,
          "byte_reinserted": 591565,
          "hit": 15655582,
          "inserted": 865115,
          "layer": 0,
          "miss_ratio": 0.05236552670870964,
          "reinserted": 591565,
          "req": 16520697
        }
      ],
      "miss_ratio": 0.05236552670870964,
      "req": 16520697
    }
  ],
  "trace": "tencentBlock.ns10971.oracleGeneral.zst"
}