{
  "dram_cache_size": 87,
  "flash_cache_size": 8703,
  "results": [
    {
      "hit": 5978210,
      "iteration": 0,
      "metrics": [
        {
          "admission_treshold": 0,
          "algorithm": "q-clock",
          "byte_inserted": 445133,
          "byte_miss": 445133,
          "byte_read": 5978210,
          "byte_reinserted": 13392,
          "hit": 5978210,
          "inserted": 445133,
          "layer": 0,
          "miss_ratio": 0.06929927297981753,
          "reinserted": 13392,
          "req": 6423343
        }
      ],
      "miss_ratio": 0.06929927297981753,
      "req": 6423343
    }
  ],
  "trace": "tencentBlock.ns14105.oracleGeneral.zst"
}