{
  "dram_cache_size": 15,
  "flash_cache_size": 1521,
  "results": [
    {
      "hit": 716450,
      "iteration": 0,
      "metrics": [
        {
          "admission_treshold": 0,
          "algorithm": "qand-clock",
          "byte_inserted": 640486,
          "byte_miss": 640486,
          "byte_read": 716450,
          "byte_reinserted": 134533,
          "hit": 716450,
          "inserted": 640486,
          "layer": 0,
          "miss_ratio": 0.47200899673971364,
          "reinserted": 134533,
          "req": 1356936
        }
      ],
      "miss_ratio": 0.47200899673971364,
      "req": 1356936
    }
  ],
  "trace": "tencentBlock.ns17531.oracleGeneral.zst"
}