{
  "dram_cache_size": 554,
  "flash_cache_size": 55481,
  "results": [
    {
      "hit": 6051240,
      "iteration": 0,
      "metrics": [
        {
          "admission_treshold": 0,
          "algorithm": "q-clock",
          "byte_inserted": 1224083,
          "byte_miss": 1224083,
          "byte_read": 6051240,
          "byte_reinserted": 343401,
          "hit": 6051240,
          "inserted": 1224083,
          "layer": 0,
          "miss_ratio": 0.16825136148594366,
          "reinserted": 343401,
          "req": 7275323
        }
      ],
      "miss_ratio": 0.16825136148594366,
      "req": 7275323
    }
  ],
  "trace": "tencentBlock.ns1994.oracleGeneral.zst"
}