{
  "dram_cache_size": 284,
  "flash_cache_size": 28400,
  "results": [
    {
      "hit": 2712827,
      "iteration": 0,
      "metrics": [
        {
          "admission_treshold": 0,
          "algorithm": "qtime-clock",
          "byte_inserted": 483820,
          "byte_miss": 483820,
          "byte_read": 2712827,
          "byte_reinserted": 156737,
          "hit": 2712827,
          "inserted": 483820,
          "layer": 0,
          "miss_ratio": 0.15135233887257493,
          "reinserted": 156737,
          "req": 3196647
        }
      ],
      "miss_ratio": 0.15135233887257493,
      "req": 3196647
    }
  ],
  "trace": "tencentBlock.ns14050.oracleGeneral.zst"
}