{
  "dram_cache_size": 10,
  "flash_cache_size": 1081,
  "results": [
    {
      "hit": 2547736,
      "iteration": 0,
      "metrics": [
        {
          "admission_treshold": 0,
          "algorithm": "qor-clock",
          "byte_inserted": 441519,
          "byte_miss": 441519,
          "byte_read": 2547736,
          "byte_reinserted": 6396,
          "hit": 2547736,
          "inserted": 441519,
          "layer": 0,
          "miss_ratio": 0.14770201939948246,
          "reinserted": 6396,
          "req": 2989255
        }
      ],
      "miss_ratio": 0.14770201939948246,
      "req": 2989255
    }
  ],
  "trace": "tencentBlock.ns9804.oracleGeneral.zst"
}