{
  "dram_cache_size": 29,
  "flash_cache_size": 2943,
  "results": [
    {
      "hit": 1361847,
      "iteration": 0,
      "metrics": [
        {
          "admission_treshold": 0,
          "algorithm": "qor-clock",
          "byte_inserted": 879958,
          "byte_miss": 879958,
          "byte_read": 1361847,
          "byte_reinserted": 89027,
          "hit": 1361847,
          "inserted": 879958,
          "layer": 0,
          "miss_ratio": 0.39252209714939523,
          "reinserted": 89027,
          "req": 2241805
        }
      ],
      "miss_ratio": 0.39252209714939523,
      "req": 2241805
    }
  ],
  "trace": "tencentBlock.ns23173.oracleGeneral.zst"
}