{
  "dram_cache_size": 131,
  "flash_cache_size": 13179,
  "results": [
    {
      "hit": 3325375,
      "iteration": 0,
      "metrics": [
        {
          "admission_treshold": 0,
          "algorithm": "qor-clock",
          "byte_inserted": 4796898,
          "byte_miss": 4796898,
          "byte_read": 3325375,
          "byte_reinserted": 240,
          "hit": 3325375,
          "inserted": 4796898,
          "layer": 0,
          "miss_ratio": 0.5905856648748448,
          "reinserted": 240,
          "req": 8122273
        }
      ],
      "miss_ratio": 0.5905856648748448,
      "req": 8122273
    }
  ],
  "trace": "tencentBlock.ns18605.oracleGeneral.zst"
}