{
  "dram_cache_size": 56,
  "flash_cache_size": 5693,
  "results": [
    {
      "hit": 6843600,
      "iteration": 0,
      "metrics": [
        {
          "admission_treshold": 0,
          "algorithm": "qand-clock",
          "byte_inserted": 3472965,
          "byte_miss": 3472965,
          "byte_read": 6843600,
          "byte_reinserted": 975151,
          "hit": 6843600,
          "inserted": 3472965,
          "layer": 0,
          "miss_ratio": 0.33663966640058973,
          "reinserted": 975151,
          "req": 10316565
        }
      ],
      "miss_ratio": 0.33663966640058973,
      "req": 10316565
    }
  ],
  "trace": "tencentBlock.ns12603.oracleGeneral.zst"
}