{
  "dram_cache_size": 192,
  "flash_cache_size": 19293,
  "results": [
    {
      "hit": 20435786,
      "iteration": 0,
      "metrics": [
        {
          "admission_treshold": 0,
          "algorithm": "qtime-clock",
          "byte_inserted": 28683885,
          "byte_miss": 28683885,
          "byte_read": 20435786,
          "byte_reinserted": 9810104,
          "hit": 20435786,
          "inserted": 28683885,
          "layer": 0,
          "miss_ratio": 0.5839592248083258,
          "reinserted": 9810104,
          "req": 49119671
        }
      ],
      "miss_ratio": 0.5839592248083258,
      "req": 49119671
    }
  ],
  "trace": "tencentBlock.ns2216.oracleGeneral.zst"
}