{
  "dram_cache_size": 44,
  "flash_cache_size": 4401,
  "results": [
    {
      "hit": 2723696,
      "iteration": 0,
      "metrics": [
        {
          "admission_treshold": 0,
          "algorithm": "qtime-clock",
          "byte_inserted": 1249216,
          "byte_miss": 1249216,
          "byte_read": 2723696,
          "byte_reinserted": 539169,
          "hit": 2723696,
          "inserted": 1249216,
          "layer": 0,
          "miss_ratio": 0.3144333425960605,
          "reinserted": 539169,
          "req": 3972912
        }
      ],
      "miss_ratio": 0.3144333425960605,
      "req": 3972912
    }
  ],
  "trace": "tencentBlock.ns18283.oracleGeneral.zst"
}