{
  "dram_cache_size": 586,
  "flash_cache_size": 58600,
  "results": [
    {
      "hit": 176719385,
      "iteration": 0,
      "metrics": [
        {
          "admission_treshold": 0,
          "algorithm": "qand-clock",
          "byte_inserted": 10663685,
          "byte_miss": 10663685,
          "byte_read": 176719385,
          "byte_reinserted": 13211701,
          "hit": 176719385,
          "inserted": 10663685,
          "layer": 0,
          "miss_ratio": 0.056908476310053024,
          "reinserted": 13211701,
          "req": 187383070
        }
      ],
      "miss_ratio": 0.056908476310053024,
      "req": 187383070
    }
  ],
  "trace": "tencentBlock.ns1458.oracleGeneral.zst"
}