{
  "dram_cache_size": 33,
  "flash_cache_size": 3354,
  "results": [
    {
      "hit": 1354701,
      "iteration": 0,
      "metrics": [
        {
          "admission_treshold": 0,
          "algorithm": "qor-clock",
          "byte_inserted": 2270650,
          "byte_miss": 2270650,
          "byte_read": 1354701,
          "byte_reinserted": 33042,
          "hit": 1354701,
          "inserted": 2270650,
          "layer": 0,
          "miss_ratio": 0.626325561304271,
          "reinserted": 33042,
          "req": 3625351
        }
      ],
      "miss_ratio": 0.626325561304271,
      "req": 3625351
    }
  ],
  "trace": "tencentBlock.ns14871.oracleGeneral.zst"
}