{
  "dram_cache_size": 623,
  "flash_cache_size": 62314,
  "results": [
    {
      "hit": 3447714,
      "iteration": 0,
      "metrics": [
        {
          "admission_treshold": 0,
          "algorithm": "qtime-clock",
          "byte_inserted": 1445107,
          "byte_miss": 1445107,
          "byte_read": 3447714,
          "byte_reinserted": 127521,
          "hit": 3447714,
          "inserted": 1445107,
          "layer": 0,
          "miss_ratio": 0.29535251749450875,
          "reinserted": 127521,
          "req": 4892821
        }
      ],
      "miss_ratio": 0.29535251749450875,
      "req": 4892821
    }
  ],
  "trace": "tencentBlock.ns8018.oracleGeneral.zst"
}