{
  "dram_cache_size": 21,
  "flash_cache_size": 2117,
  "results": [
    {
      "hit": 587996,
      "iteration": 0,
      "metrics": [
        {
          "admission_treshold": 0,
          "algorithm": "offline-clock",
          "byte_inserted": 1295460,
          "byte_miss": 1295460,
          "byte_read": 587996,
          "byte_reinserted": 147439,
          "hit": 587996,
          "inserted": 1295460,
          "layer": 0,
          "miss_ratio": 0.6878100682999762,
          "reinserted": 147439,
          "req": 1883456
        }
      ],
      "miss_ratio": 0.6878100682999762,
      "req": 1883456
    },
    {
      "hit": 588914,
      "iteration": 1,
      "metrics": [
        {
          "admission_treshold": 0,
          "algorithm": "offline-clock",
          "byte_inserted": 2590002,
          "byte_miss": 2590002,
          "byte_read": 1176910,
          "byte_reinserted": 202079,
          "hit": 588914,
          "inserted": 1294542,
          "layer": 0,
          "miss_ratio": 0.6873226664174794,
          "reinserted": 54640,
          "req": 1883456
        }
      ],
      "miss_ratio": 0.6873226664174794,
      "req": 1883456
    }
  ],
  "trace": "tencentBlock.ns8036.oracleGeneral.zst"
}