{
  "dram_cache_size": 15,
  "flash_cache_size": 1561,
  "results": [
    {
      "hit": 1035293,
      "iteration": 0,
      "metrics": [
        {
          "admission_treshold": 0,
          "algorithm": "qand-clock",
          "byte_inserted": 860783,
          "byte_miss": 860783,
          "byte_read": 1035293,
          "byte_reinserted": 110461,
          "hit": 1035293,
          "inserted": 860783,
          "layer": 0,
          "miss_ratio": 0.4539812750121831,
          "reinserted": 110461,
          "req": 1896076
        }
      ],
      "miss_ratio": 0.4539812750121831,
      "req": 1896076
    }
  ],
  "trace": "tencentBlock.ns18485.oracleGeneral.zst"
}