{
  "dram_cache_size": 96,
  "flash_cache_size": 9682,
  "results": [
    {
      "hit": 9573549,
      "iteration": 0,
      "metrics": [
        {
          "admission_treshold": 0,
          "algorithm": "q-clock",
          "byte_inserted": 6006971,
          "byte_miss": 6006971,
          "byte_read": 9573549,
          "byte_reinserted": 777535,
          "hit": 9573549,
          "inserted": 6006971,
          "layer": 0,
          "miss_ratio": 0.3855436789016028,
          "reinserted": 777535,
          "req": 15580520
        }
      ],
      "miss_ratio": 0.3855436789016028,
      "req": 15580520
    }
  ],
  "trace": "tencentBlock.ns6851.oracleGeneral.zst"
}