{
  "dram_cache_size": 26,
  "flash_cache_size": 2697,
  "results": [
    {
      "hit": 1122466,
      "iteration": 0,
      "metrics": [
        {
          "admission_treshold": 0,
          "algorithm": "qtime-clock",
          "byte_inserted": 980695,
          "byte_miss": 980695,
          "byte_read": 1122466,
          "byte_reinserted": 182318,
          "hit": 1122466,
          "inserted": 980695,
          "layer": 0,
          "miss_ratio": 0.46629573294674065,
          "reinserted": 182318,
          "req": 2103161
        }
      ],
      "miss_ratio": 0.46629573294674065,
      "req": 2103161
    }
  ],
  "trace": "tencentBlock.ns12662.oracleGeneral.zst"
}