{
  "dram_cache_size": 8,
  "flash_cache_size": 894,
  "results": [
    {
      "hit": 3139756,
      "iteration": 0,
      "metrics": [
        {
          "admission_treshold": 0,
          "algorithm": "qand-clock",
          "byte_inserted": 652165,
          "byte_miss": 652165,
          "byte_read": 3139756,
          "byte_reinserted": 843838,
          "hit": 3139756,
          "inserted": 652165,
          "layer": 0,
          "miss_ratio": 0.17198802401210367,
          "reinserted": 843838,
          "req": 3791921
        }
      ],
      "miss_ratio": 0.17198802401210367,
      "req": 3791921
    }
  ],
  "trace": "tencentBlock.ns4052.oracleGeneral.zst"
}