{
  "dram_cache_size": 24,
  "flash_cache_size": 2490,
  "results": [
    {
      "hit": 1979051,
      "iteration": 0,
      "metrics": [
        {
          "admission_treshold": 0,
          "algorithm": "q-clock",
          "byte_inserted": 7298674,
          "byte_miss": 7298674,
          "byte_read": 1979051,
          "byte_reinserted": 129571,
          "hit": 1979051,
          "inserted": 7298674,
          "layer": 0,
          "miss_ratio": 0.786687900320391,
          "reinserted": 129571,
          "req": 9277725
        }
      ],
      "miss_ratio": 0.786687900320391,
      "req": 9277725
    }
  ],
  "trace": "tencentBlock.ns6923.oracleGeneral.zst"
}