{
  "dram_cache_size": 95,
  "flash_cache_size": 9534,
  "results": [
    {
      "hit": 8610111,
      "iteration": 0,
      "metrics": [
        {
          "admission_treshold": 0,
          "algorithm": "qand-clock",
          "byte_inserted": 7147810,
          "byte_miss": 7147810,
          "byte_read": 8610111,
          "byte_reinserted": 652901,
          "hit": 8610111,
          "inserted": 7147810,
          "layer": 0,
          "miss_ratio": 0.4536010810055463,
          "reinserted": 652901,
          "req": 15757921
        }
      ],
      "miss_ratio": 0.4536010810055463,
      "req": 15757921
    }
  ],
  "trace": "tencentBlock.ns9327.oracleGeneral.zst"
}