{
  "dram_cache_size": 13,
  "flash_cache_size": 1356,
  "results": [
    {
      "hit": 3010769,
      "iteration": 0,
      "metrics": [
        {
          "admission_treshold": 0,
          "algorithm": "qor-clock",
          "byte_inserted": 830819,
          "byte_miss": 830819,
          "byte_read": 3010769,
          "byte_reinserted": 67334,
          "hit": 3010769,
          "inserted": 830819,
          "layer": 0,
          "miss_ratio": 0.2162696780602188,
          "reinserted": 67334,
          "req": 3841588
        }
      ],
      "miss_ratio": 0.2162696780602188,
      "req": 3841588
    }
  ],
  "trace": "tencentBlock.ns7677.oracleGeneral.zst"
}