{
  "dram_cache_size": 45,
  "flash_cache_size": 4564,
  "results": [
    {
      "hit": 1542140,
      "iteration": 0,
      "metrics": [
        {
          "admission_treshold": 0,
          "algorithm": "qtime-clock",
          "byte_inserted": 2090887,
          "byte_miss": 2090887,
          "byte_read": 1542140,
          "byte_reinserted": 126980,
          "hit": 1542140,
          "inserted": 2090887,
          "layer": 0,
          "miss_ratio": 0.5755220096079661,
          "reinserted": 126980,
          "req": 3633027
        }
      ],
      "miss_ratio": 0.5755220096079661,
      "req": 3633027
    }
  ],
  "trace": "tencentBlock.ns16632.oracleGeneral.zst"
}