{
  "dram_cache_size": 25,
  "flash_cache_size": 2563,
  "results": [
    {
      "hit": 5937417,
      "iteration": 0,
      "metrics": [
        {
          "admission_treshold": 0,
          "algorithm": "qtime-clock",
          "byte_inserted": 7800028,
          "byte_miss": 7800028,
          "byte_read": 5937417,
          "byte_reinserted": 1706258,
          "hit": 5937417,
          "inserted": 7800028,
          "layer": 0,
          "miss_ratio": 0.5677932104550737,
          "reinserted": 1706258,
          "req": 13737445
        }
      ],
      "miss_ratio": 0.5677932104550737,
      "req": 13737445
    }
  ],
  "trace": "timelines_ranked_tweet_cache.1.oracleGeneral.sample10.zst"
}