{
  "dram_cache_size": 2449,
  "flash_cache_size": 244984,
  "results": [
    {
      "hit": 1178223606,
      "iteration": 0,
      "metrics": [
        {
          "admission_treshold": 0,
          "algorithm": "qtime-clock",
          "byte_inserted": 137275014,
          "byte_miss": 137275014,
          "byte_read": 1178223606,
          "byte_reinserted": 122593652,
          "hit": 1178223606,
          "inserted": 137275014,
          "layer": 0,
          "miss_ratio": 0.1043520775415181,
          "reinserted": 122593652,
          "req": 1315498620
        }
      ],
      "miss_ratio": 0.1043520775415181,
      "req": 1315498620
    }
  ],
  "trace": "tweetypie_cache.1.oracleGeneral.sample10.zst"
}