{
  "dram_cache_size": 0,
  "flash_cache_size": 21,
  "results": [
    {
      "hit": 1070393,
      "iteration": 0,
      "metrics": [
        {
          "admission_treshold": 0,
          "algorithm": "t4auto",
          "byte_inserted": 621717,
          "byte_miss": 621717,
          "byte_read": 1070393,
          "byte_reinserted": 447401,
          "hit": 1070393,
          "inserted": 621717,
          "layer": 0,
          "miss_ratio": 0.367421148743285,
          "reinserted": 447401,
          "req": 1692110
        }
      ],
      "miss_ratio": 0.367421148743285,
      "req": 1692110
    }
  ],
  "trace": "cf_colo28.ns652.oracleGeneral.zst"
}