{
  "dram_cache_size": 513,
  "flash_cache_size": 51383,
  "results": [
    {
      "hit": 5696771910,
      "iteration": 0,
      "metrics": [
        {
          "admission_treshold": 0,
          "algorithm": "sxfifo",
          "byte_inserted": 528467529,
          "byte_miss": 528467529,
          "byte_read": 5696771910,
          "byte_reinserted": 148289025,
          "hit": 5696771910,
          "inserted": 528467529,
          "layer": 0,
          "miss_ratio": 0.08489111690857165,
          "reinserted": 148289025,
          "req": 6225239439
        }
      ],
      "miss_ratio": 0.08489111690857165,
      "req": 6225239439
    }
  ],
  "trace": "cluster47.oracleGeneral.zst"
}