{
  "dram_cache_size": 51,
  "flash_cache_size": 5138,
  "results": [
    {
      "hit": 7104255,
      "iteration": 0,
      "metrics": [
        {
          "admission_treshold": 0,
          "algorithm": "gclock",
          "byte_inserted": 3495745,
          "byte_miss": 3495745,
          "byte_read": 7104255,
          "byte_reinserted": 976152,
          "hit": 7104255,
          "inserted": 3495745,
          "layer": 0,
          "miss_ratio": 0.3297872641509434,
          "reinserted": 976152,
          "req": 10600000
        }
      ],
      "miss_ratio": 0.3297872641509434,
      "req": 10600000
    }
  ],
  "trace": "io_traces.ns329.oracleGeneral.zst"
}