{
  "dram_cache_size": 14,
  "flash_cache_size": 1474,
  "results": [
    {
      "hit": 1960140,
      "iteration": 0,
      "metrics": [
        {
          "admission_treshold": 0,
          "algorithm": "gclock",
          "byte_inserted": 813892,
          "byte_miss": 813892,
          "byte_read": 1960140,
          "byte_reinserted": 539834,
          "hit": 1960140,
          "inserted": 813892,
          "layer": 0,
          "miss_ratio": 0.2933967596624697,
          "reinserted": 539834,
          "req": 2774032
        }
      ],
      "miss_ratio": 0.2933967596624697,
      "req": 2774032
    }
  ],
  "trace": "tencentBlock.ns12006.oracleGeneral.zst"
}