{
  "dram_cache_size": 82,
  "flash_cache_size": 8290,
  "results": [
    {
      "hit": 905126,
      "iteration": 0,
      "metrics": [
        {
          "admission_treshold": 0,
          "algorithm": "qtime-clock",
          "byte_inserted": 1780728,
          "byte_miss": 1780728,
          "byte_read": 905126,
          "byte_reinserted": 135386,
          "hit": 905126,
          "inserted": 1780728,
          "layer": 0,
          "miss_ratio": 0.6630025310385449,
          "reinserted": 135386,
          "req": 2685854
        }
      ],
      "miss_ratio": 0.6630025310385449,
      "req": 2685854
    }
  ],
  "trace": "tencentBlock.ns21040.oracleGeneral.zst"
}