{
  "dram_cache_size": 41,
  "flash_cache_size": 4199,
  "results": [
    {
      "hit": 2334198,
      "iteration": 0,
      "metrics": [
        {
          "admission_treshold": 0,
          "algorithm": "dclock",
          "byte_inserted": 1276949,
          "byte_miss": 1276949,
          "byte_read": 2334198,
          "byte_reinserted": 818133,
          "hit": 2334198,
          "inserted": 1276949,
          "layer": 0,
          "miss_ratio": 0.3536131317833364,
          "reinserted": 818133,
          "req": 3611147
        }
      ],
      "miss_ratio": 0.3536131317833364,
      "req": 3611147
    }
  ],
  "trace": "tencentBlock.ns14167.oracleGeneral.zst"
}