{
  "dram_cache_size": 9,
  "flash_cache_size": 977,
  "results": [
    {
      "hit": 1095086,
      "iteration": 0,
      "metrics": [
        {
          "admission_treshold": 0,
          "algorithm": "gclock",
          "byte_inserted": 417051,
          "byte_miss": 417051,
          "byte_read": 1095086,
          "byte_reinserted": 73978,
          "hit": 1095086,
          "inserted": 417051,
          "layer": 0,
          "miss_ratio": 0.2758023909209285,
          "reinserted": 73978,
          "req": 1512137
        }
      ],
      "miss_ratio": 0.2758023909209285,
      "req": 1512137
    }
  ],
  "trace": "tencentBlock.ns12507.oracleGeneral.zst"
}