{
  "dram_cache_size": 0,
  "flash_cache_size": 27,
  "results": [
    {
      "hit": 893048,
      "iteration": 0,
      "metrics": [
        {
          "admission_treshold": 0,
          "algorithm": "gclock",
          "byte_inserted": 423796,
          "byte_miss": 423796,
          "byte_read": 893048,
          "byte_reinserted": 440663,
          "hit": 893048,
          "inserted": 423796,
          "layer": 0,
          "miss_ratio": 0.32182703494111675,
          "reinserted": 440663,
          "req": 1316844
        }
      ],
      "miss_ratio": 0.32182703494111675,
      "req": 1316844
    }
  ],
  "trace": "cf_colo28.ns2090.oracleGeneral.zst"
}