{
  "dram_cache_size": 22,
  "flash_cache_size": 2297,
  "results": [
    {
      "hit": 1520224,
      "iteration": 0,
      "metrics": [
        {
          "admission_treshold": 0,
          "algorithm": "gclock",
          "byte_inserted": 645640,
          "byte_miss": 645640,
          "byte_read": 1520224,
          "byte_reinserted": 233685,
          "hit": 1520224,
          "inserted": 645640,
          "layer": 0,
          "miss_ratio": 0.29809812619813614,
          "reinserted": 233685,
          "req": 2165864
        }
      ],
      "miss_ratio": 0.29809812619813614,
      "req": 2165864
    }
  ],
  "trace": "tencentBlock.ns23214.oracleGeneral.zst"
}