{
  "dram_cache_size": 32,
  "flash_cache_size": 3206,
  "results": [
    {
      "hit": 2679320,
      "iteration": 0,
      "metrics": [
        {
          "admission_treshold": 0,
          "algorithm": "lru",
          "byte_inserted": 944517,
          "byte_miss": 944517,
          "byte_read": 2679320,
          "byte_reinserted": 2679320,
          "hit": 2679320,
          "inserted": 944517,
          "layer": 0,
          "miss_ratio": 0.26064003430617877,
          "reinserted": 2679320,
          "req": 3623837
        }
      ],
      "miss_ratio": 0.26064003430617877,
      "req": 3623837
    }
  ],
  "trace": "tencentBlock.ns15653.oracleGeneral.zst"
}