{
  "dram_cache_size": 16,
  "flash_cache_size": 1678,
  "results": [
    {
      "hit": 644080,
      "iteration": 0,
      "metrics": [
        {
          "admission_treshold": 0,
          "algorithm": "clock",
          "byte_inserted": 695892,
          "byte_miss": 695892,
          "byte_read": 644080,
          "byte_reinserted": 252882,
          "hit": 644080,
          "inserted": 695892,
          "layer": 0,
          "miss_ratio": 0.5193332397990406,
          "reinserted": 252882,
          "req": 1339972
        }
      ],
      "miss_ratio": 0.5193332397990406,
      "req": 1339972
    }
  ],
  "trace": "tencentBlock.ns2174.oracleGeneral.zst"
}