{
  "dram_cache_size": 5,
  "flash_cache_size": 563,
  "results": [
    {
      "hit": 1296910,
      "iteration": 0,
      "metrics": [
        {
          "admission_treshold": 0,
          "algorithm": "s3fclock",
          "byte_inserted": 2653772,
          "byte_miss": 2653772,
          "byte_read": 1296910,
          "byte_reinserted": 17803,
          "hit": 1296910,
          "inserted": 2653772,
          "layer": 0,
          "miss_ratio": 0.6717250338042899,
          "reinserted": 17803,
          "req": 3950682
        }
      ],
      "miss_ratio": 0.6717250338042899,
      "req": 3950682
    }
  ],
  "trace": "tencentBlock.ns12341.oracleGeneral.zst"
}