{
  "dram_cache_size": 33,
  "flash_cache_size": 3358,
  "results": [
    {
      "hit": 2049578,
      "iteration": 0,
      "metrics": [
        {
          "admission_treshold": 0,
          "algorithm": "gclock",
          "byte_inserted": 972124,
          "byte_miss": 972124,
          "byte_read": 2049578,
          "byte_reinserted": 506058,
          "hit": 2049578,
          "inserted": 972124,
          "layer": 0,
          "miss_ratio": 0.3217140538676547,
          "reinserted": 506058,
          "req": 3021702
        }
      ],
      "miss_ratio": 0.3217140538676547,
      "req": 3021702
    }
  ],
  "trace": "tencentBlock.ns8566.oracleGeneral.zst"
}