{
  "dram_cache_size": 22,
  "flash_cache_size": 2250,
  "results": [
    {
      "hit": 2353423,
      "iteration": 0,
      "metrics": [
        {
          "admission_treshold": 0,
          "algorithm": "q2auto",
          "byte_inserted": 591193,
          "byte_miss": 591193,
          "byte_read": 2353423,
          "byte_reinserted": 73774,
          "hit": 2353423,
          "inserted": 591193,
          "layer": 0,
          "miss_ratio": 0.20077083055991007,
          "reinserted": 73774,
          "req": 2944616
        }
      ],
      "miss_ratio": 0.20077083055991007,
      "req": 2944616
    }
  ],
  "trace": "tencentBlock.ns7440.oracleGeneral.zst"
}