{
  "dram_cache_size": 6,
  "flash_cache_size": 639,
  "results": [
    {
      "hit": 946344,
      "iteration": 0,
      "metrics": [
        {
          "admission_treshold": 0,
          "algorithm": "sxfifo",
          "byte_inserted": 231518,
          "byte_miss": 231518,
          "byte_read": 946344,
          "byte_reinserted": 58246,
          "hit": 946344,
          "inserted": 231518,
          "layer": 0,
          "miss_ratio": 0.19655783105321334,
          "reinserted": 58246,
          "req": 1177862
        }
      ],
      "miss_ratio": 0.19655783105321334,
      "req": 1177862
    }
  ],
  "trace": "cf_colo28.ns214.oracleGeneral.zst"
}