{
  "dram_cache_size": 229,
  "flash_cache_size": 22934,
  "results": [
    {
      "hit": 4626174,
      "iteration": 0,
      "metrics": [
        {
          "admission_treshold": 0,
          "algorithm": "gclock",
          "byte_inserted": 6762849,
          "byte_miss": 6762849,
          "byte_read": 4626174,
          "byte_reinserted": 1807812,
          "hit": 4626174,
          "inserted": 6762849,
          "layer": 0,
          "miss_ratio": 0.5938041393015011,
          "reinserted": 1807812,
          "req": 11389023
        }
      ],
      "miss_ratio": 0.5938041393015011,
      "req": 11389023
    }
  ],
  "trace": "cf_colo28.ns36.oracleGeneral.zst"
}