{
  "dram_cache_size": 3010,
  "flash_cache_size": 301099,
  "results": [
    {
      "hit": 330517494,
      "iteration": 0,
      "metrics": [
        {
          "admission_treshold": 0,
          "algorithm": "dclock",
          "byte_inserted": 47785595,
          "byte_miss": 47785595,
          "byte_read": 330517494,
          "byte_reinserted": 72297442,
          "hit": 330517494,
          "inserted": 47785595,
          "layer": 0,
          "miss_ratio": 0.1263156352392354,
          "reinserted": 72297442,
          "req": 378303089
        }
      ],
      "miss_ratio": 0.1263156352392354,
      "req": 378303089
    }
  ],
  "trace": "cluster40.oracleGeneral.sample10.zst"
}