{
  "dram_cache_size": 33,
  "flash_cache_size": 3301,
  "results": [
    {
      "hit": 1462835,
      "iteration": 0,
      "metrics": [
        {
          "admission_treshold": 0,
          "algorithm": "q-clock",
          "byte_inserted": 1080588,
          "byte_miss": 1080588,
          "byte_read": 1462835,
          "byte_reinserted": 68326,
          "hit": 1462835,
          "inserted": 1080588,
          "layer": 0,
          "miss_ratio": 0.42485579473017265,
          "reinserted": 68326,
          "req": 2543423
        }
      ],
      "miss_ratio": 0.42485579473017265,
      "req": 2543423
    }
  ],
  "trace": "tencentBlock.ns14307.oracleGeneral.zst"
}