{
  "dram_cache_size": 93,
  "flash_cache_size": 9383,
  "results": [
    {
      "hit": 2310018,
      "iteration": 0,
      "metrics": [
        {
          "admission_treshold": 0,
          "algorithm": "clock",
          "byte_inserted": 1053794,
          "byte_miss": 1053794,
          "byte_read": 2310018,
          "byte_reinserted": 1126236,
          "hit": 2310018,
          "inserted": 1053794,
          "layer": 0,
          "miss_ratio": 0.313273750138236,
          "reinserted": 1126236,
          "req": 3363812
        }
      ],
      "miss_ratio": 0.313273750138236,
      "req": 3363812
    }
  ],
  "trace": "tencentBlock.ns6678.oracleGeneral.zst"
}