{
  "dram_cache_size": 160,
  "flash_cache_size": 16089,
  "results": [
    {
      "hit": 3177304,
      "iteration": 0,
      "metrics": [
        {
          "admission_treshold": 0,
          "algorithm": "s3fclock-sequential",
          "byte_inserted": 2791434,
          "byte_miss": 2791434,
          "byte_read": 3177304,
          "byte_reinserted": 604795,
          "hit": 3177304,
          "inserted": 2791434,
          "layer": 0,
          "miss_ratio": 0.4676757465313438,
          "reinserted": 604795,
          "req": 5968738
        }
      ],
      "miss_ratio": 0.4676757465313438,
      "req": 5968738
    }
  ],
  "trace": "tencentBlock.ns21795.oracleGeneral.zst"
}