{
  "dram_cache_size": 21,
  "flash_cache_size": 2180,
  "results": [
    {
      "hit": 2422740,
      "iteration": 0,
      "metrics": [
        {
          "admission_treshold": 0,
          "algorithm": "dclock",
          "byte_inserted": 813207,
          "byte_miss": 813207,
          "byte_read": 2422740,
          "byte_reinserted": 1069865,
          "hit": 2422740,
          "inserted": 813207,
          "layer": 0,
          "miss_ratio": 0.25130417772602576,
          "reinserted": 1069865,
          "req": 3235947
        }
      ],
      "miss_ratio": 0.25130417772602576,
      "req": 3235947
    }
  ],
  "trace": "tencentBlock.ns18617.oracleGeneral.zst"
}