{
  "dram_cache_size": 12,
  "flash_cache_size": 1232,
  "results": [
    {
      "hit": 1447089,
      "iteration": 0,
      "metrics": [
        {
          "admission_treshold": 0,
          "algorithm": "g2clock",
          "byte_inserted": 2415261,
          "byte_miss": 2415261,
          "byte_read": 1447089,
          "byte_reinserted": 288408,
          "hit": 1447089,
          "inserted": 2415261,
          "layer": 0,
          "miss_ratio": 0.6253345761000427,
          "reinserted": 288408,
          "req": 3862350
        }
      ],
      "miss_ratio": 0.6253345761000427,
      "req": 3862350
    }
  ],
  "trace": "tencentBlock.ns7082.oracleGeneral.zst"
}