{
  "dram_cache_size": 8,
  "flash_cache_size": 877,
  "results": [
    {
      "hit": 1606265,
      "iteration": 0,
      "metrics": [
        {
          "admission_treshold": 0,
          "algorithm": "q2auto",
          "byte_inserted": 335675,
          "byte_miss": 335675,
          "byte_read": 1606265,
          "byte_reinserted": 54145,
          "hit": 1606265,
          "inserted": 335675,
          "layer": 0,
          "miss_ratio": 0.1728554950204435,
          "reinserted": 54145,
          "req": 1941940
        }
      ],
      "miss_ratio": 0.1728554950204435,
      "req": 1941940
    }
  ],
  "trace": "tencentBlock.ns21864.oracleGeneral.zst"
}