{
  "dram_cache_size": 91,
  "flash_cache_size": 9143,
  "results": [
    {
      "hit": 2614124,
      "iteration": 0,
      "metrics": [
        {
          "admission_treshold": 0,
          "algorithm": "q-clock",
          "byte_inserted": 3311341,
          "byte_miss": 3311341,
          "byte_read": 2614124,
          "byte_reinserted": 872986,
          "hit": 2614124,
          "inserted": 3311341,
          "layer": 0,
          "miss_ratio": 0.5588322604217559,
          "reinserted": 872986,
          "req": 5925465
        }
      ],
      "miss_ratio": 0.5588322604217559,
      "req": 5925465
    }
  ],
  "trace": "tencentBlock.ns19846.oracleGeneral.zst"
}