{
  "dram_cache_size": 360,
  "flash_cache_size": 36006,
  "results": [
    {
      "hit": 1322504,
      "iteration": 0,
      "metrics": [
        {
          "admission_treshold": 0,
          "algorithm": "time-auto",
          "byte_inserted": 12774504,
          "byte_miss": 12774504,
          "byte_read": 1322504,
          "byte_reinserted": 1903040,
          "hit": 1322504,
          "inserted": 12774504,
          "layer": 0,
          "miss_ratio": 0.9061854827634346,
          "reinserted": 1903040,
          "req": 14097008
        }
      ],
      "miss_ratio": 0.9061854827634346,
      "req": 14097008
    }
  ],
  "trace": "w48.oracleGeneral.bin.zst"
}