{
  "dram_cache_size": 172422160,
  "flash_cache_size": 17242216448,
  "results": [
    {
      "hit": 2988804,
      "iteration": 0,
      "metrics": [
        {
          "admission_treshold": 0,
          "algorithm": "qauto",
          "byte_inserted": 1724221741871,
          "byte_miss": 1724221741871,
          "byte_read": 2748010172737,
          "byte_reinserted": 1180642632808,
          "hit": 2988804,
          "inserted": 611933,
          "layer": 0,
          "miss_ratio": 0.16994659704388293,
          "reinserted": 447379,
          "req": 3600737
        }
      ],
      "miss_ratio": 0.16994659704388293,
      "req": 3600737
    }
  ],
  "trace": "cf_allcolo.ns479.oracleGeneral.zst"
}