{
  "dram_cache_size": 0,
  "flash_cache_size": 22,
  "results": [
    {
      "hit": 7538977,
      "iteration": 0,
      "metrics": [
        {
          "admission_treshold": 0,
          "algorithm": "s3fclock",
          "byte_inserted": 18039,
          "byte_miss": 18039,
          "byte_read": 7538977,
          "byte_reinserted": 43876,
          "hit": 7538977,
          "inserted": 18039,
          "layer": 0,
          "miss_ratio": 0.0023870533025204255,
          "reinserted": 43876,
          "req": 7557016
        }
      ],
      "miss_ratio": 0.0023870533025204255,
      "req": 7557016
    }
  ],
  "trace": "cf_allcolo.ns703.oracleGeneral.zst"
}