{
  "dram_cache_size": 38,
  "flash_cache_size": 3830,
  "results": [
    {
      "hit": 5446940,
      "iteration": 0,
      "metrics": [
        {
          "admission_treshold": 0,
          "algorithm": "q3auto",
          "byte_inserted": 3457970,
          "byte_miss": 3457970,
          "byte_read": 5446940,
          "byte_reinserted": 1191248,
          "hit": 5446940,
          "inserted": 3457970,
          "layer": 0,
          "miss_ratio": 0.38832172363336637,
          "reinserted": 1191248,
          "req": 8904910
        }
      ],
      "miss_ratio": 0.38832172363336637,
      "req": 8904910
    }
  ],
  "trace": "cf_allcolo.ns353.oracleGeneral.zst"
}