{
  "dram_cache_size": 10,
  "flash_cache_size": 1065,
  "results": [
    {
      "hit": 1874883,
      "iteration": 0,
      "metrics": [
        {
          "admission_treshold": 0,
          "algorithm": "sxfifo",
          "byte_inserted": 996594,
          "byte_miss": 996594,
          "byte_read": 1874883,
          "byte_reinserted": 89723,
          "hit": 1874883,
          "inserted": 996594,
          "layer": 0,
          "miss_ratio": 0.34706668380070604,
          "reinserted": 89723,
          "req": 2871477
        }
      ],
      "miss_ratio": 0.34706668380070604,
      "req": 2871477
    }
  ],
  "trace": "tencentBlock.ns12939.oracleGeneral.zst"
}