{
  "dram_cache_size": 6,
  "flash_cache_size": 677,
  "results": [
    {
      "hit": 1405609,
      "iteration": 0,
      "metrics": [
        {
          "admission_treshold": 0,
          "algorithm": "gclock",
          "byte_inserted": 250975,
          "byte_miss": 250975,
          "byte_read": 1405609,
          "byte_reinserted": 57319,
          "hit": 1405609,
          "inserted": 250975,
          "layer": 0,
          "miss_ratio": 0.1515015236172751,
          "reinserted": 57319,
          "req": 1656584
        }
      ],
      "miss_ratio": 0.1515015236172751,
      "req": 1656584
    }
  ],
  "trace": "tencentBlock.ns3005.oracleGeneral.zst"
}