{
  "dram_cache_size": 10,
  "flash_cache_size": 1063,
  "results": [
    {
      "hit": 4315454,
      "iteration": 0,
      "metrics": [
        {
          "admission_treshold": 0,
          "algorithm": "qtime-clock",
          "byte_inserted": 633895,
          "byte_miss": 633895,
          "byte_read": 4315454,
          "byte_reinserted": 541390,
          "hit": 4315454,
          "inserted": 633895,
          "layer": 0,
          "miss_ratio": 0.1280764399520018,
          "reinserted": 541390,
          "req": 4949349
        }
      ],
      "miss_ratio": 0.1280764399520018,
      "req": 4949349
    }
  ],
  "trace": "tencentBlock.ns21698.oracleGeneral.zst"
}