{
  "dram_cache_size": 22,
  "flash_cache_size": 2242,
  "results": [
    {
      "hit": 3925622,
      "iteration": 0,
      "metrics": [
        {
          "admission_treshold": 0,
          "algorithm": "g2clock",
          "byte_inserted": 1345728,
          "byte_miss": 1345728,
          "byte_read": 3925622,
          "byte_reinserted": 343266,
          "hit": 3925622,
          "inserted": 1345728,
          "layer": 0,
          "miss_ratio": 0.2552909596213494,
          "reinserted": 343266,
          "req": 5271350
        }
      ],
      "miss_ratio": 0.2552909596213494,
      "req": 5271350
    }
  ],
  "trace": "tencentBlock.ns11082.oracleGeneral.zst"
}