{
  "dram_cache_size": 34,
  "flash_cache_size": 3441,
  "results": [
    {
      "hit": 4907012,
      "iteration": 0,
      "metrics": [
        {
          "admission_treshold": 0,
          "algorithm": "d3clock",
          "byte_inserted": 1608053,
          "byte_miss": 1608053,
          "byte_read": 4907012,
          "byte_reinserted": 283379,
          "hit": 4907012,
          "inserted": 1608053,
          "layer": 0,
          "miss_ratio": 0.24682071475879364,
          "reinserted": 283379,
          "req": 6515065
        }
      ],
      "miss_ratio": 0.24682071475879364,
      "req": 6515065
    }
  ],
  "trace": "tencentBlock.ns12058.oracleGeneral.zst"
}