{
  "dram_cache_size": 55,
  "flash_cache_size": 5525,
  "results": [
    {
      "hit": 4282751,
      "iteration": 0,
      "metrics": [
        {
          "admission_treshold": 0,
          "algorithm": "s3fclock",
          "byte_inserted": 1652398,
          "byte_miss": 1652398,
          "byte_read": 4282751,
          "byte_reinserted": 117376,
          "hit": 4282751,
          "inserted": 1652398,
          "layer": 0,
          "miss_ratio": 0.27840884870792626,
          "reinserted": 117376,
          "req": 5935149
        }
      ],
      "miss_ratio": 0.27840884870792626,
      "req": 5935149
    }
  ],
  "trace": "tencentBlock.ns23257.oracleGeneral.zst"
}