{
  "dram_cache_size": 266,
  "flash_cache_size": 26609,
  "results": [
    {
      "hit": 61483700,
      "iteration": 0,
      "metrics": [
        {
          "admission_treshold": 0,
          "algorithm": "g2clock",
          "byte_inserted": 78171885,
          "byte_miss": 78171885,
          "byte_read": 61483700,
          "byte_reinserted": 22485986,
          "hit": 61483700,
          "inserted": 78171885,
          "layer": 0,
          "miss_ratio": 0.5597476463257807,
          "reinserted": 22485986,
          "req": 139655585
        }
      ],
      "miss_ratio": 0.5597476463257807,
      "req": 139655585
    }
  ],
  "trace": "cluster50.oracleGeneral.zst"
}