{
  "dram_cache_size": 1463,
  "flash_cache_size": 146326,
  "results": [
    {
      "hit": 9384630638,
      "iteration": 0,
      "metrics": [
        {
          "admission_treshold": 0,
          "algorithm": "dclock",
          "byte_inserted": 1407254684,
          "byte_miss": 1407254684,
          "byte_read": 9384630638,
          "byte_reinserted": 2123484833,
          "hit": 9384630638,
          "inserted": 1407254684,
          "layer": 0,
          "miss_ratio": 0.1303993363542526,
          "reinserted": 2123484833,
          "req": 10791885322
        }
      ],
      "miss_ratio": 0.1303993363542526,
      "req": 10791885322
    }
  ],
  "trace": "cluster16.oracleGeneral.zst"
}