{
  "dram_cache_size": 1655,
  "flash_cache_size": 165535,
  "results": [
    {
      "hit": 163308370,
      "iteration": 0,
      "metrics": [
        {
          "admission_treshold": 0,
          "algorithm": "dclock",
          "byte_inserted": 19249737,
          "byte_miss": 19249737,
          "byte_read": 163308370,
          "byte_reinserted": 5648097,
          "hit": 163308370,
          "inserted": 19249737,
          "layer": 0,
          "miss_ratio": 0.10544443802761383,
          "reinserted": 5648097,
          "req": 182558107
        }
      ],
      "miss_ratio": 0.10544443802761383,
      "req": 182558107
    }
  ],
  "trace": "cuad_ner_cfb_cache.1.oracleGeneral.sample10.zst"
}