{
  "dram_cache_size": 11,
  "flash_cache_size": 1193,
  "results": [
    {
      "hit": 52880959,
      "iteration": 0,
      "metrics": [
        {
          "admission_treshold": 0,
          "algorithm": "gclock",
          "byte_inserted": 3252019,
          "byte_miss": 3252019,
          "byte_read": 52880959,
          "byte_reinserted": 1058580,
          "hit": 52880959,
          "inserted": 3252019,
          "layer": 0,
          "miss_ratio": 0.05793419689936996,
          "reinserted": 1058580,
          "req": 56132978
        }
      ],
      "miss_ratio": 0.05793419689936996,
      "req": 56132978
    }
  ],
  "trace": "events_recos_prod_cache.0.oracleGeneral.sample10.zst"
}