{
  "dram_cache_size": 930,
  "flash_cache_size": 93082,
  "results": [
    {
      "hit": 88842572,
      "iteration": 0,
      "metrics": [
        {
          "admission_treshold": 0,
          "algorithm": "time3-auto",
          "byte_inserted": 15427602,
          "byte_miss": 15427602,
          "byte_read": 88842572,
          "byte_reinserted": 14972368,
          "hit": 88842572,
          "inserted": 15427602,
          "layer": 0,
          "miss_ratio": 0.14795795775693243,
          "reinserted": 14972368,
          "req": 104270174
        }
      ],
      "miss_ratio": 0.14795795775693243,
      "req": 104270174
    }
  ],
  "trace": "search_signal_ingester_cache.0.oracleGeneral.sample10.zst"
}