{
  "dram_cache_size": 31,
  "flash_cache_size": 3159,
  "results": [
    {
      "hit": 2116486,
      "iteration": 0,
      "metrics": [
        {
          "admission_treshold": 0,
          "algorithm": "sxfifo",
          "byte_inserted": 1441495,
          "byte_miss": 1441495,
          "byte_read": 2116486,
          "byte_reinserted": 127368,
          "hit": 2116486,
          "inserted": 1441495,
          "layer": 0,
          "miss_ratio": 0.40514409717196354,
          "reinserted": 127368,
          "req": 3557981
        }
      ],
      "miss_ratio": 0.40514409717196354,
      "req": 3557981
    }
  ],
  "trace": "tencentBlock.ns15766.oracleGeneral.zst"
}