{
  "dram_cache_size": 52,
  "flash_cache_size": 5285,
  "results": [
    {
      "hit": 2888602,
      "iteration": 0,
      "metrics": [
        {
          "admission_treshold": 0,
          "algorithm": "gclock",
          "byte_inserted": 1509709,
          "byte_miss": 1509709,
          "byte_read": 2888602,
          "byte_reinserted": 425015,
          "hit": 2888602,
          "inserted": 1509709,
          "layer": 0,
          "miss_ratio": 0.3432474420294518,
          "reinserted": 425015,
          "req": 4398311
        }
      ],
      "miss_ratio": 0.3432474420294518,
      "req": 4398311
    }
  ],
  "trace": "tencentBlock.ns13552.oracleGeneral.zst"
}