{
  "dram_cache_size": 28,
  "flash_cache_size": 2855,
  "results": [
    {
      "hit": 847615,
      "iteration": 0,
      "metrics": [
        {
          "admission_treshold": 0,
          "algorithm": "q2auto",
          "byte_inserted": 768615,
          "byte_miss": 768615,
          "byte_read": 847615,
          "byte_reinserted": 16088,
          "hit": 847615,
          "inserted": 768615,
          "layer": 0,
          "miss_ratio": 0.47556040910018993,
          "reinserted": 16088,
          "req": 1616230
        }
      ],
      "miss_ratio": 0.47556040910018993,
      "req": 1616230
    }
  ],
  "trace": "tencentBlock.ns19516.oracleGeneral.zst"
}