{
  "dram_cache_size": 38,
  "flash_cache_size": 3896,
  "results": [
    {
      "hit": 2152705,
      "iteration": 0,
      "metrics": [
        {
          "admission_treshold": 0,
          "algorithm": "time3-auto",
          "byte_inserted": 1227820,
          "byte_miss": 1227820,
          "byte_read": 2152705,
          "byte_reinserted": 294085,
          "hit": 2152705,
          "inserted": 1227820,
          "layer": 0,
          "miss_ratio": 0.36320394021638647,
          "reinserted": 294085,
          "req": 3380525
        }
      ],
      "miss_ratio": 0.36320394021638647,
      "req": 3380525
    }
  ],
  "trace": "tencentBlock.ns16382.oracleGeneral.zst"
}