{
  "dram_cache_size": 12,
  "flash_cache_size": 1234,
  "results": [
    {
      "hit": 2635232,
      "iteration": 0,
      "metrics": [
        {
          "admission_treshold": 0,
          "algorithm": "s3fclock",
          "byte_inserted": 504386,
          "byte_miss": 504386,
          "byte_read": 2635232,
          "byte_reinserted": 24930,
          "hit": 2635232,
          "inserted": 504386,
          "layer": 0,
          "miss_ratio": 0.16065202836778236,
          "reinserted": 24930,
          "req": 3139618
        }
      ],
      "miss_ratio": 0.16065202836778236,
      "req": 3139618
    }
  ],
  "trace": "tencentBlock.ns3607.oracleGeneral.zst"
}