{
  "dram_cache_size": 57,
  "flash_cache_size": 5796,
  "results": [
    {
      "hit": 2957152,
      "iteration": 0,
      "metrics": [
        {
          "admission_treshold": 0,
          "algorithm": "d3clock",
          "byte_inserted": 1560743,
          "byte_miss": 1560743,
          "byte_read": 2957152,
          "byte_reinserted": 931690,
          "hit": 2957152,
          "inserted": 1560743,
          "layer": 0,
          "miss_ratio": 0.3454580064388393,
          "reinserted": 931690,
          "req": 4517895
        }
      ],
      "miss_ratio": 0.3454580064388393,
      "req": 4517895
    }
  ],
  "trace": "tencentBlock.ns12613.oracleGeneral.zst"
}