{
  "dram_cache_size": 45,
  "flash_cache_size": 4528,
  "results": [
    {
      "hit": 2584937,
      "iteration": 0,
      "metrics": [
        {
          "admission_treshold": 0,
          "algorithm": "dclock",
          "byte_inserted": 1292686,
          "byte_miss": 1292686,
          "byte_read": 2584937,
          "byte_reinserted": 758968,
          "hit": 2584937,
          "inserted": 1292686,
          "layer": 0,
          "miss_ratio": 0.3333707273760239,
          "reinserted": 758968,
          "req": 3877623
        }
      ],
      "miss_ratio": 0.3333707273760239,
      "req": 3877623
    }
  ],
  "trace": "tencentBlock.ns14511.oracleGeneral.zst"
}