{
  "dram_cache_size": 33,
  "flash_cache_size": 3323,
  "results": [
    {
      "hit": 1361987,
      "iteration": 0,
      "metrics": [
        {
          "admission_treshold": 0,
          "algorithm": "gclock",
          "byte_inserted": 1200989,
          "byte_miss": 1200989,
          "byte_read": 1361987,
          "byte_reinserted": 55529,
          "hit": 1361987,
          "inserted": 1200989,
          "layer": 0,
          "miss_ratio": 0.4685915904011586,
          "reinserted": 55529,
          "req": 2562976
        }
      ],
      "miss_ratio": 0.4685915904011586,
      "req": 2562976
    }
  ],
  "trace": "tencentBlock.ns19958.oracleGeneral.zst"
}