{
  "dram_cache_size": 10,
  "flash_cache_size": 1047,
  "results": [
    {
      "hit": 1900854,
      "iteration": 0,
      "metrics": [
        {
          "admission_treshold": 0,
          "algorithm": "qauto",
          "byte_inserted": 528975,
          "byte_miss": 528975,
          "byte_read": 1900854,
          "byte_reinserted": 90015,
          "hit": 1900854,
          "inserted": 528975,
          "layer": 0,
          "miss_ratio": 0.21770050485034131,
          "reinserted": 90015,
          "req": 2429829
        }
      ],
      "miss_ratio": 0.21770050485034131,
      "req": 2429829
    }
  ],
  "trace": "tencentBlock.ns17940.oracleGeneral.zst"
}