{
  "dram_cache_size": 12,
  "flash_cache_size": 1254,
  "results": [
    {
      "hit": 14221953,
      "iteration": 0,
      "metrics": [
        {
          "admission_treshold": 0,
          "algorithm": "time-auto",
          "byte_inserted": 2954084,
          "byte_miss": 2954084,
          "byte_read": 14221953,
          "byte_reinserted": 4624043,
          "hit": 14221953,
          "inserted": 2954084,
          "layer": 0,
          "miss_ratio": 0.17198868400201983,
          "reinserted": 4624043,
          "req": 17176037
        }
      ],
      "miss_ratio": 0.17198868400201983,
      "req": 17176037
    }
  ],
  "trace": "tflock_user_tweet_cache.1.oracleGeneral.sample10.zst"
}