{
  "dram_cache_size": 304,
  "flash_cache_size": 30455,
  "results": [
    {
      "hit": 12447992,
      "iteration": 0,
      "metrics": [
        {
          "admission_treshold": 0,
          "algorithm": "s3fclock-sequential",
          "byte_inserted": 14084129,
          "byte_miss": 14084129,
          "byte_read": 12447992,
          "byte_reinserted": 1295757,
          "hit": 12447992,
          "inserted": 14084129,
          "layer": 0,
          "miss_ratio": 0.5308331361823655,
          "reinserted": 1295757,
          "req": 26532121
        }
      ],
      "miss_ratio": 0.5308331361823655,
      "req": 26532121
    }
  ],
  "trace": "w26.oracleGeneral.bin.zst"
}