{
  "dram_cache_size": 71,
  "flash_cache_size": 7158,
  "results": [
    {
      "hit": 2158108,
      "iteration": 0,
      "metrics": [
        {
          "admission_treshold": 0,
          "algorithm": "g2clock",
          "byte_inserted": 1096965,
          "byte_miss": 1096965,
          "byte_read": 2158108,
          "byte_reinserted": 44687,
          "hit": 2158108,
          "inserted": 1096965,
          "layer": 0,
          "miss_ratio": 0.337001658641757,
          "reinserted": 44687,
          "req": 3255073
        }
      ],
      "miss_ratio": 0.337001658641757,
      "req": 3255073
    }
  ],
  "trace": "akamai_sjc.ns78.oracleGeneral.bin.zst"
}