{
  "dram_cache_size": 179,
  "flash_cache_size": 17951,
  "results": [
    {
      "hit": 2942707,
      "iteration": 0,
      "metrics": [
        {
          "admission_treshold": 0,
          "algorithm": "dclock",
          "byte_inserted": 2593157,
          "byte_miss": 2593157,
          "byte_read": 2942707,
          "byte_reinserted": 810471,
          "hit": 2942707,
          "inserted": 2593157,
          "layer": 0,
          "miss_ratio": 0.46842859578920293,
          "reinserted": 810471,
          "req": 5535864
        }
      ],
      "miss_ratio": 0.46842859578920293,
      "req": 5535864
    }
  ],
  "trace": "cf_colo28.ns361.oracleGeneral.zst"
}