{
  "dram_cache_size": 99,
  "flash_cache_size": 9966,
  "results": [
    {
      "hit": 12541469,
      "iteration": 0,
      "metrics": [
        {
          "admission_treshold": 0,
          "algorithm": "gclock",
          "byte_inserted": 3458531,
          "byte_miss": 3458531,
          "byte_read": 12541469,
          "byte_reinserted": 1371392,
          "hit": 12541469,
          "inserted": 3458531,
          "layer": 0,
          "miss_ratio": 0.21615818750000004,
          "reinserted": 1371392,
          "req": 16000000
        }
      ],
      "miss_ratio": 0.21615818750000004,
      "req": 16000000
    }
  ],
  "trace": "io_traces.ns661.oracleGeneral.zst"
}