{
  "dram_cache_size": 70,
  "flash_cache_size": 7078,
  "results": [
    {
      "hit": 2647094,
      "iteration": 0,
      "metrics": [
        {
          "admission_treshold": 0,
          "algorithm": "d3clock",
          "byte_inserted": 1552906,
          "byte_miss": 1552906,
          "byte_read": 2647094,
          "byte_reinserted": 600008,
          "hit": 2647094,
          "inserted": 1552906,
          "layer": 0,
          "miss_ratio": 0.3697395238095238,
          "reinserted": 600008,
          "req": 4200000
        }
      ],
      "miss_ratio": 0.3697395238095238,
      "req": 4200000
    }
  ],
  "trace": "io_traces.ns785.oracleGeneral.zst"
}