{
  "dram_cache_size": 10,
  "flash_cache_size": 1088,
  "results": [
    {
      "hit": 2061214,
      "iteration": 0,
      "metrics": [
        {
          "admission_treshold": 0,
          "algorithm": "qand-clock-v2",
          "byte_inserted": 588076,
          "byte_miss": 588076,
          "byte_read": 2061214,
          "byte_reinserted": 36812,
          "hit": 2061214,
          "inserted": 588076,
          "layer": 0,
          "miss_ratio": 0.22197494423034092,
          "reinserted": 36812,
          "req": 2649290
        }
      ],
      "miss_ratio": 0.22197494423034092,
      "req": 2649290
    }
  ],
  "trace": "tencentBlock.ns22271.oracleGeneral.zst"
}