{
  "dram_cache_size": 7,
  "flash_cache_size": 746,
  "results": [
    {
      "hit": 8077221,
      "iteration": 0,
      "metrics": [
        {
          "admission_treshold": 0,
          "algorithm": "d3clock",
          "byte_inserted": 2181107,
          "byte_miss": 2181107,
          "byte_read": 8077221,
          "byte_reinserted": 3122457,
          "hit": 8077221,
          "inserted": 2181107,
          "layer": 0,
          "miss_ratio": 0.21261817715323594,
          "reinserted": 3122457,
          "req": 10258328
        }
      ],
      "miss_ratio": 0.21261817715323594,
      "req": 10258328
    }
  ],
  "trace": "tencentBlock.ns7312.oracleGeneral.zst"
}