{
  "dram_cache_size": 9,
  "flash_cache_size": 969,
  "results": [
    {
      "hit": 4527790,
      "iteration": 0,
      "metrics": [
        {
          "admission_treshold": 0,
          "algorithm": "t6auto",
          "byte_inserted": 708990,
          "byte_miss": 708990,
          "byte_read": 4527790,
          "byte_reinserted": 642894,
          "hit": 4527790,
          "inserted": 708990,
          "layer": 0,
          "miss_ratio": 0.13538663071582158,
          "reinserted": 642894,
          "req": 5236780
        }
      ],
      "miss_ratio": 0.13538663071582158,
      "req": 5236780
    }
  ],
  "trace": "tencentBlock.ns12890.oracleGeneral.zst"
}