{
  "dram_cache_size": 4,
  "flash_cache_size": 430,
  "results": [
    {
      "hit": 1745789,
      "iteration": 0,
      "metrics": [
        {
          "admission_treshold": 0,
          "algorithm": "cm-clock",
          "byte_inserted": 224043,
          "byte_miss": 224043,
          "byte_read": 1745789,
          "byte_reinserted": 93520,
          "hit": 1745789,
          "inserted": 224043,
          "layer": 0,
          "miss_ratio": 0.11373711057592728,
          "reinserted": 93520,
          "req": 1969832
        }
      ],
      "miss_ratio": 0.11373711057592728,
      "req": 1969832
    }
  ],
  "trace": "tencentBlock.ns8260.oracleGeneral.zst"
}