{
  "dram_cache_size": 33,
  "flash_cache_size": 3351,
  "results": [
    {
      "hit": 4816367,
      "iteration": 0,
      "metrics": [
        {
          "admission_treshold": 0,
          "algorithm": "gclock",
          "byte_inserted": 1705902,
          "byte_miss": 1705902,
          "byte_read": 4816367,
          "byte_reinserted": 195100,
          "hit": 4816367,
          "inserted": 1705902,
          "layer": 0,
          "miss_ratio": 0.261550389902655,
          "reinserted": 195100,
          "req": 6522269
        }
      ],
      "miss_ratio": 0.261550389902655,
      "req": 6522269
    }
  ],
  "trace": "tencentBlock.ns9810.oracleGeneral.zst"
}