{
  "dram_cache_size": 18,
  "flash_cache_size": 1871,
  "results": [
    {
      "hit": 1532271,
      "iteration": 0,
      "metrics": [
        {
          "admission_treshold": 0,
          "algorithm": "g2clock",
          "byte_inserted": 657252,
          "byte_miss": 657252,
          "byte_read": 1532271,
          "byte_reinserted": 354700,
          "hit": 1532271,
          "inserted": 657252,
          "layer": 0,
          "miss_ratio": 0.30018045026245443,
          "reinserted": 354700,
          "req": 2189523
        }
      ],
      "miss_ratio": 0.30018045026245443,
      "req": 2189523
    }
  ],
  "trace": "tencentBlock.ns14346.oracleGeneral.zst"
}