{
  "dram_cache_size": 1,
  "flash_cache_size": 126,
  "results": [
    {
      "hit": 91764029,
      "iteration": 0,
      "metrics": [
        {
          "admission_treshold": 0,
          "algorithm": "gclock",
          "byte_inserted": 28367,
          "byte_miss": 28367,
          "byte_read": 91764029,
          "byte_reinserted": 77425,
          "hit": 91764029,
          "inserted": 28367,
          "layer": 0,
          "miss_ratio": 0.00030903431260254077,
          "reinserted": 77425,
          "req": 91792396
        }
      ],
      "miss_ratio": 0.00030903431260254077,
      "req": 91792396
    }
  ],
  "trace": "cf_allcolo.ns352.oracleGeneral.zst"
}