{
  "dram_cache_size": 0,
  "flash_cache_size": 22,
  "results": [
    {
      "hit": 1119427,
      "iteration": 0,
      "metrics": [
        {
          "admission_treshold": 0,
          "algorithm": "q3auto",
          "byte_inserted": 29298,
          "byte_miss": 29298,
          "byte_read": 1119427,
          "byte_reinserted": 14315,
          "hit": 1119427,
          "inserted": 29298,
          "layer": 0,
          "miss_ratio": 0.02550479879866807,
          "reinserted": 14315,
          "req": 1148725
        }
      ],
      "miss_ratio": 0.02550479879866807,
      "req": 1148725
    }
  ],
  "trace": "cf_allcolo.ns2736.oracleGeneral.zst"
}