{
  "dram_cache_size": 14,
  "flash_cache_size": 1443,
  "results": [
    {
      "hit": 1119623,
      "iteration": 0,
      "metrics": [
        {
          "admission_treshold": 0,
          "algorithm": "cm-clock",
          "byte_inserted": 561334,
          "byte_miss": 561334,
          "byte_read": 1119623,
          "byte_reinserted": 27046,
          "hit": 1119623,
          "inserted": 561334,
          "layer": 0,
          "miss_ratio": 0.33393715603671004,
          "reinserted": 27046,
          "req": 1680957
        }
      ],
      "miss_ratio": 0.33393715603671004,
      "req": 1680957
    }
  ],
  "trace": "tencentBlock.ns7471.oracleGeneral.zst"
}