{
  "dram_cache_size": 11,
  "flash_cache_size": 1164,
  "results": [
    {
      "hit": 830352,
      "iteration": 0,
      "metrics": [
        {
          "admission_treshold": 0,
          "algorithm": "g2clock",
          "byte_inserted": 507985,
          "byte_miss": 507985,
          "byte_read": 830352,
          "byte_reinserted": 33747,
          "hit": 830352,
          "inserted": 507985,
          "layer": 0,
          "miss_ratio": 0.3795643399233526,
          "reinserted": 33747,
          "req": 1338337
        }
      ],
      "miss_ratio": 0.3795643399233526,
      "req": 1338337
    }
  ],
  "trace": "tencentBlock.ns15289.oracleGeneral.zst"
}