{
  "dram_cache_size": 9,
  "flash_cache_size": 950,
  "results": [
    {
      "hit": 1444451,
      "iteration": 0,
      "metrics": [
        {
          "admission_treshold": 0,
          "algorithm": "qand-clock",
          "byte_inserted": 480687,
          "byte_miss": 480687,
          "byte_read": 1444451,
          "byte_reinserted": 79456,
          "hit": 1444451,
          "inserted": 480687,
          "layer": 0,
          "miss_ratio": 0.24968963263932253,
          "reinserted": 79456,
          "req": 1925138
        }
      ],
      "miss_ratio": 0.24968963263932253,
      "req": 1925138
    }
  ],
  "trace": "tencentBlock.ns9127.oracleGeneral.zst"
}