{
  "dram_cache_size": 16,
  "flash_cache_size": 1631,
  "results": [
    {
      "hit": 704403,
      "iteration": 0,
      "metrics": [
        {
          "admission_treshold": 0,
          "algorithm": "sxfifo",
          "byte_inserted": 685910,
          "byte_miss": 685910,
          "byte_read": 704403,
          "byte_reinserted": 95829,
          "hit": 704403,
          "inserted": 685910,
          "layer": 0,
          "miss_ratio": 0.4933493393214333,
          "reinserted": 95829,
          "req": 1390313
        }
      ],
      "miss_ratio": 0.4933493393214333,
      "req": 1390313
    }
  ],
  "trace": "tencentBlock.ns21898.oracleGeneral.zst"
}