{
  "dram_cache_size": 59,
  "flash_cache_size": 5995,
  "results": [
    {
      "hit": 2911714,
      "iteration": 0,
      "metrics": [
        {
          "admission_treshold": 0,
          "algorithm": "g2clock",
          "byte_inserted": 1698210,
          "byte_miss": 1698210,
          "byte_read": 2911714,
          "byte_reinserted": 701151,
          "hit": 2911714,
          "inserted": 1698210,
          "layer": 0,
          "miss_ratio": 0.3683813442477577,
          "reinserted": 701151,
          "req": 4609924
        }
      ],
      "miss_ratio": 0.3683813442477577,
      "req": 4609924
    }
  ],
  "trace": "tencentBlock.ns17035.oracleGeneral.zst"
}