{
  "dram_cache_size": 10,
  "flash_cache_size": 1031,
  "results": [
    {
      "hit": 2573774,
      "iteration": 0,
      "metrics": [
        {
          "admission_treshold": 0,
          "algorithm": "dclock",
          "byte_inserted": 840235,
          "byte_miss": 840235,
          "byte_read": 2573774,
          "byte_reinserted": 400607,
          "hit": 2573774,
          "inserted": 840235,
          "layer": 0,
          "miss_ratio": 0.24611387960605846,
          "reinserted": 400607,
          "req": 3414009
        }
      ],
      "miss_ratio": 0.24611387960605846,
      "req": 3414009
    }
  ],
  "trace": "tencentBlock.ns6013.oracleGeneral.zst"
}