{
  "dram_cache_size": 288,
  "flash_cache_size": 28833,
  "results": [
    {
      "hit": 25371718,
      "iteration": 0,
      "metrics": [
        {
          "admission_treshold": 0,
          "algorithm": "gclock",
          "byte_inserted": 24775086,
          "byte_miss": 24775086,
          "byte_read": 25371718,
          "byte_reinserted": 10828486,
          "hit": 25371718,
          "inserted": 24775086,
          "layer": 0,
          "miss_ratio": 0.4940511463103411,
          "reinserted": 10828486,
          "req": 50146804
        }
      ],
      "miss_ratio": 0.4940511463103411,
      "req": 50146804
    }
  ],
  "trace": "tencentBlock.ns3886.oracleGeneral.zst"
}