{
  "dram_cache_size": 2920083,
  "flash_cache_size": 292008320,
  "results": [
    {
      "hit": 1642853,
      "iteration": 0,
      "metrics": [
        {
          "admission_treshold": 0,
          "algorithm": "qauto",
          "byte_inserted": 102826931547,
          "byte_miss": 102826931547,
          "byte_read": 183242147744,
          "byte_reinserted": 97559579678,
          "hit": 1642853,
          "inserted": 504430,
          "layer": 0,
          "miss_ratio": 0.23491547225028098,
          "reinserted": 472432,
          "req": 2147283
        }
      ],
      "miss_ratio": 0.23491547225028098,
      "req": 2147283
    }
  ],
  "trace": "cf_allcolo.ns2265.oracleGeneral.zst"
}