{
  "dram_cache_size": 2,
  "flash_cache_size": 218,
  "results": [
    {
      "hit": 7984819,
      "iteration": 0,
      "metrics": [
        {
          "admission_treshold": 0,
          "algorithm": "qauto",
          "byte_inserted": 6996604,
          "byte_miss": 6996604,
          "byte_read": 7984819,
          "byte_reinserted": 1807788,
          "hit": 7984819,
          "inserted": 6996604,
          "layer": 0,
          "miss_ratio": 0.46701865370198814,
          "reinserted": 1807788,
          "req": 14981423
        }
      ],
      "miss_ratio": 0.46701865370198814,
      "req": 14981423
    }
  ],
  "trace": "cf_allcolo.ns2519.oracleGeneral.zst"
}