{
  "dram_cache_size": 12736,
  "flash_cache_size": 1273639,
  "results": [
    {
      "hit": 1866670019,
      "iteration": 0,
      "metrics": [
        {
          "admission_treshold": 0,
          "algorithm": "sxfifo",
          "byte_inserted": 498136847,
          "byte_miss": 498136847,
          "byte_read": 1866670019,
          "byte_reinserted": 48655624,
          "hit": 1866670019,
          "inserted": 498136847,
          "layer": 0,
          "miss_ratio": 0.21064589001408962,
          "reinserted": 48655624,
          "req": 2364806866
        }
      ],
      "miss_ratio": 0.21064589001408962,
      "req": 2364806866
    }
  ],
  "trace": "cf_allcolo.oracleGeneral.sample10.zst"
}