{
  "dram_cache_size": 3,
  "flash_cache_size": 389,
  "results": [
    {
      "hit": 15736811,
      "iteration": 0,
      "metrics": [
        {
          "admission_treshold": 0,
          "algorithm": "time2-auto",
          "byte_inserted": 6168553,
          "byte_miss": 6168553,
          "byte_read": 15736811,
          "byte_reinserted": 2842441,
          "hit": 15736811,
          "inserted": 6168553,
          "layer": 0,
          "miss_ratio": 0.28160011401773555,
          "reinserted": 2842441,
          "req": 21905364
        }
      ],
      "miss_ratio": 0.28160011401773555,
      "req": 21905364
    }
  ],
  "trace": "cf_colo28.ns269.oracleGeneral.zst"
}