{
  "dram_cache_size": 11,
  "flash_cache_size": 1105,
  "results": [
    {
      "hit": 10995453,
      "iteration": 0,
      "metrics": [
        {
          "admission_treshold": 0,
          "algorithm": "dclock",
          "byte_inserted": 329111,
          "byte_miss": 329111,
          "byte_read": 10995453,
          "byte_reinserted": 618290,
          "hit": 10995453,
          "inserted": 329111,
          "layer": 0,
          "miss_ratio": 0.029061692794530525,
          "reinserted": 618290,
          "req": 11324564
        }
      ],
      "miss_ratio": 0.029061692794530525,
      "req": 11324564
    }
  ],
  "trace": "cf_colo28.ns520.oracleGeneral.zst"
}