{
  "dram_cache_size": 206361,
  "flash_cache_size": 20636128,
  "results": [
    {
      "hit": 486205,
      "iteration": 0,
      "metrics": [
        {
          "admission_treshold": 0,
          "algorithm": "qauto",
          "byte_inserted": 20563376640,
          "byte_miss": 20563376640,
          "byte_read": 10998350848,
          "byte_reinserted": 10176906240,
          "hit": 486205,
          "inserted": 713795,
          "layer": 0,
          "miss_ratio": 0.5948291666666667,
          "reinserted": 327169,
          "req": 1200000
        }
      ],
      "miss_ratio": 0.5948291666666667,
      "req": 1200000
    }
  ],
  "trace": "io_traces.ns284.oracleGeneral.zst"
}