{
  "dram_cache_size": 20,
  "flash_cache_size": 2070,
  "results": [
    {
      "hit": 2111754,
      "iteration": 0,
      "metrics": [
        {
          "admission_treshold": 0,
          "algorithm": "d3clock",
          "byte_inserted": 2288246,
          "byte_miss": 2288246,
          "byte_read": 2111754,
          "byte_reinserted": 618424,
          "hit": 2111754,
          "inserted": 2288246,
          "layer": 0,
          "miss_ratio": 0.5200559090909092,
          "reinserted": 618424,
          "req": 4400000
        }
      ],
      "miss_ratio": 0.5200559090909092,
      "req": 4400000
    }
  ],
  "trace": "io_traces.ns653.oracleGeneral.zst"
}