{
  "dram_cache_size": 54,
  "flash_cache_size": 5470,
  "results": [
    {
      "hit": 2187246,
      "iteration": 0,
      "metrics": [
        {
          "admission_treshold": 0,
          "algorithm": "dclock",
          "byte_inserted": 1021652,
          "byte_miss": 1021652,
          "byte_read": 2187246,
          "byte_reinserted": 138523,
          "hit": 2187246,
          "inserted": 1021652,
          "layer": 0,
          "miss_ratio": 0.31838095196544114,
          "reinserted": 138523,
          "req": 3208898
        }
      ],
      "miss_ratio": 0.31838095196544114,
      "req": 3208898
    }
  ],
  "trace": "tencentBlock.ns13580.oracleGeneral.zst"
}