{
  "dram_cache_size": 18,
  "flash_cache_size": 1804,
  "results": [
    {
      "hit": 982016,
      "iteration": 0,
      "metrics": [
        {
          "admission_treshold": 0,
          "algorithm": "sxfifo",
          "byte_inserted": 654420,
          "byte_miss": 654420,
          "byte_read": 982016,
          "byte_reinserted": 90809,
          "hit": 982016,
          "inserted": 654420,
          "layer": 0,
          "miss_ratio": 0.3999056486168723,
          "reinserted": 90809,
          "req": 1636436
        }
      ],
      "miss_ratio": 0.3999056486168723,
      "req": 1636436
    }
  ],
  "trace": "tencentBlock.ns18364.oracleGeneral.zst"
}