{
  "dram_cache_size": 11,
  "flash_cache_size": 1134,
  "results": [
    {
      "hit": 1946771,
      "iteration": 0,
      "metrics": [
        {
          "admission_treshold": 0,
          "algorithm": "sxfifo",
          "byte_inserted": 392420,
          "byte_miss": 392420,
          "byte_read": 1946771,
          "byte_reinserted": 47113,
          "hit": 1946771,
          "inserted": 392420,
          "layer": 0,
          "miss_ratio": 0.16775885338136132,
          "reinserted": 47113,
          "req": 2339191
        }
      ],
      "miss_ratio": 0.16775885338136132,
      "req": 2339191
    }
  ],
  "trace": "tencentBlock.ns3656.oracleGeneral.zst"
}