{
  "dram_cache_size": 6,
  "flash_cache_size": 639,
  "results": [
    {
      "hit": 1286912,
      "iteration": 0,
      "metrics": [
        {
          "admission_treshold": 0,
          "algorithm": "g2clock",
          "byte_inserted": 480473,
          "byte_miss": 480473,
          "byte_read": 1286912,
          "byte_reinserted": 219872,
          "hit": 1286912,
          "inserted": 480473,
          "layer": 0,
          "miss_ratio": 0.2718553116610133,
          "reinserted": 219872,
          "req": 1767385
        }
      ],
      "miss_ratio": 0.2718553116610133,
      "req": 1767385
    }
  ],
  "trace": "tencentBlock.ns11873.oracleGeneral.zst"
}