{
  "dram_cache_size": 19,
  "flash_cache_size": 1946,
  "results": [
    {
      "hit": 830991,
      "iteration": 0,
      "metrics": [
        {
          "admission_treshold": 0,
          "algorithm": "gclock",
          "byte_inserted": 684875,
          "byte_miss": 684875,
          "byte_read": 830991,
          "byte_reinserted": 121959,
          "hit": 830991,
          "inserted": 684875,
          "layer": 0,
          "miss_ratio": 0.45180444709492795,
          "reinserted": 121959,
          "req": 1515866
        }
      ],
      "miss_ratio": 0.45180444709492795,
      "req": 1515866
    }
  ],
  "trace": "tencentBlock.ns5800.oracleGeneral.zst"
}