{
  "dram_cache_size": 11,
  "flash_cache_size": 1104,
  "results": [
    {
      "hit": 749337,
      "iteration": 0,
      "metrics": [
        {
          "admission_treshold": 0,
          "algorithm": "time2-auto",
          "byte_inserted": 604952,
          "byte_miss": 604952,
          "byte_read": 749337,
          "byte_reinserted": 13119,
          "hit": 749337,
          "inserted": 604952,
          "layer": 0,
          "miss_ratio": 0.44669343101804715,
          "reinserted": 13119,
          "req": 1354289
        }
      ],
      "miss_ratio": 0.44669343101804715,
      "req": 1354289
    }
  ],
  "trace": "tencentBlock.ns18004.oracleGeneral.zst"
}