{
  "dram_cache_size": 30,
  "flash_cache_size": 3003,
  "results": [
    {
      "hit": 2169100,
      "iteration": 0,
      "metrics": [
        {
          "admission_treshold": 0,
          "algorithm": "gclock",
          "byte_inserted": 837892,
          "byte_miss": 837892,
          "byte_read": 2169100,
          "byte_reinserted": 471148,
          "hit": 2169100,
          "inserted": 837892,
          "layer": 0,
          "miss_ratio": 0.2786478979658077,
          "reinserted": 471148,
          "req": 3006992
        }
      ],
      "miss_ratio": 0.2786478979658077,
      "req": 3006992
    }
  ],
  "trace": "tencentBlock.ns22209.oracleGeneral.zst"
}