{
  "dram_cache_size": 15,
  "flash_cache_size": 1503,
  "results": [
    {
      "hit": 638094,
      "iteration": 0,
      "metrics": [
        {
          "admission_treshold": 0,
          "algorithm": "cm-clock",
          "byte_inserted": 588291,
          "byte_miss": 588291,
          "byte_read": 638094,
          "byte_reinserted": 27738,
          "hit": 638094,
          "inserted": 588291,
          "layer": 0,
          "miss_ratio": 0.47969520175148916,
          "reinserted": 27738,
          "req": 1226385
        }
      ],
      "miss_ratio": 0.47969520175148916,
      "req": 1226385
    }
  ],
  "trace": "tencentBlock.ns5851.oracleGeneral.zst"
}