{
  "dram_cache_size": 32,
  "flash_cache_size": 3271,
  "results": [
    {
      "hit": 1797019,
      "iteration": 0,
      "metrics": [
        {
          "admission_treshold": 0,
          "algorithm": "gclock",
          "byte_inserted": 892399,
          "byte_miss": 892399,
          "byte_read": 1797019,
          "byte_reinserted": 404784,
          "hit": 1797019,
          "inserted": 892399,
          "layer": 0,
          "miss_ratio": 0.3318186313916245,
          "reinserted": 404784,
          "req": 2689418
        }
      ],
      "miss_ratio": 0.3318186313916245,
      "req": 2689418
    }
  ],
  "trace": "tencentBlock.ns18678.oracleGeneral.zst"
}