{
  "dram_cache_size": 24,
  "flash_cache_size": 2418,
  "results": [
    {
      "hit": 2086749,
      "iteration": 0,
      "metrics": [
        {
          "admission_treshold": 0,
          "algorithm": "q3auto",
          "byte_inserted": 1886543,
          "byte_miss": 1886543,
          "byte_read": 2086749,
          "byte_reinserted": 740693,
          "hit": 2086749,
          "inserted": 1886543,
          "layer": 0,
          "miss_ratio": 0.4748060298613844,
          "reinserted": 740693,
          "req": 3973292
        }
      ],
      "miss_ratio": 0.4748060298613844,
      "req": 3973292
    }
  ],
  "trace": "tencentBlock.ns2224.oracleGeneral.zst"
}