{
  "dram_cache_size": 1,
  "flash_cache_size": 103,
  "results": [
    {
      "hit": 4414507,
      "iteration": 0,
      "metrics": [
        {
          "admission_treshold": 0,
          "algorithm": "q2auto",
          "byte_inserted": 37111,
          "byte_miss": 37111,
          "byte_read": 4414507,
          "byte_reinserted": 14522,
          "hit": 4414507,
          "inserted": 37111,
          "layer": 0,
          "miss_ratio": 0.008336519440796608,
          "reinserted": 14522,
          "req": 4451618
        }
      ],
      "miss_ratio": 0.008336519440796608,
      "req": 4451618
    }
  ],
  "trace": "cf_allcolo.ns1115.oracleGeneral.zst"
}