{
  "dram_cache_size": 222,
  "flash_cache_size": 22273,
  "results": [
    {
      "hit": 2806976,
      "iteration": 0,
      "metrics": [
        {
          "admission_treshold": 0,
          "algorithm": "q-clock",
          "byte_inserted": 2240955,
          "byte_miss": 2240955,
          "byte_read": 2806976,
          "byte_reinserted": 594500,
          "hit": 2806976,
          "inserted": 2240955,
          "layer": 0,
          "miss_ratio": 0.4439353469768109,
          "reinserted": 594500,
          "req": 5047931
        }
      ],
      "miss_ratio": 0.4439353469768109,
      "req": 5047931
    }
  ],
  "trace": "cf_allcolo.ns595.oracleGeneral.zst"
}