{
  "dram_cache_size": 145,
  "flash_cache_size": 14502,
  "results": [
    {
      "hit": 41372,
      "iteration": 0,
      "metrics": [
        {
          "admission_treshold": 0,
          "algorithm": "q2auto",
          "byte_inserted": 2184396,
          "byte_miss": 2184396,
          "byte_read": 41372,
          "byte_reinserted": 11547,
          "hit": 41372,
          "inserted": 2184396,
          "layer": 0,
          "miss_ratio": 0.9814122586001776,
          "reinserted": 11547,
          "req": 2225768
        }
      ],
      "miss_ratio": 0.9814122586001776,
      "req": 2225768
    }
  ],
  "trace": "cf_colo28.ns983.oracleGeneral.zst"
}