{
  "dram_cache_size": 18,
  "flash_cache_size": 1815,
  "results": [
    {
      "hit": 3203500,
      "iteration": 0,
      "metrics": [
        {
          "admission_treshold": 0,
          "algorithm": "qtime-clock",
          "byte_inserted": 1068071,
          "byte_miss": 1068071,
          "byte_read": 3203500,
          "byte_reinserted": 23580,
          "hit": 3203500,
          "inserted": 1068071,
          "layer": 0,
          "miss_ratio": 0.25004172937778635,
          "reinserted": 23580,
          "req": 4271571
        }
      ],
      "miss_ratio": 0.25004172937778635,
      "req": 4271571
    }
  ],
  "trace": "tencentBlock.ns1859.oracleGeneral.zst"
}