{
  "dram_cache_size": 22,
  "flash_cache_size": 2264,
  "results": [
    {
      "hit": 2334411,
      "iteration": 0,
      "metrics": [
        {
          "admission_treshold": 0,
          "algorithm": "g2clock",
          "byte_inserted": 522045,
          "byte_miss": 522045,
          "byte_read": 2334411,
          "byte_reinserted": 261930,
          "hit": 2334411,
          "inserted": 522045,
          "layer": 0,
          "miss_ratio": 0.18275968542837695,
          "reinserted": 261930,
          "req": 2856456
        }
      ],
      "miss_ratio": 0.18275968542837695,
      "req": 2856456
    }
  ],
  "trace": "tencentBlock.ns16443.oracleGeneral.zst"
}