{
  "dram_cache_size": 4,
  "flash_cache_size": 484,
  "results": [
    {
      "hit": 69482190,
      "iteration": 0,
      "metrics": [
        {
          "admission_treshold": 0,
          "algorithm": "dclock",
          "byte_inserted": 3048345,
          "byte_miss": 3048345,
          "byte_read": 69482190,
          "byte_reinserted": 5718213,
          "hit": 69482190,
          "inserted": 3048345,
          "layer": 0,
          "miss_ratio": 0.04202843671289613,
          "reinserted": 5718213,
          "req": 72530535
        }
      ],
      "miss_ratio": 0.04202843671289613,
      "req": 72530535
    }
  ],
  "trace": "tencentBlock.ns1344.oracleGeneral.zst"
}