{
  "dram_cache_size": 13,
  "flash_cache_size": 1334,
  "results": [
    {
      "hit": 1475862,
      "iteration": 0,
      "metrics": [
        {
          "admission_treshold": 0,
          "algorithm": "sxfifo",
          "byte_inserted": 701913,
          "byte_miss": 701913,
          "byte_read": 1475862,
          "byte_reinserted": 50836,
          "hit": 1475862,
          "inserted": 701913,
          "layer": 0,
          "miss_ratio": 0.32230740090229704,
          "reinserted": 50836,
          "req": 2177775
        }
      ],
      "miss_ratio": 0.32230740090229704,
      "req": 2177775
    }
  ],
  "trace": "tencentBlock.ns22632.oracleGeneral.zst"
}