{
  "dram_cache_size": 0,
  "flash_cache_size": 46,
  "results": [
    {
      "hit": 21048312,
      "iteration": 0,
      "metrics": [
        {
          "admission_treshold": 0,
          "algorithm": "time-auto",
          "byte_inserted": 20320674,
          "byte_miss": 20320674,
          "byte_read": 21048312,
          "byte_reinserted": 19295579,
          "hit": 21048312,
          "inserted": 20320674,
          "layer": 0,
          "miss_ratio": 0.4912055132315788,
          "reinserted": 19295579,
          "req": 41368986
        }
      ],
      "miss_ratio": 0.4912055132315788,
      "req": 41368986
    }
  ],
  "trace": "cf_allcolo.ns87.oracleGeneral.zst"
}