{
  "dram_cache_size": 1,
  "flash_cache_size": 181,
  "results": [
    {
      "hit": 1422787,
      "iteration": 0,
      "metrics": [
        {
          "admission_treshold": 0,
          "algorithm": "q3auto",
          "byte_inserted": 687913,
          "byte_miss": 687913,
          "byte_read": 1422787,
          "byte_reinserted": 393791,
          "hit": 1422787,
          "inserted": 687913,
          "layer": 0,
          "miss_ratio": 0.32591699436206,
          "reinserted": 393791,
          "req": 2110700
        }
      ],
      "miss_ratio": 0.32591699436206,
      "req": 2110700
    }
  ],
  "trace": "cf_colo28.ns868.oracleGeneral.zst"
}