{
  "dram_cache_size": 146,
  "flash_cache_size": 14677,
  "results": [
    {
      "hit": 924487706,
      "iteration": 0,
      "metrics": [
        {
          "admission_treshold": 0,
          "algorithm": "d3clock",
          "byte_inserted": 139318776,
          "byte_miss": 139318776,
          "byte_read": 924487706,
          "byte_reinserted": 191355830,
          "hit": 924487706,
          "inserted": 139318776,
          "layer": 0,
          "miss_ratio": 0.13096251842541418,
          "reinserted": 191355830,
          "req": 1063806482
        }
      ],
      "miss_ratio": 0.13096251842541418,
      "req": 1063806482
    }
  ],
  "trace": "cluster16.oracleGeneral.sample10.zst"
}