{
  "dram_cache_size": 24,
  "flash_cache_size": 2455,
  "results": [
    {
      "hit": 2839321,
      "iteration": 0,
      "metrics": [
        {
          "admission_treshold": 0,
          "algorithm": "dclock",
          "byte_inserted": 1487762,
          "byte_miss": 1487762,
          "byte_read": 2839321,
          "byte_reinserted": 1182271,
          "hit": 2839321,
          "inserted": 1487762,
          "layer": 0,
          "miss_ratio": 0.3438256210939332,
          "reinserted": 1182271,
          "req": 4327083
        }
      ],
      "miss_ratio": 0.3438256210939332,
      "req": 4327083
    }
  ],
  "trace": "tencentBlock.ns16096.oracleGeneral.zst"
}