{
  "dram_cache_size": 48,
  "flash_cache_size": 4827,
  "results": [
    {
      "hit": 1080214,
      "iteration": 0,
      "metrics": [
        {
          "admission_treshold": 0,
          "algorithm": "gclock",
          "byte_inserted": 808231,
          "byte_miss": 808231,
          "byte_read": 1080214,
          "byte_reinserted": 349032,
          "hit": 1080214,
          "inserted": 808231,
          "layer": 0,
          "miss_ratio": 0.42798757708061397,
          "reinserted": 349032,
          "req": 1888445
        }
      ],
      "miss_ratio": 0.42798757708061397,
      "req": 1888445
    }
  ],
  "trace": "tencentBlock.ns23930.oracleGeneral.zst"
}