{
  "dram_cache_size": 943318,
  "flash_cache_size": 94331840,
  "results": [
    {
      "hit": 1859944,
      "iteration": 0,
      "metrics": [
        {
          "admission_treshold": 0,
          "algorithm": "qauto",
          "byte_inserted": 22206307328,
          "byte_miss": 22206307328,
          "byte_read": 25622948864,
          "byte_reinserted": 1512063488,
          "hit": 1859944,
          "inserted": 1276310,
          "layer": 0,
          "miss_ratio": 0.4069536459738273,
          "reinserted": 189835,
          "req": 3136254
        }
      ],
      "miss_ratio": 0.4069536459738273,
      "req": 3136254
    }
  ],
  "trace": "tencentBlock.ns15754.oracleGeneral.zst"
}