{
  "dram_cache_size": 46,
  "flash_cache_size": 4614,
  "results": [
    {
      "hit": 623009,
      "iteration": 0,
      "metrics": [
        {
          "admission_treshold": 0,
          "algorithm": "q2auto",
          "byte_inserted": 509454,
          "byte_miss": 509454,
          "byte_read": 623009,
          "byte_reinserted": 53111,
          "hit": 623009,
          "inserted": 509454,
          "layer": 0,
          "miss_ratio": 0.4498637041563389,
          "reinserted": 53111,
          "req": 1132463
        }
      ],
      "miss_ratio": 0.4498637041563389,
      "req": 1132463
    }
  ],
  "trace": "cf_allcolo.ns539.oracleGeneral.zst"
}