{
  "dram_cache_size": 84,
  "flash_cache_size": 8485,
  "results": [
    {
      "hit": 2566469,
      "iteration": 0,
      "metrics": [
        {
          "admission_treshold": 0,
          "algorithm": "d3clock",
          "byte_inserted": 6371549,
          "byte_miss": 6371549,
          "byte_read": 2566469,
          "byte_reinserted": 1302714,
          "hit": 2566469,
          "inserted": 6371549,
          "layer": 0,
          "miss_ratio": 0.7128592714850205,
          "reinserted": 1302714,
          "req": 8938018
        }
      ],
      "miss_ratio": 0.7128592714850205,
      "req": 8938018
    }
  ],
  "trace": "cf_allcolo.ns1081.oracleGeneral.zst"
}