{
  "dram_cache_size": 0,
  "flash_cache_size": 20,
  "results": [
    {
      "hit": 2038014,
      "iteration": 0,
      "metrics": [
        {
          "admission_treshold": 0,
          "algorithm": "t4auto",
          "byte_inserted": 2297506,
          "byte_miss": 2297506,
          "byte_read": 2038014,
          "byte_reinserted": 988033,
          "hit": 2038014,
          "inserted": 2297506,
          "layer": 0,
          "miss_ratio": 0.5299262833524007,
          "reinserted": 988033,
          "req": 4335520
        }
      ],
      "miss_ratio": 0.5299262833524007,
      "req": 4335520
    }
  ],
  "trace": "cf_allcolo.ns644.oracleGeneral.zst"
}