{
  "dram_cache_size": 5,
  "flash_cache_size": 547,
  "results": [
    {
      "hit": 787152,
      "iteration": 0,
      "metrics": [
        {
          "admission_treshold": 0,
          "algorithm": "g2clock",
          "byte_inserted": 964294,
          "byte_miss": 964294,
          "byte_read": 787152,
          "byte_reinserted": 170381,
          "hit": 787152,
          "inserted": 964294,
          "layer": 0,
          "miss_ratio": 0.5505702145541456,
          "reinserted": 170381,
          "req": 1751446
        }
      ],
      "miss_ratio": 0.5505702145541456,
      "req": 1751446
    }
  ],
  "trace": "cf_colo28.ns755.oracleGeneral.zst"
}