{
  "dram_cache_size": 17,
  "flash_cache_size": 1784,
  "results": [
    {
      "hit": 1344819,
      "iteration": 0,
      "metrics": [
        {
          "admission_treshold": 0,
          "algorithm": "s3fclock-sequential",
          "byte_inserted": 447541,
          "byte_miss": 447541,
          "byte_read": 1344819,
          "byte_reinserted": 84466,
          "hit": 1344819,
          "inserted": 447541,
          "layer": 0,
          "miss_ratio": 0.24969369992635404,
          "reinserted": 84466,
          "req": 1792360
        }
      ],
      "miss_ratio": 0.24969369992635404,
      "req": 1792360
    }
  ],
  "trace": "tencentBlock.ns7952.oracleGeneral.zst"
}