{
  "dram_cache_size": 60,
  "flash_cache_size": 6024,
  "results": [
    {
      "hit": 3768949,
      "iteration": 0,
      "metrics": [
        {
          "admission_treshold": 0,
          "algorithm": "t4auto",
          "byte_inserted": 2136622,
          "byte_miss": 2136622,
          "byte_read": 3768949,
          "byte_reinserted": 378454,
          "hit": 3768949,
          "inserted": 2136622,
          "layer": 0,
          "miss_ratio": 0.3617976991555939,
          "reinserted": 378454,
          "req": 5905571
        }
      ],
      "miss_ratio": 0.3617976991555939,
      "req": 5905571
    }
  ],
  "trace": "tencentBlock.ns14665.oracleGeneral.zst"
}