{
  "dram_cache_size": 30,
  "flash_cache_size": 3022,
  "results": [
    {
      "hit": 4957153,
      "iteration": 0,
      "metrics": [
        {
          "admission_treshold": 0,
          "algorithm": "g2clock",
          "byte_inserted": 1368628,
          "byte_miss": 1368628,
          "byte_read": 4957153,
          "byte_reinserted": 721060,
          "hit": 4957153,
          "inserted": 1368628,
          "layer": 0,
          "miss_ratio": 0.21635715811217615,
          "reinserted": 721060,
          "req": 6325781
        }
      ],
      "miss_ratio": 0.21635715811217615,
      "req": 6325781
    }
  ],
  "trace": "tencentBlock.ns6631.oracleGeneral.zst"
}