{
  "dram_cache_size": 5,
  "flash_cache_size": 533,
  "results": [
    {
      "hit": 1032741,
      "iteration": 0,
      "metrics": [
        {
          "admission_treshold": 0,
          "algorithm": "qauto",
          "byte_inserted": 233831,
          "byte_miss": 233831,
          "byte_read": 1032741,
          "byte_reinserted": 48265,
          "hit": 1032741,
          "inserted": 233831,
          "layer": 0,
          "miss_ratio": 0.18461721876056003,
          "reinserted": 48265,
          "req": 1266572
        }
      ],
      "miss_ratio": 0.18461721876056003,
      "req": 1266572
    }
  ],
  "trace": "tencentBlock.ns20235.oracleGeneral.zst"
}