{
  "dram_cache_size": 63,
  "flash_cache_size": 6353,
  "results": [
    {
      "hit": 2954152,
      "iteration": 0,
      "metrics": [
        {
          "admission_treshold": 0,
          "algorithm": "q-clock",
          "byte_inserted": 3506232,
          "byte_miss": 3506232,
          "byte_read": 2954152,
          "byte_reinserted": 431513,
          "hit": 2954152,
          "inserted": 3506232,
          "layer": 0,
          "miss_ratio": 0.5427281102795127,
          "reinserted": 431513,
          "req": 6460384
        }
      ],
      "miss_ratio": 0.5427281102795127,
      "req": 6460384
    }
  ],
  "trace": "tencentBlock.ns6458.oracleGeneral.zst"
}