{
  "dram_cache_size": 26,
  "flash_cache_size": 2675,
  "results": [
    {
      "hit": 724809,
      "iteration": 0,
      "metrics": [
        {
          "admission_treshold": 0,
          "algorithm": "q-clock",
          "byte_inserted": 775833,
          "byte_miss": 775833,
          "byte_read": 724809,
          "byte_reinserted": 50581,
          "hit": 724809,
          "inserted": 775833,
          "layer": 0,
          "miss_ratio": 0.5170007236902605,
          "reinserted": 50581,
          "req": 1500642
        }
      ],
      "miss_ratio": 0.5170007236902605,
      "req": 1500642
    }
  ],
  "trace": "tencentBlock.ns19722.oracleGeneral.zst"
}