{
  "dram_cache_size": 955,
  "flash_cache_size": 95509,
  "results": [
    {
      "hit": 42644048,
      "iteration": 0,
      "metrics": [
        {
          "admission_treshold": 0,
          "algorithm": "g2clock",
          "byte_inserted": 18354179,
          "byte_miss": 18354179,
          "byte_read": 42644048,
          "byte_reinserted": 6006048,
          "hit": 42644048,
          "inserted": 18354179,
          "layer": 0,
          "miss_ratio": 0.3008969260696709,
          "reinserted": 6006048,
          "req": 60998227
        }
      ],
      "miss_ratio": 0.3008969260696709,
      "req": 60998227
    }
  ],
  "trace": "tencentBlock.ns1205.oracleGeneral.zst"
}