{
  "dram_cache_size": 266,
  "flash_cache_size": 26606,
  "results": [
    {
      "hit": 19740065,
      "iteration": 0,
      "metrics": [
        {
          "admission_treshold": 0,
          "algorithm": "s3fclock-sequential",
          "byte_inserted": 24169741,
          "byte_miss": 24169741,
          "byte_read": 19740065,
          "byte_reinserted": 2373735,
          "hit": 19740065,
          "inserted": 24169741,
          "layer": 0,
          "miss_ratio": 0.55044062367299,
          "reinserted": 2373735,
          "req": 43909806
        }
      ],
      "miss_ratio": 0.55044062367299,
      "req": 43909806
    }
  ],
  "trace": "tencentBlock.ns16023.oracleGeneral.zst"
}