{
  "dram_cache_size": 12,
  "flash_cache_size": 1240,
  "results": [
    {
      "hit": 1898620,
      "iteration": 0,
      "metrics": [
        {
          "admission_treshold": 0,
          "algorithm": "g2clock",
          "byte_inserted": 491083,
          "byte_miss": 491083,
          "byte_read": 1898620,
          "byte_reinserted": 112465,
          "hit": 1898620,
          "inserted": 491083,
          "layer": 0,
          "miss_ratio": 0.20549959555643527,
          "reinserted": 112465,
          "req": 2389703
        }
      ],
      "miss_ratio": 0.20549959555643527,
      "req": 2389703
    }
  ],
  "trace": "tencentBlock.ns2641.oracleGeneral.zst"
}