{
  "dram_cache_size": 42,
  "flash_cache_size": 4230,
  "results": [
    {
      "hit": 1565888,
      "iteration": 0,
      "metrics": [
        {
          "admission_treshold": 0,
          "algorithm": "gclock",
          "byte_inserted": 1189191,
          "byte_miss": 1189191,
          "byte_read": 1565888,
          "byte_reinserted": 142560,
          "hit": 1565888,
          "inserted": 1189191,
          "layer": 0,
          "miss_ratio": 0.4316358986439227,
          "reinserted": 142560,
          "req": 2755079
        }
      ],
      "miss_ratio": 0.4316358986439227,
      "req": 2755079
    }
  ],
  "trace": "tencentBlock.ns2399.oracleGeneral.zst"
}