{
  "dram_cache_size": 2823669,
  "flash_cache_size": 282366976,
  "results": [
    {
      "hit": 18520516,
      "iteration": 0,
      "metrics": [
        {
          "admission_treshold": 0,
          "algorithm": "time-auto",
          "byte_inserted": 1389465308672,
          "byte_miss": 1389465308672,
          "byte_read": 683446866944,
          "byte_reinserted": 1410344273408,
          "hit": 18520516,
          "inserted": 38984029,
          "layer": 0,
          "miss_ratio": 0.6779295271356377,
          "reinserted": 37407733,
          "req": 57504545
        }
      ],
      "miss_ratio": 0.6779295271356377,
      "req": 57504545
    }
  ],
  "trace": "tencentBlock.ns5374.oracleGeneral.zst"
}