{
  "dram_cache_size": 18,
  "flash_cache_size": 1825,
  "results": [
    {
      "hit": 2467160,
      "iteration": 0,
      "metrics": [
        {
          "admission_treshold": 0,
          "algorithm": "t7auto",
          "byte_inserted": 932840,
          "byte_miss": 932840,
          "byte_read": 2467160,
          "byte_reinserted": 324106,
          "hit": 2467160,
          "inserted": 932840,
          "layer": 0,
          "miss_ratio": 0.27436470588235295,
          "reinserted": 324106,
          "req": 3400000
        }
      ],
      "miss_ratio": 0.27436470588235295,
      "req": 3400000
    }
  ],
  "trace": "io_traces.ns504.oracleGeneral.zst"
}