{
  "dram_cache_size": 7,
  "flash_cache_size": 797,
  "results": [
    {
      "hit": 1528456,
      "iteration": 0,
      "metrics": [
        {
          "admission_treshold": 0,
          "algorithm": "q2auto",
          "byte_inserted": 871544,
          "byte_miss": 871544,
          "byte_read": 1528456,
          "byte_reinserted": 84659,
          "hit": 1528456,
          "inserted": 871544,
          "layer": 0,
          "miss_ratio": 0.3631433333333334,
          "reinserted": 84659,
          "req": 2400000
        }
      ],
      "miss_ratio": 0.3631433333333334,
      "req": 2400000
    }
  ],
  "trace": "io_traces.ns479.oracleGeneral.zst"
}