{
  "dram_cache_size": 37,
  "flash_cache_size": 3726,
  "results": [
    {
      "hit": 1615263,
      "iteration": 0,
      "metrics": [
        {
          "admission_treshold": 0,
          "algorithm": "t4auto",
          "byte_inserted": 845307,
          "byte_miss": 845307,
          "byte_read": 1615263,
          "byte_reinserted": 281614,
          "hit": 1615263,
          "inserted": 845307,
          "layer": 0,
          "miss_ratio": 0.34354113071361514,
          "reinserted": 281614,
          "req": 2460570
        }
      ],
      "miss_ratio": 0.34354113071361514,
      "req": 2460570
    }
  ],
  "trace": "tencentBlock.ns25013.oracleGeneral.zst"
}