{
  "dram_cache_size": 14,
  "flash_cache_size": 1477,
  "results": [
    {
      "hit": 23440,
      "iteration": 0,
      "metrics": [
        {
          "admission_treshold": 0,
          "algorithm": "sxfifo",
          "byte_inserted": 18530518,
          "byte_miss": 18530518,
          "byte_read": 23440,
          "byte_reinserted": 278,
          "hit": 23440,
          "inserted": 18530518,
          "layer": 0,
          "miss_ratio": 0.9987366576985892,
          "reinserted": 278,
          "req": 18553958
        }
      ],
      "miss_ratio": 0.9987366576985892,
      "req": 18553958
    }
  ],
  "trace": "tencentBlock.ns10375.oracleGeneral.zst"
}