{
  "dram_cache_size": 33,
  "flash_cache_size": 3339,
  "results": [
    {
      "hit": 485405,
      "iteration": 0,
      "metrics": [
        {
          "admission_treshold": 0,
          "algorithm": "sxfifo",
          "byte_inserted": 3537161,
          "byte_miss": 3537161,
          "byte_read": 485405,
          "byte_reinserted": 15266,
          "hit": 485405,
          "inserted": 3537161,
          "layer": 0,
          "miss_ratio": 0.8793295125549214,
          "reinserted": 15266,
          "req": 4022566
        }
      ],
      "miss_ratio": 0.8793295125549214,
      "req": 4022566
    }
  ],
  "trace": "tencentBlock.ns13586.oracleGeneral.zst"
}