{
  "dram_cache_size": 85,
  "flash_cache_size": 8572,
  "results": [
    {
      "hit": 2430098,
      "iteration": 0,
      "metrics": [
        {
          "admission_treshold": 0,
          "algorithm": "g2clock",
          "byte_inserted": 2192310,
          "byte_miss": 2192310,
          "byte_read": 2430098,
          "byte_reinserted": 392529,
          "hit": 2430098,
          "inserted": 2192310,
          "layer": 0,
          "miss_ratio": 0.4742787741800377,
          "reinserted": 392529,
          "req": 4622408
        }
      ],
      "miss_ratio": 0.4742787741800377,
      "req": 4622408
    }
  ],
  "trace": "tencentBlock.ns14254.oracleGeneral.zst"
}