{
  "dram_cache_size": 32,
  "flash_cache_size": 3282,
  "results": [
    {
      "hit": 2720693,
      "iteration": 0,
      "metrics": [
        {
          "admission_treshold": 0,
          "algorithm": "t4auto",
          "byte_inserted": 837917,
          "byte_miss": 837917,
          "byte_read": 2720693,
          "byte_reinserted": 144342,
          "hit": 2720693,
          "inserted": 837917,
          "layer": 0,
          "miss_ratio": 0.23546187977890243,
          "reinserted": 144342,
          "req": 3558610
        }
      ],
      "miss_ratio": 0.23546187977890243,
      "req": 3558610
    }
  ],
  "trace": "tencentBlock.ns7006.oracleGeneral.zst"
}