{
  "dram_cache_size": 21,
  "flash_cache_size": 2133,
  "results": [
    {
      "hit": 1817751,
      "iteration": 0,
      "metrics": [
        {
          "admission_treshold": 0,
          "algorithm": "s3fclock",
          "byte_inserted": 1046317,
          "byte_miss": 1046317,
          "byte_read": 1817751,
          "byte_reinserted": 144229,
          "hit": 1817751,
          "inserted": 1046317,
          "layer": 0,
          "miss_ratio": 0.36532547411583804,
          "reinserted": 144229,
          "req": 2864068
        }
      ],
      "miss_ratio": 0.36532547411583804,
      "req": 2864068
    }
  ],
  "trace": "tencentBlock.ns21168.oracleGeneral.zst"
}