{
  "dram_cache_size": 82,
  "flash_cache_size": 8221,
  "results": [
    {
      "hit": 5682241,
      "iteration": 0,
      "metrics": [
        {
          "admission_treshold": 0,
          "algorithm": "qand-clock",
          "byte_inserted": 2466129,
          "byte_miss": 2466129,
          "byte_read": 5682241,
          "byte_reinserted": 835209,
          "hit": 5682241,
          "inserted": 2466129,
          "layer": 0,
          "miss_ratio": 0.3026530459466127,
          "reinserted": 835209,
          "req": 8148370
        }
      ],
      "miss_ratio": 0.3026530459466127,
      "req": 8148370
    }
  ],
  "trace": "tencentBlock.ns22828.oracleGeneral.zst"
}