{
  "dram_cache_size": 30,
  "flash_cache_size": 3022,
  "results": [
    {
      "hit": 4945619,
      "iteration": 0,
      "metrics": [
        {
          "admission_treshold": 0,
          "algorithm": "d3clock",
          "byte_inserted": 1380162,
          "byte_miss": 1380162,
          "byte_read": 4945619,
          "byte_reinserted": 159105,
          "hit": 4945619,
          "inserted": 1380162,
          "layer": 0,
          "miss_ratio": 0.21818049028254372,
          "reinserted": 159105,
          "req": 6325781
        }
      ],
      "miss_ratio": 0.21818049028254372,
      "req": 6325781
    }
  ],
  "trace": "tencentBlock.ns6631.oracleGeneral.zst"
}