{
  "dram_cache_size": 7,
  "flash_cache_size": 703,
  "results": [
    {
      "hit": 1495509,
      "iteration": 0,
      "metrics": [
        {
          "admission_treshold": 0,
          "algorithm": "sxfifo",
          "byte_inserted": 485876,
          "byte_miss": 485876,
          "byte_read": 1495509,
          "byte_reinserted": 58592,
          "hit": 1495509,
          "inserted": 485876,
          "layer": 0,
          "miss_ratio": 0.24522038876846242,
          "reinserted": 58592,
          "req": 1981385
        }
      ],
      "miss_ratio": 0.24522038876846242,
      "req": 1981385
    }
  ],
  "trace": "tencentBlock.ns10062.oracleGeneral.zst"
}