{
  "dram_cache_size": 58,
  "flash_cache_size": 5842,
  "results": [
    {
      "hit": 1239995,
      "iteration": 0,
      "metrics": [
        {
          "admission_treshold": 0,
          "algorithm": "lru",
          "byte_inserted": 3076610,
          "byte_miss": 3076610,
          "byte_read": 1239995,
          "byte_reinserted": 1239995,
          "hit": 1239995,
          "inserted": 3076610,
          "layer": 0,
          "miss_ratio": 0.7127383673048611,
          "reinserted": 1239995,
          "req": 4316605
        }
      ],
      "miss_ratio": 0.7127383673048611,
      "req": 4316605
    }
  ],
  "trace": "w91.oracleGeneral.bin.zst"
}