{
  "dram_cache_size": 9,
  "flash_cache_size": 960,
  "results": [
    {
      "hit": 5807630,
      "iteration": 0,
      "metrics": [
        {
          "admission_treshold": 0,
          "algorithm": "q3auto",
          "byte_inserted": 284929,
          "byte_miss": 284929,
          "byte_read": 5807630,
          "byte_reinserted": 46307,
          "hit": 5807630,
          "inserted": 284929,
          "layer": 0,
          "miss_ratio": 0.04676671986270464,
          "reinserted": 46307,
          "req": 6092559
        }
      ],
      "miss_ratio": 0.04676671986270464,
      "req": 6092559
    }
  ],
  "trace": "cf_allcolo.ns342.oracleGeneral.zst"
}