{
  "dram_cache_size": 19,
  "flash_cache_size": 1904,
  "results": [
    {
      "hit": 1933433,
      "iteration": 0,
      "metrics": [
        {
          "admission_treshold": 0,
          "algorithm": "s3fclock",
          "byte_inserted": 2431663,
          "byte_miss": 2431663,
          "byte_read": 1933433,
          "byte_reinserted": 493448,
          "hit": 1933433,
          "inserted": 2431663,
          "layer": 0,
          "miss_ratio": 0.557069764330498,
          "reinserted": 493448,
          "req": 4365096
        }
      ],
      "miss_ratio": 0.557069764330498,
      "req": 4365096
    }
  ],
  "trace": "cf_allcolo.ns1193.oracleGeneral.zst"
}