{
  "dram_cache_size": 3,
  "flash_cache_size": 317,
  "results": [
    {
      "hit": 2699342,
      "iteration": 0,
      "metrics": [
        {
          "admission_treshold": 0,
          "algorithm": "gclock",
          "byte_inserted": 2881835,
          "byte_miss": 2881835,
          "byte_read": 2699342,
          "byte_reinserted": 1313962,
          "hit": 2699342,
          "inserted": 2881835,
          "layer": 0,
          "miss_ratio": 0.5163489708353632,
          "reinserted": 1313962,
          "req": 5581177
        }
      ],
      "miss_ratio": 0.5163489708353632,
      "req": 5581177
    }
  ],
  "trace": "cf_allcolo.ns764.oracleGeneral.zst"
}