{
  "dram_cache_size": 1,
  "flash_cache_size": 152,
  "results": [
    {
      "hit": 506872,
      "iteration": 0,
      "metrics": [
        {
          "admission_treshold": 0,
          "algorithm": "s3fclock-sequential",
          "byte_inserted": 1581427,
          "byte_miss": 1581427,
          "byte_read": 506872,
          "byte_reinserted": 78731,
          "hit": 506872,
          "inserted": 1581427,
          "layer": 0,
          "miss_ratio": 0.7572799680505522,
          "reinserted": 78731,
          "req": 2088299
        }
      ],
      "miss_ratio": 0.7572799680505522,
      "req": 2088299
    }
  ],
  "trace": "cf_colo28.ns571.oracleGeneral.zst"
}