{
  "dram_cache_size": 4,
  "flash_cache_size": 440,
  "results": [
    {
      "hit": 2022723,
      "iteration": 0,
      "metrics": [
        {
          "admission_treshold": 0,
          "algorithm": "g2clock",
          "byte_inserted": 125030,
          "byte_miss": 125030,
          "byte_read": 2022723,
          "byte_reinserted": 91510,
          "hit": 2022723,
          "inserted": 125030,
          "layer": 0,
          "miss_ratio": 0.05821432911512636,
          "reinserted": 91510,
          "req": 2147753
        }
      ],
      "miss_ratio": 0.05821432911512636,
      "req": 2147753
    }
  ],
  "trace": "cf_colo28.ns729.oracleGeneral.zst"
}