{
  "dram_cache_size": 181,
  "flash_cache_size": 18131,
  "results": [
    {
      "hit": 11803848,
      "iteration": 0,
      "metrics": [
        {
          "admission_treshold": 0,
          "algorithm": "g2clock",
          "byte_inserted": 3996152,
          "byte_miss": 3996152,
          "byte_read": 11803848,
          "byte_reinserted": 2350758,
          "hit": 11803848,
          "inserted": 3996152,
          "layer": 0,
          "miss_ratio": 0.25292101265822786,
          "reinserted": 2350758,
          "req": 15800000
        }
      ],
      "miss_ratio": 0.25292101265822786,
      "req": 15800000
    }
  ],
  "trace": "io_traces.ns733.oracleGeneral.zst"
}