{
  "dram_cache_size": 17,
  "flash_cache_size": 1759,
  "results": [
    {
      "hit": 959916,
      "iteration": 0,
      "metrics": [
        {
          "admission_treshold": 0,
          "algorithm": "t6auto",
          "byte_inserted": 638502,
          "byte_miss": 638502,
          "byte_read": 959916,
          "byte_reinserted": 90417,
          "hit": 959916,
          "inserted": 638502,
          "layer": 0,
          "miss_ratio": 0.39945871480426276,
          "reinserted": 90417,
          "req": 1598418
        }
      ],
      "miss_ratio": 0.39945871480426276,
      "req": 1598418
    }
  ],
  "trace": "tencentBlock.ns12009.oracleGeneral.zst"
}