{
  "dram_cache_size": 3,
  "flash_cache_size": 381,
  "results": [
    {
      "hit": 1751475,
      "iteration": 0,
      "metrics": [
        {
          "admission_treshold": 0,
          "algorithm": "d3clock",
          "byte_inserted": 120443,
          "byte_miss": 120443,
          "byte_read": 1751475,
          "byte_reinserted": 11175,
          "hit": 1751475,
          "inserted": 120443,
          "layer": 0,
          "miss_ratio": 0.06434202780249987,
          "reinserted": 11175,
          "req": 1871918
        }
      ],
      "miss_ratio": 0.06434202780249987,
      "req": 1871918
    }
  ],
  "trace": "tencentBlock.ns17945.oracleGeneral.zst"
}