{
  "dram_cache_size": 20,
  "flash_cache_size": 2072,
  "results": [
    {
      "hit": 1628779,
      "iteration": 0,
      "metrics": [
        {
          "admission_treshold": 0,
          "algorithm": "dclock",
          "byte_inserted": 656349,
          "byte_miss": 656349,
          "byte_read": 1628779,
          "byte_reinserted": 370178,
          "hit": 1628779,
          "inserted": 656349,
          "layer": 0,
          "miss_ratio": 0.28722636106161226,
          "reinserted": 370178,
          "req": 2285128
        }
      ],
      "miss_ratio": 0.28722636106161226,
      "req": 2285128
    }
  ],
  "trace": "tencentBlock.ns7966.oracleGeneral.zst"
}