{
  "dram_cache_size": 32,
  "flash_cache_size": 3258,
  "results": [
    {
      "hit": 4541082,
      "iteration": 0,
      "metrics": [
        {
          "admission_treshold": 0,
          "algorithm": "g2clock",
          "byte_inserted": 1439484,
          "byte_miss": 1439484,
          "byte_read": 4541082,
          "byte_reinserted": 494571,
          "hit": 4541082,
          "inserted": 1439484,
          "layer": 0,
          "miss_ratio": 0.24069360659175065,
          "reinserted": 494571,
          "req": 5980566
        }
      ],
      "miss_ratio": 0.24069360659175065,
      "req": 5980566
    }
  ],
  "trace": "tencentBlock.ns15725.oracleGeneral.zst"
}