{
  "dram_cache_size": 0,
  "flash_cache_size": 64,
  "results": [
    {
      "hit": 1886453,
      "iteration": 0,
      "metrics": [
        {
          "admission_treshold": 0,
          "algorithm": "d3clock",
          "byte_inserted": 732540,
          "byte_miss": 732540,
          "byte_read": 1886453,
          "byte_reinserted": 506123,
          "hit": 1886453,
          "inserted": 732540,
          "layer": 0,
          "miss_ratio": 0.2797029239864329,
          "reinserted": 506123,
          "req": 2618993
        }
      ],
      "miss_ratio": 0.2797029239864329,
      "req": 2618993
    }
  ],
  "trace": "cf_allcolo.ns3543.oracleGeneral.zst"
}