{
  "dram_cache_size": 1,
  "flash_cache_size": 168,
  "results": [
    {
      "hit": 4182475,
      "iteration": 0,
      "metrics": [
        {
          "admission_treshold": 0,
          "algorithm": "dclock",
          "byte_inserted": 71885,
          "byte_miss": 71885,
          "byte_read": 4182475,
          "byte_reinserted": 31515,
          "hit": 4182475,
          "inserted": 71885,
          "layer": 0,
          "miss_ratio": 0.016896783535008786,
          "reinserted": 31515,
          "req": 4254360
        }
      ],
      "miss_ratio": 0.016896783535008786,
      "req": 4254360
    }
  ],
  "trace": "cf_allcolo.ns197.oracleGeneral.zst"
}