{
  "dram_cache_size": 22,
  "flash_cache_size": 2264,
  "results": [
    {
      "hit": 2533674,
      "iteration": 0,
      "metrics": [
        {
          "admission_treshold": 0,
          "algorithm": "s3fclock-sequential",
          "byte_inserted": 3666326,
          "byte_miss": 3666326,
          "byte_read": 2533674,
          "byte_reinserted": 203890,
          "hit": 2533674,
          "inserted": 3666326,
          "layer": 0,
          "miss_ratio": 0.5913429032258064,
          "reinserted": 203890,
          "req": 6200000
        }
      ],
      "miss_ratio": 0.5913429032258064,
      "req": 6200000
    }
  ],
  "trace": "io_traces.ns63.oracleGeneral.zst"
}