{
  "dram_cache_size": 20,
  "flash_cache_size": 2009,
  "results": [
    {
      "hit": 2435967,
      "iteration": 0,
      "metrics": [
        {
          "admission_treshold": 0,
          "algorithm": "q-clock",
          "byte_inserted": 13564033,
          "byte_miss": 13564033,
          "byte_read": 2435967,
          "byte_reinserted": 852752,
          "hit": 2435967,
          "inserted": 13564033,
          "layer": 0,
          "miss_ratio": 0.8477520625,
          "reinserted": 852752,
          "req": 16000000
        }
      ],
      "miss_ratio": 0.8477520625,
      "req": 16000000
    }
  ],
  "trace": "io_traces.ns170.oracleGeneral.zst"
}