{
  "dram_cache_size": 168,
  "flash_cache_size": 16807,
  "results": [
    {
      "hit": 18630632,
      "iteration": 0,
      "metrics": [
        {
          "admission_treshold": 0,
          "algorithm": "qand-clock-v2",
          "byte_inserted": 3769368,
          "byte_miss": 3769368,
          "byte_read": 18630632,
          "byte_reinserted": 1074476,
          "hit": 18630632,
          "inserted": 3769368,
          "layer": 0,
          "miss_ratio": 0.16827535714285713,
          "reinserted": 1074476,
          "req": 22400000
        }
      ],
      "miss_ratio": 0.16827535714285713,
      "req": 22400000
    }
  ],
  "trace": "io_traces.ns5.oracleGeneral.zst"
}