{
  "dram_cache_size": 156,
  "flash_cache_size": 15636,
  "results": [
    {
      "hit": 8885774,
      "iteration": 0,
      "metrics": [
        {
          "admission_treshold": 0,
          "algorithm": "g2clock",
          "byte_inserted": 3956932,
          "byte_miss": 3956932,
          "byte_read": 8885774,
          "byte_reinserted": 1340846,
          "hit": 8885774,
          "inserted": 3956932,
          "layer": 0,
          "miss_ratio": 0.3081073412410126,
          "reinserted": 1340846,
          "req": 12842706
        }
      ],
      "miss_ratio": 0.3081073412410126,
      "req": 12842706
    }
  ],
  "trace": "tencentBlock.ns8152.oracleGeneral.zst"
}