{
  "dram_cache_size": 39,
  "flash_cache_size": 3937,
  "results": [
    {
      "hit": 2625201,
      "iteration": 0,
      "metrics": [
        {
          "admission_treshold": 0,
          "algorithm": "gclock",
          "byte_inserted": 1172225,
          "byte_miss": 1172225,
          "byte_read": 2625201,
          "byte_reinserted": 1284926,
          "hit": 2625201,
          "inserted": 1172225,
          "layer": 0,
          "miss_ratio": 0.3086893595819905,
          "reinserted": 1284926,
          "req": 3797426
        }
      ],
      "miss_ratio": 0.3086893595819905,
      "req": 3797426
    }
  ],
  "trace": "tencentBlock.ns15765.oracleGeneral.zst"
}