{
  "dram_cache_size": 14,
  "flash_cache_size": 1483,
  "results": [
    {
      "hit": 2482311,
      "iteration": 0,
      "metrics": [
        {
          "admission_treshold": 0,
          "algorithm": "q2auto",
          "byte_inserted": 609684,
          "byte_miss": 609684,
          "byte_read": 2482311,
          "byte_reinserted": 120243,
          "hit": 2482311,
          "inserted": 609684,
          "layer": 0,
          "miss_ratio": 0.1971814314059369,
          "reinserted": 120243,
          "req": 3091995
        }
      ],
      "miss_ratio": 0.1971814314059369,
      "req": 3091995
    }
  ],
  "trace": "tencentBlock.ns9698.oracleGeneral.zst"
}