{
  "dram_cache_size": 51,
  "flash_cache_size": 5185,
  "results": [
    {
      "hit": 8535023,
      "iteration": 0,
      "metrics": [
        {
          "admission_treshold": 0,
          "algorithm": "t2auto",
          "byte_inserted": 1636092,
          "byte_miss": 1636092,
          "byte_read": 8535023,
          "byte_reinserted": 147443,
          "hit": 8535023,
          "inserted": 1636092,
          "layer": 0,
          "miss_ratio": 0.16085670056822676,
          "reinserted": 147443,
          "req": 10171115
        }
      ],
      "miss_ratio": 0.16085670056822676,
      "req": 10171115
    }
  ],
  "trace": "tencentBlock.ns3304.oracleGeneral.zst"
}