{
  "dram_cache_size": 22,
  "flash_cache_size": 2262,
  "results": [
    {
      "hit": 2454497,
      "iteration": 0,
      "metrics": [
        {
          "admission_treshold": 0,
          "algorithm": "gclock",
          "byte_inserted": 1442247,
          "byte_miss": 1442247,
          "byte_read": 2454497,
          "byte_reinserted": 1192762,
          "hit": 2454497,
          "inserted": 1442247,
          "layer": 0,
          "miss_ratio": 0.3701159224213857,
          "reinserted": 1192762,
          "req": 3896744
        }
      ],
      "miss_ratio": 0.3701159224213857,
      "req": 3896744
    }
  ],
  "trace": "tencentBlock.ns18188.oracleGeneral.zst"
}