{
  "dram_cache_size": 8,
  "flash_cache_size": 873,
  "results": [
    {
      "hit": 1380701,
      "iteration": 0,
      "metrics": [
        {
          "admission_treshold": 0,
          "algorithm": "clock",
          "byte_inserted": 518255,
          "byte_miss": 518255,
          "byte_read": 1380701,
          "byte_reinserted": 264412,
          "hit": 1380701,
          "inserted": 518255,
          "layer": 0,
          "miss_ratio": 0.2729157494960389,
          "reinserted": 264412,
          "req": 1898956
        }
      ],
      "miss_ratio": 0.2729157494960389,
      "req": 1898956
    }
  ],
  "trace": "tencentBlock.ns18144.oracleGeneral.zst"
}