{
  "dram_cache_size": 151,
  "flash_cache_size": 15193,
  "results": [
    {
      "hit": 7045953,
      "iteration": 0,
      "metrics": [
        {
          "admission_treshold": 0,
          "algorithm": "d3clock",
          "byte_inserted": 3660186,
          "byte_miss": 3660186,
          "byte_read": 7045953,
          "byte_reinserted": 951363,
          "hit": 7045953,
          "inserted": 3660186,
          "layer": 0,
          "miss_ratio": 0.3418773098313034,
          "reinserted": 951363,
          "req": 10706139
        }
      ],
      "miss_ratio": 0.3418773098313034,
      "req": 10706139
    }
  ],
  "trace": "tencentBlock.ns11034.oracleGeneral.zst"
}