{
  "dram_cache_size": 2,
  "flash_cache_size": 294,
  "results": [
    {
      "hit": 17008884,
      "iteration": 0,
      "metrics": [
        {
          "admission_treshold": 0,
          "algorithm": "d3clock",
          "byte_inserted": 2758624,
          "byte_miss": 2758624,
          "byte_read": 17008884,
          "byte_reinserted": 3498170,
          "hit": 17008884,
          "inserted": 2758624,
          "layer": 0,
          "miss_ratio": 0.1395534530705641,
          "reinserted": 3498170,
          "req": 19767508
        }
      ],
      "miss_ratio": 0.1395534530705641,
      "req": 19767508
    }
  ],
  "trace": "cf_allcolo.ns72.oracleGeneral.zst"
}