{
  "dram_cache_size": 17,
  "flash_cache_size": 1788,
  "results": [
    {
      "hit": 2175795,
      "iteration": 0,
      "metrics": [
        {
          "admission_treshold": 0,
          "algorithm": "g2clock",
          "byte_inserted": 622698,
          "byte_miss": 622698,
          "byte_read": 2175795,
          "byte_reinserted": 62206,
          "hit": 2175795,
          "inserted": 622698,
          "layer": 0,
          "miss_ratio": 0.22251190194150927,
          "reinserted": 62206,
          "req": 2798493
        }
      ],
      "miss_ratio": 0.22251190194150927,
      "req": 2798493
    }
  ],
  "trace": "cf_allcolo.ns1268.oracleGeneral.zst"
}