{
  "dram_cache_size": 12,
  "flash_cache_size": 1218,
  "results": [
    {
      "hit": 942329,
      "iteration": 0,
      "metrics": [
        {
          "admission_treshold": 0,
          "algorithm": "gclock",
          "byte_inserted": 523014,
          "byte_miss": 523014,
          "byte_read": 942329,
          "byte_reinserted": 49869,
          "hit": 942329,
          "inserted": 523014,
          "layer": 0,
          "miss_ratio": 0.3569225771713517,
          "reinserted": 49869,
          "req": 1465343
        }
      ],
      "miss_ratio": 0.3569225771713517,
      "req": 1465343
    }
  ],
  "trace": "tencentBlock.ns12637.oracleGeneral.zst"
}