{
  "dram_cache_size": 90,
  "flash_cache_size": 9092,
  "results": [
    {
      "hit": 6522503,
      "iteration": 0,
      "metrics": [
        {
          "admission_treshold": 0,
          "algorithm": "gclock",
          "byte_inserted": 4622948,
          "byte_miss": 4622948,
          "byte_read": 6522503,
          "byte_reinserted": 1211507,
          "hit": 6522503,
          "inserted": 4622948,
          "layer": 0,
          "miss_ratio": 0.41478339458851865,
          "reinserted": 1211507,
          "req": 11145451
        }
      ],
      "miss_ratio": 0.41478339458851865,
      "req": 11145451
    }
  ],
  "trace": "tencentBlock.ns8353.oracleGeneral.zst"
}