{
  "dram_cache_size": 29,
  "flash_cache_size": 2939,
  "results": [
    {
      "hit": 2063713,
      "iteration": 0,
      "metrics": [
        {
          "admission_treshold": 0,
          "algorithm": "t2auto",
          "byte_inserted": 1200536,
          "byte_miss": 1200536,
          "byte_read": 2063713,
          "byte_reinserted": 236357,
          "hit": 2063713,
          "inserted": 1200536,
          "layer": 0,
          "miss_ratio": 0.36778321751802634,
          "reinserted": 236357,
          "req": 3264249
        }
      ],
      "miss_ratio": 0.36778321751802634,
      "req": 3264249
    }
  ],
  "trace": "tencentBlock.ns14843.oracleGeneral.zst"
}