{
  "dram_cache_size": 87,
  "flash_cache_size": 8735,
  "results": [
    {
      "hit": 3604533,
      "iteration": 0,
      "metrics": [
        {
          "admission_treshold": 0,
          "algorithm": "clock",
          "byte_inserted": 3387116,
          "byte_miss": 3387116,
          "byte_read": 3604533,
          "byte_reinserted": 1276923,
          "hit": 3604533,
          "inserted": 3387116,
          "layer": 0,
          "miss_ratio": 0.48445166512220506,
          "reinserted": 1276923,
          "req": 6991649
        }
      ],
      "miss_ratio": 0.48445166512220506,
      "req": 6991649
    }
  ],
  "trace": "tencentBlock.ns9133.oracleGeneral.zst"
}