{
  "dram_cache_size": 64,
  "flash_cache_size": 6477,
  "results": [
    {
      "hit": 1131195,
      "iteration": 0,
      "metrics": [
        {
          "admission_treshold": 0,
          "algorithm": "gclock",
          "byte_inserted": 1704616,
          "byte_miss": 1704616,
          "byte_read": 1131195,
          "byte_reinserted": 93701,
          "hit": 1131195,
          "inserted": 1704616,
          "layer": 0,
          "miss_ratio": 0.6011035291138938,
          "reinserted": 93701,
          "req": 2835811
        }
      ],
      "miss_ratio": 0.6011035291138938,
      "req": 2835811
    }
  ],
  "trace": "tencentBlock.ns17452.oracleGeneral.zst"
}