{
  "dram_cache_size": 7,
  "flash_cache_size": 791,
  "results": [
    {
      "hit": 447445,
      "iteration": 0,
      "metrics": [
        {
          "admission_treshold": 0,
          "algorithm": "sxfifo",
          "byte_inserted": 1337105,
          "byte_miss": 1337105,
          "byte_read": 447445,
          "byte_reinserted": 21126,
          "hit": 447445,
          "inserted": 1337105,
          "layer": 0,
          "miss_ratio": 0.7492673222941357,
          "reinserted": 21126,
          "req": 1784550
        }
      ],
      "miss_ratio": 0.7492673222941357,
      "req": 1784550
    }
  ],
  "trace": "tencentBlock.ns6295.oracleGeneral.zst"
}