{
  "dram_cache_size": 69,
  "flash_cache_size": 6904,
  "results": [
    {
      "hit": 2008291,
      "iteration": 0,
      "metrics": [
        {
          "admission_treshold": 0,
          "algorithm": "clock",
          "byte_inserted": 1200197,
          "byte_miss": 1200197,
          "byte_read": 2008291,
          "byte_reinserted": 1804345,
          "hit": 2008291,
          "inserted": 1200197,
          "layer": 0,
          "miss_ratio": 0.3740693435661907,
          "reinserted": 1804345,
          "req": 3208488
        }
      ],
      "miss_ratio": 0.3740693435661907,
      "req": 3208488
    }
  ],
  "trace": "tencentBlock.ns6246.oracleGeneral.zst"
}