{
  "dram_cache_size": 9,
  "flash_cache_size": 908,
  "results": [
    {
      "hit": 5629971,
      "iteration": 0,
      "metrics": [
        {
          "admission_treshold": 0,
          "algorithm": "s3fclock",
          "byte_inserted": 205306,
          "byte_miss": 205306,
          "byte_read": 5629971,
          "byte_reinserted": 13689,
          "hit": 5629971,
          "inserted": 205306,
          "layer": 0,
          "miss_ratio": 0.03518359111315539,
          "reinserted": 13689,
          "req": 5835277
        }
      ],
      "miss_ratio": 0.03518359111315539,
      "req": 5835277
    }
  ],
  "trace": "cf_allcolo.ns2874.oracleGeneral.zst"
}