{
  "dram_cache_size": 0,
  "flash_cache_size": 21,
  "results": [
    {
      "hit": 2706434,
      "iteration": 0,
      "metrics": [
        {
          "admission_treshold": 0,
          "algorithm": "gclock",
          "byte_inserted": 298179,
          "byte_miss": 298179,
          "byte_read": 2706434,
          "byte_reinserted": 485701,
          "hit": 2706434,
          "inserted": 298179,
          "layer": 0,
          "miss_ratio": 0.09924040134286849,
          "reinserted": 485701,
          "req": 3004613
        }
      ],
      "miss_ratio": 0.09924040134286849,
      "req": 3004613
    }
  ],
  "trace": "cf_allcolo.ns305.oracleGeneral.zst"
}