{
  "dram_cache_size": 35,
  "flash_cache_size": 3536,
  "results": [
    {
      "hit": 548448,
      "iteration": 0,
      "metrics": [
        {
          "admission_treshold": 0,
          "algorithm": "sxfifo",
          "byte_inserted": 2827593,
          "byte_miss": 2827593,
          "byte_read": 548448,
          "byte_reinserted": 142103,
          "hit": 548448,
          "inserted": 2827593,
          "layer": 0,
          "miss_ratio": 0.8375469966152662,
          "reinserted": 142103,
          "req": 3376041
        }
      ],
      "miss_ratio": 0.8375469966152662,
      "req": 3376041
    }
  ],
  "trace": "tencentBlock.ns2207.oracleGeneral.zst"
}