{
  "dram_cache_size": 13,
  "flash_cache_size": 1304,
  "results": [
    {
      "hit": 668200,
      "iteration": 0,
      "metrics": [
        {
          "admission_treshold": 0,
          "algorithm": "gclock",
          "byte_inserted": 596739,
          "byte_miss": 596739,
          "byte_read": 668200,
          "byte_reinserted": 30835,
          "hit": 668200,
          "inserted": 596739,
          "layer": 0,
          "miss_ratio": 0.47175318335508665,
          "reinserted": 30835,
          "req": 1264939
        }
      ],
      "miss_ratio": 0.47175318335508665,
      "req": 1264939
    }
  ],
  "trace": "tencentBlock.ns19434.oracleGeneral.zst"
}