{
  "dram_cache_size": 6,
  "flash_cache_size": 616,
  "results": [
    {
      "hit": 1491392,
      "iteration": 0,
      "metrics": [
        {
          "admission_treshold": 0,
          "algorithm": "dclock",
          "byte_inserted": 332773,
          "byte_miss": 332773,
          "byte_read": 1491392,
          "byte_reinserted": 449923,
          "hit": 1491392,
          "inserted": 332773,
          "layer": 0,
          "miss_ratio": 0.1824248354726683,
          "reinserted": 449923,
          "req": 1824165
        }
      ],
      "miss_ratio": 0.1824248354726683,
      "req": 1824165
    }
  ],
  "trace": "tencentBlock.ns3897.oracleGeneral.zst"
}