{
  "dram_cache_size": 266,
  "flash_cache_size": 26602,
  "results": [
    {
      "hit": 20562898,
      "iteration": 0,
      "metrics": [
        {
          "admission_treshold": 0,
          "algorithm": "gclock",
          "byte_inserted": 24458894,
          "byte_miss": 24458894,
          "byte_read": 20562898,
          "byte_reinserted": 6055382,
          "hit": 20562898,
          "inserted": 24458894,
          "layer": 0,
          "miss_ratio": 0.5432678912469766,
          "reinserted": 6055382,
          "req": 45021792
        }
      ],
      "miss_ratio": 0.5432678912469766,
      "req": 45021792
    }
  ],
  "trace": "tencentBlock.ns1552.oracleGeneral.zst"
}