{
  "dram_cache_size": 2,
  "flash_cache_size": 225,
  "results": [
    {
      "hit": 8437911,
      "iteration": 0,
      "metrics": [
        {
          "admission_treshold": 0,
          "algorithm": "dclock",
          "byte_inserted": 271954,
          "byte_miss": 271954,
          "byte_read": 8437911,
          "byte_reinserted": 38190,
          "hit": 8437911,
          "inserted": 271954,
          "layer": 0,
          "miss_ratio": 0.03122367568268858,
          "reinserted": 38190,
          "req": 8709865
        }
      ],
      "miss_ratio": 0.03122367568268858,
      "req": 8709865
    }
  ],
  "trace": "cf_allcolo.ns952.oracleGeneral.zst"
}