{
  "dram_cache_size": 28,
  "flash_cache_size": 2853,
  "results": [
    {
      "hit": 7234905,
      "iteration": 0,
      "metrics": [
        {
          "admission_treshold": 0,
          "algorithm": "s3fclock",
          "byte_inserted": 285791,
          "byte_miss": 285791,
          "byte_read": 7234905,
          "byte_reinserted": 115,
          "hit": 7234905,
          "inserted": 285791,
          "layer": 0,
          "miss_ratio": 0.03800060526312987,
          "reinserted": 115,
          "req": 7520696
        }
      ],
      "miss_ratio": 0.03800060526312987,
      "req": 7520696
    }
  ],
  "trace": "cf_colo28.ns1383.oracleGeneral.zst"
}