{
  "dram_cache_size": 11,
  "flash_cache_size": 1155,
  "results": [
    {
      "hit": 1572873,
      "iteration": 0,
      "metrics": [
        {
          "admission_treshold": 0,
          "algorithm": "dclock",
          "byte_inserted": 1027127,
          "byte_miss": 1027127,
          "byte_read": 1572873,
          "byte_reinserted": 30170,
          "hit": 1572873,
          "inserted": 1027127,
          "layer": 0,
          "miss_ratio": 0.39504884615384617,
          "reinserted": 30170,
          "req": 2600000
        }
      ],
      "miss_ratio": 0.39504884615384617,
      "req": 2600000
    }
  ],
  "trace": "io_traces.ns337.oracleGeneral.zst"
}