{
  "dram_cache_size": 56,
  "flash_cache_size": 5666,
  "results": [
    {
      "hit": 2157242,
      "iteration": 0,
      "metrics": [
        {
          "admission_treshold": 0,
          "algorithm": "gclock",
          "byte_inserted": 2468833,
          "byte_miss": 2468833,
          "byte_read": 2157242,
          "byte_reinserted": 377982,
          "hit": 2157242,
          "inserted": 2468833,
          "layer": 0,
          "miss_ratio": 0.5336776857271013,
          "reinserted": 377982,
          "req": 4626075
        }
      ],
      "miss_ratio": 0.5336776857271013,
      "req": 4626075
    }
  ],
  "trace": "tencentBlock.ns5346.oracleGeneral.zst"
}