{
  "dram_cache_size": 35,
  "flash_cache_size": 3574,
  "results": [
    {
      "hit": 1313035,
      "iteration": 0,
      "metrics": [
        {
          "admission_treshold": 0,
          "algorithm": "g2clock",
          "byte_inserted": 905178,
          "byte_miss": 905178,
          "byte_read": 1313035,
          "byte_reinserted": 117857,
          "hit": 1313035,
          "inserted": 905178,
          "layer": 0,
          "miss_ratio": 0.4080663128383072,
          "reinserted": 117857,
          "req": 2218213
        }
      ],
      "miss_ratio": 0.4080663128383072,
      "req": 2218213
    }
  ],
  "trace": "tencentBlock.ns19702.oracleGeneral.zst"
}