{
  "dram_cache_size": 59,
  "flash_cache_size": 5964,
  "results": [
    {
      "hit": 822016,
      "iteration": 0,
      "metrics": [
        {
          "admission_treshold": 0,
          "algorithm": "gclock",
          "byte_inserted": 1854641,
          "byte_miss": 1854641,
          "byte_read": 822016,
          "byte_reinserted": 27782,
          "hit": 822016,
          "inserted": 1854641,
          "layer": 0,
          "miss_ratio": 0.6928945322467541,
          "reinserted": 27782,
          "req": 2676657
        }
      ],
      "miss_ratio": 0.6928945322467541,
      "req": 2676657
    }
  ],
  "trace": "tencentBlock.ns7859.oracleGeneral.zst"
}