{
  "dram_cache_size": 229,
  "flash_cache_size": 22997,
  "results": [
    {
      "hit": 22881059,
      "iteration": 0,
      "metrics": [
        {
          "admission_treshold": 0,
          "algorithm": "time-auto",
          "byte_inserted": 31001082,
          "byte_miss": 31001082,
          "byte_read": 22881059,
          "byte_reinserted": 28074980,
          "hit": 22881059,
          "inserted": 31001082,
          "layer": 0,
          "miss_ratio": 0.575349854787693,
          "reinserted": 28074980,
          "req": 53882141
        }
      ],
      "miss_ratio": 0.575349854787693,
      "req": 53882141
    }
  ],
  "trace": "tencentBlock.ns3443.oracleGeneral.zst"
}