{
  "dram_cache_size": 12,
  "flash_cache_size": 1243,
  "results": [
    {
      "hit": 673708,
      "iteration": 0,
      "metrics": [
        {
          "admission_treshold": 0,
          "algorithm": "g2clock",
          "byte_inserted": 580769,
          "byte_miss": 580769,
          "byte_read": 673708,
          "byte_reinserted": 35789,
          "hit": 673708,
          "inserted": 580769,
          "layer": 0,
          "miss_ratio": 0.4629570729475311,
          "reinserted": 35789,
          "req": 1254477
        }
      ],
      "miss_ratio": 0.4629570729475311,
      "req": 1254477
    }
  ],
  "trace": "tencentBlock.ns6709.oracleGeneral.zst"
}