{
  "dram_cache_size": 20041,
  "flash_cache_size": 2004100,
  "results": [
    {
      "hit": 808358090,
      "iteration": 0,
      "metrics": [
        {
          "admission_treshold": 0,
          "algorithm": "gclock",
          "byte_inserted": 227692088,
          "byte_miss": 227692088,
          "byte_read": 808358090,
          "byte_reinserted": 36869330,
          "hit": 808358090,
          "inserted": 227692088,
          "layer": 0,
          "miss_ratio": 0.2197693633329022,
          "reinserted": 36869330,
          "req": 1036050178
        }
      ],
      "miss_ratio": 0.2197693633329022,
      "req": 1036050178
    }
  ],
  "trace": "botmaker_2_cache.0.oracleGeneral.sample10.zst"
}