{
  "dram_cache_size": 92,
  "flash_cache_size": 9296,
  "results": [
    {
      "hit": 11785472,
      "iteration": 0,
      "metrics": [
        {
          "admission_treshold": 0,
          "algorithm": "t2auto",
          "byte_inserted": 4411627,
          "byte_miss": 4411627,
          "byte_read": 11785472,
          "byte_reinserted": 1570231,
          "hit": 11785472,
          "inserted": 4411627,
          "layer": 0,
          "miss_ratio": 0.27237142898243694,
          "reinserted": 1570231,
          "req": 16197099
        }
      ],
      "miss_ratio": 0.27237142898243694,
      "req": 16197099
    }
  ],
  "trace": "cf_allcolo.ns1273.oracleGeneral.zst"
}