{
  "dram_cache_size": 0,
  "flash_cache_size": 22,
  "results": [
    {
      "hit": 445099,
      "iteration": 0,
      "metrics": [
        {
          "admission_treshold": 0,
          "algorithm": "gclock",
          "byte_inserted": 1270871,
          "byte_miss": 1270871,
          "byte_read": 445099,
          "byte_reinserted": 253582,
          "hit": 445099,
          "inserted": 1270871,
          "layer": 0,
          "miss_ratio": 0.7406137636438865,
          "reinserted": 253582,
          "req": 1715970
        }
      ],
      "miss_ratio": 0.7406137636438865,
      "req": 1715970
    }
  ],
  "trace": "cf_colo28.ns802.oracleGeneral.zst"
}