{
  "dram_cache_size": 43,
  "flash_cache_size": 4368,
  "results": [
    {
      "hit": 2714622,
      "iteration": 0,
      "metrics": [
        {
          "admission_treshold": 0,
          "algorithm": "qand-clock-v2",
          "byte_inserted": 1387045,
          "byte_miss": 1387045,
          "byte_read": 2714622,
          "byte_reinserted": 159268,
          "hit": 2714622,
          "inserted": 1387045,
          "layer": 0,
          "miss_ratio": 0.33816616512261966,
          "reinserted": 159268,
          "req": 4101667
        }
      ],
      "miss_ratio": 0.33816616512261966,
      "req": 4101667
    }
  ],
  "trace": "tencentBlock.ns8639.oracleGeneral.zst"
}