{
  "dram_cache_size": 266,
  "flash_cache_size": 26602,
  "results": [
    {
      "hit": 20347300,
      "iteration": 0,
      "metrics": [
        {
          "admission_treshold": 0,
          "algorithm": "d3clock",
          "byte_inserted": 24674492,
          "byte_miss": 24674492,
          "byte_read": 20347300,
          "byte_reinserted": 3757327,
          "hit": 20347300,
          "inserted": 24674492,
          "layer": 0,
          "miss_ratio": 0.5480566388827881,
          "reinserted": 3757327,
          "req": 45021792
        }
      ],
      "miss_ratio": 0.5480566388827881,
      "req": 45021792
    }
  ],
  "trace": "tencentBlock.ns1552.oracleGeneral.zst"
}