{
  "dram_cache_size": 12,
  "flash_cache_size": 1209,
  "results": [
    {
      "hit": 1648360,
      "iteration": 0,
      "metrics": [
        {
          "admission_treshold": 0,
          "algorithm": "t4auto",
          "byte_inserted": 936653,
          "byte_miss": 936653,
          "byte_read": 1648360,
          "byte_reinserted": 99055,
          "hit": 1648360,
          "inserted": 936653,
          "layer": 0,
          "miss_ratio": 0.36233976386192257,
          "reinserted": 99055,
          "req": 2585013
        }
      ],
      "miss_ratio": 0.36233976386192257,
      "req": 2585013
    }
  ],
  "trace": "tencentBlock.ns6269.oracleGeneral.zst"
}