{
  "dram_cache_size": 8,
  "flash_cache_size": 852,
  "results": [
    {
      "hit": 1777710,
      "iteration": 0,
      "metrics": [
        {
          "admission_treshold": 0,
          "algorithm": "q-clock",
          "byte_inserted": 492200,
          "byte_miss": 492200,
          "byte_read": 1777710,
          "byte_reinserted": 76376,
          "hit": 1777710,
          "inserted": 492200,
          "layer": 0,
          "miss_ratio": 0.2168367908859823,
          "reinserted": 76376,
          "req": 2269910
        }
      ],
      "miss_ratio": 0.2168367908859823,
      "req": 2269910
    }
  ],
  "trace": "tencentBlock.ns7882.oracleGeneral.zst"
}