{
  "dram_cache_size": 10,
  "flash_cache_size": 1009,
  "results": [
    {
      "hit": 1482896,
      "iteration": 0,
      "metrics": [
        {
          "admission_treshold": 0,
          "algorithm": "g2clock",
          "byte_inserted": 1374052,
          "byte_miss": 1374052,
          "byte_read": 1482896,
          "byte_reinserted": 664669,
          "hit": 1482896,
          "inserted": 1374052,
          "layer": 0,
          "miss_ratio": 0.4809510008582585,
          "reinserted": 664669,
          "req": 2856948
        }
      ],
      "miss_ratio": 0.4809510008582585,
      "req": 2856948
    }
  ],
  "trace": "tencentBlock.ns3493.oracleGeneral.zst"
}