{
  "dram_cache_size": 13,
  "flash_cache_size": 1384,
  "results": [
    {
      "hit": 793860,
      "iteration": 0,
      "metrics": [
        {
          "admission_treshold": 0,
          "algorithm": "d3clock",
          "byte_inserted": 521819,
          "byte_miss": 521819,
          "byte_read": 793860,
          "byte_reinserted": 83433,
          "hit": 793860,
          "inserted": 521819,
          "layer": 0,
          "miss_ratio": 0.3966157398575184,
          "reinserted": 83433,
          "req": 1315679
        }
      ],
      "miss_ratio": 0.3966157398575184,
      "req": 1315679
    }
  ],
  "trace": "tencentBlock.ns18722.oracleGeneral.zst"
}