{
  "dram_cache_size": 65,
  "flash_cache_size": 6509,
  "results": [
    {
      "hit": 2533947,
      "iteration": 0,
      "metrics": [
        {
          "admission_treshold": 0,
          "algorithm": "clock",
          "byte_inserted": 3270382,
          "byte_miss": 3270382,
          "byte_read": 2533947,
          "byte_reinserted": 990411,
          "hit": 2533947,
          "inserted": 3270382,
          "layer": 0,
          "miss_ratio": 0.5634384267328747,
          "reinserted": 990411,
          "req": 5804329
        }
      ],
      "miss_ratio": 0.5634384267328747,
      "req": 5804329
    }
  ],
  "trace": "tencentBlock.ns21812.oracleGeneral.zst"
}