{
  "dram_cache_size": 27,
  "flash_cache_size": 2790,
  "results": [
    {
      "hit": 1799947,
      "iteration": 0,
      "metrics": [
        {
          "admission_treshold": 0,
          "algorithm": "time-auto",
          "byte_inserted": 357053,
          "byte_miss": 357053,
          "byte_read": 1799947,
          "byte_reinserted": 170152,
          "hit": 1799947,
          "inserted": 357053,
          "layer": 0,
          "miss_ratio": 0.16553222067686602,
          "reinserted": 170152,
          "req": 2157000
        }
      ],
      "miss_ratio": 0.16553222067686602,
      "req": 2157000
    }
  ],
  "trace": "akamai_sjc.ns503.oracleGeneral.bin.zst"
}