{
  "dram_cache_size": 13332,
  "flash_cache_size": 1333228,
  "results": [
    {
      "hit": 1929144,
      "iteration": 0,
      "metrics": [
        {
          "admission_treshold": 0,
          "algorithm": "qauto",
          "byte_inserted": 24643539098,
          "byte_miss": 24643539098,
          "byte_read": 32364615831,
          "byte_reinserted": 10122549088,
          "hit": 1929144,
          "inserted": 1030892,
          "layer": 0,
          "miss_ratio": 0.34827008860703046,
          "reinserted": 623899,
          "req": 2960036
        }
      ],
      "miss_ratio": 0.34827008860703046,
      "req": 2960036
    }
  ],
  "trace": "cf_allcolo.ns975.oracleGeneral.zst"
}