{
  "dram_cache_size": 1,
  "flash_cache_size": 110,
  "results": [
    {
      "hit": 2393541,
      "iteration": 0,
      "metrics": [
        {
          "admission_treshold": 0,
          "algorithm": "qauto",
          "byte_inserted": 45278,
          "byte_miss": 45278,
          "byte_read": 2393541,
          "byte_reinserted": 49632,
          "hit": 2393541,
          "inserted": 45278,
          "layer": 0,
          "miss_ratio": 0.01856554340441008,
          "reinserted": 49632,
          "req": 2438819
        }
      ],
      "miss_ratio": 0.01856554340441008,
      "req": 2438819
    }
  ],
  "trace": "cf_allcolo.ns2879.oracleGeneral.zst"
}