{
  "dram_cache_size": 18,
  "flash_cache_size": 1842,
  "results": [
    {
      "hit": 1200448,
      "iteration": 0,
      "metrics": [
        {
          "admission_treshold": 0,
          "algorithm": "sxfifo",
          "byte_inserted": 1147231,
          "byte_miss": 1147231,
          "byte_read": 1200448,
          "byte_reinserted": 181918,
          "hit": 1200448,
          "inserted": 1147231,
          "layer": 0,
          "miss_ratio": 0.48866603994839153,
          "reinserted": 181918,
          "req": 2347679
        }
      ],
      "miss_ratio": 0.48866603994839153,
      "req": 2347679
    }
  ],
  "trace": "cf_colo28.ns492.oracleGeneral.zst"
}