{
  "dram_cache_size": 76,
  "flash_cache_size": 7632,
  "results": [
    {
      "hit": 163822584,
      "iteration": 0,
      "metrics": [
        {
          "admission_treshold": 0,
          "algorithm": "sxfifo",
          "byte_inserted": 70656750,
          "byte_miss": 70656750,
          "byte_read": 163822584,
          "byte_reinserted": 57145628,
          "hit": 163822584,
          "inserted": 70656750,
          "layer": 0,
          "miss_ratio": 0.30133465834562634,
          "reinserted": 57145628,
          "req": 234479334
        }
      ],
      "miss_ratio": 0.30133465834562634,
      "req": 234479334
    }
  ],
  "trace": "ntab_device_follow_tweet_hydration_cache.1.oracleGeneral.sample10.zst"
}