{
  "dram_cache_size": 225,
  "flash_cache_size": 22500,
  "results": [
    {
      "hit": 25085000,
      "iteration": 0,
      "metrics": [
        {
          "admission_treshold": 0,
          "algorithm": "g2clock",
          "byte_inserted": 31759956,
          "byte_miss": 31759956,
          "byte_read": 25085000,
          "byte_reinserted": 18864765,
          "hit": 25085000,
          "inserted": 31759956,
          "layer": 0,
          "miss_ratio": 0.5587119462279115,
          "reinserted": 18864765,
          "req": 56844956
        }
      ],
      "miss_ratio": 0.5587119462279115,
      "req": 56844956
    }
  ],
  "trace": "tencentBlock.ns2109.oracleGeneral.zst"
}