{
  "dram_cache_size": 24,
  "flash_cache_size": 2436,
  "results": [
    {
      "hit": 1642208,
      "iteration": 0,
      "metrics": [
        {
          "admission_treshold": 0,
          "algorithm": "gclock",
          "byte_inserted": 1144567,
          "byte_miss": 1144567,
          "byte_read": 1642208,
          "byte_reinserted": 123611,
          "hit": 1642208,
          "inserted": 1144567,
          "layer": 0,
          "miss_ratio": 0.41071381794368045,
          "reinserted": 123611,
          "req": 2786775
        }
      ],
      "miss_ratio": 0.41071381794368045,
      "req": 2786775
    }
  ],
  "trace": "tencentBlock.ns17722.oracleGeneral.zst"
}