{
  "dram_cache_size": 41,
  "flash_cache_size": 4150,
  "results": [
    {
      "hit": 2060660,
      "iteration": 0,
      "metrics": [
        {
          "admission_treshold": 0,
          "algorithm": "t3auto",
          "byte_inserted": 1556873,
          "byte_miss": 1556873,
          "byte_read": 2060660,
          "byte_reinserted": 290585,
          "hit": 2060660,
          "inserted": 1556873,
          "layer": 0,
          "miss_ratio": 0.4303687070719189,
          "reinserted": 290585,
          "req": 3617533
        }
      ],
      "miss_ratio": 0.4303687070719189,
      "req": 3617533
    }
  ],
  "trace": "tencentBlock.ns20808.oracleGeneral.zst"
}