{
  "dram_cache_size": 13,
  "flash_cache_size": 1384,
  "results": [
    {
      "hit": 794273,
      "iteration": 0,
      "metrics": [
        {
          "admission_treshold": 0,
          "algorithm": "g2clock",
          "byte_inserted": 521406,
          "byte_miss": 521406,
          "byte_read": 794273,
          "byte_reinserted": 23056,
          "hit": 794273,
          "inserted": 521406,
          "layer": 0,
          "miss_ratio": 0.3963018335019408,
          "reinserted": 23056,
          "req": 1315679
        }
      ],
      "miss_ratio": 0.3963018335019408,
      "req": 1315679
    }
  ],
  "trace": "tencentBlock.ns18722.oracleGeneral.zst"
}