{
  "dram_cache_size": 4,
  "flash_cache_size": 442,
  "results": [
    {
      "hit": 1065161,
      "iteration": 0,
      "metrics": [
        {
          "admission_treshold": 0,
          "algorithm": "gclock",
          "byte_inserted": 240256,
          "byte_miss": 240256,
          "byte_read": 1065161,
          "byte_reinserted": 66475,
          "hit": 1065161,
          "inserted": 240256,
          "layer": 0,
          "miss_ratio": 0.1840454046484763,
          "reinserted": 66475,
          "req": 1305417
        }
      ],
      "miss_ratio": 0.1840454046484763,
      "req": 1305417
    }
  ],
  "trace": "tencentBlock.ns17102.oracleGeneral.zst"
}