{
  "dram_cache_size": 51,
  "flash_cache_size": 5125,
  "results": [
    {
      "hit": 2184793,
      "iteration": 0,
      "metrics": [
        {
          "admission_treshold": 0,
          "algorithm": "clock",
          "byte_inserted": 610741,
          "byte_miss": 610741,
          "byte_read": 2184793,
          "byte_reinserted": 1421988,
          "hit": 2184793,
          "inserted": 610741,
          "layer": 0,
          "miss_ratio": 0.21847024575626695,
          "reinserted": 1421988,
          "req": 2795534
        }
      ],
      "miss_ratio": 0.21847024575626695,
      "req": 2795534
    }
  ],
  "trace": "akamai_sjc.ns23.oracleGeneral.bin.zst"
}