{
  "dram_cache_size": 428,
  "flash_cache_size": 42818,
  "results": [
    {
      "hit": 4961593,
      "iteration": 0,
      "metrics": [
        {
          "admission_treshold": 0,
          "algorithm": "g2clock",
          "byte_inserted": 25240052,
          "byte_miss": 25240052,
          "byte_read": 4961593,
          "byte_reinserted": 2964556,
          "hit": 4961593,
          "inserted": 25240052,
          "layer": 0,
          "miss_ratio": 0.835717789544245,
          "reinserted": 2964556,
          "req": 30201645
        }
      ],
      "miss_ratio": 0.835717789544245,
      "req": 30201645
    }
  ],
  "trace": "cf_colo28.ns119.oracleGeneral.zst"
}