{
  "dram_cache_size": 870,
  "flash_cache_size": 87074,
  "results": [
    {
      "hit": 2825353,
      "iteration": 0,
      "metrics": [
        {
          "admission_treshold": 0,
          "algorithm": "gclock",
          "byte_inserted": 11574647,
          "byte_miss": 11574647,
          "byte_read": 2825353,
          "byte_reinserted": 379141,
          "hit": 2825353,
          "inserted": 11574647,
          "layer": 0,
          "miss_ratio": 0.8037949305555556,
          "reinserted": 379141,
          "req": 14400000
        }
      ],
      "miss_ratio": 0.8037949305555556,
      "req": 14400000
    }
  ],
  "trace": "io_traces.ns145.oracleGeneral.zst"
}