{
  "dram_cache_size": 38,
  "flash_cache_size": 3879,
  "results": [
    {
      "hit": 1695268,
      "iteration": 0,
      "metrics": [
        {
          "admission_treshold": 0,
          "algorithm": "gclock",
          "byte_inserted": 1486706,
          "byte_miss": 1486706,
          "byte_read": 1695268,
          "byte_reinserted": 247654,
          "hit": 1695268,
          "inserted": 1486706,
          "layer": 0,
          "miss_ratio": 0.4672275763409758,
          "reinserted": 247654,
          "req": 3181974
        }
      ],
      "miss_ratio": 0.4672275763409758,
      "req": 3181974
    }
  ],
  "trace": "tencentBlock.ns10689.oracleGeneral.zst"
}