{
  "dram_cache_size": 5,
  "flash_cache_size": 538,
  "results": [
    {
      "hit": 2803785,
      "iteration": 0,
      "metrics": [
        {
          "admission_treshold": 0,
          "algorithm": "g2clock",
          "byte_inserted": 430534,
          "byte_miss": 430534,
          "byte_read": 2803785,
          "byte_reinserted": 896577,
          "hit": 2803785,
          "inserted": 430534,
          "layer": 0,
          "miss_ratio": 0.1331142660943463,
          "reinserted": 896577,
          "req": 3234319
        }
      ],
      "miss_ratio": 0.1331142660943463,
      "req": 3234319
    }
  ],
  "trace": "tencentBlock.ns21582.oracleGeneral.zst"
}