{
  "dram_cache_size": 9,
  "flash_cache_size": 991,
  "results": [
    {
      "hit": 3541701,
      "iteration": 0,
      "metrics": [
        {
          "admission_treshold": 0,
          "algorithm": "s3fclock",
          "byte_inserted": 555599,
          "byte_miss": 555599,
          "byte_read": 3541701,
          "byte_reinserted": 101054,
          "hit": 3541701,
          "inserted": 555599,
          "layer": 0,
          "miss_ratio": 0.13560124960339737,
          "reinserted": 101054,
          "req": 4097300
        }
      ],
      "miss_ratio": 0.13560124960339737,
      "req": 4097300
    }
  ],
  "trace": "tencentBlock.ns3894.oracleGeneral.zst"
}