{
  "dram_cache_size": 19,
  "flash_cache_size": 1924,
  "results": [
    {
      "hit": 957002,
      "iteration": 0,
      "metrics": [
        {
          "admission_treshold": 0,
          "algorithm": "dclock",
          "byte_inserted": 765593,
          "byte_miss": 765593,
          "byte_read": 957002,
          "byte_reinserted": 21722,
          "hit": 957002,
          "inserted": 765593,
          "layer": 0,
          "miss_ratio": 0.44444167085124475,
          "reinserted": 21722,
          "req": 1722595
        }
      ],
      "miss_ratio": 0.44444167085124475,
      "req": 1722595
    }
  ],
  "trace": "tencentBlock.ns15381.oracleGeneral.zst"
}