{
  "dram_cache_size": 170,
  "flash_cache_size": 17090,
  "results": [
    {
      "hit": 20912455,
      "iteration": 0,
      "metrics": [
        {
          "admission_treshold": 0,
          "algorithm": "gclock",
          "byte_inserted": 4896955,
          "byte_miss": 4896955,
          "byte_read": 20912455,
          "byte_reinserted": 3912749,
          "hit": 20912455,
          "inserted": 4896955,
          "layer": 0,
          "miss_ratio": 0.18973525547465053,
          "reinserted": 3912749,
          "req": 25809410
        }
      ],
      "miss_ratio": 0.18973525547465053,
      "req": 25809410
    }
  ],
  "trace": "tencentBlock.ns12430.oracleGeneral.zst"
}