{
  "dram_cache_size": 284,
  "flash_cache_size": 28490,
  "results": [
    {
      "hit": 23945477,
      "iteration": 0,
      "metrics": [
        {
          "admission_treshold": 0,
          "algorithm": "dclock",
          "byte_inserted": 27062671,
          "byte_miss": 27062671,
          "byte_read": 23945477,
          "byte_reinserted": 6132893,
          "hit": 23945477,
          "inserted": 27062671,
          "layer": 0,
          "miss_ratio": 0.5305558437448072,
          "reinserted": 6132893,
          "req": 51008148
        }
      ],
      "miss_ratio": 0.5305558437448072,
      "req": 51008148
    }
  ],
  "trace": "tencentBlock.ns11784.oracleGeneral.zst"
}