{
  "dram_cache_size": 49,
  "flash_cache_size": 4912,
  "results": [
    {
      "hit": 986297,
      "iteration": 0,
      "metrics": [
        {
          "admission_treshold": 0,
          "algorithm": "q3auto",
          "byte_inserted": 1043745,
          "byte_miss": 1043745,
          "byte_read": 986297,
          "byte_reinserted": 85230,
          "hit": 986297,
          "inserted": 1043745,
          "layer": 0,
          "miss_ratio": 0.5141494609471133,
          "reinserted": 85230,
          "req": 2030042
        }
      ],
      "miss_ratio": 0.5141494609471133,
      "req": 2030042
    }
  ],
  "trace": "tencentBlock.ns9563.oracleGeneral.zst"
}