{
  "dram_cache_size": 8,
  "flash_cache_size": 841,
  "results": [
    {
      "hit": 1460931,
      "iteration": 0,
      "metrics": [
        {
          "admission_treshold": 0,
          "algorithm": "d3clock",
          "byte_inserted": 456265,
          "byte_miss": 456265,
          "byte_read": 1460931,
          "byte_reinserted": 45589,
          "hit": 1460931,
          "inserted": 456265,
          "layer": 0,
          "miss_ratio": 0.23798557893924255,
          "reinserted": 45589,
          "req": 1917196
        }
      ],
      "miss_ratio": 0.23798557893924255,
      "req": 1917196
    }
  ],
  "trace": "tencentBlock.ns3035.oracleGeneral.zst"
}