{
  "dram_cache_size": 3,
  "flash_cache_size": 387,
  "results": [
    {
      "hit": 1381835,
      "iteration": 0,
      "metrics": [
        {
          "admission_treshold": 0,
          "algorithm": "gclock",
          "byte_inserted": 272880,
          "byte_miss": 272880,
          "byte_read": 1381835,
          "byte_reinserted": 176591,
          "hit": 1381835,
          "inserted": 272880,
          "layer": 0,
          "miss_ratio": 0.16491057372417606,
          "reinserted": 176591,
          "req": 1654715
        }
      ],
      "miss_ratio": 0.16491057372417606,
      "req": 1654715
    }
  ],
  "trace": "tencentBlock.ns8557.oracleGeneral.zst"
}