{
  "dram_cache_size": 29,
  "flash_cache_size": 2961,
  "results": [
    {
      "hit": 1944470,
      "iteration": 0,
      "metrics": [
        {
          "admission_treshold": 0,
          "algorithm": "g2clock",
          "byte_inserted": 766644,
          "byte_miss": 766644,
          "byte_read": 1944470,
          "byte_reinserted": 770787,
          "hit": 1944470,
          "inserted": 766644,
          "layer": 0,
          "miss_ratio": 0.2827782232691064,
          "reinserted": 770787,
          "req": 2711114
        }
      ],
      "miss_ratio": 0.2827782232691064,
      "req": 2711114
    }
  ],
  "trace": "tencentBlock.ns20147.oracleGeneral.zst"
}