{
  "dram_cache_size": 12,
  "flash_cache_size": 1213,
  "results": [
    {
      "hit": 1115567,
      "iteration": 0,
      "metrics": [
        {
          "admission_treshold": 0,
          "algorithm": "d3clock",
          "byte_inserted": 232047,
          "byte_miss": 232047,
          "byte_read": 1115567,
          "byte_reinserted": 408684,
          "hit": 1115567,
          "inserted": 232047,
          "layer": 0,
          "miss_ratio": 0.17219099831257323,
          "reinserted": 408684,
          "req": 1347614
        }
      ],
      "miss_ratio": 0.17219099831257323,
      "req": 1347614
    }
  ],
  "trace": "akamai_sjc.ns615.oracleGeneral.bin.zst"
}