{
  "dram_cache_size": 0,
  "flash_cache_size": 23,
  "results": [
    {
      "hit": 6058432,
      "iteration": 0,
      "metrics": [
        {
          "admission_treshold": 0,
          "algorithm": "clock",
          "byte_inserted": 3004,
          "byte_miss": 3004,
          "byte_read": 6058432,
          "byte_reinserted": 10991,
          "hit": 6058432,
          "inserted": 3004,
          "layer": 0,
          "miss_ratio": 0.0004955921336132763,
          "reinserted": 10991,
          "req": 6061436
        }
      ],
      "miss_ratio": 0.0004955921336132763,
      "req": 6061436
    }
  ],
  "trace": "cf_allcolo.ns1508.oracleGeneral.zst"
}