{
  "dram_cache_size": 72,
  "flash_cache_size": 7251,
  "results": [
    {
      "hit": 306309,
      "iteration": 0,
      "metrics": [
        {
          "admission_treshold": 0,
          "algorithm": "gclock",
          "byte_inserted": 842941,
          "byte_miss": 842941,
          "byte_read": 306309,
          "byte_reinserted": 24977,
          "hit": 306309,
          "inserted": 842941,
          "layer": 0,
          "miss_ratio": 0.7334705242549489,
          "reinserted": 24977,
          "req": 1149250
        }
      ],
      "miss_ratio": 0.7334705242549489,
      "req": 1149250
    }
  ],
  "trace": "cf_colo28.ns355.oracleGeneral.zst"
}