{
  "dram_cache_size": 85,
  "flash_cache_size": 8538,
  "results": [
    {
      "hit": 545265,
      "iteration": 0,
      "metrics": [
        {
          "admission_treshold": 0,
          "algorithm": "g2clock",
          "byte_inserted": 3022937,
          "byte_miss": 3022937,
          "byte_read": 545265,
          "byte_reinserted": 306114,
          "hit": 545265,
          "inserted": 3022937,
          "layer": 0,
          "miss_ratio": 0.8471877432948023,
          "reinserted": 306114,
          "req": 3568202
        }
      ],
      "miss_ratio": 0.8471877432948023,
      "req": 3568202
    }
  ],
  "trace": "cf_colo28.ns1949.oracleGeneral.zst"
}