{
  "dram_cache_size": 3504,
  "flash_cache_size": 350402,
  "results": [
    {
      "hit": 39005675,
      "iteration": 0,
      "metrics": [
        {
          "admission_treshold": 0,
          "algorithm": "cm-clock",
          "byte_inserted": 57674993,
          "byte_miss": 57674993,
          "byte_read": 39005675,
          "byte_reinserted": 5615952,
          "hit": 39005675,
          "inserted": 57674993,
          "layer": 0,
          "miss_ratio": 0.5965514532853662,
          "reinserted": 5615952,
          "req": 96680668
        }
      ],
      "miss_ratio": 0.5965514532853662,
      "req": 96680668
    }
  ],
  "trace": "meta_rnha.oracleGeneral.zst"
}