{
  "dram_cache_size": 39,
  "flash_cache_size": 3925,
  "results": [
    {
      "hit": 2650146,
      "iteration": 0,
      "metrics": [
        {
          "admission_treshold": 0,
          "algorithm": "q3auto",
          "byte_inserted": 1149964,
          "byte_miss": 1149964,
          "byte_read": 2650146,
          "byte_reinserted": 366064,
          "hit": 2650146,
          "inserted": 1149964,
          "layer": 0,
          "miss_ratio": 0.30261334540315943,
          "reinserted": 366064,
          "req": 3800110
        }
      ],
      "miss_ratio": 0.30261334540315943,
      "req": 3800110
    }
  ],
  "trace": "tencentBlock.ns19648.oracleGeneral.zst"
}