{
  "dram_cache_size": 38,
  "flash_cache_size": 3868,
  "results": [
    {
      "hit": 1110752,
      "iteration": 0,
      "metrics": [
        {
          "admission_treshold": 0,
          "algorithm": "s3fclock",
          "byte_inserted": 1925851,
          "byte_miss": 1925851,
          "byte_read": 1110752,
          "byte_reinserted": 16144,
          "hit": 1110752,
          "inserted": 1925851,
          "layer": 0,
          "miss_ratio": 0.6342123089518124,
          "reinserted": 16144,
          "req": 3036603
        }
      ],
      "miss_ratio": 0.6342123089518124,
      "req": 3036603
    }
  ],
  "trace": "tencentBlock.ns5338.oracleGeneral.zst"
}