{
  "dram_cache_size": 30,
  "flash_cache_size": 3027,
  "results": [
    {
      "hit": 6086092,
      "iteration": 0,
      "metrics": [
        {
          "admission_treshold": 0,
          "algorithm": "sxfifo",
          "byte_inserted": 4278060,
          "byte_miss": 4278060,
          "byte_read": 6086092,
          "byte_reinserted": 210361,
          "hit": 6086092,
          "inserted": 4278060,
          "layer": 0,
          "miss_ratio": 0.4127747258048705,
          "reinserted": 210361,
          "req": 10364152
        }
      ],
      "miss_ratio": 0.4127747258048705,
      "req": 10364152
    }
  ],
  "trace": "tencentBlock.ns11858.oracleGeneral.zst"
}