{
  "dram_cache_size": 6,
  "flash_cache_size": 651,
  "results": [
    {
      "hit": 1085102,
      "iteration": 0,
      "metrics": [
        {
          "admission_treshold": 0,
          "algorithm": "t3auto",
          "byte_inserted": 427931,
          "byte_miss": 427931,
          "byte_read": 1085102,
          "byte_reinserted": 48992,
          "hit": 1085102,
          "inserted": 427931,
          "layer": 0,
          "miss_ratio": 0.2828299184485732,
          "reinserted": 48992,
          "req": 1513033
        }
      ],
      "miss_ratio": 0.2828299184485732,
      "req": 1513033
    }
  ],
  "trace": "tencentBlock.ns11038.oracleGeneral.zst"
}