{
  "dram_cache_size": 12,
  "flash_cache_size": 1208,
  "results": [
    {
      "hit": 2043778,
      "iteration": 0,
      "metrics": [
        {
          "admission_treshold": 0,
          "algorithm": "dclock",
          "byte_inserted": 681999,
          "byte_miss": 681999,
          "byte_read": 2043778,
          "byte_reinserted": 121764,
          "hit": 2043778,
          "inserted": 681999,
          "layer": 0,
          "miss_ratio": 0.2502035199504582,
          "reinserted": 121764,
          "req": 2725777
        }
      ],
      "miss_ratio": 0.2502035199504582,
      "req": 2725777
    }
  ],
  "trace": "tencentBlock.ns8996.oracleGeneral.zst"
}