{
  "dram_cache_size": 281,
  "flash_cache_size": 28102,
  "results": [
    {
      "hit": 23088643,
      "iteration": 0,
      "metrics": [
        {
          "admission_treshold": 0,
          "algorithm": "clock",
          "byte_inserted": 25664729,
          "byte_miss": 25664729,
          "byte_read": 23088643,
          "byte_reinserted": 19138598,
          "hit": 23088643,
          "inserted": 25664729,
          "layer": 0,
          "miss_ratio": 0.5264195674506371,
          "reinserted": 19138598,
          "req": 48753372
        }
      ],
      "miss_ratio": 0.5264195674506371,
      "req": 48753372
    }
  ],
  "trace": "tencentBlock.ns7378.oracleGeneral.zst"
}