{
  "dram_cache_size": 24,
  "flash_cache_size": 2497,
  "results": [
    {
      "hit": 1214053,
      "iteration": 0,
      "metrics": [
        {
          "admission_treshold": 0,
          "algorithm": "dclock",
          "byte_inserted": 1555438,
          "byte_miss": 1555438,
          "byte_read": 1214053,
          "byte_reinserted": 115107,
          "hit": 1214053,
          "inserted": 1555438,
          "layer": 0,
          "miss_ratio": 0.5616331665277121,
          "reinserted": 115107,
          "req": 2769491
        }
      ],
      "miss_ratio": 0.5616331665277121,
      "req": 2769491
    }
  ],
  "trace": "tencentBlock.ns14149.oracleGeneral.zst"
}