{
  "dram_cache_size": 18,
  "flash_cache_size": 1863,
  "results": [
    {
      "hit": 654865,
      "iteration": 0,
      "metrics": [
        {
          "admission_treshold": 0,
          "algorithm": "qand-clock-v2",
          "byte_inserted": 433491,
          "byte_miss": 433491,
          "byte_read": 654865,
          "byte_reinserted": 112892,
          "hit": 654865,
          "inserted": 433491,
          "layer": 0,
          "miss_ratio": 0.3982989021974428,
          "reinserted": 112892,
          "req": 1088356
        }
      ],
      "miss_ratio": 0.3982989021974428,
      "req": 1088356
    }
  ],
  "trace": "tencentBlock.ns20294.oracleGeneral.zst"
}