{
  "dram_cache_size": 5,
  "flash_cache_size": 529,
  "results": [
    {
      "hit": 2821402,
      "iteration": 0,
      "metrics": [
        {
          "admission_treshold": 0,
          "algorithm": "g2clock",
          "byte_inserted": 300186,
          "byte_miss": 300186,
          "byte_read": 2821402,
          "byte_reinserted": 901697,
          "hit": 2821402,
          "inserted": 300186,
          "layer": 0,
          "miss_ratio": 0.0961645162654392,
          "reinserted": 901697,
          "req": 3121588
        }
      ],
      "miss_ratio": 0.0961645162654392,
      "req": 3121588
    }
  ],
  "trace": "tencentBlock.ns13033.oracleGeneral.zst"
}