{
  "dram_cache_size": 893,
  "flash_cache_size": 89325,
  "results": [
    {
      "hit": 14798280,
      "iteration": 0,
      "metrics": [
        {
          "admission_treshold": 0,
          "algorithm": "time3-auto",
          "byte_inserted": 20018145,
          "byte_miss": 20018145,
          "byte_read": 14798280,
          "byte_reinserted": 3226468,
          "hit": 14798280,
          "inserted": 20018145,
          "layer": 0,
          "miss_ratio": 0.5749626792526803,
          "reinserted": 3226468,
          "req": 34816425
        }
      ],
      "miss_ratio": 0.5749626792526803,
      "req": 34816425
    }
  ],
  "trace": "w14.oracleGeneral.bin.zst"
}