{
  "dram_cache_size": 23,
  "flash_cache_size": 2384,
  "results": [
    {
      "hit": 4315813,
      "iteration": 0,
      "metrics": [
        {
          "admission_treshold": 0,
          "algorithm": "dclock",
          "byte_inserted": 296623,
          "byte_miss": 296623,
          "byte_read": 4315813,
          "byte_reinserted": 87561,
          "hit": 4315813,
          "inserted": 296623,
          "layer": 0,
          "miss_ratio": 0.0643094017998298,
          "reinserted": 87561,
          "req": 4612436
        }
      ],
      "miss_ratio": 0.0643094017998298,
      "req": 4612436
    }
  ],
  "trace": "akamai_lax.ns1031.oracleGeneral.bin.zst"
}