{
  "dram_cache_size": 19,
  "flash_cache_size": 1907,
  "results": [
    {
      "hit": 1364955,
      "iteration": 0,
      "metrics": [
        {
          "admission_treshold": 0,
          "algorithm": "sxfifo",
          "byte_inserted": 3004310,
          "byte_miss": 3004310,
          "byte_read": 1364955,
          "byte_reinserted": 52437,
          "hit": 1364955,
          "inserted": 3004310,
          "layer": 0,
          "miss_ratio": 0.6876007749587173,
          "reinserted": 52437,
          "req": 4369265
        }
      ],
      "miss_ratio": 0.6876007749587173,
      "req": 4369265
    }
  ],
  "trace": "cf_allcolo.ns2975.oracleGeneral.zst"
}