{
  "dram_cache_size": 4,
  "flash_cache_size": 462,
  "results": [
    {
      "hit": 1872854,
      "iteration": 0,
      "metrics": [
        {
          "admission_treshold": 0,
          "algorithm": "cm-clock",
          "byte_inserted": 180723,
          "byte_miss": 180723,
          "byte_read": 1872854,
          "byte_reinserted": 34621,
          "hit": 1872854,
          "inserted": 180723,
          "layer": 0,
          "miss_ratio": 0.08800400471956982,
          "reinserted": 34621,
          "req": 2053577
        }
      ],
      "miss_ratio": 0.08800400471956982,
      "req": 2053577
    }
  ],
  "trace": "cf_allcolo.ns1057.oracleGeneral.zst"
}