{
  "dram_cache_size": 39,
  "flash_cache_size": 3914,
  "results": [
    {
      "hit": 387113,
      "iteration": 0,
      "metrics": [
        {
          "admission_treshold": 0,
          "algorithm": "d3clock",
          "byte_inserted": 813523,
          "byte_miss": 813523,
          "byte_read": 387113,
          "byte_reinserted": 113651,
          "hit": 387113,
          "inserted": 813523,
          "layer": 0,
          "miss_ratio": 0.6775767176729667,
          "reinserted": 113651,
          "req": 1200636
        }
      ],
      "miss_ratio": 0.6775767176729667,
      "req": 1200636
    }
  ],
  "trace": "cf_allcolo.ns3054.oracleGeneral.zst"
}