{
  "dram_cache_size": 0,
  "flash_cache_size": 40,
  "results": [
    {
      "hit": 1037385,
      "iteration": 0,
      "metrics": [
        {
          "admission_treshold": 0,
          "algorithm": "g2clock",
          "byte_inserted": 234995,
          "byte_miss": 234995,
          "byte_read": 1037385,
          "byte_reinserted": 114186,
          "hit": 1037385,
          "inserted": 234995,
          "layer": 0,
          "miss_ratio": 0.18468932237224733,
          "reinserted": 114186,
          "req": 1272380
        }
      ],
      "miss_ratio": 0.18468932237224733,
      "req": 1272380
    }
  ],
  "trace": "cf_allcolo.ns571.oracleGeneral.zst"
}