{
  "dram_cache_size": 8,
  "flash_cache_size": 836,
  "results": [
    {
      "hit": 25616691,
      "iteration": 0,
      "metrics": [
        {
          "admission_treshold": 0,
          "algorithm": "g2clock",
          "byte_inserted": 556082,
          "byte_miss": 556082,
          "byte_read": 25616691,
          "byte_reinserted": 1667367,
          "hit": 25616691,
          "inserted": 556082,
          "layer": 0,
          "miss_ratio": 0.021246583233652805,
          "reinserted": 1667367,
          "req": 26172773
        }
      ],
      "miss_ratio": 0.021246583233652805,
      "req": 26172773
    }
  ],
  "trace": "cf_colo28.ns147.oracleGeneral.zst"
}