{
  "dram_cache_size": 193,
  "flash_cache_size": 19361,
  "results": [
    {
      "hit": 770480,
      "iteration": 0,
      "metrics": [
        {
          "admission_treshold": 0,
          "algorithm": "d3clock",
          "byte_inserted": 2359719,
          "byte_miss": 2359719,
          "byte_read": 770480,
          "byte_reinserted": 119460,
          "hit": 770480,
          "inserted": 2359719,
          "layer": 0,
          "miss_ratio": 0.7538559050079563,
          "reinserted": 119460,
          "req": 3130199
        }
      ],
      "miss_ratio": 0.7538559050079563,
      "req": 3130199
    }
  ],
  "trace": "cf_colo28.ns706.oracleGeneral.zst"
}