{
  "dram_cache_size": 23,
  "flash_cache_size": 2378,
  "results": [
    {
      "hit": 2316836,
      "iteration": 0,
      "metrics": [
        {
          "admission_treshold": 0,
          "algorithm": "g2clock",
          "byte_inserted": 683164,
          "byte_miss": 683164,
          "byte_read": 2316836,
          "byte_reinserted": 756045,
          "hit": 2316836,
          "inserted": 683164,
          "layer": 0,
          "miss_ratio": 0.22772133333333333,
          "reinserted": 756045,
          "req": 3000000
        }
      ],
      "miss_ratio": 0.22772133333333333,
      "req": 3000000
    }
  ],
  "trace": "io_traces.ns462.oracleGeneral.zst"
}