{
  "dram_cache_size": 32,
  "flash_cache_size": 3214,
  "results": [
    {
      "hit": 1705506,
      "iteration": 0,
      "metrics": [
        {
          "admission_treshold": 0,
          "algorithm": "sxfifo",
          "byte_inserted": 1210161,
          "byte_miss": 1210161,
          "byte_read": 1705506,
          "byte_reinserted": 132468,
          "hit": 1705506,
          "inserted": 1210161,
          "layer": 0,
          "miss_ratio": 0.415054599856568,
          "reinserted": 132468,
          "req": 2915667
        }
      ],
      "miss_ratio": 0.415054599856568,
      "req": 2915667
    }
  ],
  "trace": "tencentBlock.ns22486.oracleGeneral.zst"
}