{
  "dram_cache_size": 121,
  "flash_cache_size": 12192,
  "results": [
    {
      "hit": 644421,
      "iteration": 0,
      "metrics": [
        {
          "admission_treshold": 0,
          "algorithm": "cm-clock",
          "byte_inserted": 2451531,
          "byte_miss": 2451531,
          "byte_read": 644421,
          "byte_reinserted": 27311,
          "hit": 644421,
          "inserted": 2451531,
          "layer": 0,
          "miss_ratio": 0.7918504550458146,
          "reinserted": 27311,
          "req": 3095952
        }
      ],
      "miss_ratio": 0.7918504550458146,
      "req": 3095952
    }
  ],
  "trace": "tencentBlock.ns15420.oracleGeneral.zst"
}