{
  "dram_cache_size": 261,
  "flash_cache_size": 26117,
  "results": [
    {
      "hit": 4165496,
      "iteration": 0,
      "metrics": [
        {
          "admission_treshold": 0,
          "algorithm": "qtime-clock",
          "byte_inserted": 6085491,
          "byte_miss": 6085491,
          "byte_read": 4165496,
          "byte_reinserted": 596437,
          "hit": 4165496,
          "inserted": 6085491,
          "layer": 0,
          "miss_ratio": 0.5936492749429885,
          "reinserted": 596437,
          "req": 10250987
        }
      ],
      "miss_ratio": 0.5936492749429885,
      "req": 10250987
    }
  ],
  "trace": "tencentBlock.ns2438.oracleGeneral.zst"
}