{
  "dram_cache_size": 26,
  "flash_cache_size": 2662,
  "results": [
    {
      "hit": 2345809,
      "iteration": 0,
      "metrics": [
        {
          "admission_treshold": 0,
          "algorithm": "d3clock",
          "byte_inserted": 2974984,
          "byte_miss": 2974984,
          "byte_read": 2345809,
          "byte_reinserted": 349654,
          "hit": 2345809,
          "inserted": 2974984,
          "layer": 0,
          "miss_ratio": 0.5591241756632893,
          "reinserted": 349654,
          "req": 5320793
        }
      ],
      "miss_ratio": 0.5591241756632893,
      "req": 5320793
    }
  ],
  "trace": "tencentBlock.ns13731.oracleGeneral.zst"
}