{
  "dram_cache_size": 7,
  "flash_cache_size": 706,
  "results": [
    {
      "hit": 1759476,
      "iteration": 0,
      "metrics": [
        {
          "admission_treshold": 0,
          "algorithm": "dclock",
          "byte_inserted": 474534,
          "byte_miss": 474534,
          "byte_read": 1759476,
          "byte_reinserted": 427210,
          "hit": 1759476,
          "inserted": 474534,
          "layer": 0,
          "miss_ratio": 0.2124135523117623,
          "reinserted": 427210,
          "req": 2234010
        }
      ],
      "miss_ratio": 0.2124135523117623,
      "req": 2234010
    }
  ],
  "trace": "tencentBlock.ns1612.oracleGeneral.zst"
}