{
  "dram_cache_size": 103,
  "flash_cache_size": 10337,
  "results": [
    {
      "hit": 3941161,
      "iteration": 0,
      "metrics": [
        {
          "admission_treshold": 0,
          "algorithm": "sxfifo",
          "byte_inserted": 9578296,
          "byte_miss": 9578296,
          "byte_read": 3941161,
          "byte_reinserted": 155429,
          "hit": 3941161,
          "inserted": 9578296,
          "layer": 0,
          "miss_ratio": 0.7084823007314569,
          "reinserted": 155429,
          "req": 13519457
        }
      ],
      "miss_ratio": 0.7084823007314569,
      "req": 13519457
    }
  ],
  "trace": "tencentBlock.ns10348.oracleGeneral.zst"
}