{
  "dram_cache_size": 18,
  "flash_cache_size": 1824,
  "results": [
    {
      "hit": 1249922,
      "iteration": 0,
      "metrics": [
        {
          "admission_treshold": 0,
          "algorithm": "g2clock",
          "byte_inserted": 715577,
          "byte_miss": 715577,
          "byte_read": 1249922,
          "byte_reinserted": 193787,
          "hit": 1249922,
          "inserted": 715577,
          "layer": 0,
          "miss_ratio": 0.3640688700426711,
          "reinserted": 193787,
          "req": 1965499
        }
      ],
      "miss_ratio": 0.3640688700426711,
      "req": 1965499
    }
  ],
  "trace": "tencentBlock.ns4625.oracleGeneral.zst"
}