{
  "dram_cache_size": 22,
  "flash_cache_size": 2238,
  "results": [
    {
      "hit": 782842,
      "iteration": 0,
      "metrics": [
        {
          "admission_treshold": 0,
          "algorithm": "sxfifo",
          "byte_inserted": 330123,
          "byte_miss": 330123,
          "byte_read": 782842,
          "byte_reinserted": 5802,
          "hit": 782842,
          "inserted": 330123,
          "layer": 0,
          "miss_ratio": 0.29661579654346726,
          "reinserted": 5802,
          "req": 1112965
        }
      ],
      "miss_ratio": 0.29661579654346726,
      "req": 1112965
    }
  ],
  "trace": "cf_colo28.ns548.oracleGeneral.zst"
}