{
  "dram_cache_size": 3283,
  "flash_cache_size": 328313,
  "results": [
    {
      "hit": 101847852,
      "iteration": 0,
      "metrics": [
        {
          "admission_treshold": 0,
          "algorithm": "d3clock",
          "byte_inserted": 98848998,
          "byte_miss": 98848998,
          "byte_read": 101847852,
          "byte_reinserted": 20514602,
          "hit": 101847852,
          "inserted": 98848998,
          "layer": 0,
          "miss_ratio": 0.492528896193438,
          "reinserted": 20514602,
          "req": 200696850
        }
      ],
      "miss_ratio": 0.492528896193438,
      "req": 200696850
    }
  ],
  "trace": "cluster19.oracleGeneral.sample10.zst"
}