{
  "dram_cache_size": 611,
  "flash_cache_size": 61161,
  "results": [
    {
      "hit": 570867,
      "iteration": 0,
      "metrics": [
        {
          "admission_treshold": 0,
          "algorithm": "qand-clock-v2",
          "byte_inserted": 13029133,
          "byte_miss": 13029133,
          "byte_read": 570867,
          "byte_reinserted": 64257,
          "hit": 570867,
          "inserted": 13029133,
          "layer": 0,
          "miss_ratio": 0.9580244852941177,
          "reinserted": 64257,
          "req": 13600000
        }
      ],
      "miss_ratio": 0.9580244852941177,
      "req": 13600000
    }
  ],
  "trace": "io_traces.ns725.oracleGeneral.zst"
}