{
  "dram_cache_size": 149,
  "flash_cache_size": 14985,
  "results": [
    {
      "hit": 27890927,
      "iteration": 0,
      "metrics": [
        {
          "admission_treshold": 0,
          "algorithm": "d3clock",
          "byte_inserted": 6509073,
          "byte_miss": 6509073,
          "byte_read": 27890927,
          "byte_reinserted": 286722,
          "hit": 27890927,
          "inserted": 6509073,
          "layer": 0,
          "miss_ratio": 0.18921723837209303,
          "reinserted": 286722,
          "req": 34400000
        }
      ],
      "miss_ratio": 0.18921723837209303,
      "req": 34400000
    }
  ],
  "trace": "io_traces.ns193.oracleGeneral.zst"
}