{
  "dram_cache_size": 10,
  "flash_cache_size": 1069,
  "results": [
    {
      "hit": 2503488,
      "iteration": 0,
      "metrics": [
        {
          "admission_treshold": 0,
          "algorithm": "cm-clock",
          "byte_inserted": 570952,
          "byte_miss": 570952,
          "byte_read": 2503488,
          "byte_reinserted": 125081,
          "hit": 2503488,
          "inserted": 570952,
          "layer": 0,
          "miss_ratio": 0.1857092673787747,
          "reinserted": 125081,
          "req": 3074440
        }
      ],
      "miss_ratio": 0.1857092673787747,
      "req": 3074440
    }
  ],
  "trace": "tencentBlock.ns10757.oracleGeneral.zst"
}