{
  "dram_cache_size": 18,
  "flash_cache_size": 1897,
  "results": [
    {
      "hit": 665804,
      "iteration": 0,
      "metrics": [
        {
          "admission_treshold": 0,
          "algorithm": "dclock",
          "byte_inserted": 586581,
          "byte_miss": 586581,
          "byte_read": 665804,
          "byte_reinserted": 90976,
          "hit": 665804,
          "inserted": 586581,
          "layer": 0,
          "miss_ratio": 0.4683711478499024,
          "reinserted": 90976,
          "req": 1252385
        }
      ],
      "miss_ratio": 0.4683711478499024,
      "req": 1252385
    }
  ],
  "trace": "tencentBlock.ns20505.oracleGeneral.zst"
}