{
  "dram_cache_size": 33,
  "flash_cache_size": 3324,
  "results": [
    {
      "hit": 2531243,
      "iteration": 0,
      "metrics": [
        {
          "admission_treshold": 0,
          "algorithm": "dclock",
          "byte_inserted": 1609463,
          "byte_miss": 1609463,
          "byte_read": 2531243,
          "byte_reinserted": 208951,
          "hit": 2531243,
          "inserted": 1609463,
          "layer": 0,
          "miss_ratio": 0.38869289440013366,
          "reinserted": 208951,
          "req": 4140706
        }
      ],
      "miss_ratio": 0.38869289440013366,
      "req": 4140706
    }
  ],
  "trace": "tencentBlock.ns5441.oracleGeneral.zst"
}