{
  "dram_cache_size": 44,
  "flash_cache_size": 4435,
  "results": [
    {
      "hit": 4399063,
      "iteration": 0,
      "metrics": [
        {
          "admission_treshold": 0,
          "algorithm": "q3auto",
          "byte_inserted": 3179373,
          "byte_miss": 3179373,
          "byte_read": 4399063,
          "byte_reinserted": 446597,
          "hit": 4399063,
          "inserted": 3179373,
          "layer": 0,
          "miss_ratio": 0.419528910714559,
          "reinserted": 446597,
          "req": 7578436
        }
      ],
      "miss_ratio": 0.419528910714559,
      "req": 7578436
    }
  ],
  "trace": "tencentBlock.ns8308.oracleGeneral.zst"
}