{
  "dram_cache_size": 54,
  "flash_cache_size": 5473,
  "results": [
    {
      "hit": 3184482,
      "iteration": 0,
      "metrics": [
        {
          "admission_treshold": 0,
          "algorithm": "s3fclock-sequential",
          "byte_inserted": 1329026,
          "byte_miss": 1329026,
          "byte_read": 3184482,
          "byte_reinserted": 373243,
          "hit": 3184482,
          "inserted": 1329026,
          "layer": 0,
          "miss_ratio": 0.2944552219692532,
          "reinserted": 373243,
          "req": 4513508
        }
      ],
      "miss_ratio": 0.2944552219692532,
      "req": 4513508
    }
  ],
  "trace": "tencentBlock.ns21415.oracleGeneral.zst"
}