{
  "dram_cache_size": 65,
  "flash_cache_size": 6509,
  "results": [
    {
      "hit": 2558747,
      "iteration": 0,
      "metrics": [
        {
          "admission_treshold": 0,
          "algorithm": "q3auto",
          "byte_inserted": 3245582,
          "byte_miss": 3245582,
          "byte_read": 2558747,
          "byte_reinserted": 397375,
          "hit": 2558747,
          "inserted": 3245582,
          "layer": 0,
          "miss_ratio": 0.5591657536986618,
          "reinserted": 397375,
          "req": 5804329
        }
      ],
      "miss_ratio": 0.5591657536986618,
      "req": 5804329
    }
  ],
  "trace": "tencentBlock.ns21812.oracleGeneral.zst"
}