{
  "dram_cache_size": 48,
  "flash_cache_size": 4893,
  "results": [
    {
      "hit": 2746833,
      "iteration": 0,
      "metrics": [
        {
          "admission_treshold": 0,
          "algorithm": "gclock",
          "byte_inserted": 1402975,
          "byte_miss": 1402975,
          "byte_read": 2746833,
          "byte_reinserted": 369959,
          "hit": 2746833,
          "inserted": 1402975,
          "layer": 0,
          "miss_ratio": 0.3380819064400088,
          "reinserted": 369959,
          "req": 4149808
        }
      ],
      "miss_ratio": 0.3380819064400088,
      "req": 4149808
    }
  ],
  "trace": "tencentBlock.ns11494.oracleGeneral.zst"
}