{
  "dram_cache_size": 5,
  "flash_cache_size": 540,
  "results": [
    {
      "hit": 1397956,
      "iteration": 0,
      "metrics": [
        {
          "admission_treshold": 0,
          "algorithm": "s3fclock-sequential",
          "byte_inserted": 144369,
          "byte_miss": 144369,
          "byte_read": 1397956,
          "byte_reinserted": 56992,
          "hit": 1397956,
          "inserted": 144369,
          "layer": 0,
          "miss_ratio": 0.09360478498370961,
          "reinserted": 56992,
          "req": 1542325
        }
      ],
      "miss_ratio": 0.09360478498370961,
      "req": 1542325
    }
  ],
  "trace": "tencentBlock.ns15485.oracleGeneral.zst"
}