{
  "dram_cache_size": 30,
  "flash_cache_size": 3081,
  "results": [
    {
      "hit": 1199363,
      "iteration": 0,
      "metrics": [
        {
          "admission_treshold": 0,
          "algorithm": "d3clock",
          "byte_inserted": 901764,
          "byte_miss": 901764,
          "byte_read": 1199363,
          "byte_reinserted": 269363,
          "hit": 1199363,
          "inserted": 901764,
          "layer": 0,
          "miss_ratio": 0.4291811013803545,
          "reinserted": 269363,
          "req": 2101127
        }
      ],
      "miss_ratio": 0.4291811013803545,
      "req": 2101127
    }
  ],
  "trace": "tencentBlock.ns10532.oracleGeneral.zst"
}