{
  "dram_cache_size": 40,
  "flash_cache_size": 4031,
  "results": [
    {
      "hit": 3191464,
      "iteration": 0,
      "metrics": [
        {
          "admission_treshold": 0,
          "algorithm": "g2clock",
          "byte_inserted": 972739,
          "byte_miss": 972739,
          "byte_read": 3191464,
          "byte_reinserted": 354624,
          "hit": 3191464,
          "inserted": 972739,
          "layer": 0,
          "miss_ratio": 0.23359548033561284,
          "reinserted": 354624,
          "req": 4164203
        }
      ],
      "miss_ratio": 0.23359548033561284,
      "req": 4164203
    }
  ],
  "trace": "tencentBlock.ns12518.oracleGeneral.zst"
}