{
  "dram_cache_size": 37,
  "flash_cache_size": 3708,
  "results": [
    {
      "hit": 692465,
      "iteration": 0,
      "metrics": [
        {
          "admission_treshold": 0,
          "algorithm": "qand-clock-v2",
          "byte_inserted": 1226945,
          "byte_miss": 1226945,
          "byte_read": 692465,
          "byte_reinserted": 42191,
          "hit": 692465,
          "inserted": 1226945,
          "layer": 0,
          "miss_ratio": 0.6392302843061148,
          "reinserted": 42191,
          "req": 1919410
        }
      ],
      "miss_ratio": 0.6392302843061148,
      "req": 1919410
    }
  ],
  "trace": "tencentBlock.ns22035.oracleGeneral.zst"
}