{
  "dram_cache_size": 48,
  "flash_cache_size": 4832,
  "results": [
    {
      "hit": 3106060,
      "iteration": 0,
      "metrics": [
        {
          "admission_treshold": 0,
          "algorithm": "dclock",
          "byte_inserted": 1962047,
          "byte_miss": 1962047,
          "byte_read": 3106060,
          "byte_reinserted": 514450,
          "hit": 3106060,
          "inserted": 1962047,
          "layer": 0,
          "miss_ratio": 0.38713606480684015,
          "reinserted": 514450,
          "req": 5068107
        }
      ],
      "miss_ratio": 0.38713606480684015,
      "req": 5068107
    }
  ],
  "trace": "tencentBlock.ns17878.oracleGeneral.zst"
}