{
  "dram_cache_size": 2632,
  "flash_cache_size": 263286,
  "results": [
    {
      "hit": 259131,
      "iteration": 0,
      "metrics": [
        {
          "admission_treshold": 0,
          "algorithm": "dclock",
          "byte_inserted": 26366011,
          "byte_miss": 26366011,
          "byte_read": 259131,
          "byte_reinserted": 12244,
          "hit": 259131,
          "inserted": 26366011,
          "layer": 0,
          "miss_ratio": 0.9902674321887185,
          "reinserted": 12244,
          "req": 26625142
        }
      ],
      "miss_ratio": 0.9902674321887185,
      "req": 26625142
    }
  ],
  "trace": "cf_allcolo.ns170.oracleGeneral.zst"
}