{
  "dram_cache_size": 13,
  "flash_cache_size": 1377,
  "results": [
    {
      "hit": 1253111,
      "iteration": 0,
      "metrics": [
        {
          "admission_treshold": 0,
          "algorithm": "qauto",
          "byte_inserted": 169420,
          "byte_miss": 169420,
          "byte_read": 1253111,
          "byte_reinserted": 8523,
          "hit": 1253111,
          "inserted": 169420,
          "layer": 0,
          "miss_ratio": 0.11909758029877737,
          "reinserted": 8523,
          "req": 1422531
        }
      ],
      "miss_ratio": 0.11909758029877737,
      "req": 1422531
    }
  ],
  "trace": "cf_allcolo.ns10508.oracleGeneral.zst"
}