{
  "dram_cache_size": 1,
  "flash_cache_size": 163,
  "results": [
    {
      "hit": 13368247,
      "iteration": 0,
      "metrics": [
        {
          "admission_treshold": 0,
          "algorithm": "d3clock",
          "byte_inserted": 3171105,
          "byte_miss": 3171105,
          "byte_read": 13368247,
          "byte_reinserted": 3532596,
          "hit": 13368247,
          "inserted": 3171105,
          "layer": 0,
          "miss_ratio": 0.1917309094092683,
          "reinserted": 3532596,
          "req": 16539352
        }
      ],
      "miss_ratio": 0.1917309094092683,
      "req": 16539352
    }
  ],
  "trace": "cf_allcolo.ns3624.oracleGeneral.zst"
}