{
  "dram_cache_size": 12,
  "flash_cache_size": 1255,
  "results": [
    {
      "hit": 1938213,
      "iteration": 0,
      "metrics": [
        {
          "admission_treshold": 0,
          "algorithm": "q3auto",
          "byte_inserted": 6842666,
          "byte_miss": 6842666,
          "byte_read": 1938213,
          "byte_reinserted": 719323,
          "hit": 1938213,
          "inserted": 6842666,
          "layer": 0,
          "miss_ratio": 0.7792689091832378,
          "reinserted": 719323,
          "req": 8780879
        }
      ],
      "miss_ratio": 0.7792689091832378,
      "req": 8780879
    }
  ],
  "trace": "cf_allcolo.ns312.oracleGeneral.zst"
}