{
  "dram_cache_size": 16,
  "flash_cache_size": 1633,
  "results": [
    {
      "hit": 26763493,
      "iteration": 0,
      "metrics": [
        {
          "admission_treshold": 0,
          "algorithm": "sxfifo",
          "byte_inserted": 4173140,
          "byte_miss": 4173140,
          "byte_read": 26763493,
          "byte_reinserted": 282028,
          "hit": 26763493,
          "inserted": 4173140,
          "layer": 0,
          "miss_ratio": 0.13489315401582325,
          "reinserted": 282028,
          "req": 30936633
        }
      ],
      "miss_ratio": 0.13489315401582325,
      "req": 30936633
    }
  ],
  "trace": "cf_colo28.ns194.oracleGeneral.zst"
}