{
  "dram_cache_size": 17,
  "flash_cache_size": 1748,
  "results": [
    {
      "hit": 1244686,
      "iteration": 0,
      "metrics": [
        {
          "admission_treshold": 0,
          "algorithm": "dclock",
          "byte_inserted": 1155314,
          "byte_miss": 1155314,
          "byte_read": 1244686,
          "byte_reinserted": 31755,
          "hit": 1244686,
          "inserted": 1155314,
          "layer": 0,
          "miss_ratio": 0.48138083333333337,
          "reinserted": 31755,
          "req": 2400000
        }
      ],
      "miss_ratio": 0.48138083333333337,
      "req": 2400000
    }
  ],
  "trace": "io_traces.ns229.oracleGeneral.zst"
}