{
  "dram_cache_size": 162,
  "flash_cache_size": 16263,
  "results": [
    {
      "hit": 16638935,
      "iteration": 0,
      "metrics": [
        {
          "admission_treshold": 0,
          "algorithm": "q2auto",
          "byte_inserted": 2161065,
          "byte_miss": 2161065,
          "byte_read": 16638935,
          "byte_reinserted": 99912,
          "hit": 16638935,
          "inserted": 2161065,
          "layer": 0,
          "miss_ratio": 0.11495026595744684,
          "reinserted": 99912,
          "req": 18800000
        }
      ],
      "miss_ratio": 0.11495026595744684,
      "req": 18800000
    }
  ],
  "trace": "io_traces.ns34.oracleGeneral.zst"
}