{
  "dram_cache_size": 104,
  "flash_cache_size": 10415,
  "results": [
    {
      "hit": 3432995,
      "iteration": 0,
      "metrics": [
        {
          "admission_treshold": 0,
          "algorithm": "q3auto",
          "byte_inserted": 3980152,
          "byte_miss": 3980152,
          "byte_read": 3432995,
          "byte_reinserted": 295044,
          "hit": 3432995,
          "inserted": 3980152,
          "layer": 0,
          "miss_ratio": 0.5369045022309689,
          "reinserted": 295044,
          "req": 7413147
        }
      ],
      "miss_ratio": 0.5369045022309689,
      "req": 7413147
    }
  ],
  "trace": "tencentBlock.ns18324.oracleGeneral.zst"
}