{
  "dram_cache_size": 11,
  "flash_cache_size": 1179,
  "results": [
    {
      "hit": 526269,
      "iteration": 0,
      "metrics": [
        {
          "admission_treshold": 0,
          "algorithm": "gclock",
          "byte_inserted": 505894,
          "byte_miss": 505894,
          "byte_read": 526269,
          "byte_reinserted": 110646,
          "hit": 526269,
          "inserted": 505894,
          "layer": 0,
          "miss_ratio": 0.4901299504051201,
          "reinserted": 110646,
          "req": 1032163
        }
      ],
      "miss_ratio": 0.4901299504051201,
      "req": 1032163
    }
  ],
  "trace": "tencentBlock.ns15727.oracleGeneral.zst"
}