{
  "dram_cache_size": 15,
  "flash_cache_size": 1501,
  "results": [
    {
      "hit": 1776802,
      "iteration": 0,
      "metrics": [
        {
          "admission_treshold": 0,
          "algorithm": "g2clock",
          "byte_inserted": 602567,
          "byte_miss": 602567,
          "byte_read": 1776802,
          "byte_reinserted": 299611,
          "hit": 1776802,
          "inserted": 602567,
          "layer": 0,
          "miss_ratio": 0.2532465540233566,
          "reinserted": 299611,
          "req": 2379369
        }
      ],
      "miss_ratio": 0.2532465540233566,
      "req": 2379369
    }
  ],
  "trace": "tencentBlock.ns11627.oracleGeneral.zst"
}