{
  "dram_cache_size": 39,
  "flash_cache_size": 3948,
  "results": [
    {
      "hit": 485788,
      "iteration": 0,
      "metrics": [
        {
          "admission_treshold": 0,
          "algorithm": "tauto",
          "byte_inserted": 1136140,
          "byte_miss": 1136140,
          "byte_read": 485788,
          "byte_reinserted": 70023,
          "hit": 485788,
          "inserted": 1136140,
          "layer": 0,
          "miss_ratio": 0.7004873212621029,
          "reinserted": 70023,
          "req": 1621928
        }
      ],
      "miss_ratio": 0.7004873212621029,
      "req": 1621928
    }
  ],
  "trace": "akamai_sjc.ns988.oracleGeneral.bin.zst"
}