{
  "dram_cache_size": 19,
  "flash_cache_size": 1919,
  "results": [
    {
      "hit": 1645033,
      "iteration": 0,
      "metrics": [
        {
          "admission_treshold": 0,
          "algorithm": "time2-auto",
          "byte_inserted": 2638071,
          "byte_miss": 2638071,
          "byte_read": 1645033,
          "byte_reinserted": 448726,
          "hit": 1645033,
          "inserted": 2638071,
          "layer": 0,
          "miss_ratio": 0.6159250394106703,
          "reinserted": 448726,
          "req": 4283104
        }
      ],
      "miss_ratio": 0.6159250394106703,
      "req": 4283104
    }
  ],
  "trace": "cf_allcolo.ns3411.oracleGeneral.zst"
}