{
  "dram_cache_size": 49,
  "flash_cache_size": 4998,
  "results": [
    {
      "hit": 2690158,
      "iteration": 0,
      "metrics": [
        {
          "admission_treshold": 0,
          "algorithm": "gclock",
          "byte_inserted": 1719277,
          "byte_miss": 1719277,
          "byte_read": 2690158,
          "byte_reinserted": 264905,
          "hit": 2690158,
          "inserted": 1719277,
          "layer": 0,
          "miss_ratio": 0.3899086844459664,
          "reinserted": 264905,
          "req": 4409435
        }
      ],
      "miss_ratio": 0.3899086844459664,
      "req": 4409435
    }
  ],
  "trace": "tencentBlock.ns3091.oracleGeneral.zst"
}