{
  "dram_cache_size": 55,
  "flash_cache_size": 5530,
  "results": [
    {
      "hit": 3336373,
      "iteration": 0,
      "metrics": [
        {
          "admission_treshold": 0,
          "algorithm": "time-auto",
          "byte_inserted": 1505305,
          "byte_miss": 1505305,
          "byte_read": 3336373,
          "byte_reinserted": 1204610,
          "hit": 3336373,
          "inserted": 1505305,
          "layer": 0,
          "miss_ratio": 0.31090564056510983,
          "reinserted": 1204610,
          "req": 4841678
        }
      ],
      "miss_ratio": 0.31090564056510983,
      "req": 4841678
    }
  ],
  "trace": "tencentBlock.ns18992.oracleGeneral.zst"
}