{
  "dram_cache_size": 58,
  "flash_cache_size": 5849,
  "results": [
    {
      "hit": 2867510,
      "iteration": 0,
      "metrics": [
        {
          "admission_treshold": 0,
          "algorithm": "g2clock",
          "byte_inserted": 8503838,
          "byte_miss": 8503838,
          "byte_read": 2867510,
          "byte_reinserted": 687509,
          "hit": 2867510,
          "inserted": 8503838,
          "layer": 0,
          "miss_ratio": 0.747830248445479,
          "reinserted": 687509,
          "req": 11371348
        }
      ],
      "miss_ratio": 0.747830248445479,
      "req": 11371348
    }
  ],
  "trace": "tencentBlock.ns5359.oracleGeneral.zst"
}