{
  "dram_cache_size": 20,
  "flash_cache_size": 2058,
  "results": [
    {
      "hit": 1631438,
      "iteration": 0,
      "metrics": [
        {
          "admission_treshold": 0,
          "algorithm": "d3clock",
          "byte_inserted": 457135,
          "byte_miss": 457135,
          "byte_read": 1631438,
          "byte_reinserted": 151624,
          "hit": 1631438,
          "inserted": 457135,
          "layer": 0,
          "miss_ratio": 0.2188743223243813,
          "reinserted": 151624,
          "req": 2088573
        }
      ],
      "miss_ratio": 0.2188743223243813,
      "req": 2088573
    }
  ],
  "trace": "tencentBlock.ns13068.oracleGeneral.zst"
}