{
  "dram_cache_size": 11,
  "flash_cache_size": 1167,
  "results": [
    {
      "hit": 20458262,
      "iteration": 0,
      "metrics": [
        {
          "admission_treshold": 0,
          "algorithm": "q3auto",
          "byte_inserted": 954804,
          "byte_miss": 954804,
          "byte_read": 20458262,
          "byte_reinserted": 2446608,
          "hit": 20458262,
          "inserted": 954804,
          "layer": 0,
          "miss_ratio": 0.04458978457358698,
          "reinserted": 2446608,
          "req": 21413066
        }
      ],
      "miss_ratio": 0.04458978457358698,
      "req": 21413066
    }
  ],
  "trace": "tencentBlock.ns23274.oracleGeneral.zst"
}