{
  "dram_cache_size": 11,
  "flash_cache_size": 1167,
  "results": [
    {
      "hit": 19209282,
      "iteration": 0,
      "metrics": [
        {
          "admission_treshold": 0,
          "algorithm": "qauto",
          "byte_inserted": 2601490,
          "byte_miss": 2601490,
          "byte_read": 19209282,
          "byte_reinserted": 1180712,
          "hit": 19209282,
          "inserted": 2601490,
          "layer": 0,
          "miss_ratio": 0.11927546626960295,
          "reinserted": 1180712,
          "req": 21810772
        }
      ],
      "miss_ratio": 0.11927546626960295,
      "req": 21810772
    }
  ],
  "trace": "cf_allcolo.ns1161.oracleGeneral.zst"
}