{
  "dram_cache_size": 1,
  "flash_cache_size": 124,
  "results": [
    {
      "hit": 2394307,
      "iteration": 0,
      "metrics": [
        {
          "admission_treshold": 0,
          "algorithm": "s3fclock",
          "byte_inserted": 474912,
          "byte_miss": 474912,
          "byte_read": 2394307,
          "byte_reinserted": 68538,
          "hit": 2394307,
          "inserted": 474912,
          "layer": 0,
          "miss_ratio": 0.16551960655495446,
          "reinserted": 68538,
          "req": 2869219
        }
      ],
      "miss_ratio": 0.16551960655495446,
      "req": 2869219
    }
  ],
  "trace": "cf_allcolo.ns5338.oracleGeneral.zst"
}