{
  "dram_cache_size": 15,
  "flash_cache_size": 1502,
  "results": [
    {
      "hit": 10325979,
      "iteration": 0,
      "metrics": [
        {
          "admission_treshold": 0,
          "algorithm": "gclock",
          "byte_inserted": 5324474,
          "byte_miss": 5324474,
          "byte_read": 10325979,
          "byte_reinserted": 3452442,
          "hit": 10325979,
          "inserted": 5324474,
          "layer": 0,
          "miss_ratio": 0.34021213315678467,
          "reinserted": 3452442,
          "req": 15650453
        }
      ],
      "miss_ratio": 0.34021213315678467,
      "req": 15650453
    }
  ],
  "trace": "cf_colo28.ns46.oracleGeneral.zst"
}