{
  "dram_cache_size": 7,
  "flash_cache_size": 763,
  "results": [
    {
      "hit": 1254303,
      "iteration": 0,
      "metrics": [
        {
          "admission_treshold": 0,
          "algorithm": "qand-clock-v2",
          "byte_inserted": 402161,
          "byte_miss": 402161,
          "byte_read": 1254303,
          "byte_reinserted": 456759,
          "hit": 1254303,
          "inserted": 402161,
          "layer": 0,
          "miss_ratio": 0.24278281930666767,
          "reinserted": 456759,
          "req": 1656464
        }
      ],
      "miss_ratio": 0.24278281930666767,
      "req": 1656464
    }
  ],
  "trace": "cf_colo28.ns2522.oracleGeneral.zst"
}