{
  "dram_cache_size": 8,
  "flash_cache_size": 871,
  "results": [
    {
      "hit": 1194199,
      "iteration": 0,
      "metrics": [
        {
          "admission_treshold": 0,
          "algorithm": "sxfifo",
          "byte_inserted": 613417,
          "byte_miss": 613417,
          "byte_read": 1194199,
          "byte_reinserted": 56257,
          "hit": 1194199,
          "inserted": 613417,
          "layer": 0,
          "miss_ratio": 0.3393513887905396,
          "reinserted": 56257,
          "req": 1807616
        }
      ],
      "miss_ratio": 0.3393513887905396,
      "req": 1807616
    }
  ],
  "trace": "tencentBlock.ns6656.oracleGeneral.zst"
}