{
  "dram_cache_size": 20,
  "flash_cache_size": 2001,
  "results": [
    {
      "hit": 1736982,
      "iteration": 0,
      "metrics": [
        {
          "admission_treshold": 0,
          "algorithm": "gclock",
          "byte_inserted": 1178565,
          "byte_miss": 1178565,
          "byte_read": 1736982,
          "byte_reinserted": 248654,
          "hit": 1736982,
          "inserted": 1178565,
          "layer": 0,
          "miss_ratio": 0.4042346084628373,
          "reinserted": 248654,
          "req": 2915547
        }
      ],
      "miss_ratio": 0.4042346084628373,
      "req": 2915547
    }
  ],
  "trace": "tencentBlock.ns12277.oracleGeneral.zst"
}