{
  "dram_cache_size": 17,
  "flash_cache_size": 1754,
  "results": [
    {
      "hit": 840432,
      "iteration": 0,
      "metrics": [
        {
          "admission_treshold": 0,
          "algorithm": "t5auto",
          "byte_inserted": 660307,
          "byte_miss": 660307,
          "byte_read": 840432,
          "byte_reinserted": 55969,
          "hit": 840432,
          "inserted": 660307,
          "layer": 0,
          "miss_ratio": 0.4399878992949473,
          "reinserted": 55969,
          "req": 1500739
        }
      ],
      "miss_ratio": 0.4399878992949473,
      "req": 1500739
    }
  ],
  "trace": "tencentBlock.ns9891.oracleGeneral.zst"
}