{
  "dram_cache_size": 38,
  "flash_cache_size": 3855,
  "results": [
    {
      "hit": 2378171,
      "iteration": 0,
      "metrics": [
        {
          "admission_treshold": 0,
          "algorithm": "time3-auto",
          "byte_inserted": 1206042,
          "byte_miss": 1206042,
          "byte_read": 2378171,
          "byte_reinserted": 280124,
          "hit": 2378171,
          "inserted": 1206042,
          "layer": 0,
          "miss_ratio": 0.33648725675622515,
          "reinserted": 280124,
          "req": 3584213
        }
      ],
      "miss_ratio": 0.33648725675622515,
      "req": 3584213
    }
  ],
  "trace": "tencentBlock.ns18168.oracleGeneral.zst"
}