{
  "dram_cache_size": 96,
  "flash_cache_size": 9662,
  "results": [
    {
      "hit": 3088085,
      "iteration": 0,
      "metrics": [
        {
          "admission_treshold": 0,
          "algorithm": "q3auto",
          "byte_inserted": 3773787,
          "byte_miss": 3773787,
          "byte_read": 3088085,
          "byte_reinserted": 423375,
          "hit": 3088085,
          "inserted": 3773787,
          "layer": 0,
          "miss_ratio": 0.5499646452163491,
          "reinserted": 423375,
          "req": 6861872
        }
      ],
      "miss_ratio": 0.5499646452163491,
      "req": 6861872
    }
  ],
  "trace": "tencentBlock.ns22587.oracleGeneral.zst"
}