{
  "dram_cache_size": 18,
  "flash_cache_size": 1838,
  "results": [
    {
      "hit": 1278422,
      "iteration": 0,
      "metrics": [
        {
          "admission_treshold": 0,
          "algorithm": "dclock",
          "byte_inserted": 593258,
          "byte_miss": 593258,
          "byte_read": 1278422,
          "byte_reinserted": 305489,
          "hit": 1278422,
          "inserted": 593258,
          "layer": 0,
          "miss_ratio": 0.3169655069242605,
          "reinserted": 305489,
          "req": 1871680
        }
      ],
      "miss_ratio": 0.3169655069242605,
      "req": 1871680
    }
  ],
  "trace": "tencentBlock.ns13975.oracleGeneral.zst"
}