{
  "dram_cache_size": 10,
  "flash_cache_size": 1079,
  "results": [
    {
      "hit": 2445236,
      "iteration": 0,
      "metrics": [
        {
          "admission_treshold": 0,
          "algorithm": "t6auto",
          "byte_inserted": 667672,
          "byte_miss": 667672,
          "byte_read": 2445236,
          "byte_reinserted": 118216,
          "hit": 2445236,
          "inserted": 667672,
          "layer": 0,
          "miss_ratio": 0.21448497674842948,
          "reinserted": 118216,
          "req": 3112908
        }
      ],
      "miss_ratio": 0.21448497674842948,
      "req": 3112908
    }
  ],
  "trace": "tencentBlock.ns3060.oracleGeneral.zst"
}