{
  "dram_cache_size": 13,
  "flash_cache_size": 1334,
  "results": [
    {
      "hit": 2879158,
      "iteration": 0,
      "metrics": [
        {
          "admission_treshold": 0,
          "algorithm": "t4auto",
          "byte_inserted": 746308,
          "byte_miss": 746308,
          "byte_read": 2879158,
          "byte_reinserted": 185103,
          "hit": 2879158,
          "inserted": 746308,
          "layer": 0,
          "miss_ratio": 0.20585160638659972,
          "reinserted": 185103,
          "req": 3625466
        }
      ],
      "miss_ratio": 0.20585160638659972,
      "req": 3625466
    }
  ],
  "trace": "tencentBlock.ns21716.oracleGeneral.zst"
}