{
  "dram_cache_size": 13,
  "flash_cache_size": 1368,
  "results": [
    {
      "hit": 2261923,
      "iteration": 0,
      "metrics": [
        {
          "admission_treshold": 0,
          "algorithm": "dclock",
          "byte_inserted": 87640752,
          "byte_miss": 87640752,
          "byte_read": 2261923,
          "byte_reinserted": 688444,
          "hit": 2261923,
          "inserted": 87640752,
          "layer": 0,
          "miss_ratio": 0.9748403148182188,
          "reinserted": 688444,
          "req": 89902675
        }
      ],
      "miss_ratio": 0.9748403148182188,
      "req": 89902675
    }
  ],
  "trace": "tencentBlock.ns8970.oracleGeneral.zst"
}