{
  "dram_cache_size": 7,
  "flash_cache_size": 767,
  "results": [
    {
      "hit": 3320230,
      "iteration": 0,
      "metrics": [
        {
          "admission_treshold": 0,
          "algorithm": "dclock",
          "byte_inserted": 946991,
          "byte_miss": 946991,
          "byte_read": 3320230,
          "byte_reinserted": 374512,
          "hit": 3320230,
          "inserted": 946991,
          "layer": 0,
          "miss_ratio": 0.22192218307887035,
          "reinserted": 374512,
          "req": 4267221
        }
      ],
      "miss_ratio": 0.22192218307887035,
      "req": 4267221
    }
  ],
  "trace": "tencentBlock.ns13072.oracleGeneral.zst"
}