{
  "dram_cache_size": 84,
  "flash_cache_size": 8429,
  "results": [
    {
      "hit": 6215920,
      "iteration": 0,
      "metrics": [
        {
          "admission_treshold": 0,
          "algorithm": "d3clock",
          "byte_inserted": 2542093,
          "byte_miss": 2542093,
          "byte_read": 6215920,
          "byte_reinserted": 453467,
          "hit": 6215920,
          "inserted": 2542093,
          "layer": 0,
          "miss_ratio": 0.29025910329203664,
          "reinserted": 453467,
          "req": 8758013
        }
      ],
      "miss_ratio": 0.29025910329203664,
      "req": 8758013
    }
  ],
  "trace": "tencentBlock.ns15550.oracleGeneral.zst"
}