{
  "dram_cache_size": 74,
  "flash_cache_size": 7463,
  "results": [
    {
      "hit": 2938523,
      "iteration": 0,
      "metrics": [
        {
          "admission_treshold": 0,
          "algorithm": "time-auto",
          "byte_inserted": 1540242,
          "byte_miss": 1540242,
          "byte_read": 2938523,
          "byte_reinserted": 883962,
          "hit": 2938523,
          "inserted": 1540242,
          "layer": 0,
          "miss_ratio": 0.34389882032212005,
          "reinserted": 883962,
          "req": 4478765
        }
      ],
      "miss_ratio": 0.34389882032212005,
      "req": 4478765
    }
  ],
  "trace": "tencentBlock.ns8872.oracleGeneral.zst"
}