{
  "dram_cache_size": 16,
  "flash_cache_size": 1695,
  "results": [
    {
      "hit": 866358,
      "iteration": 0,
      "metrics": [
        {
          "admission_treshold": 0,
          "algorithm": "qauto",
          "byte_inserted": 737276,
          "byte_miss": 737276,
          "byte_read": 866358,
          "byte_reinserted": 18768,
          "hit": 866358,
          "inserted": 737276,
          "layer": 0,
          "miss_ratio": 0.4597532853506473,
          "reinserted": 18768,
          "req": 1603634
        }
      ],
      "miss_ratio": 0.4597532853506473,
      "req": 1603634
    }
  ],
  "trace": "tencentBlock.ns12931.oracleGeneral.zst"
}