{
  "dram_cache_size": 13,
  "flash_cache_size": 1326,
  "results": [
    {
      "hit": 743019,
      "iteration": 0,
      "metrics": [
        {
          "admission_treshold": 0,
          "algorithm": "d3clock",
          "byte_inserted": 516213,
          "byte_miss": 516213,
          "byte_read": 743019,
          "byte_reinserted": 25441,
          "hit": 743019,
          "inserted": 516213,
          "layer": 0,
          "miss_ratio": 0.40994272699550205,
          "reinserted": 25441,
          "req": 1259232
        }
      ],
      "miss_ratio": 0.40994272699550205,
      "req": 1259232
    }
  ],
  "trace": "tencentBlock.ns19932.oracleGeneral.zst"
}