{
  "dram_cache_size": 0,
  "flash_cache_size": 8,
  "results": [
    {
      "hit": 1114419,
      "iteration": 0,
      "metrics": [
        {
          "admission_treshold": 0,
          "algorithm": "t5auto",
          "byte_inserted": 1142470,
          "byte_miss": 1142470,
          "byte_read": 1114419,
          "byte_reinserted": 521479,
          "hit": 1114419,
          "inserted": 1142470,
          "layer": 0,
          "miss_ratio": 0.5062145280516676,
          "reinserted": 521479,
          "req": 2256889
        }
      ],
      "miss_ratio": 0.5062145280516676,
      "req": 2256889
    }
  ],
  "trace": "cf_allcolo.ns1354.oracleGeneral.zst"
}