{
  "dram_cache_size": 27,
  "flash_cache_size": 2708,
  "results": [
    {
      "hit": 2095708,
      "iteration": 0,
      "metrics": [
        {
          "admission_treshold": 0,
          "algorithm": "sxfifo",
          "byte_inserted": 878955,
          "byte_miss": 878955,
          "byte_read": 2095708,
          "byte_reinserted": 175883,
          "hit": 2095708,
          "inserted": 878955,
          "layer": 0,
          "miss_ratio": 0.29548053006340547,
          "reinserted": 175883,
          "req": 2974663
        }
      ],
      "miss_ratio": 0.29548053006340547,
      "req": 2974663
    }
  ],
  "trace": "tencentBlock.ns15640.oracleGeneral.zst"
}