{
  "dram_cache_size": 30,
  "flash_cache_size": 3081,
  "results": [
    {
      "hit": 2126086,
      "iteration": 0,
      "metrics": [
        {
          "admission_treshold": 0,
          "algorithm": "dclock",
          "byte_inserted": 1093647,
          "byte_miss": 1093647,
          "byte_read": 2126086,
          "byte_reinserted": 354867,
          "hit": 2126086,
          "inserted": 1093647,
          "layer": 0,
          "miss_ratio": 0.3396700906565855,
          "reinserted": 354867,
          "req": 3219733
        }
      ],
      "miss_ratio": 0.3396700906565855,
      "req": 3219733
    }
  ],
  "trace": "tencentBlock.ns19410.oracleGeneral.zst"
}