{
  "dram_cache_size": 32,
  "flash_cache_size": 3248,
  "results": [
    {
      "hit": 366331,
      "iteration": 0,
      "metrics": [
        {
          "admission_treshold": 0,
          "algorithm": "s3fclock",
          "byte_inserted": 3130727,
          "byte_miss": 3130727,
          "byte_read": 366331,
          "byte_reinserted": 7158,
          "hit": 366331,
          "inserted": 3130727,
          "layer": 0,
          "miss_ratio": 0.895245946735799,
          "reinserted": 7158,
          "req": 3497058
        }
      ],
      "miss_ratio": 0.895245946735799,
      "req": 3497058
    }
  ],
  "trace": "tencentBlock.ns17585.oracleGeneral.zst"
}