{
  "dram_cache_size": 274,
  "flash_cache_size": 27402,
  "results": [
    {
      "hit": 19168290,
      "iteration": 0,
      "metrics": [
        {
          "admission_treshold": 0,
          "algorithm": "qand-clock-v2",
          "byte_inserted": 23920273,
          "byte_miss": 23920273,
          "byte_read": 19168290,
          "byte_reinserted": 1823896,
          "hit": 19168290,
          "inserted": 23920273,
          "layer": 0,
          "miss_ratio": 0.5551420454657539,
          "reinserted": 1823896,
          "req": 43088563
        }
      ],
      "miss_ratio": 0.5551420454657539,
      "req": 43088563
    }
  ],
  "trace": "tencentBlock.ns3353.oracleGeneral.zst"
}