{
  "dram_cache_size": 12,
  "flash_cache_size": 1252,
  "results": [
    {
      "hit": 1368423,
      "iteration": 0,
      "metrics": [
        {
          "admission_treshold": 0,
          "algorithm": "dclock",
          "byte_inserted": 467915,
          "byte_miss": 467915,
          "byte_read": 1368423,
          "byte_reinserted": 227259,
          "hit": 1368423,
          "inserted": 467915,
          "layer": 0,
          "miss_ratio": 0.2548087552509396,
          "reinserted": 227259,
          "req": 1836338
        }
      ],
      "miss_ratio": 0.2548087552509396,
      "req": 1836338
    }
  ],
  "trace": "tencentBlock.ns23218.oracleGeneral.zst"
}