{
  "dram_cache_size": 90,
  "flash_cache_size": 9074,
  "results": [
    {
      "hit": 812970,
      "iteration": 0,
      "metrics": [
        {
          "admission_treshold": 0,
          "algorithm": "d3clock",
          "byte_inserted": 1580422,
          "byte_miss": 1580422,
          "byte_read": 812970,
          "byte_reinserted": 26432,
          "hit": 812970,
          "inserted": 1580422,
          "layer": 0,
          "miss_ratio": 0.6603272677438548,
          "reinserted": 26432,
          "req": 2393392
        }
      ],
      "miss_ratio": 0.6603272677438548,
      "req": 2393392
    }
  ],
  "trace": "tencentBlock.ns12623.oracleGeneral.zst"
}