{
  "dram_cache_size": 7,
  "flash_cache_size": 767,
  "results": [
    {
      "hit": 1592768,
      "iteration": 0,
      "metrics": [
        {
          "admission_treshold": 0,
          "algorithm": "d3clock",
          "byte_inserted": 469747,
          "byte_miss": 469747,
          "byte_read": 1592768,
          "byte_reinserted": 220577,
          "hit": 1592768,
          "inserted": 469747,
          "layer": 0,
          "miss_ratio": 0.22775446481601347,
          "reinserted": 220577,
          "req": 2062515
        }
      ],
      "miss_ratio": 0.22775446481601347,
      "req": 2062515
    }
  ],
  "trace": "tencentBlock.ns12174.oracleGeneral.zst"
}