{
  "dram_cache_size": 20,
  "flash_cache_size": 2054,
  "results": [
    {
      "hit": 2346593,
      "iteration": 0,
      "metrics": [
        {
          "admission_treshold": 0,
          "algorithm": "g2clock",
          "byte_inserted": 958590,
          "byte_miss": 958590,
          "byte_read": 2346593,
          "byte_reinserted": 629779,
          "hit": 2346593,
          "inserted": 958590,
          "layer": 0,
          "miss_ratio": 0.29002630111555094,
          "reinserted": 629779,
          "req": 3305183
        }
      ],
      "miss_ratio": 0.29002630111555094,
      "req": 3305183
    }
  ],
  "trace": "tencentBlock.ns4633.oracleGeneral.zst"
}