{
  "dram_cache_size": 24,
  "flash_cache_size": 2443,
  "results": [
    {
      "hit": 2813209,
      "iteration": 0,
      "metrics": [
        {
          "admission_treshold": 0,
          "algorithm": "qand-clock-v2",
          "byte_inserted": 4712263,
          "byte_miss": 4712263,
          "byte_read": 2813209,
          "byte_reinserted": 1372657,
          "hit": 2813209,
          "inserted": 4712263,
          "layer": 0,
          "miss_ratio": 0.6261750757959101,
          "reinserted": 1372657,
          "req": 7525472
        }
      ],
      "miss_ratio": 0.6261750757959101,
      "req": 7525472
    }
  ],
  "trace": "cf_allcolo.ns2589.oracleGeneral.zst"
}