{
  "dram_cache_size": 8,
  "flash_cache_size": 811,
  "results": [
    {
      "hit": 1601863,
      "iteration": 0,
      "metrics": [
        {
          "admission_treshold": 0,
          "algorithm": "cm-clock",
          "byte_inserted": 450278,
          "byte_miss": 450278,
          "byte_read": 1601863,
          "byte_reinserted": 92410,
          "hit": 1601863,
          "inserted": 450278,
          "layer": 0,
          "miss_ratio": 0.21941864618464324,
          "reinserted": 92410,
          "req": 2052141
        }
      ],
      "miss_ratio": 0.21941864618464324,
      "req": 2052141
    }
  ],
  "trace": "cf_colo28.ns130.oracleGeneral.zst"
}