{
  "dram_cache_size": 166,
  "flash_cache_size": 16630,
  "results": [
    {
      "hit": 10019232,
      "iteration": 0,
      "metrics": [
        {
          "admission_treshold": 0,
          "algorithm": "time3-auto",
          "byte_inserted": 3980768,
          "byte_miss": 3980768,
          "byte_read": 10019232,
          "byte_reinserted": 461317,
          "hit": 10019232,
          "inserted": 3980768,
          "layer": 0,
          "miss_ratio": 0.2843405714285714,
          "reinserted": 461317,
          "req": 14000000
        }
      ],
      "miss_ratio": 0.2843405714285714,
      "req": 14000000
    }
  ],
  "trace": "io_traces.ns189.oracleGeneral.zst"
}