{
  "dram_cache_size": 207,
  "flash_cache_size": 20773,
  "results": [
    {
      "hit": 22379880,
      "iteration": 0,
      "metrics": [
        {
          "admission_treshold": 0,
          "algorithm": "t4auto",
          "byte_inserted": 30308945,
          "byte_miss": 30308945,
          "byte_read": 22379880,
          "byte_reinserted": 7026918,
          "hit": 22379880,
          "inserted": 30308945,
          "layer": 0,
          "miss_ratio": 0.5752442761819039,
          "reinserted": 7026918,
          "req": 52688825
        }
      ],
      "miss_ratio": 0.5752442761819039,
      "req": 52688825
    }
  ],
  "trace": "tencentBlock.ns17513.oracleGeneral.zst"
}