{
  "dram_cache_size": 76,
  "flash_cache_size": 7635,
  "results": [
    {
      "hit": 3820530,
      "iteration": 0,
      "metrics": [
        {
          "admission_treshold": 0,
          "algorithm": "q3auto",
          "byte_inserted": 3175210,
          "byte_miss": 3175210,
          "byte_read": 3820530,
          "byte_reinserted": 297507,
          "hit": 3820530,
          "inserted": 3175210,
          "layer": 0,
          "miss_ratio": 0.4538776455385706,
          "reinserted": 297507,
          "req": 6995740
        }
      ],
      "miss_ratio": 0.4538776455385706,
      "req": 6995740
    }
  ],
  "trace": "tencentBlock.ns7498.oracleGeneral.zst"
}