{
  "dram_cache_size": 6,
  "flash_cache_size": 687,
  "results": [
    {
      "hit": 1245687,
      "iteration": 0,
      "metrics": [
        {
          "admission_treshold": 0,
          "algorithm": "q2auto",
          "byte_inserted": 484610,
          "byte_miss": 484610,
          "byte_read": 1245687,
          "byte_reinserted": 69240,
          "hit": 1245687,
          "inserted": 484610,
          "layer": 0,
          "miss_ratio": 0.28007330533428654,
          "reinserted": 69240,
          "req": 1730297
        }
      ],
      "miss_ratio": 0.28007330533428654,
      "req": 1730297
    }
  ],
  "trace": "tencentBlock.ns8150.oracleGeneral.zst"
}