{
  "dram_cache_size": 15,
  "flash_cache_size": 1552,
  "results": [
    {
      "hit": 2323485,
      "iteration": 0,
      "metrics": [
        {
          "admission_treshold": 0,
          "algorithm": "sxfifo",
          "byte_inserted": 6757809,
          "byte_miss": 6757809,
          "byte_read": 2323485,
          "byte_reinserted": 98654,
          "hit": 2323485,
          "inserted": 6757809,
          "layer": 0,
          "miss_ratio": 0.7441460435043729,
          "reinserted": 98654,
          "req": 9081294
        }
      ],
      "miss_ratio": 0.7441460435043729,
      "req": 9081294
    }
  ],
  "trace": "tencentBlock.ns5673.oracleGeneral.zst"
}