{
  "dram_cache_size": 24,
  "flash_cache_size": 2422,
  "results": [
    {
      "hit": 1733954,
      "iteration": 0,
      "metrics": [
        {
          "admission_treshold": 0,
          "algorithm": "g2clock",
          "byte_inserted": 892176,
          "byte_miss": 892176,
          "byte_read": 1733954,
          "byte_reinserted": 478681,
          "hit": 1733954,
          "inserted": 892176,
          "layer": 0,
          "miss_ratio": 0.3397303256122126,
          "reinserted": 478681,
          "req": 2626130
        }
      ],
      "miss_ratio": 0.3397303256122126,
      "req": 2626130
    }
  ],
  "trace": "tencentBlock.ns19317.oracleGeneral.zst"
}