{
  "dram_cache_size": 8,
  "flash_cache_size": 895,
  "results": [
    {
      "hit": 1087530,
      "iteration": 0,
      "metrics": [
        {
          "admission_treshold": 0,
          "algorithm": "s3fclock",
          "byte_inserted": 460544,
          "byte_miss": 460544,
          "byte_read": 1087530,
          "byte_reinserted": 12803,
          "hit": 1087530,
          "inserted": 460544,
          "layer": 0,
          "miss_ratio": 0.2974948225989197,
          "reinserted": 12803,
          "req": 1548074
        }
      ],
      "miss_ratio": 0.2974948225989197,
      "req": 1548074
    }
  ],
  "trace": "tencentBlock.ns12141.oracleGeneral.zst"
}