{
  "dram_cache_size": 99,
  "flash_cache_size": 9945,
  "results": [
    {
      "hit": 2023708,
      "iteration": 0,
      "metrics": [
        {
          "admission_treshold": 0,
          "algorithm": "dclock",
          "byte_inserted": 2191118,
          "byte_miss": 2191118,
          "byte_read": 2023708,
          "byte_reinserted": 141041,
          "hit": 2023708,
          "inserted": 2191118,
          "layer": 0,
          "miss_ratio": 0.519859657314442,
          "reinserted": 141041,
          "req": 4214826
        }
      ],
      "miss_ratio": 0.519859657314442,
      "req": 4214826
    }
  ],
  "trace": "tencentBlock.ns3774.oracleGeneral.zst"
}