{
  "dram_cache_size": 27,
  "flash_cache_size": 2705,
  "results": [
    {
      "hit": 854545,
      "iteration": 0,
      "metrics": [
        {
          "admission_treshold": 0,
          "algorithm": "qand-clock-v2",
          "byte_inserted": 735640,
          "byte_miss": 735640,
          "byte_read": 854545,
          "byte_reinserted": 127812,
          "hit": 854545,
          "inserted": 735640,
          "layer": 0,
          "miss_ratio": 0.4626128406443275,
          "reinserted": 127812,
          "req": 1590185
        }
      ],
      "miss_ratio": 0.4626128406443275,
      "req": 1590185
    }
  ],
  "trace": "tencentBlock.ns15254.oracleGeneral.zst"
}