{
  "dram_cache_size": 7,
  "flash_cache_size": 743,
  "results": [
    {
      "hit": 1415017,
      "iteration": 0,
      "metrics": [
        {
          "admission_treshold": 0,
          "algorithm": "lru",
          "byte_inserted": 200211,
          "byte_miss": 200211,
          "byte_read": 1415017,
          "byte_reinserted": 1415017,
          "hit": 1415017,
          "inserted": 200211,
          "layer": 0,
          "miss_ratio": 0.12395216031420953,
          "reinserted": 1415017,
          "req": 1615228
        }
      ],
      "miss_ratio": 0.12395216031420953,
      "req": 1615228
    }
  ],
  "trace": "cf_colo28.ns2563.oracleGeneral.zst"
}