{
  "dram_cache_size": 49,
  "flash_cache_size": 4904,
  "results": [
    {
      "hit": 1950144,
      "iteration": 0,
      "metrics": [
        {
          "admission_treshold": 0,
          "algorithm": "dclock",
          "byte_inserted": 2012786,
          "byte_miss": 2012786,
          "byte_read": 1950144,
          "byte_reinserted": 715204,
          "hit": 1950144,
          "inserted": 2012786,
          "layer": 0,
          "miss_ratio": 0.5079034956458983,
          "reinserted": 715204,
          "req": 3962930
        }
      ],
      "miss_ratio": 0.5079034956458983,
      "req": 3962930
    }
  ],
  "trace": "tencentBlock.ns2372.oracleGeneral.zst"
}