{
  "dram_cache_size": 66,
  "flash_cache_size": 6600,
  "results": [
    {
      "hit": 3015230,
      "iteration": 0,
      "metrics": [
        {
          "admission_treshold": 0,
          "algorithm": "sxfifo",
          "byte_inserted": 2461856,
          "byte_miss": 2461856,
          "byte_read": 3015230,
          "byte_reinserted": 274188,
          "hit": 3015230,
          "inserted": 2461856,
          "layer": 0,
          "miss_ratio": 0.4494828089243076,
          "reinserted": 274188,
          "req": 5477086
        }
      ],
      "miss_ratio": 0.4494828089243076,
      "req": 5477086
    }
  ],
  "trace": "tencentBlock.ns16095.oracleGeneral.zst"
}