{
  "dram_cache_size": 32,
  "flash_cache_size": 3285,
  "results": [
    {
      "hit": 1389818,
      "iteration": 0,
      "metrics": [
        {
          "admission_treshold": 0,
          "algorithm": "gclock",
          "byte_inserted": 1007750,
          "byte_miss": 1007750,
          "byte_read": 1389818,
          "byte_reinserted": 55986,
          "hit": 1389818,
          "inserted": 1007750,
          "layer": 0,
          "miss_ratio": 0.42032175938284133,
          "reinserted": 55986,
          "req": 2397568
        }
      ],
      "miss_ratio": 0.42032175938284133,
      "req": 2397568
    }
  ],
  "trace": "tencentBlock.ns22822.oracleGeneral.zst"
}