{
  "dram_cache_size": 5382590,
  "flash_cache_size": 538259008,
  "results": [
    {
      "hit": 889987,
      "iteration": 0,
      "metrics": [
        {
          "admission_treshold": 0,
          "algorithm": "qauto",
          "byte_inserted": 76077508096,
          "byte_miss": 76077508096,
          "byte_read": 8124028416,
          "byte_reinserted": 2618195968,
          "hit": 889987,
          "inserted": 1503405,
          "layer": 0,
          "miss_ratio": 0.6281482515191827,
          "reinserted": 192734,
          "req": 2393392
        }
      ],
      "miss_ratio": 0.6281482515191827,
      "req": 2393392
    }
  ],
  "trace": "tencentBlock.ns12623.oracleGeneral.zst"
}