{
  "dram_cache_size": 28,
  "flash_cache_size": 2839,
  "results": [
    {
      "hit": 2454701,
      "iteration": 0,
      "metrics": [
        {
          "admission_treshold": 0,
          "algorithm": "gclock",
          "byte_inserted": 1150125,
          "byte_miss": 1150125,
          "byte_read": 2454701,
          "byte_reinserted": 1224744,
          "hit": 2454701,
          "inserted": 1150125,
          "layer": 0,
          "miss_ratio": 0.3190514604588405,
          "reinserted": 1224744,
          "req": 3604826
        }
      ],
      "miss_ratio": 0.3190514604588405,
      "req": 3604826
    }
  ],
  "trace": "tencentBlock.ns12945.oracleGeneral.zst"
}