{
  "dram_cache_size": 9,
  "flash_cache_size": 930,
  "results": [
    {
      "hit": 1593898,
      "iteration": 0,
      "metrics": [
        {
          "admission_treshold": 0,
          "algorithm": "d3clock",
          "byte_inserted": 521645,
          "byte_miss": 521645,
          "byte_read": 1593898,
          "byte_reinserted": 129855,
          "hit": 1593898,
          "inserted": 521645,
          "layer": 0,
          "miss_ratio": 0.24657735626267108,
          "reinserted": 129855,
          "req": 2115543
        }
      ],
      "miss_ratio": 0.24657735626267108,
      "req": 2115543
    }
  ],
  "trace": "tencentBlock.ns6371.oracleGeneral.zst"
}