{
  "dram_cache_size": 1,
  "flash_cache_size": 133,
  "results": [
    {
      "hit": 3861203,
      "iteration": 0,
      "metrics": [
        {
          "admission_treshold": 0,
          "algorithm": "gclock",
          "byte_inserted": 4397408,
          "byte_miss": 4397408,
          "byte_read": 3861203,
          "byte_reinserted": 2511453,
          "hit": 3861203,
          "inserted": 4397408,
          "layer": 0,
          "miss_ratio": 0.5324633888192578,
          "reinserted": 2511453,
          "req": 8258611
        }
      ],
      "miss_ratio": 0.5324633888192578,
      "req": 8258611
    }
  ],
  "trace": "cf_allcolo.ns308.oracleGeneral.zst"
}