{
  "dram_cache_size": 1,
  "flash_cache_size": 196,
  "results": [
    {
      "hit": 1691791,
      "iteration": 0,
      "metrics": [
        {
          "admission_treshold": 0,
          "algorithm": "q-clock",
          "byte_inserted": 630513,
          "byte_miss": 630513,
          "byte_read": 1691791,
          "byte_reinserted": 3240,
          "hit": 1691791,
          "inserted": 630513,
          "layer": 0,
          "miss_ratio": 0.2715032140494956,
          "reinserted": 3240,
          "req": 2322304
        }
      ],
      "miss_ratio": 0.2715032140494956,
      "req": 2322304
    }
  ],
  "trace": "cf_colo28.ns1733.oracleGeneral.zst"
}