{
  "dram_cache_size": 40,
  "flash_cache_size": 4058,
  "results": [
    {
      "hit": 2274647,
      "iteration": 0,
      "metrics": [
        {
          "admission_treshold": 0,
          "algorithm": "q3auto",
          "byte_inserted": 1170344,
          "byte_miss": 1170344,
          "byte_read": 2274647,
          "byte_reinserted": 326028,
          "hit": 2274647,
          "inserted": 1170344,
          "layer": 0,
          "miss_ratio": 0.33972338389273005,
          "reinserted": 326028,
          "req": 3444991
        }
      ],
      "miss_ratio": 0.33972338389273005,
      "req": 3444991
    }
  ],
  "trace": "tencentBlock.ns21224.oracleGeneral.zst"
}