{
  "dram_cache_size": 8,
  "flash_cache_size": 841,
  "results": [
    {
      "hit": 1460767,
      "iteration": 0,
      "metrics": [
        {
          "admission_treshold": 0,
          "algorithm": "dclock",
          "byte_inserted": 456429,
          "byte_miss": 456429,
          "byte_read": 1460767,
          "byte_reinserted": 216391,
          "hit": 1460767,
          "inserted": 456429,
          "layer": 0,
          "miss_ratio": 0.2380711205322773,
          "reinserted": 216391,
          "req": 1917196
        }
      ],
      "miss_ratio": 0.2380711205322773,
      "req": 1917196
    }
  ],
  "trace": "tencentBlock.ns3035.oracleGeneral.zst"
}