{
  "dram_cache_size": 44,
  "flash_cache_size": 4440,
  "results": [
    {
      "hit": 3337878,
      "iteration": 0,
      "metrics": [
        {
          "admission_treshold": 0,
          "algorithm": "g2clock",
          "byte_inserted": 5694346,
          "byte_miss": 5694346,
          "byte_read": 3337878,
          "byte_reinserted": 1079315,
          "hit": 3337878,
          "inserted": 5694346,
          "layer": 0,
          "miss_ratio": 0.6304478276889501,
          "reinserted": 1079315,
          "req": 9032224
        }
      ],
      "miss_ratio": 0.6304478276889501,
      "req": 9032224
    }
  ],
  "trace": "tencentBlock.ns16396.oracleGeneral.zst"
}