{
  "dram_cache_size": 39,
  "flash_cache_size": 3937,
  "results": [
    {
      "hit": 2545238,
      "iteration": 0,
      "metrics": [
        {
          "admission_treshold": 0,
          "algorithm": "qauto",
          "byte_inserted": 1252188,
          "byte_miss": 1252188,
          "byte_read": 2545238,
          "byte_reinserted": 277605,
          "hit": 2545238,
          "inserted": 1252188,
          "layer": 0,
          "miss_ratio": 0.32974651777282826,
          "reinserted": 277605,
          "req": 3797426
        }
      ],
      "miss_ratio": 0.32974651777282826,
      "req": 3797426
    }
  ],
  "trace": "tencentBlock.ns15765.oracleGeneral.zst"
}