{
  "dram_cache_size": 22,
  "flash_cache_size": 2231,
  "results": [
    {
      "hit": 2990755,
      "iteration": 0,
      "metrics": [
        {
          "admission_treshold": 0,
          "algorithm": "s3fclock",
          "byte_inserted": 1271276,
          "byte_miss": 1271276,
          "byte_read": 2990755,
          "byte_reinserted": 62444,
          "hit": 2990755,
          "inserted": 1271276,
          "layer": 0,
          "miss_ratio": 0.29827938839487556,
          "reinserted": 62444,
          "req": 4262031
        }
      ],
      "miss_ratio": 0.29827938839487556,
      "req": 4262031
    }
  ],
  "trace": "tencentBlock.ns13108.oracleGeneral.zst"
}