{
  "dram_cache_size": 34,
  "flash_cache_size": 3485,
  "results": [
    {
      "hit": 2679938,
      "iteration": 0,
      "metrics": [
        {
          "admission_treshold": 0,
          "algorithm": "qand-clock",
          "byte_inserted": 921512,
          "byte_miss": 921512,
          "byte_read": 2679938,
          "byte_reinserted": 378258,
          "hit": 2679938,
          "inserted": 921512,
          "layer": 0,
          "miss_ratio": 0.2558724958003027,
          "reinserted": 378258,
          "req": 3601450
        }
      ],
      "miss_ratio": 0.2558724958003027,
      "req": 3601450
    }
  ],
  "trace": "tencentBlock.ns17253.oracleGeneral.zst"
}