{
  "dram_cache_size": 4,
  "flash_cache_size": 454,
  "results": [
    {
      "hit": 1288069,
      "iteration": 0,
      "metrics": [
        {
          "admission_treshold": 0,
          "algorithm": "t5auto",
          "byte_inserted": 616271,
          "byte_miss": 616271,
          "byte_read": 1288069,
          "byte_reinserted": 150129,
          "hit": 1288069,
          "inserted": 616271,
          "layer": 0,
          "miss_ratio": 0.32361395549114125,
          "reinserted": 150129,
          "req": 1904340
        }
      ],
      "miss_ratio": 0.32361395549114125,
      "req": 1904340
    }
  ],
  "trace": "cf_allcolo.ns2124.oracleGeneral.zst"
}