{
  "dram_cache_size": 5,
  "flash_cache_size": 572,
  "results": [
    {
      "hit": 12312228,
      "iteration": 0,
      "metrics": [
        {
          "admission_treshold": 0,
          "algorithm": "g2clock",
          "byte_inserted": 19924306,
          "byte_miss": 19924306,
          "byte_read": 12312228,
          "byte_reinserted": 6030109,
          "hit": 12312228,
          "inserted": 19924306,
          "layer": 0,
          "miss_ratio": 0.6180660116872365,
          "reinserted": 6030109,
          "req": 32236534
        }
      ],
      "miss_ratio": 0.6180660116872365,
      "req": 32236534
    }
  ],
  "trace": "cf_colo28.ns115.oracleGeneral.zst"
}