{
  "dram_cache_size": 14,
  "flash_cache_size": 1461,
  "results": [
    {
      "hit": 2539140,
      "iteration": 0,
      "metrics": [
        {
          "admission_treshold": 0,
          "algorithm": "sxfifo",
          "byte_inserted": 382256,
          "byte_miss": 382256,
          "byte_read": 2539140,
          "byte_reinserted": 381793,
          "hit": 2539140,
          "inserted": 382256,
          "layer": 0,
          "miss_ratio": 0.13084703340457782,
          "reinserted": 381793,
          "req": 2921396
        }
      ],
      "miss_ratio": 0.13084703340457782,
      "req": 2921396
    }
  ],
  "trace": "cf_colo28.ns827.oracleGeneral.zst"
}