{
  "dram_cache_size": 13790,
  "flash_cache_size": 1379027,
  "results": [
    {
      "hit": 1147538286,
      "iteration": 0,
      "metrics": [
        {
          "admission_treshold": 0,
          "algorithm": "d3clock",
          "byte_inserted": 233282927,
          "byte_miss": 233282927,
          "byte_read": 1147538286,
          "byte_reinserted": 66430202,
          "hit": 1147538286,
          "inserted": 233282927,
          "layer": 0,
          "miss_ratio": 0.16894506312889324,
          "reinserted": 66430202,
          "req": 1380821213
        }
      ],
      "miss_ratio": 0.16894506312889324,
      "req": 1380821213
    }
  ],
  "trace": "cf_colo28.oracleGeneral.sample10.zst"
}