{
  "dram_cache_size": 13,
  "flash_cache_size": 1360,
  "results": [
    {
      "hit": 633728,
      "iteration": 0,
      "metrics": [
        {
          "admission_treshold": 0,
          "algorithm": "g2clock",
          "byte_inserted": 566272,
          "byte_miss": 566272,
          "byte_read": 633728,
          "byte_reinserted": 101859,
          "hit": 633728,
          "inserted": 566272,
          "layer": 0,
          "miss_ratio": 0.4718933333333334,
          "reinserted": 101859,
          "req": 1200000
        }
      ],
      "miss_ratio": 0.4718933333333334,
      "req": 1200000
    }
  ],
  "trace": "io_traces.ns562.oracleGeneral.zst"
}