{
  "dram_cache_size": 37,
  "flash_cache_size": 3757,
  "results": [
    {
      "hit": 2490138,
      "iteration": 0,
      "metrics": [
        {
          "admission_treshold": 0,
          "algorithm": "g2clock",
          "byte_inserted": 933589,
          "byte_miss": 933589,
          "byte_read": 2490138,
          "byte_reinserted": 1520104,
          "hit": 2490138,
          "inserted": 933589,
          "layer": 0,
          "miss_ratio": 0.27268208008407213,
          "reinserted": 1520104,
          "req": 3423727
        }
      ],
      "miss_ratio": 0.27268208008407213,
      "req": 3423727
    }
  ],
  "trace": "tencentBlock.ns23204.oracleGeneral.zst"
}