{
  "dram_cache_size": 27,
  "flash_cache_size": 2756,
  "results": [
    {
      "hit": 9073096,
      "iteration": 0,
      "metrics": [
        {
          "admission_treshold": 0,
          "algorithm": "gclock",
          "byte_inserted": 1054352,
          "byte_miss": 1054352,
          "byte_read": 9073096,
          "byte_reinserted": 281667,
          "hit": 9073096,
          "inserted": 1054352,
          "layer": 0,
          "miss_ratio": 0.10410835977632271,
          "reinserted": 281667,
          "req": 10127448
        }
      ],
      "miss_ratio": 0.10410835977632271,
      "req": 10127448
    }
  ],
  "trace": "tencentBlock.ns1688.oracleGeneral.zst"
}