{
  "dram_cache_size": 34,
  "flash_cache_size": 3472,
  "results": [
    {
      "hit": 2663841,
      "iteration": 0,
      "metrics": [
        {
          "admission_treshold": 0,
          "algorithm": "qand-clock",
          "byte_inserted": 933478,
          "byte_miss": 933478,
          "byte_read": 2663841,
          "byte_reinserted": 271378,
          "hit": 2663841,
          "inserted": 933478,
          "layer": 0,
          "miss_ratio": 0.2594926944204837,
          "reinserted": 271378,
          "req": 3597319
        }
      ],
      "miss_ratio": 0.2594926944204837,
      "req": 3597319
    }
  ],
  "trace": "tencentBlock.ns5250.oracleGeneral.zst"
}