{
  "dram_cache_size": 1,
  "flash_cache_size": 171,
  "results": [
    {
      "hit": 6637878,
      "iteration": 0,
      "metrics": [
        {
          "admission_treshold": 0,
          "algorithm": "t6auto",
          "byte_inserted": 571041,
          "byte_miss": 571041,
          "byte_read": 6637878,
          "byte_reinserted": 409955,
          "hit": 6637878,
          "inserted": 571041,
          "layer": 0,
          "miss_ratio": 0.07921312474172615,
          "reinserted": 409955,
          "req": 7208919
        }
      ],
      "miss_ratio": 0.07921312474172615,
      "req": 7208919
    }
  ],
  "trace": "cf_allcolo.ns1658.oracleGeneral.zst"
}