{
  "dram_cache_size": 94,
  "flash_cache_size": 9462,
  "results": [
    {
      "hit": 2296448,
      "iteration": 0,
      "metrics": [
        {
          "admission_treshold": 0,
          "algorithm": "gclock",
          "byte_inserted": 1726884,
          "byte_miss": 1726884,
          "byte_read": 2296448,
          "byte_reinserted": 262164,
          "hit": 2296448,
          "inserted": 1726884,
          "layer": 0,
          "miss_ratio": 0.4292173750513256,
          "reinserted": 262164,
          "req": 4023332
        }
      ],
      "miss_ratio": 0.4292173750513256,
      "req": 4023332
    }
  ],
  "trace": "tencentBlock.ns9722.oracleGeneral.zst"
}