{
  "dram_cache_size": 4,
  "flash_cache_size": 421,
  "results": [
    {
      "hit": 1577225,
      "iteration": 0,
      "metrics": [
        {
          "admission_treshold": 0,
          "algorithm": "q2auto",
          "byte_inserted": 229235,
          "byte_miss": 229235,
          "byte_read": 1577225,
          "byte_reinserted": 100004,
          "hit": 1577225,
          "inserted": 229235,
          "layer": 0,
          "miss_ratio": 0.1268973572622698,
          "reinserted": 100004,
          "req": 1806460
        }
      ],
      "miss_ratio": 0.1268973572622698,
      "req": 1806460
    }
  ],
  "trace": "tencentBlock.ns6575.oracleGeneral.zst"
}