{
  "dram_cache_size": 21,
  "flash_cache_size": 2150,
  "results": [
    {
      "hit": 887719,
      "iteration": 0,
      "metrics": [
        {
          "admission_treshold": 0,
          "algorithm": "gclock",
          "byte_inserted": 671285,
          "byte_miss": 671285,
          "byte_read": 887719,
          "byte_reinserted": 148936,
          "hit": 887719,
          "inserted": 671285,
          "layer": 0,
          "miss_ratio": 0.4305858099145352,
          "reinserted": 148936,
          "req": 1559004
        }
      ],
      "miss_ratio": 0.4305858099145352,
      "req": 1559004
    }
  ],
  "trace": "tencentBlock.ns23061.oracleGeneral.zst"
}