{
  "dram_cache_size": 10,
  "flash_cache_size": 1065,
  "results": [
    {
      "hit": 2198224,
      "iteration": 0,
      "metrics": [
        {
          "admission_treshold": 0,
          "algorithm": "dclock",
          "byte_inserted": 673253,
          "byte_miss": 673253,
          "byte_read": 2198224,
          "byte_reinserted": 907063,
          "hit": 2198224,
          "inserted": 673253,
          "layer": 0,
          "miss_ratio": 0.23446226454190644,
          "reinserted": 907063,
          "req": 2871477
        }
      ],
      "miss_ratio": 0.23446226454190644,
      "req": 2871477
    }
  ],
  "trace": "tencentBlock.ns12939.oracleGeneral.zst"
}