{
  "dram_cache_size": 30,
  "flash_cache_size": 3096,
  "results": [
    {
      "hit": 1957786,
      "iteration": 0,
      "metrics": [
        {
          "admission_treshold": 0,
          "algorithm": "q3auto",
          "byte_inserted": 1070100,
          "byte_miss": 1070100,
          "byte_read": 1957786,
          "byte_reinserted": 262388,
          "hit": 1957786,
          "inserted": 1070100,
          "layer": 0,
          "miss_ratio": 0.35341489078518806,
          "reinserted": 262388,
          "req": 3027886
        }
      ],
      "miss_ratio": 0.35341489078518806,
      "req": 3027886
    }
  ],
  "trace": "tencentBlock.ns16458.oracleGeneral.zst"
}