{
  "dram_cache_size": 6,
  "flash_cache_size": 686,
  "results": [
    {
      "hit": 5924807,
      "iteration": 0,
      "metrics": [
        {
          "admission_treshold": 0,
          "algorithm": "gclock",
          "byte_inserted": 377138,
          "byte_miss": 377138,
          "byte_read": 5924807,
          "byte_reinserted": 534943,
          "hit": 5924807,
          "inserted": 377138,
          "layer": 0,
          "miss_ratio": 0.059844698739833446,
          "reinserted": 534943,
          "req": 6301945
        }
      ],
      "miss_ratio": 0.059844698739833446,
      "req": 6301945
    }
  ],
  "trace": "tencentBlock.ns11775.oracleGeneral.zst"
}