{
  "dram_cache_size": 22,
  "flash_cache_size": 2297,
  "results": [
    {
      "hit": 1503712,
      "iteration": 0,
      "metrics": [
        {
          "admission_treshold": 0,
          "algorithm": "d3clock",
          "byte_inserted": 662152,
          "byte_miss": 662152,
          "byte_read": 1503712,
          "byte_reinserted": 426912,
          "hit": 1503712,
          "inserted": 662152,
          "layer": 0,
          "miss_ratio": 0.3057218735802433,
          "reinserted": 426912,
          "req": 2165864
        }
      ],
      "miss_ratio": 0.3057218735802433,
      "req": 2165864
    }
  ],
  "trace": "tencentBlock.ns23214.oracleGeneral.zst"
}