{
  "dram_cache_size": 13,
  "flash_cache_size": 1368,
  "results": [
    {
      "hit": 1289935,
      "iteration": 0,
      "metrics": [
        {
          "admission_treshold": 0,
          "algorithm": "g2clock",
          "byte_inserted": 609890,
          "byte_miss": 609890,
          "byte_read": 1289935,
          "byte_reinserted": 73221,
          "hit": 1289935,
          "inserted": 609890,
          "layer": 0,
          "miss_ratio": 0.3210243048701854,
          "reinserted": 73221,
          "req": 1899825
        }
      ],
      "miss_ratio": 0.3210243048701854,
      "req": 1899825
    }
  ],
  "trace": "tencentBlock.ns18339.oracleGeneral.zst"
}