{
  "dram_cache_size": 14,
  "flash_cache_size": 1401,
  "results": [
    {
      "hit": 472184,
      "iteration": 0,
      "metrics": [
        {
          "admission_treshold": 0,
          "algorithm": "sxfifo",
          "byte_inserted": 653973,
          "byte_miss": 653973,
          "byte_read": 472184,
          "byte_reinserted": 102935,
          "hit": 472184,
          "inserted": 653973,
          "layer": 0,
          "miss_ratio": 0.5807121031969787,
          "reinserted": 102935,
          "req": 1126157
        }
      ],
      "miss_ratio": 0.5807121031969787,
      "req": 1126157
    }
  ],
  "trace": "tencentBlock.ns14312.oracleGeneral.zst"
}