{
  "dram_cache_size": 42,
  "flash_cache_size": 4217,
  "results": [
    {
      "hit": 2893825,
      "iteration": 0,
      "metrics": [
        {
          "admission_treshold": 0,
          "algorithm": "g2clock",
          "byte_inserted": 1007711,
          "byte_miss": 1007711,
          "byte_read": 2893825,
          "byte_reinserted": 529143,
          "hit": 2893825,
          "inserted": 1007711,
          "layer": 0,
          "miss_ratio": 0.25828571106354015,
          "reinserted": 529143,
          "req": 3901536
        }
      ],
      "miss_ratio": 0.25828571106354015,
      "req": 3901536
    }
  ],
  "trace": "tencentBlock.ns19827.oracleGeneral.zst"
}