{
  "dram_cache_size": 18,
  "flash_cache_size": 1833,
  "results": [
    {
      "hit": 4168263,
      "iteration": 0,
      "metrics": [
        {
          "admission_treshold": 0,
          "algorithm": "q2auto",
          "byte_inserted": 866846,
          "byte_miss": 866846,
          "byte_read": 4168263,
          "byte_reinserted": 511361,
          "hit": 4168263,
          "inserted": 866846,
          "layer": 0,
          "miss_ratio": 0.17216032463249553,
          "reinserted": 511361,
          "req": 5035109
        }
      ],
      "miss_ratio": 0.17216032463249553,
      "req": 5035109
    }
  ],
  "trace": "tencentBlock.ns7194.oracleGeneral.zst"
}