{
  "dram_cache_size": 30,
  "flash_cache_size": 3073,
  "results": [
    {
      "hit": 3959520,
      "iteration": 0,
      "metrics": [
        {
          "admission_treshold": 0,
          "algorithm": "t3auto",
          "byte_inserted": 2119533,
          "byte_miss": 2119533,
          "byte_read": 3959520,
          "byte_reinserted": 287852,
          "hit": 3959520,
          "inserted": 2119533,
          "layer": 0,
          "miss_ratio": 0.34866170767058624,
          "reinserted": 287852,
          "req": 6079053
        }
      ],
      "miss_ratio": 0.34866170767058624,
      "req": 6079053
    }
  ],
  "trace": "tencentBlock.ns11590.oracleGeneral.zst"
}