{
  "dram_cache_size": 2,
  "flash_cache_size": 248,
  "results": [
    {
      "hit": 2462167,
      "iteration": 0,
      "metrics": [
        {
          "admission_treshold": 0,
          "algorithm": "time3-auto",
          "byte_inserted": 2903350,
          "byte_miss": 2903350,
          "byte_read": 2462167,
          "byte_reinserted": 357942,
          "hit": 2462167,
          "inserted": 2903350,
          "layer": 0,
          "miss_ratio": 0.5411128135462062,
          "reinserted": 357942,
          "req": 5365517
        }
      ],
      "miss_ratio": 0.5411128135462062,
      "req": 5365517
    }
  ],
  "trace": "akamai_lax.ns23.oracleGeneral.bin.zst"
}