{
  "dram_cache_size": 329937,
  "flash_cache_size": 32993702,
  "results": [
    {
      "hit": 4168196,
      "iteration": 0,
      "metrics": [
        {
          "admission_treshold": 0,
          "algorithm": "qauto",
          "byte_inserted": 698429843819,
          "byte_miss": 698429843819,
          "byte_read": 231342383692,
          "byte_reinserted": 108726828580,
          "hit": 4168196,
          "inserted": 11955083,
          "layer": 0,
          "miss_ratio": 0.741479633268146,
          "reinserted": 1933400,
          "req": 16123279
        }
      ],
      "miss_ratio": 0.741479633268146,
      "req": 16123279
    }
  ],
  "trace": "cf_allcolo.ns40.oracleGeneral.zst"
}