{
  "dram_cache_size": 0,
  "flash_cache_size": 60,
  "results": [
    {
      "hit": 2491058,
      "iteration": 0,
      "metrics": [
        {
          "admission_treshold": 0,
          "algorithm": "t5auto",
          "byte_inserted": 528004,
          "byte_miss": 528004,
          "byte_read": 2491058,
          "byte_reinserted": 299755,
          "hit": 2491058,
          "inserted": 528004,
          "layer": 0,
          "miss_ratio": 0.17489008175386922,
          "reinserted": 299755,
          "req": 3019062
        }
      ],
      "miss_ratio": 0.17489008175386922,
      "req": 3019062
    }
  ],
  "trace": "cf_colo28.ns1349.oracleGeneral.zst"
}