{
  "dram_cache_size": 6,
  "flash_cache_size": 643,
  "results": [
    {
      "hit": 6970432,
      "iteration": 0,
      "metrics": [
        {
          "admission_treshold": 0,
          "algorithm": "dclock",
          "byte_inserted": 65048,
          "byte_miss": 65048,
          "byte_read": 6970432,
          "byte_reinserted": 9954,
          "hit": 6970432,
          "inserted": 65048,
          "layer": 0,
          "miss_ratio": 0.009245708892641313,
          "reinserted": 9954,
          "req": 7035480
        }
      ],
      "miss_ratio": 0.009245708892641313,
      "req": 7035480
    }
  ],
  "trace": "cf_colo28.ns363.oracleGeneral.zst"
}