{
  "dram_cache_size": 297,
  "flash_cache_size": 29704,
  "results": [
    {
      "hit": 1865979,
      "iteration": 0,
      "metrics": [
        {
          "admission_treshold": 0,
          "algorithm": "gclock",
          "byte_inserted": 3639449,
          "byte_miss": 3639449,
          "byte_read": 1865979,
          "byte_reinserted": 292778,
          "hit": 1865979,
          "inserted": 3639449,
          "layer": 0,
          "miss_ratio": 0.6610655883611591,
          "reinserted": 292778,
          "req": 5505428
        }
      ],
      "miss_ratio": 0.6610655883611591,
      "req": 5505428
    }
  ],
  "trace": "tencentBlock.ns14467.oracleGeneral.zst"
}