{
  "dram_cache_size": 38,
  "flash_cache_size": 3844,
  "results": [
    {
      "hit": 5390520,
      "iteration": 0,
      "metrics": [
        {
          "admission_treshold": 0,
          "algorithm": "s3fclock",
          "byte_inserted": 4063088,
          "byte_miss": 4063088,
          "byte_read": 5390520,
          "byte_reinserted": 132639,
          "hit": 5390520,
          "inserted": 4063088,
          "layer": 0,
          "miss_ratio": 0.42979230786806477,
          "reinserted": 132639,
          "req": 9453608
        }
      ],
      "miss_ratio": 0.42979230786806477,
      "req": 9453608
    }
  ],
  "trace": "tencentBlock.ns3566.oracleGeneral.zst"
}