{
  "dram_cache_size": 97,
  "flash_cache_size": 9734,
  "results": [
    {
      "hit": 8941055,
      "iteration": 0,
      "metrics": [
        {
          "admission_treshold": 0,
          "algorithm": "dclock",
          "byte_inserted": 6770804,
          "byte_miss": 6770804,
          "byte_read": 8941055,
          "byte_reinserted": 3654513,
          "hit": 8941055,
          "inserted": 6770804,
          "layer": 0,
          "miss_ratio": 0.4309358937093313,
          "reinserted": 3654513,
          "req": 15711859
        }
      ],
      "miss_ratio": 0.4309358937093313,
      "req": 15711859
    }
  ],
  "trace": "tencentBlock.ns3218.oracleGeneral.zst"
}