{
  "dram_cache_size": 27,
  "flash_cache_size": 2704,
  "results": [
    {
      "hit": 486277,
      "iteration": 0,
      "metrics": [
        {
          "admission_treshold": 0,
          "algorithm": "g2clock",
          "byte_inserted": 1577788,
          "byte_miss": 1577788,
          "byte_read": 486277,
          "byte_reinserted": 308440,
          "hit": 486277,
          "inserted": 1577788,
          "layer": 0,
          "miss_ratio": 0.764408097613205,
          "reinserted": 308440,
          "req": 2064065
        }
      ],
      "miss_ratio": 0.764408097613205,
      "req": 2064065
    }
  ],
  "trace": "tencentBlock.ns9011.oracleGeneral.zst"
}