{
  "dram_cache_size": 52,
  "flash_cache_size": 5270,
  "results": [
    {
      "hit": 2792116,
      "iteration": 0,
      "metrics": [
        {
          "admission_treshold": 0,
          "algorithm": "qauto",
          "byte_inserted": 1387445,
          "byte_miss": 1387445,
          "byte_read": 2792116,
          "byte_reinserted": 311868,
          "hit": 2792116,
          "inserted": 1387445,
          "layer": 0,
          "miss_ratio": 0.33195950483794834,
          "reinserted": 311868,
          "req": 4179561
        }
      ],
      "miss_ratio": 0.33195950483794834,
      "req": 4179561
    }
  ],
  "trace": "tencentBlock.ns23834.oracleGeneral.zst"
}