{
  "dram_cache_size": 113,
  "flash_cache_size": 11394,
  "results": [
    {
      "hit": 3929462,
      "iteration": 0,
      "metrics": [
        {
          "admission_treshold": 0,
          "algorithm": "s3fclock",
          "byte_inserted": 2545601,
          "byte_miss": 2545601,
          "byte_read": 3929462,
          "byte_reinserted": 365452,
          "hit": 3929462,
          "inserted": 2545601,
          "layer": 0,
          "miss_ratio": 0.39313918644498136,
          "reinserted": 365452,
          "req": 6475063
        }
      ],
      "miss_ratio": 0.39313918644498136,
      "req": 6475063
    }
  ],
  "trace": "tencentBlock.ns6725.oracleGeneral.zst"
}