{
  "dram_cache_size": 22,
  "flash_cache_size": 2211,
  "results": [
    {
      "hit": 2249242,
      "iteration": 0,
      "metrics": [
        {
          "admission_treshold": 0,
          "algorithm": "t5auto",
          "byte_inserted": 1305119,
          "byte_miss": 1305119,
          "byte_read": 2249242,
          "byte_reinserted": 436547,
          "hit": 2249242,
          "inserted": 1305119,
          "layer": 0,
          "miss_ratio": 0.3671880824710827,
          "reinserted": 436547,
          "req": 3554361
        }
      ],
      "miss_ratio": 0.3671880824710827,
      "req": 3554361
    }
  ],
  "trace": "cf_allcolo.ns1437.oracleGeneral.zst"
}