{
  "dram_cache_size": 4892635,
  "flash_cache_size": 489263584,
  "results": [
    {
      "hit": 6578424,
      "iteration": 0,
      "metrics": [
        {
          "admission_treshold": 0,
          "algorithm": "qauto",
          "byte_inserted": 49379154365,
          "byte_miss": 49379154365,
          "byte_read": 134251602972,
          "byte_reinserted": 17297894009,
          "hit": 6578424,
          "inserted": 2395123,
          "layer": 0,
          "miss_ratio": 0.26690928347508514,
          "reinserted": 837111,
          "req": 8973547
        }
      ],
      "miss_ratio": 0.26690928347508514,
      "req": 8973547
    }
  ],
  "trace": "cf_colo28.ns376.oracleGeneral.zst"
}