{
  "dram_cache_size": 1253,
  "flash_cache_size": 125337,
  "results": [
    {
      "hit": 7962569,
      "iteration": 0,
      "metrics": [
        {
          "admission_treshold": 0,
          "algorithm": "gclock",
          "byte_inserted": 29437431,
          "byte_miss": 29437431,
          "byte_read": 7962569,
          "byte_reinserted": 5376903,
          "hit": 7962569,
          "inserted": 29437431,
          "layer": 0,
          "miss_ratio": 0.7870970855614974,
          "reinserted": 5376903,
          "req": 37400000
        }
      ],
      "miss_ratio": 0.7870970855614974,
      "req": 37400000
    }
  ],
  "trace": "io_traces.ns727.oracleGeneral.zst"
}