{
  "dram_cache_size": 174,
  "flash_cache_size": 17403,
  "results": [
    {
      "hit": 20661999,
      "iteration": 0,
      "metrics": [
        {
          "admission_treshold": 0,
          "algorithm": "gclock",
          "byte_inserted": 1882817,
          "byte_miss": 1882817,
          "byte_read": 20661999,
          "byte_reinserted": 423969,
          "hit": 20661999,
          "inserted": 1882817,
          "layer": 0,
          "miss_ratio": 0.08351440969844248,
          "reinserted": 423969,
          "req": 22544816
        }
      ],
      "miss_ratio": 0.08351440969844248,
      "req": 22544816
    }
  ],
  "trace": "tencentBlock.ns3561.oracleGeneral.zst"
}