{
  "dram_cache_size": 154,
  "flash_cache_size": 15440,
  "results": [
    {
      "hit": 2842219,
      "iteration": 0,
      "metrics": [
        {
          "admission_treshold": 0,
          "algorithm": "gclock",
          "byte_inserted": 3378886,
          "byte_miss": 3378886,
          "byte_read": 2842219,
          "byte_reinserted": 228457,
          "hit": 2842219,
          "inserted": 3378886,
          "layer": 0,
          "miss_ratio": 0.54313277142887,
          "reinserted": 228457,
          "req": 6221105
        }
      ],
      "miss_ratio": 0.54313277142887,
      "req": 6221105
    }
  ],
  "trace": "tencentBlock.ns9745.oracleGeneral.zst"
}