{
  "dram_cache_size": 220,
  "flash_cache_size": 22057,
  "results": [
    {
      "hit": 5617925,
      "iteration": 0,
      "metrics": [
        {
          "admission_treshold": 0,
          "algorithm": "gclock",
          "byte_inserted": 5057406,
          "byte_miss": 5057406,
          "byte_read": 5617925,
          "byte_reinserted": 1063505,
          "hit": 5617925,
          "inserted": 5057406,
          "layer": 0,
          "miss_ratio": 0.4737469966973389,
          "reinserted": 1063505,
          "req": 10675331
        }
      ],
      "miss_ratio": 0.4737469966973389,
      "req": 10675331
    }
  ],
  "trace": "tencentBlock.ns7116.oracleGeneral.zst"
}