{
  "dram_cache_size": 59,
  "flash_cache_size": 5959,
  "results": [
    {
      "hit": 1860665,
      "iteration": 0,
      "metrics": [
        {
          "admission_treshold": 0,
          "algorithm": "t4auto",
          "byte_inserted": 3136420,
          "byte_miss": 3136420,
          "byte_read": 1860665,
          "byte_reinserted": 418876,
          "hit": 1860665,
          "inserted": 3136420,
          "layer": 0,
          "miss_ratio": 0.6276499199033037,
          "reinserted": 418876,
          "req": 4997085
        }
      ],
      "miss_ratio": 0.6276499199033037,
      "req": 4997085
    }
  ],
  "trace": "tencentBlock.ns15397.oracleGeneral.zst"
}