{
  "dram_cache_size": 13,
  "flash_cache_size": 1349,
  "results": [
    {
      "hit": 921318,
      "iteration": 0,
      "metrics": [
        {
          "admission_treshold": 0,
          "algorithm": "dclock",
          "byte_inserted": 731076,
          "byte_miss": 731076,
          "byte_read": 921318,
          "byte_reinserted": 157158,
          "hit": 921318,
          "inserted": 731076,
          "layer": 0,
          "miss_ratio": 0.44243443149757267,
          "reinserted": 157158,
          "req": 1652394
        }
      ],
      "miss_ratio": 0.44243443149757267,
      "req": 1652394
    }
  ],
  "trace": "tencentBlock.ns17963.oracleGeneral.zst"
}