{
  "dram_cache_size": 14,
  "flash_cache_size": 1467,
  "results": [
    {
      "hit": 663382,
      "iteration": 0,
      "metrics": [
        {
          "admission_treshold": 0,
          "algorithm": "d3clock",
          "byte_inserted": 788358,
          "byte_miss": 788358,
          "byte_read": 663382,
          "byte_reinserted": 49334,
          "hit": 663382,
          "inserted": 788358,
          "layer": 0,
          "miss_ratio": 0.5430435201895656,
          "reinserted": 49334,
          "req": 1451740
        }
      ],
      "miss_ratio": 0.5430435201895656,
      "req": 1451740
    }
  ],
  "trace": "tencentBlock.ns12197.oracleGeneral.zst"
}