{
  "dram_cache_size": 16,
  "flash_cache_size": 1686,
  "results": [
    {
      "hit": 866472,
      "iteration": 0,
      "metrics": [
        {
          "admission_treshold": 0,
          "algorithm": "qauto",
          "byte_inserted": 724757,
          "byte_miss": 724757,
          "byte_read": 866472,
          "byte_reinserted": 76888,
          "hit": 866472,
          "inserted": 724757,
          "layer": 0,
          "miss_ratio": 0.45546995435603554,
          "reinserted": 76888,
          "req": 1591229
        }
      ],
      "miss_ratio": 0.45546995435603554,
      "req": 1591229
    }
  ],
  "trace": "tencentBlock.ns19814.oracleGeneral.zst"
}