{
  "dram_cache_size": 8,
  "flash_cache_size": 859,
  "results": [
    {
      "hit": 1137592,
      "iteration": 0,
      "metrics": [
        {
          "admission_treshold": 0,
          "algorithm": "gclock",
          "byte_inserted": 479763,
          "byte_miss": 479763,
          "byte_read": 1137592,
          "byte_reinserted": 67816,
          "hit": 1137592,
          "inserted": 479763,
          "layer": 0,
          "miss_ratio": 0.2966343196144322,
          "reinserted": 67816,
          "req": 1617355
        }
      ],
      "miss_ratio": 0.2966343196144322,
      "req": 1617355
    }
  ],
  "trace": "tencentBlock.ns4964.oracleGeneral.zst"
}