{
  "dram_cache_size": 22,
  "flash_cache_size": 2229,
  "results": [
    {
      "hit": 2176863,
      "iteration": 0,
      "metrics": [
        {
          "admission_treshold": 0,
          "algorithm": "s3fclock-sequential",
          "byte_inserted": 3623137,
          "byte_miss": 3623137,
          "byte_read": 2176863,
          "byte_reinserted": 244782,
          "hit": 2176863,
          "inserted": 3623137,
          "layer": 0,
          "miss_ratio": 0.6246787931034483,
          "reinserted": 244782,
          "req": 5800000
        }
      ],
      "miss_ratio": 0.6246787931034483,
      "req": 5800000
    }
  ],
  "trace": "io_traces.ns650.oracleGeneral.zst"
}