{
  "dram_cache_size": 17,
  "flash_cache_size": 1737,
  "results": [
    {
      "hit": 1203420,
      "iteration": 0,
      "metrics": [
        {
          "admission_treshold": 0,
          "algorithm": "dclock",
          "byte_inserted": 1596580,
          "byte_miss": 1596580,
          "byte_read": 1203420,
          "byte_reinserted": 447772,
          "hit": 1203420,
          "inserted": 1596580,
          "layer": 0,
          "miss_ratio": 0.5702071428571429,
          "reinserted": 447772,
          "req": 2800000
        }
      ],
      "miss_ratio": 0.5702071428571429,
      "req": 2800000
    }
  ],
  "trace": "io_traces.ns417.oracleGeneral.zst"
}