{
  "dram_cache_size": 41,
  "flash_cache_size": 4174,
  "results": [
    {
      "hit": 5553999,
      "iteration": 0,
      "metrics": [
        {
          "admission_treshold": 0,
          "algorithm": "q2auto",
          "byte_inserted": 2246001,
          "byte_miss": 2246001,
          "byte_read": 5553999,
          "byte_reinserted": 433012,
          "hit": 5553999,
          "inserted": 2246001,
          "layer": 0,
          "miss_ratio": 0.2879488461538462,
          "reinserted": 433012,
          "req": 7800000
        }
      ],
      "miss_ratio": 0.2879488461538462,
      "req": 7800000
    }
  ],
  "trace": "io_traces.ns240.oracleGeneral.zst"
}