{
  "dram_cache_size": 74,
  "flash_cache_size": 7494,
  "results": [
    {
      "hit": 2209186,
      "iteration": 0,
      "metrics": [
        {
          "admission_treshold": 0,
          "algorithm": "gclock",
          "byte_inserted": 1687420,
          "byte_miss": 1687420,
          "byte_read": 2209186,
          "byte_reinserted": 383263,
          "hit": 2209186,
          "inserted": 1687420,
          "layer": 0,
          "miss_ratio": 0.43304865824258343,
          "reinserted": 383263,
          "req": 3896606
        }
      ],
      "miss_ratio": 0.43304865824258343,
      "req": 3896606
    }
  ],
  "trace": "tencentBlock.ns23952.oracleGeneral.zst"
}