{
  "dram_cache_size": 32,
  "flash_cache_size": 3254,
  "results": [
    {
      "hit": 5854268,
      "iteration": 0,
      "metrics": [
        {
          "admission_treshold": 0,
          "algorithm": "gclock",
          "byte_inserted": 1269177,
          "byte_miss": 1269177,
          "byte_read": 5854268,
          "byte_reinserted": 245226,
          "hit": 5854268,
          "inserted": 1269177,
          "layer": 0,
          "miss_ratio": 0.17816898986375274,
          "reinserted": 245226,
          "req": 7123445
        }
      ],
      "miss_ratio": 0.17816898986375274,
      "req": 7123445
    }
  ],
  "trace": "tencentBlock.ns1746.oracleGeneral.zst"
}