{
  "dram_cache_size": 23,
  "flash_cache_size": 2304,
  "results": [
    {
      "hit": 1621193,
      "iteration": 0,
      "metrics": [
        {
          "admission_treshold": 0,
          "algorithm": "gclock",
          "byte_inserted": 688198,
          "byte_miss": 688198,
          "byte_read": 1621193,
          "byte_reinserted": 153846,
          "hit": 1621193,
          "inserted": 688198,
          "layer": 0,
          "miss_ratio": 0.2979997756984417,
          "reinserted": 153846,
          "req": 2309391
        }
      ],
      "miss_ratio": 0.2979997756984417,
      "req": 2309391
    }
  ],
  "trace": "tencentBlock.ns19309.oracleGeneral.zst"
}