{
  "dram_cache_size": 25,
  "flash_cache_size": 2571,
  "results": [
    {
      "hit": 785516,
      "iteration": 0,
      "metrics": [
        {
          "admission_treshold": 0,
          "algorithm": "d3clock",
          "byte_inserted": 504121,
          "byte_miss": 504121,
          "byte_read": 785516,
          "byte_reinserted": 84519,
          "hit": 785516,
          "inserted": 504121,
          "layer": 0,
          "miss_ratio": 0.39090147072393244,
          "reinserted": 84519,
          "req": 1289637
        }
      ],
      "miss_ratio": 0.39090147072393244,
      "req": 1289637
    }
  ],
  "trace": "tencentBlock.ns6947.oracleGeneral.zst"
}