{
  "dram_cache_size": 34,
  "flash_cache_size": 3432,
  "results": [
    {
      "hit": 661249210,
      "iteration": 0,
      "metrics": [
        {
          "admission_treshold": 0,
          "algorithm": "dclock",
          "byte_inserted": 9899671,
          "byte_miss": 9899671,
          "byte_read": 661249210,
          "byte_reinserted": 43947707,
          "hit": 661249210,
          "inserted": 9899671,
          "layer": 0,
          "miss_ratio": 0.014750335253855495,
          "reinserted": 43947707,
          "req": 671148881
        }
      ],
      "miss_ratio": 0.014750335253855495,
      "req": 671148881
    }
  ],
  "trace": "ads_ranking_feature_store_cache.1.oracleGeneral.sample10.zst"
}