{
  "dram_cache_size": 5,
  "flash_cache_size": 506,
  "results": [
    {
      "hit": 797743,
      "iteration": 0,
      "metrics": [
        {
          "admission_treshold": 0,
          "algorithm": "d3clock",
          "byte_inserted": 752423,
          "byte_miss": 752423,
          "byte_read": 797743,
          "byte_reinserted": 193953,
          "hit": 797743,
          "inserted": 752423,
          "layer": 0,
          "miss_ratio": 0.4853822106793724,
          "reinserted": 193953,
          "req": 1550166
        }
      ],
      "miss_ratio": 0.4853822106793724,
      "req": 1550166
    }
  ],
  "trace": "cf_allcolo.ns1806.oracleGeneral.zst"
}