{
  "dram_cache_size": 349,
  "flash_cache_size": 34976,
  "results": [
    {
      "hit": 15080304,
      "iteration": 0,
      "metrics": [
        {
          "admission_treshold": 0,
          "algorithm": "time2-auto",
          "byte_inserted": 3617028,
          "byte_miss": 3617028,
          "byte_read": 15080304,
          "byte_reinserted": 503349,
          "hit": 15080304,
          "inserted": 3617028,
          "layer": 0,
          "miss_ratio": 0.1934515576874818,
          "reinserted": 503349,
          "req": 18697332
        }
      ],
      "miss_ratio": 0.1934515576874818,
      "req": 18697332
    }
  ],
  "trace": "cf_colo28.ns176.oracleGeneral.zst"
}