{
  "dram_cache_size": 21,
  "flash_cache_size": 2175,
  "results": [
    {
      "hit": 1446916,
      "iteration": 0,
      "metrics": [
        {
          "admission_treshold": 0,
          "algorithm": "g2clock",
          "byte_inserted": 1264374,
          "byte_miss": 1264374,
          "byte_read": 1446916,
          "byte_reinserted": 288086,
          "hit": 1446916,
          "inserted": 1264374,
          "layer": 0,
          "miss_ratio": 0.4663366884398201,
          "reinserted": 288086,
          "req": 2711290
        }
      ],
      "miss_ratio": 0.4663366884398201,
      "req": 2711290
    }
  ],
  "trace": "tencentBlock.ns13183.oracleGeneral.zst"
}