{
  "dram_cache_size": 31,
  "flash_cache_size": 3179,
  "results": [
    {
      "hit": 1418405,
      "iteration": 0,
      "metrics": [
        {
          "admission_treshold": 0,
          "algorithm": "d3clock",
          "byte_inserted": 2682373,
          "byte_miss": 2682373,
          "byte_read": 1418405,
          "byte_reinserted": 608930,
          "hit": 1418405,
          "inserted": 2682373,
          "layer": 0,
          "miss_ratio": 0.6541131951059043,
          "reinserted": 608930,
          "req": 4100778
        }
      ],
      "miss_ratio": 0.6541131951059043,
      "req": 4100778
    }
  ],
  "trace": "tencentBlock.ns9227.oracleGeneral.zst"
}