{
  "dram_cache_size": 10,
  "flash_cache_size": 1082,
  "results": [
    {
      "hit": 3694629,
      "iteration": 0,
      "metrics": [
        {
          "admission_treshold": 0,
          "algorithm": "dclock",
          "byte_inserted": 742165,
          "byte_miss": 742165,
          "byte_read": 3694629,
          "byte_reinserted": 502516,
          "hit": 3694629,
          "inserted": 742165,
          "layer": 0,
          "miss_ratio": 0.1672750639312981,
          "reinserted": 502516,
          "req": 4436794
        }
      ],
      "miss_ratio": 0.1672750639312981,
      "req": 4436794
    }
  ],
  "trace": "tencentBlock.ns12495.oracleGeneral.zst"
}