{
  "dram_cache_size": 16,
  "flash_cache_size": 1682,
  "results": [
    {
      "hit": 670635,
      "iteration": 0,
      "metrics": [
        {
          "admission_treshold": 0,
          "algorithm": "dclock",
          "byte_inserted": 490411,
          "byte_miss": 490411,
          "byte_read": 670635,
          "byte_reinserted": 25899,
          "hit": 670635,
          "inserted": 490411,
          "layer": 0,
          "miss_ratio": 0.4223872266904154,
          "reinserted": 25899,
          "req": 1161046
        }
      ],
      "miss_ratio": 0.4223872266904154,
      "req": 1161046
    }
  ],
  "trace": "tencentBlock.ns18369.oracleGeneral.zst"
}