{
  "dram_cache_size": 11,
  "flash_cache_size": 1197,
  "results": [
    {
      "hit": 871528,
      "iteration": 0,
      "metrics": [
        {
          "admission_treshold": 0,
          "algorithm": "qand-clock",
          "byte_inserted": 605864,
          "byte_miss": 605864,
          "byte_read": 871528,
          "byte_reinserted": 163943,
          "hit": 871528,
          "inserted": 605864,
          "layer": 0,
          "miss_ratio": 0.4100902130240316,
          "reinserted": 163943,
          "req": 1477392
        }
      ],
      "miss_ratio": 0.4100902130240316,
      "req": 1477392
    }
  ],
  "trace": "tencentBlock.ns17601.oracleGeneral.zst"
}