{
  "dram_cache_size": 42,
  "flash_cache_size": 4224,
  "results": [
    {
      "hit": 2226600,
      "iteration": 0,
      "metrics": [
        {
          "admission_treshold": 0,
          "algorithm": "d3clock",
          "byte_inserted": 1764143,
          "byte_miss": 1764143,
          "byte_read": 2226600,
          "byte_reinserted": 870067,
          "hit": 2226600,
          "inserted": 1764143,
          "layer": 0,
          "miss_ratio": 0.44205878454212666,
          "reinserted": 870067,
          "req": 3990743
        }
      ],
      "miss_ratio": 0.44205878454212666,
      "req": 3990743
    }
  ],
  "trace": "tencentBlock.ns6151.oracleGeneral.zst"
}