{
  "dram_cache_size": 83,
  "flash_cache_size": 8393,
  "results": [
    {
      "hit": 2746272,
      "iteration": 0,
      "metrics": [
        {
          "admission_treshold": 0,
          "algorithm": "dclock",
          "byte_inserted": 2146950,
          "byte_miss": 2146950,
          "byte_read": 2746272,
          "byte_reinserted": 1740004,
          "hit": 2746272,
          "inserted": 2146950,
          "layer": 0,
          "miss_ratio": 0.4387599826862546,
          "reinserted": 1740004,
          "req": 4893222
        }
      ],
      "miss_ratio": 0.4387599826862546,
      "req": 4893222
    }
  ],
  "trace": "tencentBlock.ns8011.oracleGeneral.zst"
}