{
  "dram_cache_size": 4,
  "flash_cache_size": 442,
  "results": [
    {
      "hit": 5036865,
      "iteration": 0,
      "metrics": [
        {
          "admission_treshold": 0,
          "algorithm": "lru",
          "byte_inserted": 79221,
          "byte_miss": 79221,
          "byte_read": 5036865,
          "byte_reinserted": 5036865,
          "hit": 5036865,
          "inserted": 79221,
          "layer": 0,
          "miss_ratio": 0.015484688881304942,
          "reinserted": 5036865,
          "req": 5116086
        }
      ],
      "miss_ratio": 0.015484688881304942,
      "req": 5116086
    }
  ],
  "trace": "cf_allcolo.ns79.oracleGeneral.zst"
}