{
  "dram_cache_size": 14,
  "flash_cache_size": 1461,
  "results": [
    {
      "hit": 2590283,
      "iteration": 0,
      "metrics": [
        {
          "admission_treshold": 0,
          "algorithm": "gclock",
          "byte_inserted": 331113,
          "byte_miss": 331113,
          "byte_read": 2590283,
          "byte_reinserted": 117721,
          "hit": 2590283,
          "inserted": 331113,
          "layer": 0,
          "miss_ratio": 0.11334067685449012,
          "reinserted": 117721,
          "req": 2921396
        }
      ],
      "miss_ratio": 0.11334067685449012,
      "req": 2921396
    }
  ],
  "trace": "cf_colo28.ns827.oracleGeneral.zst"
}