{
  "dram_cache_size": 2512,
  "flash_cache_size": 251229,
  "results": [
    {
      "hit": 1214153100,
      "iteration": 0,
      "metrics": [
        {
          "admission_treshold": 0,
          "algorithm": "gclock",
          "byte_inserted": 129815323,
          "byte_miss": 129815323,
          "byte_read": 1214153100,
          "byte_reinserted": 78348493,
          "hit": 1214153100,
          "inserted": 129815323,
          "layer": 0,
          "miss_ratio": 0.0965910513806767,
          "reinserted": 78348493,
          "req": 1343968423
        }
      ],
      "miss_ratio": 0.0965910513806767,
      "req": 1343968423
    }
  ],
  "trace": "cluster52.oracleGeneral.sample10.zst"
}