{
  "dram_cache_size": 843,
  "flash_cache_size": 84317,
  "results": [
    {
      "hit": 160346636,
      "iteration": 0,
      "metrics": [
        {
          "admission_treshold": 0,
          "algorithm": "sxfifo",
          "byte_inserted": 27867027,
          "byte_miss": 27867027,
          "byte_read": 160346636,
          "byte_reinserted": 18463487,
          "hit": 160346636,
          "inserted": 27867027,
          "layer": 0,
          "miss_ratio": 0.1480605953670855,
          "reinserted": 18463487,
          "req": 188213663
        }
      ],
      "miss_ratio": 0.1480605953670855,
      "req": 188213663
    }
  ],
  "trace": "index_server_rtt_cache.0.oracleGeneral.sample10.zst"
}