{
  "dram_cache_size": 370,
  "flash_cache_size": 37037,
  "results": [
    {
      "hit": 4762991,
      "iteration": 0,
      "metrics": [
        {
          "admission_treshold": 0,
          "algorithm": "dclock",
          "byte_inserted": 13848642,
          "byte_miss": 13848642,
          "byte_read": 4762991,
          "byte_reinserted": 1586961,
          "hit": 4762991,
          "inserted": 13848642,
          "layer": 0,
          "miss_ratio": 0.7440852718297206,
          "reinserted": 1586961,
          "req": 18611633
        }
      ],
      "miss_ratio": 0.7440852718297206,
      "req": 18611633
    }
  ],
  "trace": "tencentBlock.ns20627.oracleGeneral.zst"
}