{
  "dram_cache_size": 22,
  "flash_cache_size": 2271,
  "results": [
    {
      "hit": 1269803,
      "iteration": 0,
      "metrics": [
        {
          "admission_treshold": 0,
          "algorithm": "gclock",
          "byte_inserted": 859825,
          "byte_miss": 859825,
          "byte_read": 1269803,
          "byte_reinserted": 144368,
          "hit": 1269803,
          "inserted": 859825,
          "layer": 0,
          "miss_ratio": 0.4037442219955786,
          "reinserted": 144368,
          "req": 2129628
        }
      ],
      "miss_ratio": 0.4037442219955786,
      "req": 2129628
    }
  ],
  "trace": "tencentBlock.ns15835.oracleGeneral.zst"
}