{
  "dram_cache_size": 39,
  "flash_cache_size": 3925,
  "results": [
    {
      "hit": 2680723,
      "iteration": 0,
      "metrics": [
        {
          "admission_treshold": 0,
          "algorithm": "gclock",
          "byte_inserted": 1119387,
          "byte_miss": 1119387,
          "byte_read": 2680723,
          "byte_reinserted": 332946,
          "hit": 2680723,
          "inserted": 1119387,
          "layer": 0,
          "miss_ratio": 0.2945669993763338,
          "reinserted": 332946,
          "req": 3800110
        }
      ],
      "miss_ratio": 0.2945669993763338,
      "req": 3800110
    }
  ],
  "trace": "tencentBlock.ns19648.oracleGeneral.zst"
}