{
  "dram_cache_size": 28,
  "flash_cache_size": 2811,
  "results": [
    {
      "hit": 1923564,
      "iteration": 0,
      "metrics": [
        {
          "admission_treshold": 0,
          "algorithm": "q3auto",
          "byte_inserted": 1205733,
          "byte_miss": 1205733,
          "byte_read": 1923564,
          "byte_reinserted": 316997,
          "hit": 1923564,
          "inserted": 1205733,
          "layer": 0,
          "miss_ratio": 0.3853047505557957,
          "reinserted": 316997,
          "req": 3129297
        }
      ],
      "miss_ratio": 0.3853047505557957,
      "req": 3129297
    }
  ],
  "trace": "tencentBlock.ns7432.oracleGeneral.zst"
}