{
  "dram_cache_size": 47,
  "flash_cache_size": 4770,
  "results": [
    {
      "hit": 4356883,
      "iteration": 0,
      "metrics": [
        {
          "admission_treshold": 0,
          "algorithm": "gclock",
          "byte_inserted": 2742616,
          "byte_miss": 2742616,
          "byte_read": 4356883,
          "byte_reinserted": 657460,
          "hit": 4356883,
          "inserted": 2742616,
          "layer": 0,
          "miss_ratio": 0.3863112030863023,
          "reinserted": 657460,
          "req": 7099499
        }
      ],
      "miss_ratio": 0.3863112030863023,
      "req": 7099499
    }
  ],
  "trace": "tencentBlock.ns18865.oracleGeneral.zst"
}