{
  "dram_cache_size": 80,
  "flash_cache_size": 8077,
  "results": [
    {
      "hit": 892581,
      "iteration": 0,
      "metrics": [
        {
          "admission_treshold": 0,
          "algorithm": "gclock",
          "byte_inserted": 1807267,
          "byte_miss": 1807267,
          "byte_read": 892581,
          "byte_reinserted": 33503,
          "hit": 892581,
          "inserted": 1807267,
          "layer": 0,
          "miss_ratio": 0.6693958326542828,
          "reinserted": 33503,
          "req": 2699848
        }
      ],
      "miss_ratio": 0.6693958326542828,
      "req": 2699848
    }
  ],
  "trace": "tencentBlock.ns21974.oracleGeneral.zst"
}