{
  "dram_cache_size": 508,
  "flash_cache_size": 50875,
  "results": [
    {
      "hit": 3562000,
      "iteration": 0,
      "metrics": [
        {
          "admission_treshold": 0,
          "algorithm": "q3auto",
          "byte_inserted": 15278688,
          "byte_miss": 15278688,
          "byte_read": 3562000,
          "byte_reinserted": 1203839,
          "hit": 3562000,
          "inserted": 15278688,
          "layer": 0,
          "miss_ratio": 0.810941086652462,
          "reinserted": 1203839,
          "req": 18840688
        }
      ],
      "miss_ratio": 0.810941086652462,
      "req": 18840688
    }
  ],
  "trace": "w37.oracleGeneral.bin.zst"
}