{
  "dram_cache_size": 1,
  "flash_cache_size": 188,
  "results": [
    {
      "hit": 12453082,
      "iteration": 0,
      "metrics": [
        {
          "admission_treshold": 0,
          "algorithm": "qand-clock-v2",
          "byte_inserted": 23249,
          "byte_miss": 23249,
          "byte_read": 12453082,
          "byte_reinserted": 4439,
          "hit": 12453082,
          "inserted": 23249,
          "layer": 0,
          "miss_ratio": 0.0018634484769600723,
          "reinserted": 4439,
          "req": 12476331
        }
      ],
      "miss_ratio": 0.0018634484769600723,
      "req": 12476331
    }
  ],
  "trace": "cf_allcolo.ns36.oracleGeneral.zst"
}