{
  "dram_cache_size": 198,
  "flash_cache_size": 19881,
  "results": [
    {
      "hit": 66841868,
      "iteration": 0,
      "metrics": [
        {
          "admission_treshold": 0,
          "algorithm": "sxfifo",
          "byte_inserted": 10348979,
          "byte_miss": 10348979,
          "byte_read": 66841868,
          "byte_reinserted": 2383962,
          "hit": 66841868,
          "inserted": 10348979,
          "layer": 0,
          "miss_ratio": 0.134070027758602,
          "reinserted": 2383962,
          "req": 77190847
        }
      ],
      "miss_ratio": 0.134070027758602,
      "req": 77190847
    }
  ],
  "trace": "meta_kvcache_traces_202312.sample100.oracleGeneral.bin.zst"
}