{
  "dram_cache_size": 13,
  "flash_cache_size": 1341,
  "results": [
    {
      "hit": 2593845,
      "iteration": 0,
      "metrics": [
        {
          "admission_treshold": 0,
          "algorithm": "dclock",
          "byte_inserted": 722707,
          "byte_miss": 722707,
          "byte_read": 2593845,
          "byte_reinserted": 734575,
          "hit": 2593845,
          "inserted": 722707,
          "layer": 0,
          "miss_ratio": 0.21790914178339427,
          "reinserted": 734575,
          "req": 3316552
        }
      ],
      "miss_ratio": 0.21790914178339427,
      "req": 3316552
    }
  ],
  "trace": "tencentBlock.ns1924.oracleGeneral.zst"
}