{
  "dram_cache_size": 24,
  "flash_cache_size": 2422,
  "results": [
    {
      "hit": 1649090,
      "iteration": 0,
      "metrics": [
        {
          "admission_treshold": 0,
          "algorithm": "tauto",
          "byte_inserted": 977040,
          "byte_miss": 977040,
          "byte_read": 1649090,
          "byte_reinserted": 127010,
          "hit": 1649090,
          "inserted": 977040,
          "layer": 0,
          "miss_ratio": 0.37204555753142454,
          "reinserted": 127010,
          "req": 2626130
        }
      ],
      "miss_ratio": 0.37204555753142454,
      "req": 2626130
    }
  ],
  "trace": "tencentBlock.ns19317.oracleGeneral.zst"
}