{
  "dram_cache_size": 34,
  "flash_cache_size": 3453,
  "results": [
    {
      "hit": 890575,
      "iteration": 0,
      "metrics": [
        {
          "admission_treshold": 0,
          "algorithm": "gclock",
          "byte_inserted": 1213226,
          "byte_miss": 1213226,
          "byte_read": 890575,
          "byte_reinserted": 73631,
          "hit": 890575,
          "inserted": 1213226,
          "layer": 0,
          "miss_ratio": 0.5766828706707525,
          "reinserted": 73631,
          "req": 2103801
        }
      ],
      "miss_ratio": 0.5766828706707525,
      "req": 2103801
    }
  ],
  "trace": "tencentBlock.ns23102.oracleGeneral.zst"
}