{
  "dram_cache_size": 82,
  "flash_cache_size": 8290,
  "results": [
    {
      "hit": 906927,
      "iteration": 0,
      "metrics": [
        {
          "admission_treshold": 0,
          "algorithm": "g2clock",
          "byte_inserted": 1778927,
          "byte_miss": 1778927,
          "byte_read": 906927,
          "byte_reinserted": 113863,
          "hit": 906927,
          "inserted": 1778927,
          "layer": 0,
          "miss_ratio": 0.6623319808150405,
          "reinserted": 113863,
          "req": 2685854
        }
      ],
      "miss_ratio": 0.6623319808150405,
      "req": 2685854
    }
  ],
  "trace": "tencentBlock.ns21040.oracleGeneral.zst"
}