{
  "dram_cache_size": 291,
  "flash_cache_size": 29115,
  "results": [
    {
      "hit": 22104027,
      "iteration": 0,
      "metrics": [
        {
          "admission_treshold": 0,
          "algorithm": "tauto",
          "byte_inserted": 27586189,
          "byte_miss": 27586189,
          "byte_read": 22104027,
          "byte_reinserted": 4140151,
          "hit": 22104027,
          "inserted": 27586189,
          "layer": 0,
          "miss_ratio": 0.5551633947415322,
          "reinserted": 4140151,
          "req": 49690216
        }
      ],
      "miss_ratio": 0.5551633947415322,
      "req": 49690216
    }
  ],
  "trace": "tencentBlock.ns12973.oracleGeneral.zst"
}