{
  "dram_cache_size": 227018,
  "flash_cache_size": 22701874,
  "results": [
    {
      "hit": 741180,
      "iteration": 0,
      "metrics": [
        {
          "admission_treshold": 0,
          "algorithm": "time2-auto",
          "byte_inserted": 19185176576,
          "byte_miss": 19185176576,
          "byte_read": 5490790400,
          "byte_reinserted": 878239744,
          "hit": 741180,
          "inserted": 953540,
          "layer": 0,
          "miss_ratio": 0.562653417673716,
          "reinserted": 106506,
          "req": 1694720
        }
      ],
      "miss_ratio": 0.562653417673716,
      "req": 1694720
    }
  ],
  "trace": "tencentBlock.ns12238.oracleGeneral.zst"
}