{
  "dram_cache_size": 70,
  "flash_cache_size": 7098,
  "results": [
    {
      "hit": 10683034,
      "iteration": 0,
      "metrics": [
        {
          "admission_treshold": 0,
          "algorithm": "qand-clock",
          "byte_inserted": 4631930,
          "byte_miss": 4631930,
          "byte_read": 10683034,
          "byte_reinserted": 1600235,
          "hit": 10683034,
          "inserted": 4631930,
          "layer": 0,
          "miss_ratio": 0.30244472007900247,
          "reinserted": 1600235,
          "req": 15314964
        }
      ],
      "miss_ratio": 0.30244472007900247,
      "req": 15314964
    }
  ],
  "trace": "tencentBlock.ns1627.oracleGeneral.zst"
}