{
  "dram_cache_size": 35,
  "flash_cache_size": 3534,
  "results": [
    {
      "hit": 774369,
      "iteration": 0,
      "metrics": [
        {
          "admission_treshold": 0,
          "algorithm": "d3clock",
          "byte_inserted": 931241,
          "byte_miss": 931241,
          "byte_read": 774369,
          "byte_reinserted": 36887,
          "hit": 774369,
          "inserted": 931241,
          "layer": 0,
          "miss_ratio": 0.5459870662109158,
          "reinserted": 36887,
          "req": 1705610
        }
      ],
      "miss_ratio": 0.5459870662109158,
      "req": 1705610
    }
  ],
  "trace": "tencentBlock.ns22601.oracleGeneral.zst"
}