{
  "dram_cache_size": 266,
  "flash_cache_size": 26606,
  "results": [
    {
      "hit": 19992345,
      "iteration": 0,
      "metrics": [
        {
          "admission_treshold": 0,
          "algorithm": "qtime-clock",
          "byte_inserted": 23917461,
          "byte_miss": 23917461,
          "byte_read": 19992345,
          "byte_reinserted": 7665163,
          "hit": 19992345,
          "inserted": 23917461,
          "layer": 0,
          "miss_ratio": 0.5446952099947788,
          "reinserted": 7665163,
          "req": 43909806
        }
      ],
      "miss_ratio": 0.5446952099947788,
      "req": 43909806
    }
  ],
  "trace": "tencentBlock.ns16023.oracleGeneral.zst"
}