{
  "dram_cache_size": 38,
  "flash_cache_size": 3822,
  "results": [
    {
      "hit": 3267527,
      "iteration": 0,
      "metrics": [
        {
          "admission_treshold": 0,
          "algorithm": "g2clock",
          "byte_inserted": 1844744,
          "byte_miss": 1844744,
          "byte_read": 3267527,
          "byte_reinserted": 1770207,
          "hit": 3267527,
          "inserted": 1844744,
          "layer": 0,
          "miss_ratio": 0.36084628533972474,
          "reinserted": 1770207,
          "req": 5112271
        }
      ],
      "miss_ratio": 0.36084628533972474,
      "req": 5112271
    }
  ],
  "trace": "tencentBlock.ns6008.oracleGeneral.zst"
}