{
  "dram_cache_size": 720,
  "flash_cache_size": 72025,
  "results": [
    {
      "hit": 14515395,
      "iteration": 0,
      "metrics": [
        {
          "admission_treshold": 0,
          "algorithm": "t4auto",
          "byte_inserted": 18849189,
          "byte_miss": 18849189,
          "byte_read": 14515395,
          "byte_reinserted": 2139439,
          "hit": 14515395,
          "inserted": 18849189,
          "layer": 0,
          "miss_ratio": 0.5649460218056368,
          "reinserted": 2139439,
          "req": 33364584
        }
      ],
      "miss_ratio": 0.5649460218056368,
      "req": 33364584
    }
  ],
  "trace": "tencentBlock.ns8077.oracleGeneral.zst"
}