{
  "dram_cache_size": 65,
  "flash_cache_size": 6563,
  "results": [
    {
      "hit": 5551315,
      "iteration": 0,
      "metrics": [
        {
          "admission_treshold": 0,
          "algorithm": "qor-clock",
          "byte_inserted": 6823271,
          "byte_miss": 6823271,
          "byte_read": 5551315,
          "byte_reinserted": 360183,
          "hit": 5551315,
          "inserted": 6823271,
          "layer": 0,
          "miss_ratio": 0.5513938809750888,
          "reinserted": 360183,
          "req": 12374586
        }
      ],
      "miss_ratio": 0.5513938809750888,
      "req": 12374586
    }
  ],
  "trace": "tencentBlock.ns3113.oracleGeneral.zst"
}