{
  "dram_cache_size": 12,
  "flash_cache_size": 1202,
  "results": [
    {
      "hit": 2255792,
      "iteration": 0,
      "metrics": [
        {
          "admission_treshold": 0,
          "algorithm": "gclock",
          "byte_inserted": 642813,
          "byte_miss": 642813,
          "byte_read": 2255792,
          "byte_reinserted": 332417,
          "hit": 2255792,
          "inserted": 642813,
          "layer": 0,
          "miss_ratio": 0.22176633242542532,
          "reinserted": 332417,
          "req": 2898605
        }
      ],
      "miss_ratio": 0.22176633242542532,
      "req": 2898605
    }
  ],
  "trace": "tencentBlock.ns8178.oracleGeneral.zst"
}