{
  "dram_cache_size": 84,
  "flash_cache_size": 8477,
  "results": [
    {
      "hit": 4287801,
      "iteration": 0,
      "metrics": [
        {
          "admission_treshold": 0,
          "algorithm": "s3fclock-sequential",
          "byte_inserted": 2539237,
          "byte_miss": 2539237,
          "byte_read": 4287801,
          "byte_reinserted": 283961,
          "hit": 4287801,
          "inserted": 2539237,
          "layer": 0,
          "miss_ratio": 0.3719383135116576,
          "reinserted": 283961,
          "req": 6827038
        }
      ],
      "miss_ratio": 0.3719383135116576,
      "req": 6827038
    }
  ],
  "trace": "tencentBlock.ns2052.oracleGeneral.zst"
}