{
  "dram_cache_size": 19,
  "flash_cache_size": 1959,
  "results": [
    {
      "hit": 797258,
      "iteration": 0,
      "metrics": [
        {
          "admission_treshold": 0,
          "algorithm": "g2clock",
          "byte_inserted": 819843,
          "byte_miss": 819843,
          "byte_read": 797258,
          "byte_reinserted": 111666,
          "hit": 797258,
          "inserted": 819843,
          "layer": 0,
          "miss_ratio": 0.5069831754479157,
          "reinserted": 111666,
          "req": 1617101
        }
      ],
      "miss_ratio": 0.5069831754479157,
      "req": 1617101
    }
  ],
  "trace": "tencentBlock.ns13844.oracleGeneral.zst"
}