{
  "dram_cache_size": 2,
  "flash_cache_size": 223,
  "results": [
    {
      "hit": 4727243,
      "iteration": 0,
      "metrics": [
        {
          "admission_treshold": 0,
          "algorithm": "g2clock",
          "byte_inserted": 163485,
          "byte_miss": 163485,
          "byte_read": 4727243,
          "byte_reinserted": 199039,
          "hit": 4727243,
          "inserted": 163485,
          "layer": 0,
          "miss_ratio": 0.033427538804039036,
          "reinserted": 199039,
          "req": 4890728
        }
      ],
      "miss_ratio": 0.033427538804039036,
      "req": 4890728
    }
  ],
  "trace": "cf_allcolo.ns686.oracleGeneral.zst"
}