{
  "dram_cache_size": 0,
  "flash_cache_size": 96,
  "results": [
    {
      "hit": 643403,
      "iteration": 0,
      "metrics": [
        {
          "admission_treshold": 0,
          "algorithm": "gclock",
          "byte_inserted": 1602327,
          "byte_miss": 1602327,
          "byte_read": 643403,
          "byte_reinserted": 285533,
          "hit": 643403,
          "inserted": 1602327,
          "layer": 0,
          "miss_ratio": 0.7134993966327208,
          "reinserted": 285533,
          "req": 2245730
        }
      ],
      "miss_ratio": 0.7134993966327208,
      "req": 2245730
    }
  ],
  "trace": "cf_colo28.ns366.oracleGeneral.zst"
}