{
  "dram_cache_size": 161,
  "flash_cache_size": 16139,
  "results": [
    {
      "hit": 16650909,
      "iteration": 0,
      "metrics": [
        {
          "admission_treshold": 0,
          "algorithm": "d3clock",
          "byte_inserted": 2149091,
          "byte_miss": 2149091,
          "byte_read": 16650909,
          "byte_reinserted": 264197,
          "hit": 16650909,
          "inserted": 2149091,
          "layer": 0,
          "miss_ratio": 0.11431335106382978,
          "reinserted": 264197,
          "req": 18800000
        }
      ],
      "miss_ratio": 0.11431335106382978,
      "req": 18800000
    }
  ],
  "trace": "io_traces.ns138.oracleGeneral.zst"
}