{
  "dram_cache_size": 23,
  "flash_cache_size": 2353,
  "results": [
    {
      "hit": 2546366,
      "iteration": 0,
      "metrics": [
        {
          "admission_treshold": 0,
          "algorithm": "g2clock",
          "byte_inserted": 504156,
          "byte_miss": 504156,
          "byte_read": 2546366,
          "byte_reinserted": 143175,
          "hit": 2546366,
          "inserted": 504156,
          "layer": 0,
          "miss_ratio": 0.16526876383779565,
          "reinserted": 143175,
          "req": 3050522
        }
      ],
      "miss_ratio": 0.16526876383779565,
      "req": 3050522
    }
  ],
  "trace": "tencentBlock.ns21191.oracleGeneral.zst"
}