{
  "dram_cache_size": 32,
  "flash_cache_size": 3231,
  "results": [
    {
      "hit": 2144883,
      "iteration": 0,
      "metrics": [
        {
          "admission_treshold": 0,
          "algorithm": "g2clock",
          "byte_inserted": 950066,
          "byte_miss": 950066,
          "byte_read": 2144883,
          "byte_reinserted": 949730,
          "hit": 2144883,
          "inserted": 950066,
          "layer": 0,
          "miss_ratio": 0.30697307128485796,
          "reinserted": 949730,
          "req": 3094949
        }
      ],
      "miss_ratio": 0.30697307128485796,
      "req": 3094949
    }
  ],
  "trace": "tencentBlock.ns23443.oracleGeneral.zst"
}