{
  "dram_cache_size": 24,
  "flash_cache_size": 2496,
  "results": [
    {
      "hit": 1802791,
      "iteration": 0,
      "metrics": [
        {
          "admission_treshold": 0,
          "algorithm": "qauto",
          "byte_inserted": 711694,
          "byte_miss": 711694,
          "byte_read": 1802791,
          "byte_reinserted": 288771,
          "hit": 1802791,
          "inserted": 711694,
          "layer": 0,
          "miss_ratio": 0.28303767968391147,
          "reinserted": 288771,
          "req": 2514485
        }
      ],
      "miss_ratio": 0.28303767968391147,
      "req": 2514485
    }
  ],
  "trace": "tencentBlock.ns23325.oracleGeneral.zst"
}