{
  "dram_cache_size": 9,
  "flash_cache_size": 962,
  "results": [
    {
      "hit": 3204752,
      "iteration": 0,
      "metrics": [
        {
          "admission_treshold": 0,
          "algorithm": "g2clock",
          "byte_inserted": 518825,
          "byte_miss": 518825,
          "byte_read": 3204752,
          "byte_reinserted": 389861,
          "hit": 3204752,
          "inserted": 518825,
          "layer": 0,
          "miss_ratio": 0.13933510707580377,
          "reinserted": 389861,
          "req": 3723577
        }
      ],
      "miss_ratio": 0.13933510707580377,
      "req": 3723577
    }
  ],
  "trace": "tencentBlock.ns4532.oracleGeneral.zst"
}