{
  "dram_cache_size": 194,
  "flash_cache_size": 19465,
  "results": [
    {
      "hit": 21689636,
      "iteration": 0,
      "metrics": [
        {
          "admission_treshold": 0,
          "algorithm": "gclock",
          "byte_inserted": 30107142,
          "byte_miss": 30107142,
          "byte_read": 21689636,
          "byte_reinserted": 12982687,
          "hit": 21689636,
          "inserted": 30107142,
          "layer": 0,
          "miss_ratio": 0.5812551120457724,
          "reinserted": 12982687,
          "req": 51796778
        }
      ],
      "miss_ratio": 0.5812551120457724,
      "req": 51796778
    }
  ],
  "trace": "tencentBlock.ns13439.oracleGeneral.zst"
}