{
  "dram_cache_size": 5,
  "flash_cache_size": 592,
  "results": [
    {
      "hit": 3008328,
      "iteration": 0,
      "metrics": [
        {
          "admission_treshold": 0,
          "algorithm": "gclock",
          "byte_inserted": 477142,
          "byte_miss": 477142,
          "byte_read": 3008328,
          "byte_reinserted": 540316,
          "hit": 3008328,
          "inserted": 477142,
          "layer": 0,
          "miss_ratio": 0.1368945938424373,
          "reinserted": 540316,
          "req": 3485470
        }
      ],
      "miss_ratio": 0.1368945938424373,
      "req": 3485470
    }
  ],
  "trace": "tencentBlock.ns4675.oracleGeneral.zst"
}