{
  "dram_cache_size": 3857485,
  "flash_cache_size": 385748544,
  "results": [
    {
      "hit": 1798918,
      "iteration": 0,
      "metrics": [
        {
          "admission_treshold": 0,
          "algorithm": "qauto",
          "byte_inserted": 64394200576,
          "byte_miss": 64394200576,
          "byte_read": 17813072384,
          "byte_reinserted": 5056458752,
          "hit": 1798918,
          "inserted": 1473626,
          "layer": 0,
          "miss_ratio": 0.4502998279014736,
          "reinserted": 340385,
          "req": 3272544
        }
      ],
      "miss_ratio": 0.4502998279014736,
      "req": 3272544
    }
  ],
  "trace": "tencentBlock.ns7743.oracleGeneral.zst"
}