{
  "dram_cache_size": 44,
  "flash_cache_size": 4495,
  "results": [
    {
      "hit": 2533451,
      "iteration": 0,
      "metrics": [
        {
          "admission_treshold": 0,
          "algorithm": "q2auto",
          "byte_inserted": 1378572,
          "byte_miss": 1378572,
          "byte_read": 2533451,
          "byte_reinserted": 420641,
          "hit": 2533451,
          "inserted": 1378572,
          "layer": 0,
          "miss_ratio": 0.35239363367751164,
          "reinserted": 420641,
          "req": 3912023
        }
      ],
      "miss_ratio": 0.35239363367751164,
      "req": 3912023
    }
  ],
  "trace": "tencentBlock.ns16975.oracleGeneral.zst"
}