{
  "dram_cache_size": 622,
  "flash_cache_size": 62244,
  "results": [
    {
      "hit": 11840826,
      "iteration": 0,
      "metrics": [
        {
          "admission_treshold": 0,
          "algorithm": "gclock",
          "byte_inserted": 9132030,
          "byte_miss": 9132030,
          "byte_read": 11840826,
          "byte_reinserted": 1093540,
          "hit": 11840826,
          "inserted": 9132030,
          "layer": 0,
          "miss_ratio": 0.43542138466978464,
          "reinserted": 1093540,
          "req": 20972856
        }
      ],
      "miss_ratio": 0.43542138466978464,
      "req": 20972856
    }
  ],
  "trace": "talon_cache.1.oracleGeneral.sample10.zst"
}