{
  "dram_cache_size": 31,
  "flash_cache_size": 3126,
  "results": [
    {
      "hit": 1049844,
      "iteration": 0,
      "metrics": [
        {
          "admission_treshold": 0,
          "algorithm": "dclock",
          "byte_inserted": 1124331,
          "byte_miss": 1124331,
          "byte_read": 1049844,
          "byte_reinserted": 108459,
          "hit": 1049844,
          "inserted": 1124331,
          "layer": 0,
          "miss_ratio": 0.5171299458415262,
          "reinserted": 108459,
          "req": 2174175
        }
      ],
      "miss_ratio": 0.5171299458415262,
      "req": 2174175
    }
  ],
  "trace": "tencentBlock.ns6933.oracleGeneral.zst"
}