{
  "dram_cache_size": 11,
  "flash_cache_size": 1138,
  "results": [
    {
      "hit": 773294,
      "iteration": 0,
      "metrics": [
        {
          "admission_treshold": 0,
          "algorithm": "dclock",
          "byte_inserted": 580126,
          "byte_miss": 580126,
          "byte_read": 773294,
          "byte_reinserted": 157793,
          "hit": 773294,
          "inserted": 580126,
          "layer": 0,
          "miss_ratio": 0.42863708235433196,
          "reinserted": 157793,
          "req": 1353420
        }
      ],
      "miss_ratio": 0.42863708235433196,
      "req": 1353420
    }
  ],
  "trace": "tencentBlock.ns10844.oracleGeneral.zst"
}