{
  "dram_cache_size": 7,
  "flash_cache_size": 792,
  "results": [
    {
      "hit": 4297055,
      "iteration": 0,
      "metrics": [
        {
          "admission_treshold": 0,
          "algorithm": "g2clock",
          "byte_inserted": 460472,
          "byte_miss": 460472,
          "byte_read": 4297055,
          "byte_reinserted": 841431,
          "hit": 4297055,
          "inserted": 460472,
          "layer": 0,
          "miss_ratio": 0.09678810020416073,
          "reinserted": 841431,
          "req": 4757527
        }
      ],
      "miss_ratio": 0.09678810020416073,
      "req": 4757527
    }
  ],
  "trace": "tencentBlock.ns1417.oracleGeneral.zst"
}