{
  "dram_cache_size": 14,
  "flash_cache_size": 1425,
  "results": [
    {
      "hit": 8159906,
      "iteration": 0,
      "metrics": [
        {
          "admission_treshold": 0,
          "algorithm": "gclock",
          "byte_inserted": 997027,
          "byte_miss": 997027,
          "byte_read": 8159906,
          "byte_reinserted": 311846,
          "hit": 8159906,
          "inserted": 997027,
          "layer": 0,
          "miss_ratio": 0.10888219887597739,
          "reinserted": 311846,
          "req": 9156933
        }
      ],
      "miss_ratio": 0.10888219887597739,
      "req": 9156933
    }
  ],
  "trace": "tencentBlock.ns7828.oracleGeneral.zst"
}