{
  "dram_cache_size": 10,
  "flash_cache_size": 1040,
  "results": [
    {
      "hit": 2378022,
      "iteration": 0,
      "metrics": [
        {
          "admission_treshold": 0,
          "algorithm": "gclock",
          "byte_inserted": 627529,
          "byte_miss": 627529,
          "byte_read": 2378022,
          "byte_reinserted": 177154,
          "hit": 2378022,
          "inserted": 627529,
          "layer": 0,
          "miss_ratio": 0.20879000223253574,
          "reinserted": 177154,
          "req": 3005551
        }
      ],
      "miss_ratio": 0.20879000223253574,
      "req": 3005551
    }
  ],
  "trace": "tencentBlock.ns9432.oracleGeneral.zst"
}