{
  "dram_cache_size": 4,
  "flash_cache_size": 435,
  "results": [
    {
      "hit": 1112997,
      "iteration": 0,
      "metrics": [
        {
          "admission_treshold": 0,
          "algorithm": "time-auto",
          "byte_inserted": 205807,
          "byte_miss": 205807,
          "byte_read": 1112997,
          "byte_reinserted": 108682,
          "hit": 1112997,
          "inserted": 205807,
          "layer": 0,
          "miss_ratio": 0.15605578994300895,
          "reinserted": 108682,
          "req": 1318804
        }
      ],
      "miss_ratio": 0.15605578994300895,
      "req": 1318804
    }
  ],
  "trace": "tencentBlock.ns10339.oracleGeneral.zst"
}