{
  "dram_cache_size": 9,
  "flash_cache_size": 953,
  "results": [
    {
      "hit": 1401703,
      "iteration": 0,
      "metrics": [
        {
          "admission_treshold": 0,
          "algorithm": "cm-clock",
          "byte_inserted": 487653,
          "byte_miss": 487653,
          "byte_read": 1401703,
          "byte_reinserted": 98082,
          "hit": 1401703,
          "inserted": 487653,
          "layer": 0,
          "miss_ratio": 0.2581054073451483,
          "reinserted": 98082,
          "req": 1889356
        }
      ],
      "miss_ratio": 0.2581054073451483,
      "req": 1889356
    }
  ],
  "trace": "tencentBlock.ns10259.oracleGeneral.zst"
}