{
  "dram_cache_size": 26,
  "flash_cache_size": 2670,
  "results": [
    {
      "hit": 6680202,
      "iteration": 0,
      "metrics": [
        {
          "admission_treshold": 0,
          "algorithm": "q3auto",
          "byte_inserted": 5226923,
          "byte_miss": 5226923,
          "byte_read": 6680202,
          "byte_reinserted": 1960318,
          "hit": 6680202,
          "inserted": 5226923,
          "layer": 0,
          "miss_ratio": 0.43897439558247686,
          "reinserted": 1960318,
          "req": 11907125
        }
      ],
      "miss_ratio": 0.43897439558247686,
      "req": 11907125
    }
  ],
  "trace": "tencentBlock.ns12393.oracleGeneral.zst"
}