{
  "dram_cache_size": 19,
  "flash_cache_size": 1973,
  "results": [
    {
      "hit": 953643,
      "iteration": 0,
      "metrics": [
        {
          "admission_treshold": 0,
          "algorithm": "qand-clock-v2",
          "byte_inserted": 723396,
          "byte_miss": 723396,
          "byte_read": 953643,
          "byte_reinserted": 131352,
          "hit": 953643,
          "inserted": 723396,
          "layer": 0,
          "miss_ratio": 0.43135311701159007,
          "reinserted": 131352,
          "req": 1677039
        }
      ],
      "miss_ratio": 0.43135311701159007,
      "req": 1677039
    }
  ],
  "trace": "tencentBlock.ns15352.oracleGeneral.zst"
}