{
  "dram_cache_size": 372,
  "flash_cache_size": 37225,
  "results": [
    {
      "hit": 3141443,
      "iteration": 0,
      "metrics": [
        {
          "admission_treshold": 0,
          "algorithm": "g2clock",
          "byte_inserted": 12475977,
          "byte_miss": 12475977,
          "byte_read": 3141443,
          "byte_reinserted": 681097,
          "hit": 3141443,
          "inserted": 12475977,
          "layer": 0,
          "miss_ratio": 0.7988500661440878,
          "reinserted": 681097,
          "req": 15617420
        }
      ],
      "miss_ratio": 0.7988500661440878,
      "req": 15617420
    }
  ],
  "trace": "w43.oracleGeneral.bin.zst"
}