{
  "dram_cache_size": 430,
  "flash_cache_size": 43055,
  "results": [
    {
      "hit": 214632,
      "iteration": 0,
      "metrics": [
        {
          "admission_treshold": 0,
          "algorithm": "dclock",
          "byte_inserted": 4534931,
          "byte_miss": 4534931,
          "byte_read": 214632,
          "byte_reinserted": 46085,
          "hit": 214632,
          "inserted": 4534931,
          "layer": 0,
          "miss_ratio": 0.9548101583240395,
          "reinserted": 46085,
          "req": 4749563
        }
      ],
      "miss_ratio": 0.9548101583240395,
      "req": 4749563
    }
  ],
  "trace": "w86.oracleGeneral.bin.zst"
}