{
  "dram_cache_size": 5118,
  "flash_cache_size": 511847,
  "results": [
    {
      "hit": 55186949,
      "iteration": 0,
      "metrics": [
        {
          "admission_treshold": 0,
          "algorithm": "g2clock",
          "byte_inserted": 120957236,
          "byte_miss": 120957236,
          "byte_read": 55186949,
          "byte_reinserted": 17709860,
          "hit": 55186949,
          "inserted": 120957236,
          "layer": 0,
          "miss_ratio": 0.6866944599959403,
          "reinserted": 17709860,
          "req": 176144185
        }
      ],
      "miss_ratio": 0.6866944599959403,
      "req": 176144185
    }
  ],
  "trace": "cf_colo28.ns54.oracleGeneral.zst"
}