{
  "dram_cache_size": 0,
  "flash_cache_size": 97,
  "results": [
    {
      "hit": 1533628,
      "iteration": 0,
      "metrics": [
        {
          "admission_treshold": 0,
          "algorithm": "qand-clock-v2",
          "byte_inserted": 201190,
          "byte_miss": 201190,
          "byte_read": 1533628,
          "byte_reinserted": 123989,
          "hit": 1533628,
          "inserted": 201190,
          "layer": 0,
          "miss_ratio": 0.11597181952227842,
          "reinserted": 123989,
          "req": 1734818
        }
      ],
      "miss_ratio": 0.11597181952227842,
      "req": 1734818
    }
  ],
  "trace": "cf_colo28.ns2489.oracleGeneral.zst"
}