{
  "dram_cache_size": 741,
  "flash_cache_size": 74162,
  "results": [
    {
      "hit": 5570955,
      "iteration": 0,
      "metrics": [
        {
          "admission_treshold": 0,
          "algorithm": "qand-clock-v2",
          "byte_inserted": 10231184,
          "byte_miss": 10231184,
          "byte_read": 5570955,
          "byte_reinserted": 276990,
          "hit": 5570955,
          "inserted": 10231184,
          "layer": 0,
          "miss_ratio": 0.6474556387587782,
          "reinserted": 276990,
          "req": 15802139
        }
      ],
      "miss_ratio": 0.6474556387587782,
      "req": 15802139
    }
  ],
  "trace": "cf_colo28.ns412.oracleGeneral.zst"
}