{
  "dram_cache_size": 178,
  "flash_cache_size": 17837,
  "results": [
    {
      "hit": 29486363,
      "iteration": 0,
      "metrics": [
        {
          "admission_treshold": 0,
          "algorithm": "d3clock",
          "byte_inserted": 6513637,
          "byte_miss": 6513637,
          "byte_read": 29486363,
          "byte_reinserted": 595142,
          "hit": 29486363,
          "inserted": 6513637,
          "layer": 0,
          "miss_ratio": 0.18093436111111116,
          "reinserted": 595142,
          "req": 36000000
        }
      ],
      "miss_ratio": 0.18093436111111116,
      "req": 36000000
    }
  ],
  "trace": "io_traces.ns88.oracleGeneral.zst"
}