{
  "dram_cache_size": 16,
  "flash_cache_size": 1661,
  "results": [
    {
      "hit": 1225942,
      "iteration": 0,
      "metrics": [
        {
          "admission_treshold": 0,
          "algorithm": "s3fclock-sequential",
          "byte_inserted": 1174058,
          "byte_miss": 1174058,
          "byte_read": 1225942,
          "byte_reinserted": 31684,
          "hit": 1225942,
          "inserted": 1174058,
          "layer": 0,
          "miss_ratio": 0.48919083333333335,
          "reinserted": 31684,
          "req": 2400000
        }
      ],
      "miss_ratio": 0.48919083333333335,
      "req": 2400000
    }
  ],
  "trace": "io_traces.ns233.oracleGeneral.zst"
}