{
  "dram_cache_size": 14,
  "flash_cache_size": 1493,
  "results": [
    {
      "hit": 937079,
      "iteration": 0,
      "metrics": [
        {
          "admission_treshold": 0,
          "algorithm": "g2clock",
          "byte_inserted": 615976,
          "byte_miss": 615976,
          "byte_read": 937079,
          "byte_reinserted": 155984,
          "hit": 937079,
          "inserted": 615976,
          "layer": 0,
          "miss_ratio": 0.39662214152106656,
          "reinserted": 155984,
          "req": 1553055
        }
      ],
      "miss_ratio": 0.39662214152106656,
      "req": 1553055
    }
  ],
  "trace": "tencentBlock.ns2816.oracleGeneral.zst"
}