{
  "dram_cache_size": 42,
  "flash_cache_size": 4232,
  "results": [
    {
      "hit": 2862158,
      "iteration": 0,
      "metrics": [
        {
          "admission_treshold": 0,
          "algorithm": "gclock",
          "byte_inserted": 1053179,
          "byte_miss": 1053179,
          "byte_read": 2862158,
          "byte_reinserted": 1040129,
          "hit": 2862158,
          "inserted": 1053179,
          "layer": 0,
          "miss_ratio": 0.2689880845505763,
          "reinserted": 1040129,
          "req": 3915337
        }
      ],
      "miss_ratio": 0.2689880845505763,
      "req": 3915337
    }
  ],
  "trace": "tencentBlock.ns13401.oracleGeneral.zst"
}