{
  "dram_cache_size": 16,
  "flash_cache_size": 1615,
  "results": [
    {
      "hit": 705834,
      "iteration": 0,
      "metrics": [
        {
          "admission_treshold": 0,
          "algorithm": "qauto",
          "byte_inserted": 698624,
          "byte_miss": 698624,
          "byte_read": 705834,
          "byte_reinserted": 56620,
          "hit": 705834,
          "inserted": 698624,
          "layer": 0,
          "miss_ratio": 0.4974331735089266,
          "reinserted": 56620,
          "req": 1404458
        }
      ],
      "miss_ratio": 0.4974331735089266,
      "req": 1404458
    }
  ],
  "trace": "tencentBlock.ns15880.oracleGeneral.zst"
}