{
  "dram_cache_size": 166,
  "flash_cache_size": 16650,
  "results": [
    {
      "hit": 1385573,
      "iteration": 0,
      "metrics": [
        {
          "admission_treshold": 0,
          "algorithm": "gclock",
          "byte_inserted": 13676866,
          "byte_miss": 13676866,
          "byte_read": 1385573,
          "byte_reinserted": 76937,
          "hit": 1385573,
          "inserted": 13676866,
          "layer": 0,
          "miss_ratio": 0.9080113785025121,
          "reinserted": 76937,
          "req": 15062439
        }
      ],
      "miss_ratio": 0.9080113785025121,
      "req": 15062439
    }
  ],
  "trace": "tencentBlock.ns2761.oracleGeneral.zst"
}