{
  "dram_cache_size": 95,
  "flash_cache_size": 9512,
  "results": [
    {
      "hit": 4110934,
      "iteration": 0,
      "metrics": [
        {
          "admission_treshold": 0,
          "algorithm": "qauto",
          "byte_inserted": 2524605,
          "byte_miss": 2524605,
          "byte_read": 4110934,
          "byte_reinserted": 840368,
          "hit": 4110934,
          "inserted": 2524605,
          "layer": 0,
          "miss_ratio": 0.3804672084664109,
          "reinserted": 840368,
          "req": 6635539
        }
      ],
      "miss_ratio": 0.3804672084664109,
      "req": 6635539
    }
  ],
  "trace": "tencentBlock.ns13569.oracleGeneral.zst"
}