{
  "dram_cache_size": 6,
  "flash_cache_size": 644,
  "results": [
    {
      "hit": 2608782,
      "iteration": 0,
      "metrics": [
        {
          "admission_treshold": 0,
          "algorithm": "dclock",
          "byte_inserted": 112746,
          "byte_miss": 112746,
          "byte_read": 2608782,
          "byte_reinserted": 69661,
          "hit": 2608782,
          "inserted": 112746,
          "layer": 0,
          "miss_ratio": 0.04142746280765808,
          "reinserted": 69661,
          "req": 2721528
        }
      ],
      "miss_ratio": 0.04142746280765808,
      "req": 2721528
    }
  ],
  "trace": "cf_allcolo.ns2343.oracleGeneral.zst"
}