{
  "dram_cache_size": 167,
  "flash_cache_size": 16703,
  "results": [
    {
      "hit": 36591815,
      "iteration": 0,
      "metrics": [
        {
          "admission_treshold": 0,
          "algorithm": "t3auto",
          "byte_inserted": 7608185,
          "byte_miss": 7608185,
          "byte_read": 36591815,
          "byte_reinserted": 2274244,
          "hit": 36591815,
          "inserted": 7608185,
          "layer": 0,
          "miss_ratio": 0.17213088235294116,
          "reinserted": 2274244,
          "req": 44200000
        }
      ],
      "miss_ratio": 0.17213088235294116,
      "req": 44200000
    }
  ],
  "trace": "io_traces.ns131.oracleGeneral.zst"
}