{
  "dram_cache_size": 152,
  "flash_cache_size": 15242,
  "results": [
    {
      "hit": 7060690,
      "iteration": 0,
      "metrics": [
        {
          "admission_treshold": 0,
          "algorithm": "qtime-clock",
          "byte_inserted": 3686428,
          "byte_miss": 3686428,
          "byte_read": 7060690,
          "byte_reinserted": 1128644,
          "hit": 7060690,
          "inserted": 3686428,
          "layer": 0,
          "miss_ratio": 0.3430154949447842,
          "reinserted": 1128644,
          "req": 10747118
        }
      ],
      "miss_ratio": 0.3430154949447842,
      "req": 10747118
    }
  ],
  "trace": "tencentBlock.ns11656.oracleGeneral.zst"
}