{
  "dram_cache_size": 12,
  "flash_cache_size": 1262,
  "results": [
    {
      "hit": 3980209,
      "iteration": 0,
      "metrics": [
        {
          "admission_treshold": 0,
          "algorithm": "g2clock",
          "byte_inserted": 950576,
          "byte_miss": 950576,
          "byte_read": 3980209,
          "byte_reinserted": 628779,
          "hit": 3980209,
          "inserted": 950576,
          "layer": 0,
          "miss_ratio": 0.19278390763336872,
          "reinserted": 628779,
          "req": 4930785
        }
      ],
      "miss_ratio": 0.19278390763336872,
      "req": 4930785
    }
  ],
  "trace": "tencentBlock.ns11336.oracleGeneral.zst"
}