{
  "dram_cache_size": 22,
  "flash_cache_size": 2286,
  "results": [
    {
      "hit": 504544,
      "iteration": 0,
      "metrics": [
        {
          "admission_treshold": 0,
          "algorithm": "gclock",
          "byte_inserted": 956110,
          "byte_miss": 956110,
          "byte_read": 504544,
          "byte_reinserted": 48269,
          "hit": 504544,
          "inserted": 956110,
          "layer": 0,
          "miss_ratio": 0.6545766485423652,
          "reinserted": 48269,
          "req": 1460654
        }
      ],
      "miss_ratio": 0.6545766485423652,
      "req": 1460654
    }
  ],
  "trace": "tencentBlock.ns18945.oracleGeneral.zst"
}