{
  "dram_cache_size": 13,
  "flash_cache_size": 1304,
  "results": [
    {
      "hit": 3593818,
      "iteration": 0,
      "metrics": [
        {
          "admission_treshold": 0,
          "algorithm": "q-clock",
          "byte_inserted": 546732,
          "byte_miss": 546732,
          "byte_read": 3593818,
          "byte_reinserted": 26930,
          "hit": 3593818,
          "inserted": 546732,
          "layer": 0,
          "miss_ratio": 0.13204332757725423,
          "reinserted": 26930,
          "req": 4140550
        }
      ],
      "miss_ratio": 0.13204332757725423,
      "req": 4140550
    }
  ],
  "trace": "tencentBlock.ns3809.oracleGeneral.zst"
}