{
  "dram_cache_size": 458393,
  "flash_cache_size": 45839396,
  "results": [
    {
      "hit": 1770439,
      "iteration": 0,
      "metrics": [
        {
          "admission_treshold": 0,
          "algorithm": "tauto",
          "byte_inserted": 12486193152,
          "byte_miss": 12486193152,
          "byte_read": 14367949824,
          "byte_reinserted": 1048944128,
          "hit": 1770439,
          "inserted": 698023,
          "layer": 0,
          "miss_ratio": 0.2827764818741386,
          "reinserted": 142534,
          "req": 2468462
        }
      ],
      "miss_ratio": 0.2827764818741386,
      "req": 2468462
    }
  ],
  "trace": "tencentBlock.ns5083.oracleGeneral.zst"
}