{
  "dram_cache_size": 17,
  "flash_cache_size": 1770,
  "results": [
    {
      "hit": 1258133,
      "iteration": 0,
      "metrics": [
        {
          "admission_treshold": 0,
          "algorithm": "q2auto",
          "byte_inserted": 1141867,
          "byte_miss": 1141867,
          "byte_read": 1258133,
          "byte_reinserted": 46228,
          "hit": 1258133,
          "inserted": 1141867,
          "layer": 0,
          "miss_ratio": 0.4757779166666667,
          "reinserted": 46228,
          "req": 2400000
        }
      ],
      "miss_ratio": 0.4757779166666667,
      "req": 2400000
    }
  ],
  "trace": "io_traces.ns249.oracleGeneral.zst"
}