{
  "dram_cache_size": 46,
  "flash_cache_size": 4648,
  "results": [
    {
      "hit": 3241163,
      "iteration": 0,
      "metrics": [
        {
          "admission_treshold": 0,
          "algorithm": "q-clock",
          "byte_inserted": 1408990,
          "byte_miss": 1408990,
          "byte_read": 3241163,
          "byte_reinserted": 224034,
          "hit": 3241163,
          "inserted": 1408990,
          "layer": 0,
          "miss_ratio": 0.3029986325181129,
          "reinserted": 224034,
          "req": 4650153
        }
      ],
      "miss_ratio": 0.3029986325181129,
      "req": 4650153
    }
  ],
  "trace": "tencentBlock.ns18013.oracleGeneral.zst"
}