{
  "dram_cache_size": 147,
  "flash_cache_size": 14775,
  "results": [
    {
      "hit": 3714585,
      "iteration": 0,
      "metrics": [
        {
          "admission_treshold": 0,
          "algorithm": "gclock",
          "byte_inserted": 3476734,
          "byte_miss": 3476734,
          "byte_read": 3714585,
          "byte_reinserted": 627654,
          "hit": 3714585,
          "inserted": 3476734,
          "layer": 0,
          "miss_ratio": 0.48346263042982796,
          "reinserted": 627654,
          "req": 7191319
        }
      ],
      "miss_ratio": 0.48346263042982796,
      "req": 7191319
    }
  ],
  "trace": "tencentBlock.ns11509.oracleGeneral.zst"
}