{
  "dram_cache_size": 5,
  "flash_cache_size": 584,
  "results": [
    {
      "hit": 2328997,
      "iteration": 0,
      "metrics": [
        {
          "admission_treshold": 0,
          "algorithm": "dclock",
          "byte_inserted": 304399,
          "byte_miss": 304399,
          "byte_read": 2328997,
          "byte_reinserted": 700489,
          "hit": 2328997,
          "inserted": 304399,
          "layer": 0,
          "miss_ratio": 0.11559180616967601,
          "reinserted": 700489,
          "req": 2633396
        }
      ],
      "miss_ratio": 0.11559180616967601,
      "req": 2633396
    }
  ],
  "trace": "tencentBlock.ns9705.oracleGeneral.zst"
}