{
  "dram_cache_size": 66,
  "flash_cache_size": 6631,
  "results": [
    {
      "hit": 1225481,
      "iteration": 0,
      "metrics": [
        {
          "admission_treshold": 0,
          "algorithm": "g2clock",
          "byte_inserted": 1323254,
          "byte_miss": 1323254,
          "byte_read": 1225481,
          "byte_reinserted": 94880,
          "hit": 1225481,
          "inserted": 1323254,
          "layer": 0,
          "miss_ratio": 0.5191806915979889,
          "reinserted": 94880,
          "req": 2548735
        }
      ],
      "miss_ratio": 0.5191806915979889,
      "req": 2548735
    }
  ],
  "trace": "tencentBlock.ns10999.oracleGeneral.zst"
}