{
  "dram_cache_size": 26,
  "flash_cache_size": 2654,
  "results": [
    {
      "hit": 6073038,
      "iteration": 0,
      "metrics": [
        {
          "admission_treshold": 0,
          "algorithm": "g2clock",
          "byte_inserted": 7756821,
          "byte_miss": 7756821,
          "byte_read": 6073038,
          "byte_reinserted": 2026227,
          "hit": 6073038,
          "inserted": 7756821,
          "layer": 0,
          "miss_ratio": 0.5608749156444762,
          "reinserted": 2026227,
          "req": 13829859
        }
      ],
      "miss_ratio": 0.5608749156444762,
      "req": 13829859
    }
  ],
  "trace": "timelines_ranked_tweet_cache.0.oracleGeneral.sample10.zst"
}