{
  "dram_cache_size": 4,
  "flash_cache_size": 437,
  "results": [
    {
      "hit": 1811803,
      "iteration": 0,
      "metrics": [
        {
          "admission_treshold": 0,
          "algorithm": "clock",
          "byte_inserted": 50081,
          "byte_miss": 50081,
          "byte_read": 1811803,
          "byte_reinserted": 40727,
          "hit": 1811803,
          "inserted": 50081,
          "layer": 0,
          "miss_ratio": 0.026898023722208286,
          "reinserted": 40727,
          "req": 1861884
        }
      ],
      "miss_ratio": 0.026898023722208286,
      "req": 1861884
    }
  ],
  "trace": "cf_allcolo.ns2478.oracleGeneral.zst"
}