{
  "dram_cache_size": 19,
  "flash_cache_size": 1911,
  "results": [
    {
      "hit": 1744352,
      "iteration": 0,
      "metrics": [
        {
          "admission_treshold": 0,
          "algorithm": "q2auto",
          "byte_inserted": 2557626,
          "byte_miss": 2557626,
          "byte_read": 1744352,
          "byte_reinserted": 531823,
          "hit": 1744352,
          "inserted": 2557626,
          "layer": 0,
          "miss_ratio": 0.5945232634848434,
          "reinserted": 531823,
          "req": 4301978
        }
      ],
      "miss_ratio": 0.5945232634848434,
      "req": 4301978
    }
  ],
  "trace": "cf_allcolo.ns1243.oracleGeneral.zst"
}