{
  "dram_cache_size": 5,
  "flash_cache_size": 579,
  "results": [
    {
      "hit": 531283,
      "iteration": 0,
      "metrics": [
        {
          "admission_treshold": 0,
          "algorithm": "dclock",
          "byte_inserted": 506470,
          "byte_miss": 506470,
          "byte_read": 531283,
          "byte_reinserted": 261572,
          "hit": 531283,
          "inserted": 506470,
          "layer": 0,
          "miss_ratio": 0.4880448430406851,
          "reinserted": 261572,
          "req": 1037753
        }
      ],
      "miss_ratio": 0.4880448430406851,
      "req": 1037753
    }
  ],
  "trace": "cf_colo28.ns1227.oracleGeneral.zst"
}