{
  "dram_cache_size": 45,
  "flash_cache_size": 4516,
  "results": [
    {
      "hit": 660708,
      "iteration": 0,
      "metrics": [
        {
          "admission_treshold": 0,
          "algorithm": "sxfifo",
          "byte_inserted": 4072480,
          "byte_miss": 4072480,
          "byte_read": 660708,
          "byte_reinserted": 9409,
          "hit": 660708,
          "inserted": 4072480,
          "layer": 0,
          "miss_ratio": 0.8604095167992483,
          "reinserted": 9409,
          "req": 4733188
        }
      ],
      "miss_ratio": 0.8604095167992483,
      "req": 4733188
    }
  ],
  "trace": "tencentBlock.ns17094.oracleGeneral.zst"
}