{
  "dram_cache_size": 8,
  "flash_cache_size": 888,
  "results": [
    {
      "hit": 1581798,
      "iteration": 0,
      "metrics": [
        {
          "admission_treshold": 0,
          "algorithm": "dclock",
          "byte_inserted": 479784,
          "byte_miss": 479784,
          "byte_read": 1581798,
          "byte_reinserted": 126611,
          "hit": 1581798,
          "inserted": 479784,
          "layer": 0,
          "miss_ratio": 0.23272612973920026,
          "reinserted": 126611,
          "req": 2061582
        }
      ],
      "miss_ratio": 0.23272612973920026,
      "req": 2061582
    }
  ],
  "trace": "tencentBlock.ns4862.oracleGeneral.zst"
}