{
  "dram_cache_size": 51,
  "flash_cache_size": 5102,
  "results": [
    {
      "hit": 3362543,
      "iteration": 0,
      "metrics": [
        {
          "admission_treshold": 0,
          "algorithm": "gclock",
          "byte_inserted": 1428122,
          "byte_miss": 1428122,
          "byte_read": 3362543,
          "byte_reinserted": 1197481,
          "hit": 3362543,
          "inserted": 1428122,
          "layer": 0,
          "miss_ratio": 0.29810516911535245,
          "reinserted": 1197481,
          "req": 4790665
        }
      ],
      "miss_ratio": 0.29810516911535245,
      "req": 4790665
    }
  ],
  "trace": "tencentBlock.ns2235.oracleGeneral.zst"
}