{
  "dram_cache_size": 7,
  "flash_cache_size": 771,
  "results": [
    {
      "hit": 2915922,
      "iteration": 0,
      "metrics": [
        {
          "admission_treshold": 0,
          "algorithm": "s3fclock",
          "byte_inserted": 419799,
          "byte_miss": 419799,
          "byte_read": 2915922,
          "byte_reinserted": 101925,
          "hit": 2915922,
          "inserted": 419799,
          "layer": 0,
          "miss_ratio": 0.12584955396449526,
          "reinserted": 101925,
          "req": 3335721
        }
      ],
      "miss_ratio": 0.12584955396449526,
      "req": 3335721
    }
  ],
  "trace": "tencentBlock.ns8390.oracleGeneral.zst"
}