{
  "dram_cache_size": 52,
  "flash_cache_size": 5240,
  "results": [
    {
      "hit": 3000288,
      "iteration": 0,
      "metrics": [
        {
          "admission_treshold": 0,
          "algorithm": "clock",
          "byte_inserted": 2073400,
          "byte_miss": 2073400,
          "byte_read": 3000288,
          "byte_reinserted": 1031622,
          "hit": 3000288,
          "inserted": 2073400,
          "layer": 0,
          "miss_ratio": 0.4086573711272746,
          "reinserted": 1031622,
          "req": 5073688
        }
      ],
      "miss_ratio": 0.4086573711272746,
      "req": 5073688
    }
  ],
  "trace": "tencentBlock.ns16350.oracleGeneral.zst"
}