{
  "dram_cache_size": 66,
  "flash_cache_size": 6631,
  "results": [
    {
      "hit": 1187519,
      "iteration": 0,
      "metrics": [
        {
          "admission_treshold": 0,
          "algorithm": "s3fclock",
          "byte_inserted": 1361216,
          "byte_miss": 1361216,
          "byte_read": 1187519,
          "byte_reinserted": 15649,
          "hit": 1187519,
          "inserted": 1361216,
          "layer": 0,
          "miss_ratio": 0.5340751392357386,
          "reinserted": 15649,
          "req": 2548735
        }
      ],
      "miss_ratio": 0.5340751392357386,
      "req": 2548735
    }
  ],
  "trace": "tencentBlock.ns10999.oracleGeneral.zst"
}