{
  "dram_cache_size": 13,
  "flash_cache_size": 1372,
  "results": [
    {
      "hit": 955213,
      "iteration": 0,
      "metrics": [
        {
          "admission_treshold": 0,
          "algorithm": "time-auto",
          "byte_inserted": 509104,
          "byte_miss": 509104,
          "byte_read": 955213,
          "byte_reinserted": 241454,
          "hit": 955213,
          "inserted": 509104,
          "layer": 0,
          "miss_ratio": 0.34767335214984185,
          "reinserted": 241454,
          "req": 1464317
        }
      ],
      "miss_ratio": 0.34767335214984185,
      "req": 1464317
    }
  ],
  "trace": "tencentBlock.ns14505.oracleGeneral.zst"
}