{
  "dram_cache_size": 2449,
  "flash_cache_size": 244984,
  "results": [
    {
      "hit": 1184884754,
      "iteration": 0,
      "metrics": [
        {
          "admission_treshold": 0,
          "algorithm": "g2clock",
          "byte_inserted": 130613866,
          "byte_miss": 130613866,
          "byte_read": 1184884754,
          "byte_reinserted": 59651389,
          "hit": 1184884754,
          "inserted": 130613866,
          "layer": 0,
          "miss_ratio": 0.0992884857606312,
          "reinserted": 59651389,
          "req": 1315498620
        }
      ],
      "miss_ratio": 0.0992884857606312,
      "req": 1315498620
    }
  ],
  "trace": "tweetypie_cache.1.oracleGeneral.sample10.zst"
}