{
  "dram_cache_size": 5,
  "flash_cache_size": 503,
  "results": [
    {
      "hit": 570303,
      "iteration": 0,
      "metrics": [
        {
          "admission_treshold": 0,
          "algorithm": "t2auto",
          "byte_inserted": 4242133,
          "byte_miss": 4242133,
          "byte_read": 570303,
          "byte_reinserted": 47737,
          "hit": 570303,
          "inserted": 4242133,
          "layer": 0,
          "miss_ratio": 0.8814939045423149,
          "reinserted": 47737,
          "req": 4812436
        }
      ],
      "miss_ratio": 0.8814939045423149,
      "req": 4812436
    }
  ],
  "trace": "akamai_sjc.ns682.oracleGeneral.bin.zst"
}