{
  "dram_cache_size": 15,
  "flash_cache_size": 1541,
  "results": [
    {
      "hit": 763658,
      "iteration": 0,
      "metrics": [
        {
          "admission_treshold": 0,
          "algorithm": "gclock",
          "byte_inserted": 277222,
          "byte_miss": 277222,
          "byte_read": 763658,
          "byte_reinserted": 84244,
          "hit": 763658,
          "inserted": 277222,
          "layer": 0,
          "miss_ratio": 0.2663342556298517,
          "reinserted": 84244,
          "req": 1040880
        }
      ],
      "miss_ratio": 0.2663342556298517,
      "req": 1040880
    }
  ],
  "trace": "cf_allcolo.ns1522.oracleGeneral.zst"
}