{
  "dram_cache_size": 1,
  "flash_cache_size": 105,
  "results": [
    {
      "hit": 1606001,
      "iteration": 0,
      "metrics": [
        {
          "admission_treshold": 0,
          "algorithm": "q2auto",
          "byte_inserted": 29179,
          "byte_miss": 29179,
          "byte_read": 1606001,
          "byte_reinserted": 20873,
          "hit": 1606001,
          "inserted": 29179,
          "layer": 0,
          "miss_ratio": 0.01784451864626524,
          "reinserted": 20873,
          "req": 1635180
        }
      ],
      "miss_ratio": 0.01784451864626524,
      "req": 1635180
    }
  ],
  "trace": "cf_allcolo.ns5478.oracleGeneral.zst"
}