{
  "dram_cache_size": 26,
  "flash_cache_size": 2665,
  "results": [
    {
      "hit": 160934636,
      "iteration": 0,
      "metrics": [
        {
          "admission_treshold": 0,
          "algorithm": "d3clock",
          "byte_inserted": 432865364,
          "byte_miss": 432865364,
          "byte_read": 160934636,
          "byte_reinserted": 39025556,
          "hit": 160934636,
          "inserted": 432865364,
          "layer": 0,
          "miss_ratio": 0.7289750151566183,
          "reinserted": 39025556,
          "req": 593800000
        }
      ],
      "miss_ratio": 0.7289750151566183,
      "req": 593800000
    }
  ],
  "trace": "io_traces.ns277.oracleGeneral.zst"
}