{
  "dram_cache_size": 39,
  "flash_cache_size": 3955,
  "results": [
    {
      "hit": 2933483,
      "iteration": 0,
      "metrics": [
        {
          "admission_treshold": 0,
          "algorithm": "g2clock",
          "byte_inserted": 1011096,
          "byte_miss": 1011096,
          "byte_read": 2933483,
          "byte_reinserted": 717298,
          "hit": 2933483,
          "inserted": 1011096,
          "layer": 0,
          "miss_ratio": 0.25632545323594735,
          "reinserted": 717298,
          "req": 3944579
        }
      ],
      "miss_ratio": 0.25632545323594735,
      "req": 3944579
    }
  ],
  "trace": "tencentBlock.ns10208.oracleGeneral.zst"
}