{
  "dram_cache_size": 13,
  "flash_cache_size": 1394,
  "results": [
    {
      "hit": 1311265,
      "iteration": 0,
      "metrics": [
        {
          "admission_treshold": 0,
          "algorithm": "gclock",
          "byte_inserted": 657086,
          "byte_miss": 657086,
          "byte_read": 1311265,
          "byte_reinserted": 89953,
          "hit": 1311265,
          "inserted": 657086,
          "layer": 0,
          "miss_ratio": 0.3338256235803472,
          "reinserted": 89953,
          "req": 1968351
        }
      ],
      "miss_ratio": 0.3338256235803472,
      "req": 1968351
    }
  ],
  "trace": "tencentBlock.ns3097.oracleGeneral.zst"
}