{
  "dram_cache_size": 185973,
  "flash_cache_size": 18597330,
  "results": [
    {
      "hit": 1705952,
      "iteration": 0,
      "metrics": [
        {
          "admission_treshold": 0,
          "algorithm": "qauto",
          "byte_inserted": 421965341696,
          "byte_miss": 421965341696,
          "byte_read": 9141845504,
          "byte_reinserted": 1632135168,
          "hit": 1705952,
          "inserted": 3243397,
          "layer": 0,
          "miss_ratio": 0.6553179014048109,
          "reinserted": 142151,
          "req": 4949349
        }
      ],
      "miss_ratio": 0.6553179014048109,
      "req": 4949349
    }
  ],
  "trace": "tencentBlock.ns21698.oracleGeneral.zst"
}