{
  "dram_cache_size": 47,
  "flash_cache_size": 4701,
  "results": [
    {
      "hit": 2842658,
      "iteration": 0,
      "metrics": [
        {
          "admission_treshold": 0,
          "algorithm": "dclock",
          "byte_inserted": 1420876,
          "byte_miss": 1420876,
          "byte_read": 2842658,
          "byte_reinserted": 644482,
          "hit": 2842658,
          "inserted": 1420876,
          "layer": 0,
          "miss_ratio": 0.3332625000762278,
          "reinserted": 644482,
          "req": 4263534
        }
      ],
      "miss_ratio": 0.3332625000762278,
      "req": 4263534
    }
  ],
  "trace": "tencentBlock.ns13102.oracleGeneral.zst"
}