{
  "dram_cache_size": 15,
  "flash_cache_size": 1503,
  "results": [
    {
      "hit": 639368,
      "iteration": 0,
      "metrics": [
        {
          "admission_treshold": 0,
          "algorithm": "g2clock",
          "byte_inserted": 587017,
          "byte_miss": 587017,
          "byte_read": 639368,
          "byte_reinserted": 57732,
          "hit": 639368,
          "inserted": 587017,
          "layer": 0,
          "miss_ratio": 0.47865637626030977,
          "reinserted": 57732,
          "req": 1226385
        }
      ],
      "miss_ratio": 0.47865637626030977,
      "req": 1226385
    }
  ],
  "trace": "tencentBlock.ns5851.oracleGeneral.zst"
}