{
  "dram_cache_size": 318825,
  "flash_cache_size": 31882566,
  "results": [
    {
      "hit": 3270233,
      "iteration": 0,
      "metrics": [
        {
          "admission_treshold": 0,
          "algorithm": "tauto",
          "byte_inserted": 15959670784,
          "byte_miss": 15959670784,
          "byte_read": 21831188480,
          "byte_reinserted": 3780161536,
          "hit": 3270233,
          "inserted": 1426252,
          "layer": 0,
          "miss_ratio": 0.30368498994460746,
          "reinserted": 515805,
          "req": 4696485
        }
      ],
      "miss_ratio": 0.30368498994460746,
      "req": 4696485
    }
  ],
  "trace": "tencentBlock.ns19068.oracleGeneral.zst"
}