{
  "dram_cache_size": 44,
  "flash_cache_size": 4435,
  "results": [
    {
      "hit": 4574654,
      "iteration": 0,
      "metrics": [
        {
          "admission_treshold": 0,
          "algorithm": "g2clock",
          "byte_inserted": 3003782,
          "byte_miss": 3003782,
          "byte_read": 4574654,
          "byte_reinserted": 1217648,
          "hit": 4574654,
          "inserted": 3003782,
          "layer": 0,
          "miss_ratio": 0.39635909045085294,
          "reinserted": 1217648,
          "req": 7578436
        }
      ],
      "miss_ratio": 0.39635909045085294,
      "req": 7578436
    }
  ],
  "trace": "tencentBlock.ns8308.oracleGeneral.zst"
}