{
  "dram_cache_size": 1,
  "flash_cache_size": 106,
  "results": [
    {
      "hit": 119673739,
      "iteration": 0,
      "metrics": [
        {
          "admission_treshold": 0,
          "algorithm": "offline-clock",
          "byte_inserted": 29298540,
          "byte_miss": 29298540,
          "byte_read": 119673739,
          "byte_reinserted": 33442629,
          "hit": 119673739,
          "inserted": 29298540,
          "layer": 0,
          "miss_ratio": 0.19667108670600386,
          "reinserted": 33442629,
          "req": 148972279
        }
      ],
      "miss_ratio": 0.19667108670600386,
      "req": 148972279
    },
    {
      "hit": 120995795,
      "iteration": 1,
      "metrics": [
        {
          "admission_treshold": 0,
          "algorithm": "offline-clock",
          "byte_inserted": 57275024,
          "byte_miss": 57275024,
          "byte_read": 240669534,
          "byte_reinserted": 53499720,
          "hit": 120995795,
          "inserted": 27976484,
          "layer": 0,
          "miss_ratio": 0.18779657656979254,
          "reinserted": 20057091,
          "req": 148972279
        }
      ],
      "miss_ratio": 0.18779657656979254,
      "req": 148972279
    }
  ],
  "trace": "cf_allcolo.ns100.oracleGeneral.zst"
}