{
  "dram_cache_size": 48,
  "flash_cache_size": 4886,
  "results": [
    {
      "hit": 290949,
      "iteration": 0,
      "metrics": [
        {
          "admission_treshold": 0,
          "algorithm": "dclock",
          "byte_inserted": 1396852,
          "byte_miss": 1396852,
          "byte_read": 290949,
          "byte_reinserted": 170204,
          "hit": 290949,
          "inserted": 1396852,
          "layer": 0,
          "miss_ratio": 0.8276165258819019,
          "reinserted": 170204,
          "req": 1687801
        }
      ],
      "miss_ratio": 0.8276165258819019,
      "req": 1687801
    }
  ],
  "trace": "cf_colo28.ns123.oracleGeneral.zst"
}