{
  "dram_cache_size": 11,
  "flash_cache_size": 1144,
  "results": [
    {
      "hit": 7267575,
      "iteration": 0,
      "metrics": [
        {
          "admission_treshold": 0,
          "algorithm": "qauto",
          "byte_inserted": 1496743,
          "byte_miss": 1496743,
          "byte_read": 7267575,
          "byte_reinserted": 1726571,
          "hit": 7267575,
          "inserted": 1496743,
          "layer": 0,
          "miss_ratio": 0.17077689330761392,
          "reinserted": 1726571,
          "req": 8764318
        }
      ],
      "miss_ratio": 0.17077689330761392,
      "req": 8764318
    }
  ],
  "trace": "tencentBlock.ns16072.oracleGeneral.zst"
}