{
  "dram_cache_size": 45,
  "flash_cache_size": 4555,
  "results": [
    {
      "hit": 2472593,
      "iteration": 0,
      "metrics": [
        {
          "admission_treshold": 0,
          "algorithm": "qauto",
          "byte_inserted": 1392590,
          "byte_miss": 1392590,
          "byte_read": 2472593,
          "byte_reinserted": 514485,
          "hit": 2472593,
          "inserted": 1392590,
          "layer": 0,
          "miss_ratio": 0.36029083228400827,
          "reinserted": 514485,
          "req": 3865183
        }
      ],
      "miss_ratio": 0.36029083228400827,
      "req": 3865183
    }
  ],
  "trace": "tencentBlock.ns23336.oracleGeneral.zst"
}