{
  "dram_cache_size": 22,
  "flash_cache_size": 2231,
  "results": [
    {
      "hit": 2995542,
      "iteration": 0,
      "metrics": [
        {
          "admission_treshold": 0,
          "algorithm": "d3clock",
          "byte_inserted": 1266489,
          "byte_miss": 1266489,
          "byte_read": 2995542,
          "byte_reinserted": 267026,
          "hit": 2995542,
          "inserted": 1266489,
          "layer": 0,
          "miss_ratio": 0.29715621495948763,
          "reinserted": 267026,
          "req": 4262031
        }
      ],
      "miss_ratio": 0.29715621495948763,
      "req": 4262031
    }
  ],
  "trace": "tencentBlock.ns13108.oracleGeneral.zst"
}