{
  "dram_cache_size": 245,
  "flash_cache_size": 24582,
  "results": [
    {
      "hit": 54768697,
      "iteration": 0,
      "metrics": [
        {
          "admission_treshold": 0,
          "algorithm": "qand-clock-v2",
          "byte_inserted": 105134276,
          "byte_miss": 105134276,
          "byte_read": 54768697,
          "byte_reinserted": 14912060,
          "hit": 54768697,
          "inserted": 105134276,
          "layer": 0,
          "miss_ratio": 0.6574879380135102,
          "reinserted": 14912060,
          "req": 159902973
        }
      ],
      "miss_ratio": 0.6574879380135102,
      "req": 159902973
    }
  ],
  "trace": "tencentBlock.ns8526.oracleGeneral.zst"
}