{
  "dram_cache_size": 6,
  "flash_cache_size": 674,
  "results": [
    {
      "hit": 2188007,
      "iteration": 0,
      "metrics": [
        {
          "admission_treshold": 0,
          "algorithm": "tauto",
          "byte_inserted": 506425,
          "byte_miss": 506425,
          "byte_read": 2188007,
          "byte_reinserted": 73865,
          "hit": 2188007,
          "inserted": 506425,
          "layer": 0,
          "miss_ratio": 0.18795241446063582,
          "reinserted": 73865,
          "req": 2694432
        }
      ],
      "miss_ratio": 0.18795241446063582,
      "req": 2694432
    }
  ],
  "trace": "tencentBlock.ns2016.oracleGeneral.zst"
}