{
  "dram_cache_size": 318,
  "flash_cache_size": 31845,
  "results": [
    {
      "hit": 1123311,
      "iteration": 0,
      "metrics": [
        {
          "admission_treshold": 0,
          "algorithm": "d3clock",
          "byte_inserted": 9212549,
          "byte_miss": 9212549,
          "byte_read": 1123311,
          "byte_reinserted": 112985,
          "hit": 1123311,
          "inserted": 9212549,
          "layer": 0,
          "miss_ratio": 0.8913190581141772,
          "reinserted": 112985,
          "req": 10335860
        }
      ],
      "miss_ratio": 0.8913190581141772,
      "req": 10335860
    }
  ],
  "trace": "tencentBlock.ns4019.oracleGeneral.zst"
}