{
  "dram_cache_size": 24,
  "flash_cache_size": 2455,
  "results": [
    {
      "hit": 2296833,
      "iteration": 0,
      "metrics": [
        {
          "admission_treshold": 0,
          "algorithm": "gclock",
          "byte_inserted": 1293350,
          "byte_miss": 1293350,
          "byte_read": 2296833,
          "byte_reinserted": 129030,
          "hit": 2296833,
          "inserted": 1293350,
          "layer": 0,
          "miss_ratio": 0.36024626042739327,
          "reinserted": 129030,
          "req": 3590183
        }
      ],
      "miss_ratio": 0.36024626042739327,
      "req": 3590183
    }
  ],
  "trace": "tencentBlock.ns11500.oracleGeneral.zst"
}