{
  "dram_cache_size": 12,
  "flash_cache_size": 1230,
  "results": [
    {
      "hit": 10653122,
      "iteration": 0,
      "metrics": [
        {
          "admission_treshold": 0,
          "algorithm": "s3fclock-sequential",
          "byte_inserted": 274459,
          "byte_miss": 274459,
          "byte_read": 10653122,
          "byte_reinserted": 62482,
          "hit": 10653122,
          "inserted": 274459,
          "layer": 0,
          "miss_ratio": 0.02511617163945068,
          "reinserted": 62482,
          "req": 10927581
        }
      ],
      "miss_ratio": 0.02511617163945068,
      "req": 10927581
    }
  ],
  "trace": "akamai_lax.ns6.oracleGeneral.bin.zst"
}