{
  "dram_cache_size": 174,
  "flash_cache_size": 17460,
  "results": [
    {
      "hit": 80937041,
      "iteration": 0,
      "metrics": [
        {
          "admission_treshold": 0,
          "algorithm": "dclock",
          "byte_inserted": 1829965,
          "byte_miss": 1829965,
          "byte_read": 80937041,
          "byte_reinserted": 2666772,
          "hit": 80937041,
          "inserted": 1829965,
          "layer": 0,
          "miss_ratio": 0.022109836859388166,
          "reinserted": 2666772,
          "req": 82767006
        }
      ],
      "miss_ratio": 0.022109836859388166,
      "req": 82767006
    }
  ],
  "trace": "cf_colo28.ns45.oracleGeneral.zst"
}