{
  "dram_cache_size": 26,
  "flash_cache_size": 2662,
  "results": [
    {
      "hit": 177501,
      "iteration": 0,
      "metrics": [
        {
          "admission_treshold": 0,
          "algorithm": "s3fclock",
          "byte_inserted": 2366390,
          "byte_miss": 2366390,
          "byte_read": 177501,
          "byte_reinserted": 536,
          "hit": 177501,
          "inserted": 2366390,
          "layer": 0,
          "miss_ratio": 0.9302246047491814,
          "reinserted": 536,
          "req": 2543891
        }
      ],
      "miss_ratio": 0.9302246047491814,
      "req": 2543891
    }
  ],
  "trace": "tencentBlock.ns17304.oracleGeneral.zst"
}