{
  "dram_cache_size": 52,
  "flash_cache_size": 5277,
  "results": [
    {
      "hit": 4106985,
      "iteration": 0,
      "metrics": [
        {
          "admission_treshold": 0,
          "algorithm": "g2clock",
          "byte_inserted": 7077768,
          "byte_miss": 7077768,
          "byte_read": 4106985,
          "byte_reinserted": 1153579,
          "hit": 4106985,
          "inserted": 7077768,
          "layer": 0,
          "miss_ratio": 0.6328050337812556,
          "reinserted": 1153579,
          "req": 11184753
        }
      ],
      "miss_ratio": 0.6328050337812556,
      "req": 11184753
    }
  ],
  "trace": "tencentBlock.ns7327.oracleGeneral.zst"
}