{
  "dram_cache_size": 57,
  "flash_cache_size": 5755,
  "results": [
    {
      "hit": 4089012,
      "iteration": 0,
      "metrics": [
        {
          "admission_treshold": 0,
          "algorithm": "g2clock",
          "byte_inserted": 5587216,
          "byte_miss": 5587216,
          "byte_read": 4089012,
          "byte_reinserted": 1216269,
          "hit": 4089012,
          "inserted": 5587216,
          "layer": 0,
          "miss_ratio": 0.5774167371831255,
          "reinserted": 1216269,
          "req": 9676228
        }
      ],
      "miss_ratio": 0.5774167371831255,
      "req": 9676228
    }
  ],
  "trace": "tencentBlock.ns1780.oracleGeneral.zst"
}