{
  "dram_cache_size": 32,
  "flash_cache_size": 3282,
  "results": [
    {
      "hit": 2733631,
      "iteration": 0,
      "metrics": [
        {
          "admission_treshold": 0,
          "algorithm": "dclock",
          "byte_inserted": 824979,
          "byte_miss": 824979,
          "byte_read": 2733631,
          "byte_reinserted": 97866,
          "hit": 2733631,
          "inserted": 824979,
          "layer": 0,
          "miss_ratio": 0.23182619056316933,
          "reinserted": 97866,
          "req": 3558610
        }
      ],
      "miss_ratio": 0.23182619056316933,
      "req": 3558610
    }
  ],
  "trace": "tencentBlock.ns7006.oracleGeneral.zst"
}