{
  "dram_cache_size": 73,
  "flash_cache_size": 7310,
  "results": [
    {
      "hit": 983118,
      "iteration": 0,
      "metrics": [
        {
          "admission_treshold": 0,
          "algorithm": "sxfifo",
          "byte_inserted": 12889441,
          "byte_miss": 12889441,
          "byte_read": 983118,
          "byte_reinserted": 85536,
          "hit": 983118,
          "inserted": 12889441,
          "layer": 0,
          "miss_ratio": 0.9291321810200988,
          "reinserted": 85536,
          "req": 13872559
        }
      ],
      "miss_ratio": 0.9291321810200988,
      "req": 13872559
    }
  ],
  "trace": "tencentBlock.ns12778.oracleGeneral.zst"
}