{
  "dram_cache_size": 17,
  "flash_cache_size": 1756,
  "results": [
    {
      "hit": 1060865,
      "iteration": 0,
      "metrics": [
        {
          "admission_treshold": 0,
          "algorithm": "gclock",
          "byte_inserted": 1273524,
          "byte_miss": 1273524,
          "byte_read": 1060865,
          "byte_reinserted": 265359,
          "hit": 1060865,
          "inserted": 1273524,
          "layer": 0,
          "miss_ratio": 0.5455491779647694,
          "reinserted": 265359,
          "req": 2334389
        }
      ],
      "miss_ratio": 0.5455491779647694,
      "req": 2334389
    }
  ],
  "trace": "tencentBlock.ns5429.oracleGeneral.zst"
}