{
  "dram_cache_size": 0,
  "flash_cache_size": 36,
  "results": [
    {
      "hit": 1027561,
      "iteration": 0,
      "metrics": [
        {
          "admission_treshold": 0,
          "algorithm": "tauto",
          "byte_inserted": 117001,
          "byte_miss": 117001,
          "byte_read": 1027561,
          "byte_reinserted": 16783,
          "hit": 1027561,
          "inserted": 117001,
          "layer": 0,
          "miss_ratio": 0.10222338326800995,
          "reinserted": 16783,
          "req": 1144562
        }
      ],
      "miss_ratio": 0.10222338326800995,
      "req": 1144562
    }
  ],
  "trace": "cf_allcolo.ns1448.oracleGeneral.zst"
}