{
  "dram_cache_size": 1,
  "flash_cache_size": 106,
  "results": [
    {
      "hit": 11915290,
      "iteration": 0,
      "metrics": [
        {
          "admission_treshold": 0,
          "algorithm": "dclock",
          "byte_inserted": 9889374,
          "byte_miss": 9889374,
          "byte_read": 11915290,
          "byte_reinserted": 2970633,
          "hit": 11915290,
          "inserted": 9889374,
          "layer": 0,
          "miss_ratio": 0.45354397572922933,
          "reinserted": 2970633,
          "req": 21804664
        }
      ],
      "miss_ratio": 0.45354397572922933,
      "req": 21804664
    }
  ],
  "trace": "cf_colo28.ns48.oracleGeneral.zst"
}