{
  "dram_cache_size": 251,
  "flash_cache_size": 25138,
  "results": [
    {
      "hit": 73051163,
      "iteration": 0,
      "metrics": [
        {
          "admission_treshold": 0,
          "algorithm": "qor-clock",
          "byte_inserted": 5748837,
          "byte_miss": 5748837,
          "byte_read": 73051163,
          "byte_reinserted": 495814,
          "hit": 73051163,
          "inserted": 5748837,
          "layer": 0,
          "miss_ratio": 0.0729547842639594,
          "reinserted": 495814,
          "req": 78800000
        }
      ],
      "miss_ratio": 0.0729547842639594,
      "req": 78800000
    }
  ],
  "trace": "io_traces.ns262.oracleGeneral.zst"
}