{
  "dram_cache_size": 39,
  "flash_cache_size": 3977,
  "results": [
    {
      "hit": 2345707,
      "iteration": 0,
      "metrics": [
        {
          "admission_treshold": 0,
          "algorithm": "t7auto",
          "byte_inserted": 1251274,
          "byte_miss": 1251274,
          "byte_read": 2345707,
          "byte_reinserted": 326608,
          "hit": 2345707,
          "inserted": 1251274,
          "layer": 0,
          "miss_ratio": 0.34786783694437085,
          "reinserted": 326608,
          "req": 3596981
        }
      ],
      "miss_ratio": 0.34786783694437085,
      "req": 3596981
    }
  ],
  "trace": "tencentBlock.ns6222.oracleGeneral.zst"
}