{
  "dram_cache_size": 55,
  "flash_cache_size": 5571,
  "results": [
    {
      "hit": 3127225,
      "iteration": 0,
      "metrics": [
        {
          "admission_treshold": 0,
          "algorithm": "gclock",
          "byte_inserted": 1704010,
          "byte_miss": 1704010,
          "byte_read": 3127225,
          "byte_reinserted": 1125891,
          "hit": 3127225,
          "inserted": 1704010,
          "layer": 0,
          "miss_ratio": 0.35270691655446273,
          "reinserted": 1125891,
          "req": 4831235
        }
      ],
      "miss_ratio": 0.35270691655446273,
      "req": 4831235
    }
  ],
  "trace": "tencentBlock.ns13461.oracleGeneral.zst"
}