{
  "dram_cache_size": 6,
  "flash_cache_size": 689,
  "results": [
    {
      "hit": 1200568,
      "iteration": 0,
      "metrics": [
        {
          "admission_treshold": 0,
          "algorithm": "q3auto",
          "byte_inserted": 403970,
          "byte_miss": 403970,
          "byte_read": 1200568,
          "byte_reinserted": 36639,
          "hit": 1200568,
          "inserted": 403970,
          "layer": 0,
          "miss_ratio": 0.2517671753489167,
          "reinserted": 36639,
          "req": 1604538
        }
      ],
      "miss_ratio": 0.2517671753489167,
      "req": 1604538
    }
  ],
  "trace": "tencentBlock.ns20964.oracleGeneral.zst"
}