{
  "dram_cache_size": 5,
  "flash_cache_size": 533,
  "results": [
    {
      "hit": 1244679,
      "iteration": 0,
      "metrics": [
        {
          "admission_treshold": 0,
          "algorithm": "d3clock",
          "byte_inserted": 266152,
          "byte_miss": 266152,
          "byte_read": 1244679,
          "byte_reinserted": 161003,
          "hit": 1244679,
          "inserted": 266152,
          "layer": 0,
          "miss_ratio": 0.17616265485683047,
          "reinserted": 161003,
          "req": 1510831
        }
      ],
      "miss_ratio": 0.17616265485683047,
      "req": 1510831
    }
  ],
  "trace": "tencentBlock.ns21654.oracleGeneral.zst"
}