{
  "dram_cache_size": 8,
  "flash_cache_size": 867,
  "results": [
    {
      "hit": 2824700,
      "iteration": 0,
      "metrics": [
        {
          "admission_treshold": 0,
          "algorithm": "g2clock",
          "byte_inserted": 572331,
          "byte_miss": 572331,
          "byte_read": 2824700,
          "byte_reinserted": 260424,
          "hit": 2824700,
          "inserted": 572331,
          "layer": 0,
          "miss_ratio": 0.1684797695399306,
          "reinserted": 260424,
          "req": 3397031
        }
      ],
      "miss_ratio": 0.1684797695399306,
      "req": 3397031
    }
  ],
  "trace": "tencentBlock.ns7214.oracleGeneral.zst"
}