{
  "dram_cache_size": 12,
  "flash_cache_size": 1278,
  "results": [
    {
      "hit": 708047,
      "iteration": 0,
      "metrics": [
        {
          "admission_treshold": 0,
          "algorithm": "d3clock",
          "byte_inserted": 560614,
          "byte_miss": 560614,
          "byte_read": 708047,
          "byte_reinserted": 26966,
          "hit": 708047,
          "inserted": 560614,
          "layer": 0,
          "miss_ratio": 0.44189424913353526,
          "reinserted": 26966,
          "req": 1268661
        }
      ],
      "miss_ratio": 0.44189424913353526,
      "req": 1268661
    }
  ],
  "trace": "tencentBlock.ns1799.oracleGeneral.zst"
}