{
  "dram_cache_size": 87,
  "flash_cache_size": 8783,
  "results": [
    {
      "hit": 32680131,
      "iteration": 0,
      "metrics": [
        {
          "admission_treshold": 0,
          "algorithm": "q3auto",
          "byte_inserted": 5811890,
          "byte_miss": 5811890,
          "byte_read": 32680131,
          "byte_reinserted": 2735975,
          "hit": 32680131,
          "inserted": 5811890,
          "layer": 0,
          "miss_ratio": 0.15098947389642126,
          "reinserted": 2735975,
          "req": 38492021
        }
      ],
      "miss_ratio": 0.15098947389642126,
      "req": 38492021
    }
  ],
  "trace": "tencentBlock.ns9278.oracleGeneral.zst"
}